#ifdef __has_include
#if __has_include("lvgl.h")
#ifndef LV_LVGL_H_INCLUDE_SIMPLE
#define LV_LVGL_H_INCLUDE_SIMPLE
#endif
#endif
#endif

#if defined(LV_LVGL_H_INCLUDE_SIMPLE)
#include "lvgl.h"
#else
#include "lvgl/lvgl.h"
#endif

#ifndef LV_ATTRIBUTE_MEM_ALIGN
#define LV_ATTRIBUTE_MEM_ALIGN
#endif

#ifndef LV_ATTRIBUTE_IMAGE_ICON_KNOB
#define LV_ATTRIBUTE_IMAGE_ICON_KNOB
#endif

const LV_ATTRIBUTE_MEM_ALIGN LV_ATTRIBUTE_LARGE_CONST LV_ATTRIBUTE_IMAGE_ICON_KNOB uint8_t icon_knob_map[] = {
    0x00, 0x00, 0x00, 0x00, 0x00, 0x00, 0x00, 0x00, 0x00, 0x00, 0x00, 0x00, 0x00, 0x00, 0x00, 0x00, 0x00, 0x00, 0x00,
    0x00, 0x00, 0x00, 0x00, 0x00, 0x00, 0x00, 0x00, 0x00, 0x00, 0x00, 0x00, 0x00, 0x00, 0x00, 0x00, 0x00, 0x00, 0x00,
    0x00, 0x00, 0x00, 0x00, 0x00, 0x00, 0x00, 0x00, 0x00, 0x00, 0x00, 0x00, 0x00, 0x00, 0x00, 0x00, 0x00, 0x00, 0x00,
    0x00, 0x00, 0x00, 0x00, 0x00, 0x00, 0x00, 0x00, 0x00, 0x00, 0x00, 0x00, 0x00, 0x00, 0x00, 0x00, 0x00, 0x00, 0x00,
    0x00, 0x00, 0x00, 0x00, 0x00, 0x00, 0x00, 0x00, 0x00, 0x00, 0x00, 0x00, 0x00, 0x00, 0x00, 0x00, 0x00, 0x00, 0x00,
    0x00, 0x00, 0x00, 0x00, 0x00, 0x00, 0x00, 0x00, 0x00, 0x00, 0x00, 0x00, 0x00, 0x00, 0x00, 0x00, 0x00, 0x00, 0x00,
    0x00, 0x00, 0x00, 0x00, 0x00, 0x00, 0x00, 0x00, 0x00, 0x00, 0x00, 0x00, 0x00, 0x00, 0x00, 0x00, 0x00, 0x00, 0x00,
    0x00, 0x00, 0x00, 0x00, 0x00, 0x00, 0x00, 0x00, 0x00, 0x00, 0x00, 0x00, 0x00, 0x00, 0x00, 0x00, 0x00, 0x00, 0x00,
    0x00, 0x00, 0x00, 0x00, 0x00, 0x00, 0x00, 0x00, 0x00, 0x00, 0x00, 0x00, 0x00, 0x00, 0x00, 0x00, 0x00, 0x00, 0x00,
    0x00, 0x00, 0x00, 0x00, 0x00, 0x00, 0x00, 0x00, 0x00, 0x00, 0x00, 0x00, 0x00, 0x00, 0x00, 0x00, 0x00, 0x00, 0x00,
    0x00, 0x00, 0x00, 0x00, 0x00, 0x00, 0x00, 0x00, 0x00, 0x00, 0x00, 0x00, 0x00, 0x00, 0x00, 0x00, 0x00, 0x00, 0x00,
    0x00, 0x00, 0x00, 0x00, 0x00, 0x00, 0x00, 0x00, 0x00, 0x00, 0x00, 0x00, 0x00, 0x00, 0x00, 0x00, 0x00, 0x00, 0x00,
    0x00, 0x00, 0x00, 0x00, 0x00, 0x00, 0x00, 0x00, 0x00, 0x00, 0x00, 0x00, 0x00, 0x00, 0x00, 0x00, 0x00, 0x00, 0x00,
    0x00, 0x00, 0x00, 0x00, 0x00, 0x00, 0x00, 0x00, 0x00, 0x00, 0x00, 0x00, 0x00, 0x00, 0x00, 0x00, 0x00, 0x00, 0x00,
    0x00, 0x00, 0x00, 0x00, 0x00, 0x00, 0x00, 0x00, 0x00, 0x00, 0x00, 0x00, 0x00, 0x00, 0x00, 0x00, 0x00, 0x00, 0x00,
    0x00, 0x00, 0x00, 0x00, 0x00, 0x00, 0x00, 0x00, 0x00, 0x00, 0x00, 0x00, 0x00, 0x00, 0x00, 0x00, 0x00, 0x00, 0x00,
    0x00, 0x00, 0x00, 0x00, 0x00, 0x00, 0x00, 0x00, 0x00, 0x00, 0x00, 0x00, 0x00, 0x00, 0x00, 0x00, 0x00, 0x00, 0x00,
    0x00, 0x00, 0x00, 0x00, 0x00, 0x00, 0x00, 0x00, 0x00, 0x00, 0x00, 0x00, 0x00, 0x00, 0x00, 0x00, 0x00, 0x00, 0x00,
    0x00, 0x00, 0x00, 0x00, 0x00, 0x00, 0x00, 0x00, 0x00, 0x00, 0x00, 0x00, 0x00, 0x00, 0x00, 0x00, 0x00, 0x00, 0x00,
    0x00, 0x00, 0x00, 0x00, 0x00, 0x00, 0x00, 0x00, 0x00, 0x00, 0x00, 0x00, 0x00, 0x00, 0x00, 0x00, 0x00, 0x00, 0x00,
    0x00, 0x00, 0x00, 0x00, 0x00, 0x00, 0x00, 0x00, 0x00, 0x00, 0x00, 0x00, 0x00, 0x00, 0x00, 0x00, 0x00, 0x00, 0x00,
    0x00, 0x00, 0x00, 0x00, 0x00, 0x00, 0x00, 0x00, 0x00, 0x00, 0x00, 0x00, 0x00, 0x00, 0x00, 0x00, 0x00, 0x00, 0x00,
    0x00, 0x00, 0x00, 0x00, 0x00, 0x00, 0x00, 0x00, 0x00, 0x00, 0x00, 0x00, 0x00, 0x00, 0x00, 0x00, 0x00, 0x00, 0x00,
    0x00, 0x00, 0x00, 0x00, 0x00, 0x00, 0x00, 0x00, 0x00, 0x00, 0x00, 0x00, 0x00, 0x00, 0x00, 0x00, 0x00, 0x00, 0x00,
    0x00, 0x00, 0x00, 0x00, 0x00, 0x00, 0x00, 0x00, 0x00, 0x00, 0x00, 0x00, 0x00, 0x00, 0x00, 0x00, 0x00, 0x00, 0x00,
    0x00, 0x00, 0x00, 0x00, 0x00, 0x00, 0x00, 0x00, 0x00, 0x00, 0x00, 0x00, 0x00, 0x00, 0x00, 0x00, 0x00, 0x00, 0x00,
    0x00, 0x00, 0x00, 0x00, 0x00, 0x00, 0x00, 0x00, 0x00, 0x00, 0x00, 0x00, 0x00, 0x00, 0x00, 0x00, 0x00, 0x00, 0x00,
    0x00, 0x00, 0x00, 0x00, 0x00, 0x00, 0x00, 0x00, 0x00, 0x00, 0x00, 0x00, 0x00, 0x00, 0x00, 0x00, 0x00, 0x00, 0x00,
    0x00, 0x00, 0x00, 0x00, 0x00, 0x00, 0x00, 0x00, 0x00, 0x00, 0x00, 0x00, 0x00, 0x00, 0x00, 0x00, 0x00, 0x00, 0x00,
    0x00, 0x00, 0x00, 0x00, 0x00, 0x00, 0x00, 0x00, 0x00, 0x00, 0x00, 0x00, 0x00, 0x00, 0x00, 0x00, 0x00, 0x00, 0x00,
    0x00, 0x00, 0x00, 0x00, 0x00, 0x00, 0x00, 0x00, 0x00, 0x00, 0x00, 0x00, 0x00, 0x00, 0x00, 0x00, 0x00, 0x00, 0x00,
    0x00, 0x00, 0x00, 0x00, 0x00, 0x00, 0x00, 0x00, 0x00, 0x00, 0x00, 0x00, 0x00, 0x00, 0x00, 0x00, 0x00, 0x00, 0x00,
    0x00, 0x00, 0x00, 0x00, 0x00, 0x00, 0x00, 0x00, 0x00, 0x00, 0x00, 0x00, 0x00, 0x00, 0x00, 0x00, 0x00, 0x00, 0x00,
    0x00, 0x00, 0x00, 0x00, 0x00, 0x00, 0x00, 0x00, 0x00, 0x00, 0x00, 0x00, 0x00, 0x00, 0x00, 0x00, 0x00, 0x00, 0x00,
    0x00, 0x00, 0x00, 0x00, 0x00, 0x00, 0x00, 0x00, 0x00, 0x00, 0x00, 0x00, 0x00, 0x00, 0x00, 0x00, 0x00, 0x00, 0x00,
    0x00, 0x00, 0x00, 0x00, 0x00, 0x00, 0x00, 0x00, 0x00, 0x00, 0x00, 0x00, 0x00, 0x00, 0x00, 0x00, 0x00, 0x00, 0x00,
    0x00, 0x00, 0x00, 0x00, 0x00, 0x00, 0x00, 0x00, 0x00, 0x00, 0x00, 0x00, 0x00, 0x00, 0x00, 0x00, 0x00, 0x00, 0x00,
    0x00, 0x00, 0x00, 0x00, 0x00, 0x00, 0x00, 0x00, 0x00, 0x00, 0x00, 0x00, 0x00, 0x00, 0x00, 0x00, 0x00, 0x00, 0x00,
    0x00, 0x00, 0x00, 0x00, 0x00, 0x00, 0x00, 0x00, 0x00, 0x00, 0x00, 0x00, 0x00, 0x00, 0x00, 0x00, 0x00, 0x00, 0x00,
    0x00, 0x00, 0x00, 0x00, 0x00, 0x00, 0x00, 0x00, 0x00, 0x00, 0x00, 0x00, 0x00, 0x00, 0x00, 0x00, 0x00, 0x00, 0x00,
    0x00, 0x00, 0x00, 0x00, 0x00, 0x00, 0x00, 0x00, 0x00, 0x00, 0x00, 0x00, 0x00, 0x00, 0x00, 0x00, 0x00, 0x00, 0x00,
    0x00, 0x00, 0x00, 0x00, 0x00, 0x00, 0x00, 0x00, 0x00, 0x00, 0x00, 0x00, 0x00, 0x00, 0x00, 0x00, 0x00, 0x00, 0x00,
    0x00, 0x00, 0x00, 0x00, 0x00, 0x00, 0x00, 0x00, 0x00, 0x00, 0x00, 0x00, 0x00, 0x00, 0x00, 0x00, 0x00, 0x00, 0x00,
    0x00, 0x00, 0x00, 0x00, 0x00, 0x00, 0x00, 0x00, 0x00, 0x00, 0x00, 0x00, 0x00, 0x00, 0x00, 0x00, 0x00, 0x00, 0x00,
    0x00, 0x00, 0x00, 0x00, 0x00, 0x00, 0x00, 0x00, 0x00, 0x00, 0x00, 0x00, 0x00, 0x00, 0x00, 0x00, 0x00, 0x00, 0x00,
    0x00, 0x00, 0x00, 0x00, 0x00, 0x00, 0x00, 0x00, 0x00, 0x00, 0x00, 0x00, 0x00, 0x00, 0x00, 0x00, 0x00, 0x00, 0x00,
    0x00, 0x00, 0x00, 0x00, 0x00, 0x00, 0x00, 0x00, 0x00, 0x00, 0x00, 0x00, 0x00, 0x00, 0x00, 0x00, 0x00, 0x00, 0x00,
    0x00, 0x00, 0x00, 0x00, 0x00, 0x00, 0x00, 0x00, 0x00, 0x00, 0x00, 0x00, 0x00, 0x00, 0x00, 0x00, 0x00, 0x00, 0x00,
    0x00, 0x00, 0x00, 0x00, 0x00, 0x00, 0x00, 0x00, 0x00, 0x00, 0x00, 0x00, 0x00, 0x00, 0x00, 0x00, 0x00, 0x00, 0x00,
    0x00, 0x00, 0x00, 0x00, 0x00, 0x00, 0x00, 0x00, 0x00, 0x00, 0x00, 0x00, 0x00, 0x00, 0x00, 0x00, 0x00, 0x00, 0x00,
    0x00, 0x00, 0x00, 0x00, 0x00, 0x00, 0x00, 0x00, 0x00, 0x00, 0x00, 0x00, 0x00, 0x00, 0x00, 0x00, 0x00, 0x00, 0x00,
    0x00, 0x00, 0x00, 0x00, 0x00, 0x00, 0x00, 0x00, 0x00, 0x00, 0x00, 0x00, 0x00, 0x00, 0x00, 0x00, 0x00, 0x00, 0x00,
    0x00, 0x00, 0x00, 0x00, 0x00, 0x00, 0x00, 0x00, 0x00, 0x00, 0x00, 0x00, 0x00, 0x00, 0x00, 0x00, 0x00, 0x00, 0x00,
    0x00, 0x00, 0x00, 0x00, 0x00, 0x00, 0x00, 0x00, 0x00, 0x00, 0x00, 0x00, 0x00, 0x00, 0x00, 0x00, 0x00, 0x00, 0x00,
    0x00, 0x00, 0x00, 0x00, 0x00, 0x00, 0x00, 0x00, 0x00, 0x00, 0x00, 0x00, 0x00, 0x00, 0x00, 0x00, 0x00, 0x00, 0x00,
    0x00, 0x00, 0x00, 0x00, 0x00, 0x00, 0x00, 0x00, 0x00, 0x00, 0x00, 0x00, 0x00, 0x00, 0x00, 0x00, 0x00, 0x00, 0x00,
    0x00, 0x00, 0x00, 0x00, 0x00, 0x00, 0x00, 0x00, 0x00, 0x00, 0x00, 0x00, 0x00, 0x00, 0x00, 0x00, 0x00, 0x00, 0x00,
    0x00, 0x00, 0x00, 0x00, 0x00, 0x00, 0x00, 0x00, 0x00, 0x00, 0x00, 0x00, 0x00, 0x00, 0x00, 0x00, 0x00, 0x00, 0x00,
    0x00, 0x00, 0x00, 0x00, 0x00, 0x00, 0x00, 0x00, 0x00, 0x00, 0x00, 0x00, 0x00, 0x00, 0x00, 0x00, 0x00, 0x00, 0x00,
    0x00, 0x00, 0x00, 0x00, 0x00, 0x00, 0x00, 0x00, 0x00, 0x00, 0x00, 0x00, 0x00, 0x00, 0x00, 0x00, 0x00, 0x00, 0x00,
    0x00, 0x00, 0x00, 0x00, 0x00, 0x00, 0x00, 0x00, 0x00, 0x00, 0x00, 0x00, 0x00, 0x00, 0x00, 0x00, 0x00, 0x00, 0x00,
    0x00, 0x00, 0x00, 0x00, 0x00, 0x00, 0x00, 0x00, 0x00, 0x00, 0x00, 0x00, 0x00, 0x00, 0x00, 0x00, 0x00, 0x00, 0x00,
    0x00, 0x00, 0x00, 0x00, 0x00, 0x00, 0x00, 0x00, 0x00, 0x00, 0x00, 0x00, 0x00, 0x00, 0x00, 0x00, 0x00, 0x00, 0x00,
    0x00, 0x00, 0x00, 0x00, 0x00, 0x00, 0x00, 0x00, 0x00, 0x00, 0x00, 0x00, 0x00, 0x00, 0x00, 0x00, 0x00, 0x00, 0x00,
    0x00, 0x00, 0x00, 0x00, 0x00, 0x00, 0x00, 0x00, 0x00, 0x00, 0x00, 0x00, 0x00, 0x00, 0x00, 0x00, 0x00, 0x00, 0x00,
    0x00, 0x00, 0x00, 0x00, 0x00, 0x00, 0x00, 0x00, 0x00, 0x00, 0x00, 0x00, 0x00, 0x00, 0x00, 0x00, 0x00, 0x00, 0x00,
    0x00, 0x00, 0x00, 0x00, 0x00, 0x00, 0x00, 0x00, 0x00, 0x00, 0x00, 0x00, 0x00, 0x00, 0x00, 0x00, 0x00, 0x00, 0x00,
    0x00, 0x00, 0x00, 0x00, 0x00, 0x00, 0x00, 0x00, 0x00, 0x00, 0x00, 0x00, 0x00, 0x00, 0x00, 0x00, 0x00, 0x00, 0x00,
    0x00, 0x00, 0x00, 0x00, 0x00, 0x00, 0x00, 0x00, 0x00, 0x00, 0x00, 0x00, 0x00, 0x00, 0x00, 0x00, 0x00, 0x00, 0x00,
    0x00, 0x00, 0x00, 0x00, 0x00, 0x00, 0x00, 0x00, 0x00, 0x00, 0x00, 0x00, 0x00, 0x00, 0x00, 0x00, 0x00, 0x00, 0x00,
    0x00, 0x00, 0x00, 0x00, 0x00, 0x00, 0x00, 0x00, 0x00, 0x00, 0x00, 0x00, 0x00, 0x00, 0x00, 0x00, 0x00, 0x00, 0x00,
    0x00, 0x00, 0x00, 0x00, 0x00, 0x00, 0x00, 0x00, 0x00, 0x00, 0x00, 0x00, 0x00, 0x00, 0x00, 0x00, 0x00, 0x00, 0x00,
    0x00, 0x00, 0x00, 0x00, 0x00, 0x00, 0x00, 0x00, 0x00, 0x00, 0x00, 0x00, 0x00, 0x00, 0x00, 0x00, 0x00, 0x00, 0x00,
    0x00, 0x00, 0x00, 0x00, 0x00, 0x00, 0x00, 0x00, 0x00, 0x00, 0x00, 0x00, 0x00, 0x00, 0x00, 0x00, 0x00, 0x00, 0x00,
    0x00, 0x00, 0x00, 0x00, 0x00, 0x00, 0x00, 0x00, 0x00, 0x00, 0x00, 0x00, 0x00, 0x00, 0x00, 0x00, 0x00, 0x00, 0x00,
    0x00, 0x00, 0x00, 0x00, 0x00, 0x00, 0x00, 0x00, 0x00, 0x00, 0x00, 0x00, 0x00, 0x00, 0x00, 0x00, 0x00, 0x00, 0x00,
    0x00, 0x00, 0x00, 0x00, 0x00, 0x00, 0x00, 0x00, 0x00, 0x00, 0x00, 0x00, 0x00, 0x00, 0x00, 0x00, 0x00, 0x00, 0x00,
    0x00, 0x00, 0x00, 0x00, 0x00, 0x00, 0x00, 0x00, 0x00, 0x00, 0x00, 0x00, 0x00, 0x00, 0x00, 0x00, 0x00, 0x00, 0x00,
    0x00, 0x00, 0x00, 0x00, 0x00, 0x00, 0x00, 0x00, 0x00, 0x00, 0x00, 0x00, 0x00, 0x00, 0x00, 0x00, 0x00, 0x00, 0x00,
    0x00, 0x00, 0x00, 0x00, 0x00, 0x00, 0x00, 0x00, 0x00, 0x00, 0x00, 0x00, 0x00, 0x00, 0x00, 0x00, 0x00, 0x00, 0x00,
    0x00, 0x00, 0x00, 0x00, 0x00, 0x00, 0x00, 0x00, 0x00, 0x00, 0x00, 0x00, 0x00, 0x00, 0x00, 0x00, 0x00, 0x00, 0x00,
    0x00, 0x00, 0x00, 0x00, 0x00, 0x00, 0x00, 0x00, 0x00, 0x00, 0x00, 0x00, 0x00, 0x00, 0x00, 0x00, 0x00, 0x00, 0x00,
    0x00, 0x00, 0x00, 0x00, 0x00, 0x00, 0x00, 0x00, 0x00, 0x00, 0x00, 0x00, 0x00, 0x00, 0x00, 0x00, 0x00, 0x00, 0x00,
    0x00, 0x00, 0x00, 0x00, 0x00, 0x00, 0x00, 0x00, 0x00, 0x00, 0x00, 0x00, 0x00, 0x00, 0x00, 0x00, 0x00, 0x00, 0x00,
    0x00, 0x00, 0x00, 0x00, 0x00, 0x00, 0x00, 0x00, 0x00, 0x00, 0x00, 0x00, 0x00, 0x00, 0x00, 0x00, 0x00, 0x00, 0x00,
    0x00, 0x00, 0x00, 0x00, 0x00, 0x00, 0x00, 0x00, 0x00, 0x00, 0x00, 0x00, 0x00, 0x00, 0x00, 0x00, 0x00, 0x00, 0x00,
    0x00, 0x00, 0x00, 0x00, 0x00, 0x00, 0x00, 0x00, 0x00, 0x00, 0x00, 0x00, 0x00, 0x00, 0x00, 0x00, 0x00, 0x00, 0x00,
    0x00, 0x00, 0x00, 0x00, 0x00, 0x00, 0x00, 0x00, 0x00, 0x00, 0x00, 0x00, 0x00, 0x00, 0x00, 0x00, 0x00, 0x00, 0x00,
    0x00, 0x00, 0x00, 0x00, 0x00, 0x00, 0x00, 0x00, 0x00, 0x00, 0x00, 0x00, 0x00, 0x00, 0x00, 0x00, 0x00, 0x00, 0x00,
    0x00, 0x00, 0x00, 0x00, 0x00, 0x00, 0x00, 0x00, 0x00, 0x00, 0x00, 0x00, 0x00, 0x00, 0x00, 0x00, 0x00, 0x00, 0x00,
    0x00, 0x00, 0x00, 0x00, 0x00, 0x00, 0x00, 0x00, 0x00, 0x00, 0x00, 0x00, 0x00, 0x00, 0x00, 0x00, 0x00, 0x00, 0x00,
    0x00, 0x00, 0x00, 0x00, 0x00, 0x00, 0x00, 0x00, 0x00, 0x00, 0x00, 0x00, 0x00, 0x00, 0x00, 0x00, 0x00, 0x00, 0x00,
    0x00, 0x00, 0x00, 0x00, 0x00, 0x00, 0x00, 0x00, 0x00, 0x00, 0x00, 0x00, 0x00, 0x00, 0x00, 0x00, 0x00, 0x00, 0x00,
    0x00, 0x00, 0x00, 0x00, 0x00, 0x00, 0x00, 0x00, 0x00, 0x00, 0x00, 0x00, 0x00, 0x00, 0x00, 0x00, 0x00, 0x00, 0x00,
    0x00, 0x00, 0x00, 0x00, 0x00, 0x00, 0x00, 0x00, 0x00, 0x00, 0x00, 0x00, 0x00, 0x00, 0x00, 0x00, 0x00, 0x00, 0x00,
    0x00, 0x00, 0x00, 0x00, 0x00, 0x00, 0x00, 0x00, 0x00, 0x00, 0x00, 0x00, 0x00, 0x00, 0x00, 0x00, 0x00, 0x00, 0x00,
    0x00, 0x00, 0x00, 0x00, 0x00, 0x00, 0x00, 0x00, 0x00, 0x00, 0x00, 0x00, 0x00, 0x00, 0x00, 0x00, 0x00, 0x00, 0x00,
    0x00, 0x00, 0x00, 0x00, 0x00, 0x00, 0x00, 0x00, 0x00, 0x00, 0x00, 0x00, 0x00, 0x00, 0x00, 0x00, 0x00, 0x00, 0x00,
    0x00, 0x00, 0x00, 0x00, 0x00, 0x00, 0x00, 0x00, 0x00, 0x00, 0x00, 0x00, 0x00, 0x00, 0x00, 0x00, 0x00, 0x00, 0x00,
    0x00, 0x00, 0x00, 0x00, 0x00, 0x00, 0x00, 0x00, 0x00, 0x00, 0x00, 0x00, 0x00, 0x00, 0x00, 0x00, 0x00, 0x00, 0x00,
    0x00, 0x00, 0x00, 0x00, 0x00, 0x00, 0x00, 0x00, 0x00, 0x00, 0x00, 0x00, 0x00, 0x00, 0x00, 0x00, 0x00, 0x00, 0x00,
    0x00, 0x00, 0x00, 0x00, 0x00, 0x00, 0x00, 0x00, 0x00, 0x00, 0x00, 0x00, 0x00, 0x00, 0x00, 0x00, 0x00, 0x00, 0x00,
    0x00, 0x00, 0x00, 0x00, 0x00, 0x00, 0x00, 0x00, 0x00, 0x00, 0x00, 0x00, 0x00, 0x00, 0x00, 0x00, 0x00, 0x00, 0x00,
    0x00, 0x00, 0x00, 0x00, 0x00, 0x00, 0x00, 0x00, 0x00, 0x00, 0x00, 0x00, 0x00, 0x00, 0x00, 0x00, 0x00, 0x00, 0x00,
    0x00, 0x00, 0x00, 0x00, 0x00, 0x00, 0x00, 0x00, 0x00, 0x00, 0x00, 0x00, 0x00, 0x00, 0x00, 0x00, 0x00, 0x00, 0x00,
    0x00, 0x00, 0x00, 0x00, 0x00, 0x00, 0x00, 0x00, 0x00, 0x00, 0x00, 0x00, 0x00, 0x00, 0x00, 0x00, 0x00, 0x00, 0x00,
    0x00, 0x00, 0x00, 0x00, 0x00, 0x00, 0x00, 0x00, 0x00, 0x00, 0x00, 0x00, 0x00, 0x00, 0x00, 0x00, 0x00, 0x00, 0x00,
    0x00, 0x00, 0x00, 0x00, 0x00, 0x00, 0x00, 0x00, 0x00, 0x00, 0x00, 0x00, 0x00, 0x00, 0x00, 0x00, 0x00, 0x00, 0x00,
    0x00, 0x00, 0x00, 0x00, 0x00, 0x00, 0x00, 0x00, 0x00, 0x00, 0x00, 0x00, 0x00, 0x00, 0x00, 0x00, 0x00, 0x00, 0x00,
    0x00, 0x00, 0x00, 0x00, 0x00, 0x00, 0x00, 0x00, 0x00, 0x00, 0x00, 0x00, 0x00, 0x00, 0x00, 0x00, 0x00, 0x00, 0x00,
    0x00, 0x00, 0x00, 0x00, 0x00, 0x00, 0x00, 0x00, 0x00, 0x00, 0x00, 0x00, 0x00, 0x00, 0x00, 0x00, 0x00, 0x00, 0x00,
    0x00, 0x00, 0x00, 0x00, 0x00, 0x00, 0x00, 0x00, 0x00, 0x00, 0x00, 0x00, 0x00, 0x00, 0x00, 0x00, 0x00, 0x00, 0x00,
    0x00, 0x00, 0x00, 0x00, 0x00, 0x00, 0x00, 0x00, 0x00, 0x00, 0x00, 0x00, 0x00, 0x00, 0x00, 0x00, 0x00, 0x00, 0x00,
    0x00, 0x00, 0x00, 0x00, 0x00, 0x00, 0x00, 0x00, 0x00, 0x00, 0x00, 0x00, 0x00, 0x00, 0x00, 0x00, 0x00, 0x00, 0x00,
    0x00, 0x00, 0x00, 0x00, 0x00, 0x00, 0x00, 0x00, 0x00, 0x00, 0x00, 0x00, 0x00, 0x00, 0x00, 0x00, 0x00, 0x00, 0x00,
    0x00, 0x00, 0x00, 0x00, 0x00, 0x00, 0x00, 0x00, 0x00, 0x00, 0x00, 0x00, 0x00, 0x00, 0x00, 0x00, 0x00, 0x00, 0x00,
    0x00, 0x00, 0x00, 0x00, 0x00, 0x00, 0x00, 0x00, 0x00, 0x00, 0x00, 0x00, 0x00, 0x00, 0x00, 0x00, 0x00, 0x00, 0x00,
    0x00, 0x00, 0x00, 0x00, 0x00, 0x00, 0x00, 0x00, 0x00, 0x00, 0x00, 0x00, 0x00, 0x00, 0x00, 0x00, 0x00, 0x00, 0x00,
    0x00, 0x00, 0x00, 0x00, 0x00, 0x00, 0x00, 0x00, 0x00, 0x00, 0x00, 0x00, 0x00, 0x00, 0x00, 0x00, 0x00, 0x00, 0x00,
    0x00, 0x00, 0x00, 0x00, 0x00, 0x00, 0x00, 0x00, 0x00, 0x00, 0x00, 0x00, 0x00, 0x00, 0x00, 0x00, 0x00, 0x00, 0x00,
    0x00, 0x00, 0x00, 0x00, 0x00, 0x00, 0x00, 0x00, 0x00, 0x00, 0x00, 0x00, 0x00, 0x00, 0x00, 0x00, 0x00, 0x00, 0x00,
    0x00, 0x00, 0x00, 0x00, 0x00, 0x00, 0x00, 0x00, 0x00, 0x00, 0x00, 0x00, 0x00, 0x00, 0x00, 0x00, 0x00, 0x00, 0x00,
    0x00, 0x00, 0x00, 0x00, 0x00, 0x00, 0x00, 0x00, 0x00, 0x00, 0x00, 0x00, 0x00, 0x00, 0x00, 0x00, 0x00, 0x00, 0x00,
    0x00, 0x00, 0x00, 0x00, 0x00, 0x00, 0x00, 0x00, 0x00, 0x00, 0x00, 0x00, 0x00, 0x00, 0x00, 0x00, 0x00, 0x00, 0x00,
    0x00, 0x00, 0x00, 0x00, 0x00, 0x00, 0x00, 0x00, 0x00, 0x00, 0x00, 0x00, 0x00, 0x00, 0x00, 0x00, 0x00, 0x00, 0x00,
    0x00, 0x00, 0x00, 0x00, 0x00, 0x00, 0x00, 0x00, 0x00, 0x00, 0x00, 0x00, 0x00, 0x00, 0x00, 0x00, 0x00, 0x00, 0x00,
    0x00, 0x00, 0x00, 0x00, 0x00, 0x00, 0x00, 0x00, 0x00, 0x00, 0x00, 0x00, 0x00, 0x00, 0x00, 0x00, 0x00, 0x00, 0x00,
    0x00, 0x00, 0x00, 0x00, 0x00, 0x00, 0x00, 0x00, 0x00, 0x00, 0x00, 0x00, 0x00, 0x00, 0x00, 0x00, 0x00, 0x00, 0x00,
    0x00, 0x00, 0x00, 0x00, 0x00, 0x00, 0x00, 0x00, 0x00, 0x00, 0x00, 0x00, 0x00, 0x00, 0x00, 0x00, 0x00, 0x00, 0x00,
    0x00, 0x00, 0x00, 0x00, 0x00, 0x00, 0x00, 0x00, 0x00, 0x00, 0x00, 0x00, 0x00, 0x00, 0x00, 0x00, 0x00, 0x00, 0x00,
    0x00, 0x00, 0x00, 0x00, 0x00, 0x00, 0x00, 0x00, 0x00, 0x00, 0x00, 0x00, 0x00, 0x00, 0x00, 0x00, 0x00, 0x00, 0x00,
    0x00, 0x00, 0x00, 0x00, 0x00, 0x00, 0x00, 0x00, 0x00, 0x00, 0x00, 0x00, 0x00, 0x00, 0x00, 0x00, 0x00, 0x00, 0x00,
    0x00, 0x00, 0x00, 0x00, 0x00, 0x00, 0x00, 0x00, 0x00, 0x00, 0x00, 0x00, 0x00, 0x00, 0x00, 0x00, 0x00, 0x00, 0x00,
    0x00, 0x00, 0x00, 0x00, 0x00, 0x00, 0x00, 0x00, 0x00, 0x00, 0x00, 0x00, 0x00, 0x00, 0x00, 0x00, 0x00, 0x00, 0x00,
    0x00, 0x00, 0x00, 0x00, 0x00, 0x00, 0x00, 0x00, 0x00, 0x00, 0x00, 0x00, 0x00, 0x00, 0x00, 0x00, 0x00, 0x00, 0x00,
    0x00, 0x00, 0x00, 0x00, 0x00, 0x00, 0x00, 0x00, 0x00, 0x00, 0x00, 0x00, 0x00, 0x00, 0x00, 0x00, 0x00, 0x00, 0x00,
    0x00, 0x00, 0x00, 0x00, 0x00, 0x00, 0x00, 0x00, 0x00, 0x00, 0x00, 0x00, 0x00, 0x00, 0x00, 0x00, 0x00, 0x00, 0x00,
    0x00, 0x00, 0x00, 0x00, 0x00, 0x00, 0x00, 0x00, 0x00, 0x00, 0x00, 0x00, 0x00, 0x00, 0x00, 0x00, 0x00, 0x00, 0x00,
    0x00, 0x00, 0x00, 0x00, 0x00, 0x00, 0x00, 0x00, 0x00, 0x00, 0x00, 0x00, 0x00, 0x00, 0x00, 0x00, 0x00, 0x00, 0x00,
    0x00, 0x00, 0x00, 0x00, 0x00, 0x00, 0x00, 0x00, 0x00, 0x00, 0x00, 0x00, 0x00, 0x00, 0x00, 0x00, 0x00, 0x00, 0x00,
    0x00, 0x00, 0x00, 0x00, 0x00, 0x00, 0x00, 0x00, 0x00, 0x00, 0x00, 0x00, 0x00, 0x00, 0x00, 0x00, 0x00, 0x00, 0x00,
    0x00, 0x00, 0x00, 0x00, 0x00, 0x00, 0x00, 0x00, 0x00, 0x00, 0x00, 0x00, 0x00, 0x00, 0x00, 0x00, 0x00, 0x00, 0x00,
    0x00, 0x00, 0x00, 0x00, 0x00, 0x00, 0x00, 0x00, 0x00, 0x00, 0x00, 0x00, 0x00, 0x00, 0x00, 0x00, 0x00, 0x00, 0x00,
    0x00, 0x00, 0x00, 0x00, 0x00, 0x00, 0x00, 0x00, 0x00, 0x00, 0x00, 0x00, 0x00, 0x00, 0x00, 0x00, 0x00, 0x00, 0x00,
    0x00, 0x00, 0x00, 0x00, 0x00, 0x00, 0x00, 0x00, 0x00, 0x00, 0x00, 0x00, 0x00, 0x00, 0x00, 0x00, 0x00, 0x00, 0x00,
    0x00, 0x00, 0x00, 0x00, 0x00, 0x00, 0x00, 0x00, 0x00, 0x00, 0x00, 0x00, 0x00, 0x00, 0x00, 0x00, 0x00, 0x00, 0x00,
    0x00, 0x00, 0x00, 0x00, 0x00, 0x00, 0x00, 0x00, 0x00, 0x00, 0x00, 0x00, 0x00, 0x00, 0x00, 0x00, 0x00, 0x00, 0x00,
    0x00, 0x00, 0x00, 0x00, 0x00, 0x00, 0x00, 0x00, 0x00, 0x00, 0x00, 0x00, 0x00, 0x00, 0x00, 0x00, 0x00, 0x00, 0x00,
    0x00, 0x00, 0x00, 0x00, 0x00, 0x00, 0x00, 0x00, 0x00, 0x00, 0x00, 0x00, 0x00, 0x00, 0x00, 0x00, 0x00, 0x00, 0x00,
    0x00, 0x00, 0x00, 0x00, 0x00, 0x00, 0x00, 0x00, 0x00, 0x00, 0x00, 0x00, 0x00, 0x00, 0x00, 0x00, 0x00, 0x00, 0x00,
    0x00, 0x00, 0x00, 0x00, 0x00, 0x00, 0x00, 0x00, 0x00, 0x00, 0x00, 0x00, 0x00, 0x00, 0x00, 0x00, 0x00, 0x00, 0x00,
    0x00, 0x00, 0x00, 0x00, 0x00, 0x00, 0x00, 0x00, 0x00, 0x00, 0x00, 0x00, 0x00, 0x00, 0x00, 0x00, 0x00, 0x00, 0x00,
    0x00, 0x00, 0x00, 0x00, 0x00, 0x00, 0x00, 0x00, 0x00, 0x00, 0x00, 0x00, 0x00, 0x00, 0x00, 0x00, 0x00, 0x00, 0x00,
    0x00, 0x00, 0x00, 0x00, 0x00, 0x00, 0x00, 0x00, 0x00, 0x00, 0x00, 0x00, 0x00, 0x00, 0x00, 0x00, 0x00, 0x00, 0x00,
    0x00, 0x00, 0x00, 0x00, 0x00, 0x00, 0x00, 0x00, 0x00, 0x00, 0x00, 0x00, 0x00, 0x00, 0x00, 0x00, 0x00, 0x00, 0x00,
    0x00, 0x00, 0x00, 0x00, 0x00, 0x00, 0x00, 0x00, 0x00, 0x00, 0x00, 0x00, 0x00, 0x00, 0x00, 0x00, 0x00, 0x00, 0x00,
    0x00, 0x00, 0x00, 0x00, 0x00, 0x00, 0x00, 0x00, 0x00, 0x00, 0x00, 0x00, 0x00, 0x00, 0x00, 0x00, 0x00, 0x00, 0x00,
    0x00, 0x00, 0x00, 0x00, 0x00, 0x00, 0x00, 0x00, 0x00, 0x00, 0x00, 0x00, 0x00, 0x00, 0x00, 0x00, 0x00, 0x00, 0x00,
    0x00, 0x00, 0x00, 0x00, 0x00, 0x00, 0x00, 0x00, 0x00, 0x00, 0x00, 0x00, 0x00, 0x00, 0x00, 0x00, 0x00, 0x00, 0x00,
    0x00, 0x00, 0x00, 0x00, 0x00, 0x00, 0x00, 0x00, 0x00, 0x00, 0x00, 0x00, 0x00, 0x00, 0x00, 0x00, 0x00, 0x00, 0x00,
    0x00, 0x00, 0x00, 0x00, 0x00, 0x00, 0x00, 0x00, 0x00, 0x00, 0x00, 0x00, 0x00, 0x00, 0x00, 0x00, 0x00, 0x00, 0x00,
    0x00, 0x00, 0x00, 0x00, 0x00, 0x00, 0x00, 0x00, 0x00, 0x00, 0x00, 0x00, 0x00, 0x00, 0x00, 0x00, 0x00, 0x00, 0x00,
    0x00, 0x00, 0x00, 0x00, 0x00, 0x00, 0x00, 0x00, 0x00, 0x00, 0x00, 0x00, 0x00, 0x00, 0x00, 0x00, 0x00, 0x00, 0x00,
    0x00, 0x00, 0x00, 0x00, 0x00, 0x00, 0x00, 0x00, 0x00, 0x00, 0x00, 0x00, 0x00, 0x00, 0x00, 0x00, 0x00, 0x00, 0x00,
    0x00, 0x00, 0x00, 0x00, 0x00, 0x00, 0x00, 0x00, 0x00, 0x00, 0x00, 0x00, 0x00, 0x00, 0x00, 0x00, 0x00, 0x00, 0x00,
    0x00, 0x00, 0x00, 0x00, 0x00, 0x00, 0x00, 0x00, 0x00, 0x00, 0x00, 0x00, 0x00, 0x00, 0x00, 0x00, 0x00, 0x00, 0x00,
    0x00, 0x00, 0x00, 0x00, 0x00, 0x00, 0x00, 0x00, 0x00, 0x00, 0x00, 0x00, 0x00, 0x00, 0x00, 0x00, 0x00, 0x00, 0x00,
    0x00, 0x00, 0x00, 0x00, 0x00, 0x00, 0x00, 0x00, 0x00, 0x00, 0x00, 0x00, 0x00, 0x00, 0x00, 0x00, 0x00, 0x00, 0x00,
    0x00, 0x00, 0x00, 0x00, 0x00, 0x00, 0x00, 0x00, 0x00, 0x00, 0x00, 0x00, 0x00, 0x00, 0x00, 0x00, 0x00, 0x00, 0x00,
    0x00, 0x00, 0x00, 0x00, 0x00, 0x00, 0x00, 0x00, 0x00, 0x00, 0x00, 0x00, 0x00, 0x00, 0x00, 0x00, 0x00, 0x00, 0x00,
    0x00, 0x00, 0x00, 0x00, 0x00, 0x00, 0x00, 0x00, 0x00, 0x00, 0x00, 0x00, 0x00, 0x00, 0x00, 0x00, 0x00, 0x00, 0x00,
    0x00, 0x00, 0x00, 0x00, 0x00, 0x00, 0x00, 0x00, 0x00, 0x00, 0x00, 0x00, 0x00, 0x00, 0x00, 0x00, 0x00, 0x00, 0x00,
    0x00, 0x00, 0x00, 0x00, 0x00, 0x00, 0x00, 0x00, 0x00, 0x00, 0x00, 0x00, 0x00, 0x00, 0x00, 0x00, 0x00, 0x00, 0x00,
    0x00, 0x00, 0x00, 0x00, 0x00, 0x00, 0x00, 0x00, 0x00, 0x00, 0x00, 0x00, 0x00, 0x00, 0x00, 0x00, 0x00, 0x00, 0x00,
    0x00, 0x00, 0x00, 0x00, 0x00, 0x00, 0x00, 0x00, 0x00, 0x00, 0x00, 0x00, 0x00, 0x00, 0x00, 0x00, 0x00, 0x00, 0x00,
    0x00, 0x00, 0x00, 0x00, 0x00, 0x00, 0x00, 0x00, 0x00, 0x00, 0x00, 0x00, 0x00, 0x00, 0x00, 0x00, 0x00, 0x00, 0x00,
    0x00, 0x00, 0x00, 0x00, 0x00, 0x00, 0x00, 0x00, 0x00, 0x00, 0x00, 0x00, 0x00, 0x00, 0x00, 0x00, 0x00, 0x00, 0x00,
    0x00, 0x00, 0x00, 0x00, 0x00, 0x00, 0x00, 0x00, 0x00, 0x00, 0x00, 0x00, 0x00, 0x00, 0x00, 0x00, 0x00, 0x00, 0x00,
    0x00, 0x00, 0x00, 0x00, 0x00, 0x00, 0x00, 0x00, 0x00, 0x00, 0x00, 0x00, 0x00, 0x00, 0x00, 0x00, 0x00, 0x00, 0x00,
    0x00, 0x00, 0x00, 0x00, 0x00, 0x00, 0x00, 0x00, 0x00, 0x00, 0x00, 0x00, 0x00, 0x00, 0x00, 0x00, 0x00, 0x00, 0x00,
    0x00, 0x00, 0x00, 0x00, 0x00, 0x00, 0x00, 0x00, 0x00, 0x00, 0x00, 0x00, 0x00, 0x00, 0x00, 0x00, 0x00, 0x00, 0x00,
    0x00, 0x00, 0x00, 0x00, 0x00, 0x00, 0x00, 0x00, 0x00, 0x00, 0x00, 0x00, 0x00, 0x00, 0x00, 0x00, 0x00, 0x00, 0x00,
    0x00, 0x00, 0x00, 0x00, 0x00, 0x00, 0x00, 0x00, 0x00, 0x00, 0x00, 0x00, 0x00, 0x00, 0x00, 0x00, 0x00, 0x00, 0x00,
    0x00, 0x00, 0x00, 0x00, 0x00, 0x00, 0x00, 0x00, 0x00, 0x00, 0x00, 0x00, 0x00, 0x00, 0x00, 0x00, 0x00, 0x00, 0x00,
    0x00, 0x00, 0x00, 0x00, 0x00, 0x00, 0x00, 0x00, 0x00, 0x00, 0x00, 0x00, 0x00, 0x00, 0x00, 0x00, 0x00, 0x00, 0x00,
    0x00, 0x00, 0x00, 0x00, 0x00, 0x00, 0x00, 0x00, 0x00, 0x00, 0x00, 0x00, 0x00, 0x00, 0x00, 0x00, 0x00, 0x00, 0x00,
    0x00, 0x00, 0x00, 0x00, 0x00, 0x00, 0x00, 0x00, 0x00, 0x00, 0x00, 0x00, 0x00, 0x00, 0x00, 0x00, 0x00, 0x00, 0x00,
    0x00, 0x00, 0x00, 0x00, 0x00, 0x00, 0x00, 0x00, 0x00, 0x00, 0x00, 0x00, 0x00, 0x00, 0x00, 0x00, 0x00, 0x00, 0x00,
    0x00, 0x00, 0x00, 0x00, 0x00, 0x00, 0x00, 0x00, 0x00, 0x00, 0x00, 0x00, 0x00, 0x00, 0x00, 0x00, 0x00, 0x00, 0x00,
    0x00, 0x00, 0x00, 0x00, 0x00, 0x00, 0x00, 0x00, 0x00, 0x00, 0x00, 0x00, 0x00, 0x00, 0x00, 0x00, 0x00, 0x00, 0x00,
    0x00, 0x00, 0x00, 0x00, 0x00, 0x00, 0x00, 0x00, 0x00, 0x00, 0x00, 0x00, 0x00, 0x00, 0x00, 0x00, 0x00, 0x00, 0x00,
    0x00, 0x00, 0x00, 0x00, 0x00, 0x00, 0x00, 0x00, 0x00, 0x00, 0x00, 0x00, 0x00, 0x00, 0x00, 0x00, 0x00, 0x00, 0x00,
    0x00, 0x00, 0x00, 0x00, 0x00, 0x00, 0x00, 0x00, 0x00, 0x00, 0x00, 0x00, 0x00, 0x00, 0x00, 0x00, 0x00, 0x00, 0x00,
    0x00, 0x00, 0x00, 0x00, 0x00, 0x00, 0x00, 0x00, 0x00, 0x00, 0x00, 0x00, 0x00, 0x00, 0x00, 0x00, 0x00, 0x00, 0x00,
    0x00, 0x00, 0x00, 0x00, 0x00, 0x00, 0x00, 0x00, 0x00, 0x00, 0x00, 0x00, 0x00, 0x00, 0x00, 0x00, 0x00, 0x00, 0x00,
    0x00, 0x00, 0x00, 0x00, 0x00, 0x00, 0x00, 0x00, 0x00, 0x00, 0x00, 0x00, 0x00, 0x00, 0x00, 0x00, 0x00, 0x00, 0x00,
    0x00, 0x00, 0x00, 0x00, 0x00, 0x00, 0x00, 0x00, 0x00, 0x00, 0x00, 0x00, 0x00, 0x00, 0x00, 0x00, 0x00, 0x00, 0x00,
    0x00, 0x00, 0x00, 0x00, 0x00, 0x00, 0x00, 0x00, 0x00, 0x00, 0x00, 0x00, 0x00, 0x00, 0x00, 0x00, 0x00, 0x00, 0x00,
    0x00, 0x00, 0x00, 0x00, 0x00, 0x00, 0x00, 0x00, 0x00, 0x00, 0x00, 0x00, 0x00, 0x00, 0x00, 0x00, 0x00, 0x00, 0x00,
    0x00, 0x00, 0x00, 0x00, 0x00, 0x00, 0x00, 0x00, 0x00, 0x00, 0x00, 0x00, 0x00, 0x00, 0x00, 0x00, 0x00, 0x00, 0x00,
    0x00, 0x00, 0x00, 0x00, 0x00, 0x00, 0x00, 0x00, 0x00, 0x00, 0x00, 0x00, 0x00, 0x00, 0x00, 0x00, 0x00, 0x00, 0x00,
    0x00, 0x00, 0x00, 0x00, 0x00, 0x00, 0x00, 0x00, 0x00, 0x00, 0x00, 0x00, 0x00, 0x00, 0x00, 0x00, 0x00, 0x00, 0x00,
    0x00, 0x00, 0x00, 0x00, 0x00, 0x00, 0x00, 0x00, 0x00, 0x00, 0x00, 0x00, 0x00, 0x00, 0x00, 0x00, 0x00, 0x00, 0x00,
    0x00, 0x00, 0x00, 0x00, 0x00, 0x00, 0x00, 0x00, 0x00, 0x00, 0x00, 0x00, 0x00, 0x00, 0x00, 0x00, 0x00, 0x00, 0x00,
    0x00, 0x00, 0x00, 0x00, 0x00, 0x00, 0x00, 0x00, 0x00, 0x00, 0x00, 0x00, 0x00, 0x00, 0x00, 0x00, 0x00, 0x00, 0x00,
    0x00, 0x00, 0x00, 0x00, 0x00, 0x00, 0x00, 0x00, 0x00, 0x00, 0x00, 0x00, 0x00, 0x00, 0x00, 0x00, 0x00, 0x00, 0x00,
    0x00, 0x00, 0x00, 0x00, 0x00, 0x00, 0x00, 0x00, 0x00, 0x00, 0x00, 0x00, 0x00, 0x00, 0x00, 0x00, 0x00, 0x00, 0x00,
    0x00, 0x00, 0x00, 0x00, 0x00, 0x00, 0x00, 0x00, 0x00, 0x00, 0x00, 0x00, 0x00, 0x00, 0x00, 0x00, 0x00, 0x00, 0x00,
    0x00, 0x00, 0x00, 0x00, 0x00, 0x00, 0x00, 0x00, 0x00, 0x00, 0x00, 0x00, 0x00, 0x00, 0x00, 0x00, 0x00, 0x00, 0x00,
    0x00, 0x00, 0x00, 0x00, 0x00, 0x00, 0x00, 0x00, 0x00, 0x00, 0x00, 0x00, 0x00, 0x00, 0x00, 0x00, 0x00, 0x00, 0x00,
    0x00, 0x00, 0x00, 0x00, 0x00, 0x00, 0x00, 0x00, 0x00, 0x00, 0x00, 0x00, 0x00, 0x00, 0x00, 0x00, 0x00, 0x00, 0x00,
    0x00, 0x00, 0x00, 0x00, 0x00, 0x00, 0x00, 0x00, 0x00, 0x00, 0x00, 0x00, 0x00, 0x00, 0x00, 0x00, 0x00, 0x00, 0x00,
    0x00, 0x00, 0x00, 0x00, 0x00, 0x00, 0x00, 0x00, 0x00, 0x00, 0x00, 0x00, 0x00, 0x00, 0x00, 0x00, 0x00, 0x00, 0x00,
    0x00, 0x00, 0x00, 0x00, 0x00, 0x00, 0x00, 0x00, 0x00, 0x00, 0x00, 0x00, 0x00, 0x00, 0x00, 0x00, 0x00, 0x00, 0x00,
    0x00, 0x00, 0x00, 0x00, 0x00, 0x00, 0x00, 0x00, 0x00, 0x00, 0x00, 0x00, 0x00, 0x00, 0x00, 0x00, 0x00, 0x00, 0x00,
    0x00, 0x00, 0x00, 0x00, 0x00, 0x00, 0x00, 0x00, 0x00, 0x00, 0x00, 0x00, 0x00, 0x00, 0x00, 0x00, 0x00, 0x00, 0x00,
    0x00, 0x00, 0x00, 0x00, 0x00, 0x00, 0x00, 0x00, 0x00, 0x00, 0x00, 0x00, 0x00, 0x00, 0x00, 0x00, 0x00, 0x00, 0x00,
    0x00, 0x00, 0x00, 0x00, 0x00, 0x00, 0x00, 0x00, 0x00, 0x00, 0x00, 0x00, 0x00, 0x00, 0x00, 0x00, 0x00, 0x00, 0x00,
    0x00, 0x00, 0x00, 0x00, 0x00, 0x00, 0x00, 0x00, 0x00, 0x00, 0x00, 0x00, 0x00, 0x00, 0x00, 0x00, 0x00, 0x00, 0x00,
    0x00, 0x00, 0x00, 0x00, 0x00, 0x00, 0x00, 0x00, 0x00, 0x00, 0x00, 0x00, 0x00, 0x00, 0x00, 0x00, 0x00, 0x00, 0x00,
    0x00, 0x00, 0x00, 0x00, 0x00, 0x00, 0x00, 0x00, 0x00, 0x00, 0x00, 0x00, 0x00, 0x00, 0x00, 0x00, 0x00, 0x00, 0x00,
    0x00, 0x00, 0x00, 0x00, 0x00, 0x00, 0x00, 0x00, 0x00, 0x00, 0x00, 0x00, 0x00, 0x00, 0x00, 0x00, 0x00, 0x00, 0x00,
    0x00, 0x00, 0x00, 0x00, 0x00, 0x00, 0x00, 0x00, 0x00, 0x00, 0x00, 0x00, 0x00, 0x00, 0x00, 0x00, 0x00, 0x00, 0x00,
    0x00, 0x00, 0x00, 0x00, 0x00, 0x00, 0x00, 0x00, 0x00, 0x00, 0x00, 0x00, 0x00, 0x00, 0x00, 0x00, 0x00, 0x00, 0x00,
    0x00, 0x00, 0x00, 0x00, 0x00, 0x00, 0x00, 0x00, 0x00, 0x00, 0x00, 0x00, 0x00, 0x00, 0x00, 0x00, 0x00, 0x00, 0x00,
    0x00, 0x00, 0x00, 0x00, 0x00, 0x00, 0x00, 0x00, 0x00, 0x00, 0x00, 0x00, 0x00, 0x00, 0x00, 0x00, 0x00, 0x00, 0x00,
    0x00, 0x00, 0x00, 0x00, 0x00, 0x00, 0x00, 0x00, 0x00, 0x00, 0x00, 0x00, 0x00, 0x00, 0x00, 0x00, 0x00, 0x00, 0x00,
    0x00, 0x00, 0x00, 0x00, 0x00, 0x00, 0x00, 0x00, 0x00, 0x00, 0x00, 0x00, 0x00, 0x00, 0x00, 0x00, 0x00, 0x00, 0x00,
    0x00, 0x00, 0x00, 0x00, 0x00, 0x00, 0x00, 0x00, 0x00, 0x00, 0x00, 0x00, 0x00, 0x00, 0x00, 0x00, 0x00, 0x00, 0x00,
    0x00, 0x00, 0x00, 0x00, 0x00, 0x00, 0x00, 0x00, 0x00, 0x00, 0x00, 0x00, 0x00, 0x00, 0x00, 0x00, 0x00, 0x00, 0x00,
    0x00, 0x00, 0x00, 0x00, 0x00, 0x00, 0x00, 0x00, 0x00, 0x00, 0x00, 0x00, 0x00, 0x00, 0x00, 0x00, 0x00, 0x00, 0x00,
    0x00, 0x00, 0x00, 0x00, 0x00, 0x00, 0x00, 0x00, 0x00, 0x00, 0x00, 0x00, 0x00, 0x00, 0x00, 0x00, 0x00, 0x00, 0x00,
    0x00, 0x00, 0x00, 0x00, 0x00, 0x00, 0x00, 0x00, 0x00, 0x00, 0x00, 0x00, 0x00, 0x00, 0x00, 0x00, 0x00, 0x00, 0x00,
    0x00, 0x00, 0x00, 0x00, 0x00, 0x00, 0x00, 0x00, 0x00, 0x00, 0x00, 0x00, 0x00, 0x00, 0x00, 0x00, 0x00, 0x00, 0x00,
    0x00, 0x00, 0x00, 0x00, 0x00, 0x00, 0x00, 0x00, 0x00, 0x00, 0x00, 0x00, 0x00, 0x00, 0x00, 0x00, 0x00, 0x00, 0x00,
    0x00, 0x00, 0x00, 0x00, 0x00, 0x00, 0x00, 0x00, 0x00, 0x00, 0x00, 0x00, 0x00, 0x00, 0x00, 0x00, 0x00, 0x00, 0x00,
    0x00, 0x00, 0x00, 0x00, 0x00, 0x00, 0x00, 0x00, 0x00, 0x00, 0x00, 0x00, 0x00, 0x00, 0x00, 0x00, 0x00, 0x00, 0x00,
    0x00, 0x00, 0x00, 0x00, 0x00, 0x00, 0x00, 0x00, 0x00, 0x00, 0x00, 0x00, 0x00, 0x00, 0x00, 0x00, 0x00, 0x00, 0x00,
    0x00, 0x00, 0x00, 0x00, 0x00, 0x00, 0x00, 0x00, 0x00, 0x00, 0x00, 0x00, 0x00, 0x00, 0x00, 0x00, 0x00, 0x00, 0x00,
    0x00, 0x00, 0x00, 0x00, 0x00, 0x00, 0x00, 0x00, 0x00, 0x00, 0x00, 0x00, 0x00, 0x00, 0x00, 0x00, 0x00, 0x00, 0x00,
    0x00, 0x00, 0x00, 0x00, 0x00, 0x00, 0x00, 0x00, 0x00, 0x00, 0x00, 0x00, 0x00, 0x00, 0x00, 0x00, 0x00, 0x00, 0x00,
    0x00, 0x00, 0x00, 0x00, 0x00, 0x00, 0x00, 0x00, 0x00, 0x00, 0x00, 0x00, 0x00, 0x00, 0x00, 0x00, 0x00, 0x41, 0x08,
    0xc7, 0x31, 0xc7, 0x31, 0x41, 0x08, 0x00, 0x00, 0x00, 0x00, 0x00, 0x00, 0x00, 0x00, 0x00, 0x00, 0x00, 0x00, 0x00,
    0x00, 0x00, 0x00, 0x00, 0x00, 0x00, 0x00, 0x00, 0x00, 0x00, 0x00, 0x00, 0x00, 0x00, 0x00, 0x00, 0x00, 0x00, 0x00,
    0x00, 0x00, 0x00, 0x00, 0x00, 0x00, 0x00, 0x00, 0x00, 0x00, 0x00, 0x00, 0x00, 0x00, 0x00, 0x00, 0x00, 0x00, 0x00,
    0x00, 0x00, 0x00, 0x00, 0x00, 0x00, 0x00, 0x00, 0x00, 0x00, 0x00, 0x00, 0x00, 0x00, 0x00, 0x00, 0x00, 0x00, 0x00,
    0x00, 0x00, 0x00, 0x00, 0x00, 0x00, 0x00, 0x00, 0x00, 0x00, 0x00, 0x00, 0x00, 0x00, 0x00, 0x00, 0x00, 0x00, 0x00,
    0x00, 0x00, 0x00, 0x00, 0x00, 0x00, 0x00, 0x00, 0x00, 0x00, 0x00, 0x00, 0x00, 0x00, 0x00, 0x00, 0x00, 0x00, 0x00,
    0x00, 0x00, 0x00, 0x00, 0x00, 0x00, 0x00, 0x00, 0x00, 0x00, 0x00, 0x00, 0x00, 0x00, 0x00, 0x00, 0x00, 0x00, 0x00,
    0x00, 0x00, 0x00, 0x00, 0x00, 0x00, 0x00, 0x00, 0x00, 0x00, 0x00, 0x00, 0x00, 0x00, 0x00, 0x00, 0x00, 0x00, 0x00,
    0x00, 0x00, 0x00, 0x00, 0x00, 0x00, 0x00, 0x00, 0x00, 0x00, 0x00, 0x00, 0x00, 0x00, 0x00, 0x00, 0x00, 0x00, 0x00,
    0x00, 0x00, 0x00, 0x00, 0x00, 0x00, 0x00, 0x00, 0x00, 0x00, 0x00, 0x00, 0x00, 0x00, 0x00, 0x00, 0x00, 0x00, 0x00,
    0x00, 0x00, 0x00, 0x00, 0x00, 0x00, 0x00, 0x00, 0x00, 0x00, 0x00, 0x00, 0x00, 0x00, 0x00, 0x00, 0x00, 0x00, 0x00,
    0x00, 0x00, 0x00, 0x00, 0x00, 0x00, 0x00, 0x00, 0x00, 0x00, 0x00, 0x00, 0x00, 0x00, 0x00, 0x00, 0x00, 0x00, 0x00,
    0x00, 0x00, 0x00, 0x00, 0x00, 0x00, 0x00, 0x00, 0x00, 0x00, 0x00, 0x00, 0x00, 0x00, 0x00, 0x00, 0x00, 0x00, 0x00,
    0x00, 0x00, 0x00, 0x00, 0x00, 0x00, 0x00, 0x00, 0x00, 0x00, 0x00, 0x00, 0x00, 0x00, 0x00, 0x00, 0x00, 0x00, 0x00,
    0x00, 0x00, 0x00, 0x00, 0x00, 0x00, 0x00, 0x00, 0x00, 0x00, 0x00, 0x00, 0x00, 0x00, 0x00, 0x00, 0x00, 0x00, 0x00,
    0x00, 0x00, 0x00, 0x00, 0x00, 0x00, 0x00, 0x00, 0x00, 0x00, 0x00, 0x00, 0x00, 0x00, 0x00, 0x00, 0x00, 0x00, 0x00,
    0x00, 0x00, 0x00, 0x00, 0x00, 0x00, 0x00, 0x00, 0x00, 0x00, 0x00, 0x00, 0x00, 0x00, 0x00, 0x00, 0x00, 0x00, 0x00,
    0x00, 0x00, 0x00, 0x00, 0x00, 0x00, 0x00, 0x00, 0x00, 0x00, 0x00, 0x00, 0x00, 0x00, 0x00, 0x00, 0x00, 0x00, 0x00,
    0x00, 0x00, 0x00, 0x00, 0x00, 0x00, 0x00, 0x00, 0x00, 0x00, 0x00, 0x00, 0x00, 0x00, 0x00, 0x00, 0x00, 0x00, 0x00,
    0x00, 0x00, 0x00, 0x00, 0x00, 0x00, 0x00, 0x00, 0x00, 0x00, 0x00, 0x00, 0x00, 0x00, 0x00, 0x00, 0x00, 0x00, 0x00,
    0x00, 0x00, 0x00, 0x00, 0x00, 0x00, 0x00, 0x00, 0x00, 0x00, 0x00, 0x00, 0x00, 0x00, 0x00, 0x00, 0x8b, 0x4a, 0x7b,
    0xb6, 0x1e, 0xcf, 0x1e, 0xcf, 0x7b, 0xb6, 0x8b, 0x4a, 0x00, 0x00, 0x00, 0x00, 0x00, 0x00, 0x00, 0x00, 0x00, 0x00,
    0x00, 0x00, 0x00, 0x00, 0x00, 0x00, 0x00, 0x00, 0x00, 0x00, 0x00, 0x00, 0x00, 0x00, 0x00, 0x00, 0x00, 0x00, 0x00,
    0x00, 0x00, 0x00, 0x00, 0x00, 0x00, 0x00, 0x00, 0x00, 0x00, 0x00, 0x00, 0x00, 0x00, 0x00, 0x00, 0x00, 0x00, 0x00,
    0x00, 0x00, 0x00, 0x00, 0x00, 0x00, 0x00, 0x00, 0x00, 0x00, 0x00, 0x00, 0x00, 0x00, 0x00, 0x00, 0x00, 0x00, 0x00,
    0x00, 0x00, 0x00, 0x00, 0x00, 0x00, 0x00, 0x00, 0x00, 0x00, 0x00, 0x00, 0x00, 0x00, 0x00, 0x00, 0x00, 0x00, 0x00,
    0x00, 0x00, 0x00, 0x00, 0x00, 0x00, 0x00, 0x00, 0x00, 0x00, 0x00, 0x00, 0x00, 0x00, 0x00, 0x00, 0x00, 0x00, 0x00,
    0x00, 0x00, 0x00, 0x00, 0x00, 0x00, 0x00, 0x00, 0x00, 0x00, 0x00, 0x00, 0x00, 0x00, 0x00, 0x00, 0x00, 0x00, 0x00,
    0x00, 0x00, 0x00, 0x00, 0x00, 0x00, 0x00, 0x00, 0x00, 0x00, 0x00, 0x00, 0x00, 0x00, 0x00, 0x00, 0x00, 0x00, 0x00,
    0x00, 0x00, 0x00, 0x00, 0x00, 0x00, 0x00, 0x00, 0x00, 0x00, 0x00, 0x00, 0x00, 0x00, 0x00, 0x00, 0x00, 0x00, 0x00,
    0x00, 0x00, 0x00, 0x00, 0x00, 0x00, 0x00, 0x00, 0x00, 0x00, 0x00, 0x00, 0x00, 0x00, 0x00, 0x00, 0x00, 0x00, 0x00,
    0x00, 0x00, 0x00, 0x00, 0x00, 0x00, 0x00, 0x00, 0x00, 0x00, 0x00, 0x00, 0x00, 0x00, 0x00, 0x00, 0x00, 0x00, 0x00,
    0x00, 0x00, 0x00, 0x00, 0x00, 0x00, 0x00, 0x00, 0x00, 0x00, 0x00, 0x00, 0x00, 0x00, 0x00, 0x00, 0x00, 0x00, 0x00,
    0x00, 0x00, 0x00, 0x00, 0x00, 0x00, 0x00, 0x00, 0x00, 0x00, 0x00, 0x00, 0x00, 0x00, 0x00, 0x00, 0x00, 0x00, 0x00,
    0x00, 0x00, 0x00, 0x00, 0x00, 0x00, 0x00, 0x00, 0x00, 0x00, 0x00, 0x00, 0x00, 0x00, 0x00, 0x00, 0x00, 0x00, 0x00,
    0x00, 0x00, 0x00, 0x00, 0x00, 0x00, 0x00, 0x00, 0x00, 0x00, 0x00, 0x00, 0x00, 0x00, 0x00, 0x00, 0x00, 0x00, 0x00,
    0x00, 0x00, 0x00, 0x00, 0x00, 0x00, 0x00, 0x00, 0x00, 0x00, 0x00, 0x00, 0x00, 0x00, 0x00, 0x00, 0x00, 0x00, 0x00,
    0x00, 0x00, 0x00, 0x00, 0x00, 0x00, 0x00, 0x00, 0x00, 0x00, 0x00, 0x00, 0x00, 0x00, 0x00, 0x00, 0x00, 0x00, 0x00,
    0x00, 0x00, 0x00, 0x00, 0x00, 0x00, 0x00, 0x00, 0x00, 0x00, 0x00, 0x00, 0x00, 0x00, 0x00, 0x00, 0x00, 0x00, 0x00,
    0x00, 0x00, 0x00, 0x00, 0x00, 0x00, 0x00, 0x00, 0x00, 0x00, 0x00, 0x00, 0x00, 0x00, 0x00, 0x00, 0x00, 0x00, 0x00,
    0x00, 0x00, 0x00, 0x00, 0x00, 0x00, 0x00, 0x00, 0x00, 0x00, 0x00, 0x00, 0x00, 0x00, 0x00, 0x00, 0x00, 0x00, 0x00,
    0x00, 0x00, 0x00, 0x00, 0x00, 0x00, 0x00, 0x00, 0x00, 0x00, 0x00, 0x20, 0x00, 0x00, 0x00, 0x8b, 0x4a, 0x3f, 0xcf,
    0xfe, 0xc6, 0xbd, 0xc6, 0xbd, 0xc6, 0xfe, 0xc6, 0x3f, 0xcf, 0x8b, 0x4a, 0x00, 0x00, 0x20, 0x00, 0x00, 0x00, 0x00,
    0x00, 0x00, 0x00, 0x00, 0x00, 0x00, 0x00, 0x00, 0x00, 0x00, 0x00, 0x00, 0x00, 0x00, 0x00, 0x00, 0x00, 0x00, 0x00,
    0x00, 0x00, 0x00, 0x00, 0x00, 0x00, 0x00, 0x00, 0x00, 0x00, 0x00, 0x00, 0x00, 0x00, 0x00, 0x00, 0x00, 0x00, 0x00,
    0x00, 0x00, 0x00, 0x00, 0x00, 0x00, 0x00, 0x00, 0x00, 0x00, 0x00, 0x00, 0x00, 0x00, 0x00, 0x00, 0x00, 0x00, 0x00,
    0x00, 0x00, 0x00, 0x00, 0x00, 0x00, 0x00, 0x00, 0x00, 0x00, 0x00, 0x00, 0x00, 0x00, 0x00, 0x00, 0x00, 0x00, 0x00,
    0x00, 0x00, 0x00, 0x00, 0x00, 0x00, 0x00, 0x00, 0x00, 0x00, 0x00, 0x00, 0x00, 0x00, 0x00, 0x00, 0x00, 0x00, 0x00,
    0x00, 0x00, 0x00, 0x00, 0x00, 0x00, 0x00, 0x00, 0x00, 0x00, 0x00, 0x00, 0x00, 0x00, 0x00, 0x00, 0x00, 0x00, 0x00,
    0x00, 0x00, 0x00, 0x00, 0x00, 0x00, 0x00, 0x00, 0x00, 0x00, 0x00, 0x00, 0x00, 0x00, 0x00, 0x00, 0x00, 0x00, 0x00,
    0x00, 0x00, 0x00, 0x00, 0x00, 0x00, 0x00, 0x00, 0x00, 0x00, 0x00, 0x00, 0x00, 0x00, 0x00, 0x00, 0x00, 0x00, 0x00,
    0x00, 0x00, 0x00, 0x00, 0x00, 0x00, 0x00, 0x00, 0x00, 0x00, 0x00, 0x00, 0x00, 0x00, 0x00, 0x00, 0x00, 0x00, 0x00,
    0x00, 0x00, 0x00, 0x00, 0x00, 0x00, 0x00, 0x00, 0x00, 0x00, 0x00, 0x00, 0x00, 0x00, 0x00, 0x00, 0x00, 0x00, 0x00,
    0x00, 0x00, 0x00, 0x00, 0x00, 0x00, 0x00, 0x00, 0x00, 0x00, 0x00, 0x00, 0x00, 0x00, 0x00, 0x00, 0x00, 0x00, 0x00,
    0x00, 0x00, 0x00, 0x00, 0x00, 0x00, 0x00, 0x00, 0x00, 0x00, 0x00, 0x00, 0x00, 0x00, 0x00, 0x00, 0x00, 0x00, 0x00,
    0x00, 0x00, 0x00, 0x00, 0x00, 0x00, 0x00, 0x00, 0x00, 0x00, 0x00, 0x00, 0x00, 0x00, 0x00, 0x00, 0x00, 0x00, 0x00,
    0x00, 0x00, 0x00, 0x00, 0x00, 0x00, 0x00, 0x00, 0x00, 0x00, 0x00, 0x00, 0x00, 0x00, 0x00, 0x00, 0x00, 0x00, 0x00,
    0x00, 0x00, 0x00, 0x00, 0x00, 0x00, 0x00, 0x00, 0x00, 0x00, 0x00, 0x00, 0x00, 0x00, 0x00, 0x00, 0x00, 0x00, 0x00,
    0x00, 0x00, 0x00, 0x00, 0x00, 0x00, 0x00, 0x00, 0x00, 0x00, 0x00, 0x00, 0x00, 0x00, 0x00, 0x00, 0x00, 0x00, 0x00,
    0x00, 0x00, 0x00, 0x00, 0x00, 0x00, 0x00, 0x00, 0x00, 0x00, 0x00, 0x00, 0x00, 0x00, 0x00, 0x00, 0x00, 0x00, 0x00,
    0x00, 0x00, 0x00, 0x00, 0x00, 0x00, 0x00, 0x00, 0x00, 0x00, 0x00, 0x00, 0x00, 0x00, 0x00, 0x00, 0x00, 0x00, 0x00,
    0x00, 0x00, 0x00, 0x00, 0x00, 0x00, 0x00, 0x00, 0x00, 0x00, 0x00, 0x00, 0x00, 0x00, 0x00, 0x00, 0x00, 0x00, 0x00,
    0x00, 0x00, 0x00, 0x00, 0x00, 0x00, 0x00, 0x00, 0x00, 0x00, 0x00, 0x00, 0x00, 0x00, 0x61, 0x08, 0x7b, 0xb6, 0x1e,
    0xc7, 0xbc, 0xbe, 0xdd, 0xc6, 0xdd, 0xc6, 0xbc, 0xbe, 0x1e, 0xc7, 0x7b, 0xb6, 0x61, 0x08, 0x00, 0x00, 0x00, 0x00,
    0x00, 0x00, 0x00, 0x00, 0x00, 0x00, 0x00, 0x00, 0x00, 0x00, 0x00, 0x00, 0x00, 0x00, 0x00, 0x00, 0x00, 0x00, 0x00,
    0x00, 0x00, 0x00, 0x00, 0x00, 0x00, 0x00, 0x00, 0x00, 0x00, 0x00, 0x00, 0x00, 0x00, 0x00, 0x00, 0x00, 0x00, 0x00,
    0x00, 0x00, 0x00, 0x00, 0x00, 0x00, 0x00, 0x00, 0x00, 0x00, 0x00, 0x00, 0x00, 0x00, 0x00, 0x00, 0x00, 0x00, 0x00,
    0x00, 0x00, 0x00, 0x00, 0x00, 0x00, 0x00, 0x00, 0x00, 0x00, 0x00, 0x00, 0x00, 0x00, 0x00, 0x00, 0x00, 0x00, 0x00,
    0x00, 0x00, 0x00, 0x00, 0x00, 0x00, 0x00, 0x00, 0x00, 0x00, 0x00, 0x00, 0x00, 0x00, 0x00, 0x00, 0x00, 0x00, 0x00,
    0x00, 0x00, 0x00, 0x00, 0x00, 0x00, 0x00, 0x00, 0x00, 0x00, 0x00, 0x00, 0x00, 0x00, 0x00, 0x00, 0x00, 0x00, 0x00,
    0x00, 0x00, 0x00, 0x00, 0x00, 0x00, 0x00, 0x00, 0x00, 0x00, 0x00, 0x00, 0x00, 0x00, 0x00, 0x00, 0x00, 0x00, 0x00,
    0x00, 0x00, 0x00, 0x00, 0x00, 0x00, 0x00, 0x00, 0x00, 0x00, 0x00, 0x00, 0x00, 0x00, 0x00, 0x00, 0x00, 0x00, 0x00,
    0x00, 0x00, 0x00, 0x00, 0x00, 0x00, 0x00, 0x00, 0x00, 0x00, 0x00, 0x00, 0x00, 0x00, 0x00, 0x00, 0x00, 0x00, 0x00,
    0x00, 0x00, 0x00, 0x00, 0x00, 0x00, 0x00, 0x00, 0x00, 0x00, 0x00, 0x00, 0x00, 0x00, 0x00, 0x00, 0x00, 0x00, 0x00,
    0x00, 0x00, 0x00, 0x00, 0x00, 0x00, 0x00, 0x00, 0x00, 0x00, 0x00, 0x00, 0x00, 0x00, 0x00, 0x00, 0x00, 0x00, 0x00,
    0x00, 0x00, 0x00, 0x00, 0x00, 0x00, 0x00, 0x00, 0x00, 0x00, 0x00, 0x00, 0x00, 0x00, 0x00, 0x00, 0x00, 0x00, 0x00,
    0x00, 0x00, 0x00, 0x00, 0x00, 0x00, 0x00, 0x00, 0x00, 0x00, 0x00, 0x00, 0x00, 0x00, 0x00, 0x00, 0x00, 0x00, 0x00,
    0x00, 0x00, 0x00, 0x00, 0x00, 0x00, 0x00, 0x00, 0x00, 0x00, 0x00, 0x00, 0x00, 0x00, 0x00, 0x00, 0x00, 0x00, 0x00,
    0x00, 0x00, 0x00, 0x00, 0x00, 0x00, 0x00, 0x00, 0x00, 0x00, 0x00, 0x00, 0x00, 0x00, 0x00, 0x00, 0x00, 0x00, 0x00,
    0x00, 0x00, 0x00, 0x00, 0x00, 0x00, 0x00, 0x00, 0x00, 0x00, 0x00, 0x00, 0x00, 0x00, 0x00, 0x00, 0x00, 0x00, 0x00,
    0x00, 0x00, 0x00, 0x00, 0x00, 0x00, 0x00, 0x00, 0x00, 0x00, 0x00, 0x00, 0x00, 0x00, 0x00, 0x00, 0x00, 0x00, 0x00,
    0x00, 0x00, 0x00, 0x00, 0x00, 0x00, 0x00, 0x00, 0x00, 0x00, 0x00, 0x00, 0x00, 0x00, 0x00, 0x00, 0x00, 0x00, 0x00,
    0x00, 0x00, 0x00, 0x00, 0x00, 0x00, 0x00, 0x00, 0x00, 0x00, 0x00, 0x00, 0x00, 0x00, 0x00, 0x00, 0x00, 0x00, 0x00,
    0x00, 0x00, 0x00, 0x00, 0x00, 0x00, 0x00, 0x00, 0x00, 0x00, 0x00, 0x20, 0x00, 0x00, 0x00, 0xc7, 0x31, 0x1e, 0xcf,
    0xbd, 0xbe, 0xdd, 0xc6, 0xdd, 0xc6, 0xdd, 0xc6, 0xdd, 0xc6, 0xbd, 0xbe, 0x1e, 0xcf, 0xc7, 0x31, 0x00, 0x00, 0x20,
    0x00, 0x00, 0x00, 0x00, 0x00, 0x00, 0x00, 0x00, 0x00, 0x00, 0x00, 0x00, 0x00, 0x00, 0x00, 0x00, 0x00, 0x00, 0x00,
    0x00, 0x00, 0x00, 0x00, 0x00, 0x00, 0x00, 0x00, 0x00, 0x00, 0x00, 0x00, 0x00, 0x00, 0x00, 0x00, 0x00, 0x00, 0x00,
    0x00, 0x00, 0x00, 0x00, 0x00, 0x00, 0x00, 0x00, 0x00, 0x00, 0x00, 0x00, 0x00, 0x00, 0x00, 0x00, 0x00, 0x00, 0x00,
    0x00, 0x00, 0x00, 0x00, 0x00, 0x00, 0x00, 0x00, 0x00, 0x00, 0x00, 0x00, 0x00, 0x00, 0x00, 0x00, 0x00, 0x00, 0x00,
    0x00, 0x00, 0x00, 0x00, 0x00, 0x00, 0x00, 0x00, 0x00, 0x00, 0x00, 0x00, 0x00, 0x00, 0x00, 0x00, 0x00, 0x00, 0x00,
    0x00, 0x00, 0x00, 0x00, 0x00, 0x00, 0x00, 0x00, 0x00, 0x00, 0x00, 0x00, 0x00, 0x00, 0x00, 0x00, 0x00, 0x00, 0x00,
    0x00, 0x00, 0x00, 0x00, 0x00, 0x00, 0x00, 0x00, 0x00, 0x00, 0x00, 0x00, 0x00, 0x00, 0x00, 0x00, 0x00, 0x00, 0x00,
    0x00, 0x00, 0x00, 0x00, 0x00, 0x00, 0x00, 0x00, 0x00, 0x00, 0x00, 0x00, 0x00, 0x00, 0x00, 0x00, 0x00, 0x00, 0x00,
    0x00, 0x00, 0x00, 0x00, 0x00, 0x00, 0x00, 0x00, 0x00, 0x00, 0x00, 0x00, 0x00, 0x00, 0x00, 0x00, 0x00, 0x00, 0x00,
    0x00, 0x00, 0x00, 0x00, 0x00, 0x00, 0x00, 0x00, 0x00, 0x00, 0x00, 0x00, 0x00, 0x00, 0x00, 0x00, 0x00, 0x00, 0x00,
    0x00, 0x00, 0x00, 0x00, 0x00, 0x00, 0x00, 0x00, 0x00, 0x00, 0x00, 0x00, 0x00, 0x00, 0x00, 0x00, 0x00, 0x00, 0x00,
    0x00, 0x00, 0x00, 0x00, 0x00, 0x00, 0x00, 0x00, 0x00, 0x00, 0x00, 0x00, 0x00, 0x00, 0x00, 0x00, 0x00, 0x00, 0x00,
    0x00, 0x00, 0x00, 0x00, 0x00, 0x00, 0x00, 0x00, 0x00, 0x00, 0x00, 0x00, 0x00, 0x00, 0x00, 0x00, 0x00, 0x00, 0x00,
    0x00, 0x00, 0x00, 0x00, 0x00, 0x00, 0x00, 0x00, 0x00, 0x00, 0x00, 0x00, 0x00, 0x00, 0x00, 0x00, 0x00, 0x00, 0x00,
    0x00, 0x00, 0x00, 0x00, 0x00, 0x00, 0x00, 0x00, 0x00, 0x00, 0x00, 0x00, 0x00, 0x00, 0x00, 0x00, 0x00, 0x00, 0x00,
    0x00, 0x00, 0x00, 0x00, 0x00, 0x00, 0x00, 0x00, 0x00, 0x00, 0x00, 0x00, 0x00, 0x00, 0x00, 0x00, 0x00, 0x00, 0x00,
    0x00, 0x00, 0x00, 0x00, 0x00, 0x00, 0x00, 0x00, 0x00, 0x00, 0x00, 0x00, 0x00, 0x00, 0x00, 0x00, 0x00, 0x00, 0x00,
    0x00, 0x00, 0x00, 0x00, 0x00, 0x00, 0x00, 0x00, 0x00, 0x00, 0x00, 0x00, 0x00, 0x00, 0x00, 0x00, 0x00, 0x00, 0x00,
    0x00, 0x00, 0x00, 0x00, 0x00, 0x00, 0x00, 0x00, 0x00, 0x00, 0x00, 0x00, 0x00, 0x00, 0x00, 0x00, 0x00, 0x00, 0x00,
    0x00, 0x00, 0x00, 0x00, 0x00, 0x00, 0x00, 0x00, 0x00, 0x00, 0x00, 0x00, 0x20, 0x00, 0x00, 0x00, 0xc7, 0x31, 0x1e,
    0xcf, 0xbd, 0xbe, 0xdd, 0xc6, 0xdd, 0xc6, 0xdd, 0xc6, 0xdd, 0xc6, 0xbd, 0xbe, 0x1e, 0xcf, 0xc7, 0x31, 0x00, 0x00,
    0x20, 0x00, 0x00, 0x00, 0x00, 0x00, 0x00, 0x00, 0x00, 0x00, 0x00, 0x00, 0x00, 0x00, 0x00, 0x00, 0x00, 0x00, 0x00,
    0x00, 0x00, 0x00, 0x00, 0x00, 0x00, 0x00, 0x00, 0x00, 0x00, 0x00, 0x00, 0x00, 0x00, 0x00, 0x00, 0x00, 0x00, 0x00,
    0x00, 0x00, 0x00, 0x00, 0x00, 0x00, 0x00, 0x00, 0x00, 0x00, 0x00, 0x00, 0x00, 0x00, 0x00, 0x00, 0x00, 0x00, 0x00,
    0x00, 0x00, 0x00, 0x00, 0x00, 0x00, 0x00, 0x00, 0x00, 0x00, 0x00, 0x00, 0x00, 0x00, 0x00, 0x00, 0x00, 0x00, 0x00,
    0x00, 0x00, 0x00, 0x00, 0x00, 0x00, 0x00, 0x00, 0x00, 0x00, 0x00, 0x00, 0x00, 0x00, 0x00, 0x00, 0x00, 0x00, 0x00,
    0x00, 0x00, 0x00, 0x00, 0x00, 0x00, 0x00, 0x00, 0x00, 0x00, 0x00, 0x00, 0x00, 0x00, 0x00, 0x00, 0x00, 0x00, 0x00,
    0x00, 0x00, 0x00, 0x00, 0x00, 0x00, 0x00, 0x00, 0x00, 0x00, 0x00, 0x00, 0x00, 0x00, 0x00, 0x00, 0x00, 0x00, 0x00,
    0x00, 0x00, 0x00, 0x00, 0x00, 0x00, 0x00, 0x00, 0x00, 0x00, 0x00, 0x00, 0x00, 0x00, 0x00, 0x00, 0x00, 0x00, 0x00,
    0x00, 0x00, 0x00, 0x00, 0x00, 0x00, 0x00, 0x00, 0x00, 0x00, 0x00, 0x00, 0x00, 0x00, 0x00, 0x00, 0x00, 0x00, 0x00,
    0x00, 0x00, 0x00, 0x00, 0x00, 0x00, 0x00, 0x00, 0x00, 0x00, 0x00, 0x00, 0x00, 0x00, 0x00, 0x00, 0x00, 0x00, 0x00,
    0x00, 0x00, 0x00, 0x00, 0x00, 0x00, 0x00, 0x00, 0x00, 0x00, 0x00, 0x00, 0x00, 0x00, 0x00, 0x00, 0x00, 0x00, 0x00,
    0x00, 0x00, 0x00, 0x00, 0x00, 0x00, 0x00, 0x00, 0x00, 0x00, 0x00, 0x00, 0x00, 0x00, 0x00, 0x00, 0x00, 0x00, 0x00,
    0x00, 0x00, 0x00, 0x00, 0x00, 0x00, 0x00, 0x00, 0x00, 0x00, 0x00, 0x00, 0x00, 0x00, 0x00, 0x00, 0x00, 0x00, 0x00,
    0x00, 0x00, 0x00, 0x00, 0x00, 0x00, 0x00, 0x00, 0x00, 0x00, 0x00, 0x00, 0x00, 0x00, 0x00, 0x00, 0x00, 0x00, 0x00,
    0x00, 0x00, 0x00, 0x00, 0x00, 0x00, 0x00, 0x00, 0x00, 0x00, 0x00, 0x00, 0x00, 0x00, 0x00, 0x00, 0x00, 0x00, 0x00,
    0x00, 0x00, 0x00, 0x00, 0x00, 0x00, 0x00, 0x00, 0x00, 0x00, 0x00, 0x00, 0x00, 0x00, 0x00, 0x00, 0x00, 0x00, 0x00,
    0x00, 0x00, 0x00, 0x00, 0x00, 0x00, 0x00, 0x00, 0x00, 0x00, 0x00, 0x00, 0x00, 0x00, 0x00, 0x00, 0x00, 0x00, 0x00,
    0x00, 0x00, 0x00, 0x00, 0x00, 0x00, 0x00, 0x00, 0x00, 0x00, 0x00, 0x00, 0x00, 0x00, 0x00, 0x00, 0x00, 0x00, 0x00,
    0x00, 0x00, 0x00, 0x00, 0x00, 0x00, 0x00, 0x00, 0x00, 0x00, 0x00, 0x00, 0x00, 0x00, 0x00, 0x00, 0x00, 0x00, 0x00,
    0x00, 0x00, 0x00, 0x00, 0x00, 0x00, 0x00, 0x20, 0x00, 0x00, 0x00, 0x00, 0x00, 0x20, 0x00, 0x00, 0x00, 0x62, 0x08,
    0x7b, 0xb6, 0x1e, 0xc7, 0xbc, 0xbe, 0xdd, 0xc6, 0xdd, 0xc6, 0xbc, 0xbe, 0x1e, 0xc7, 0x7b, 0xb6, 0x62, 0x08, 0x00,
    0x00, 0x20, 0x00, 0x20, 0x00, 0x00, 0x00, 0x20, 0x00, 0x00, 0x00, 0x00, 0x00, 0x00, 0x00, 0x00, 0x00, 0x00, 0x00,
    0x00, 0x00, 0x00, 0x00, 0x00, 0x00, 0x00, 0x00, 0x00, 0x00, 0x00, 0x00, 0x00, 0x00, 0x00, 0x00, 0x00, 0x00, 0x00,
    0x00, 0x00, 0x00, 0x00, 0x00, 0x00, 0x00, 0x00, 0x00, 0x00, 0x00, 0x00, 0x00, 0x00, 0x00, 0x00, 0x00, 0x00, 0x00,
    0x00, 0x00, 0x00, 0x00, 0x00, 0x00, 0x00, 0x00, 0x00, 0x00, 0x00, 0x00, 0x00, 0x00, 0x00, 0x00, 0x00, 0x00, 0x00,
    0x00, 0x00, 0x00, 0x00, 0x00, 0x00, 0x00, 0x00, 0x00, 0x00, 0x00, 0x00, 0x00, 0x00, 0x00, 0x00, 0x00, 0x00, 0x00,
    0x00, 0x00, 0x00, 0x00, 0x00, 0x00, 0x00, 0x00, 0x00, 0x00, 0x00, 0x00, 0x00, 0x00, 0x00, 0x00, 0x00, 0x00, 0x00,
    0x00, 0x00, 0x00, 0x00, 0x00, 0x00, 0x00, 0x00, 0x00, 0x00, 0x00, 0x00, 0x00, 0x00, 0x00, 0x00, 0x00, 0x00, 0x00,
    0x00, 0x00, 0x00, 0x00, 0x00, 0x00, 0x00, 0x00, 0x00, 0x00, 0x00, 0x00, 0x00, 0x00, 0x00, 0x00, 0x00, 0x00, 0x00,
    0x00, 0x00, 0x00, 0x00, 0x00, 0x00, 0x00, 0x00, 0x00, 0x00, 0x00, 0x00, 0x00, 0x00, 0x00, 0x00, 0x00, 0x00, 0x00,
    0x00, 0x00, 0x00, 0x00, 0x00, 0x00, 0x00, 0x00, 0x00, 0x00, 0x00, 0x00, 0x00, 0x00, 0x00, 0x00, 0x00, 0x00, 0x00,
    0x00, 0x00, 0x00, 0x00, 0x00, 0x00, 0x00, 0x00, 0x00, 0x00, 0x00, 0x00, 0x00, 0x00, 0x00, 0x00, 0x00, 0x00, 0x00,
    0x00, 0x00, 0x00, 0x00, 0x00, 0x00, 0x00, 0x00, 0x00, 0x00, 0x00, 0x00, 0x00, 0x00, 0x00, 0x00, 0x00, 0x00, 0x00,
    0x00, 0x00, 0x00, 0x00, 0x00, 0x00, 0x00, 0x00, 0x00, 0x00, 0x00, 0x00, 0x00, 0x00, 0x00, 0x00, 0x00, 0x00, 0x00,
    0x00, 0x00, 0x00, 0x00, 0x00, 0x00, 0x00, 0x00, 0x00, 0x00, 0x00, 0x00, 0x00, 0x00, 0x00, 0x00, 0x00, 0x00, 0x00,
    0x00, 0x00, 0x00, 0x00, 0x00, 0x00, 0x00, 0x00, 0x00, 0x00, 0x00, 0x00, 0x00, 0x00, 0x00, 0x00, 0x00, 0x00, 0x00,
    0x00, 0x00, 0x00, 0x00, 0x00, 0x00, 0x00, 0x00, 0x00, 0x00, 0x00, 0x00, 0x00, 0x00, 0x00, 0x00, 0x00, 0x00, 0x00,
    0x00, 0x00, 0x00, 0x00, 0x00, 0x00, 0x00, 0x00, 0x00, 0x00, 0x00, 0x00, 0x00, 0x00, 0x00, 0x00, 0x00, 0x00, 0x00,
    0x00, 0x00, 0x00, 0x00, 0x00, 0x00, 0x00, 0x00, 0x00, 0x00, 0x00, 0x00, 0x00, 0x00, 0x00, 0x00, 0x00, 0x00, 0x00,
    0x00, 0x00, 0x00, 0x00, 0x00, 0x00, 0x00, 0x00, 0x00, 0x00, 0x00, 0x00, 0x00, 0x00, 0x00, 0x00, 0x00, 0x20, 0x00,
    0x20, 0x00, 0x20, 0x00, 0x20, 0x00, 0x20, 0x00, 0x20, 0x00, 0x20, 0x00, 0x20, 0x00, 0x20, 0x00, 0x21, 0x00, 0x00,
    0x00, 0xab, 0x4a, 0x3f, 0xcf, 0xfe, 0xc6, 0xbd, 0xc6, 0xbd, 0xc6, 0xfe, 0xc6, 0x3f, 0xcf, 0xab, 0x4a, 0x00, 0x00,
    0x21, 0x00, 0x20, 0x00, 0x20, 0x00, 0x20, 0x00, 0x20, 0x00, 0x20, 0x00, 0x20, 0x00, 0x20, 0x00, 0x20, 0x00, 0x20,
    0x00, 0x00, 0x00, 0x00, 0x00, 0x00, 0x00, 0x00, 0x00, 0x00, 0x00, 0x00, 0x00, 0x00, 0x00, 0x00, 0x00, 0x00, 0x00,
    0x00, 0x00, 0x00, 0x00, 0x00, 0x00, 0x00, 0x00, 0x00, 0x00, 0x00, 0x00, 0x00, 0x00, 0x00, 0x00, 0x00, 0x00, 0x00,
    0x00, 0x00, 0x00, 0x00, 0x00, 0x00, 0x00, 0x00, 0x00, 0x00, 0x00, 0x00, 0x00, 0x00, 0x00, 0x00, 0x00, 0x00, 0x00,
    0x00, 0x00, 0x00, 0x00, 0x00, 0x00, 0x00, 0x00, 0x00, 0x00, 0x00, 0x00, 0x00, 0x00, 0x00, 0x00, 0x00, 0x00, 0x00,
    0x00, 0x00, 0x00, 0x00, 0x00, 0x00, 0x00, 0x00, 0x00, 0x00, 0x00, 0x00, 0x00, 0x00, 0x00, 0x00, 0x00, 0x00, 0x00,
    0x00, 0x00, 0x00, 0x00, 0x00, 0x00, 0x00, 0x00, 0x00, 0x00, 0x00, 0x00, 0x00, 0x00, 0x00, 0x00, 0x00, 0x00, 0x00,
    0x00, 0x00, 0x00, 0x00, 0x00, 0x00, 0x00, 0x00, 0x00, 0x00, 0x00, 0x00, 0x00, 0x00, 0x00, 0x00, 0x00, 0x00, 0x00,
    0x00, 0x00, 0x00, 0x00, 0x00, 0x00, 0x00, 0x00, 0x00, 0x00, 0x00, 0x00, 0x00, 0x00, 0x00, 0x00, 0x00, 0x00, 0x00,
    0x00, 0x00, 0x00, 0x00, 0x00, 0x00, 0x00, 0x00, 0x00, 0x00, 0x00, 0x00, 0x00, 0x00, 0x00, 0x00, 0x00, 0x00, 0x00,
    0x00, 0x00, 0x00, 0x00, 0x00, 0x00, 0x00, 0x00, 0x00, 0x00, 0x00, 0x00, 0x00, 0x00, 0x00, 0x00, 0x00, 0x00, 0x00,
    0x00, 0x00, 0x00, 0x00, 0x00, 0x00, 0x00, 0x00, 0x00, 0x00, 0x00, 0x00, 0x00, 0x00, 0x00, 0x00, 0x00, 0x00, 0x00,
    0x00, 0x00, 0x00, 0x00, 0x00, 0x00, 0x00, 0x00, 0x00, 0x00, 0x00, 0x00, 0x00, 0x00, 0x00, 0x00, 0x00, 0x00, 0x00,
    0x00, 0x00, 0x00, 0x00, 0x00, 0x00, 0x00, 0x00, 0x00, 0x00, 0x00, 0x00, 0x00, 0x00, 0x00, 0x00, 0x00, 0x00, 0x00,
    0x00, 0x00, 0x00, 0x00, 0x00, 0x00, 0x00, 0x00, 0x00, 0x00, 0x00, 0x00, 0x00, 0x00, 0x00, 0x00, 0x00, 0x00, 0x00,
    0x00, 0x00, 0x00, 0x00, 0x00, 0x00, 0x00, 0x00, 0x00, 0x00, 0x00, 0x00, 0x00, 0x00, 0x00, 0x00, 0x00, 0x00, 0x00,
    0x00, 0x00, 0x00, 0x00, 0x00, 0x00, 0x00, 0x00, 0x00, 0x00, 0x00, 0x00, 0x00, 0x00, 0x00, 0x00, 0x00, 0x00, 0x00,
    0x00, 0x00, 0x00, 0x00, 0x00, 0x00, 0x00, 0x00, 0x00, 0x00, 0x00, 0x00, 0x00, 0x00, 0x00, 0x00, 0x00, 0x00, 0x00,
    0x00, 0x00, 0x00, 0x00, 0x00, 0x00, 0x00, 0x00, 0x00, 0x00, 0x20, 0x00, 0x20, 0x00, 0x20, 0x00, 0x20, 0x00, 0x20,
    0x00, 0x20, 0x00, 0x20, 0x00, 0x20, 0x00, 0x20, 0x00, 0x20, 0x00, 0x20, 0x00, 0x20, 0x00, 0x20, 0x00, 0x20, 0x00,
    0x41, 0x00, 0x00, 0x00, 0xab, 0x4a, 0x7b, 0xb6, 0x1e, 0xcf, 0x1e, 0xcf, 0x7b, 0xb6, 0xab, 0x4a, 0x00, 0x00, 0x41,
    0x00, 0x20, 0x00, 0x20, 0x00, 0x20, 0x00, 0x20, 0x00, 0x20, 0x00, 0x20, 0x00, 0x20, 0x00, 0x20, 0x00, 0x20, 0x00,
    0x20, 0x00, 0x20, 0x00, 0x20, 0x00, 0x20, 0x00, 0x20, 0x00, 0x20, 0x00, 0x20, 0x00, 0x00, 0x00, 0x00, 0x00, 0x00,
    0x00, 0x00, 0x00, 0x00, 0x00, 0x00, 0x00, 0x00, 0x00, 0x00, 0x00, 0x00, 0x00, 0x00, 0x00, 0x00, 0x00, 0x00, 0x00,
    0x00, 0x00, 0x00, 0x00, 0x00, 0x00, 0x00, 0x00, 0x00, 0x00, 0x00, 0x00, 0x00, 0x00, 0x00, 0x00, 0x00, 0x00, 0x00,
    0x00, 0x00, 0x00, 0x00, 0x00, 0x00, 0x00, 0x00, 0x00, 0x00, 0x00, 0x00, 0x00, 0x00, 0x00, 0x00, 0x00, 0x00, 0x00,
    0x00, 0x00, 0x00, 0x00, 0x00, 0x00, 0x00, 0x00, 0x00, 0x00, 0x00, 0x00, 0x00, 0x00, 0x00, 0x00, 0x00, 0x00, 0x00,
    0x00, 0x00, 0x00, 0x00, 0x00, 0x00, 0x00, 0x00, 0x00, 0x00, 0x00, 0x00, 0x00, 0x00, 0x00, 0x00, 0x00, 0x00, 0x00,
    0x00, 0x00, 0x00, 0x00, 0x00, 0x00, 0x00, 0x00, 0x00, 0x00, 0x00, 0x00, 0x00, 0x00, 0x00, 0x00, 0x00, 0x00, 0x00,
    0x00, 0x00, 0x00, 0x00, 0x00, 0x00, 0x00, 0x00, 0x00, 0x00, 0x00, 0x00, 0x00, 0x00, 0x00, 0x00, 0x00, 0x00, 0x00,
    0x00, 0x00, 0x00, 0x00, 0x00, 0x00, 0x00, 0x00, 0x00, 0x00, 0x00, 0x00, 0x00, 0x00, 0x00, 0x00, 0x00, 0x00, 0x00,
    0x00, 0x00, 0x00, 0x00, 0x00, 0x00, 0x00, 0x00, 0x00, 0x00, 0x00, 0x00, 0x00, 0x00, 0x00, 0x00, 0x00, 0x00, 0x00,
    0x00, 0x00, 0x00, 0x00, 0x00, 0x00, 0x00, 0x00, 0x00, 0x00, 0x00, 0x00, 0x00, 0x00, 0x00, 0x00, 0x00, 0x00, 0x00,
    0x00, 0x00, 0x00, 0x00, 0x00, 0x00, 0x00, 0x00, 0x00, 0x00, 0x00, 0x00, 0x00, 0x00, 0x00, 0x00, 0x00, 0x00, 0x00,
    0x00, 0x00, 0x00, 0x00, 0x00, 0x00, 0x00, 0x00, 0x00, 0x00, 0x00, 0x00, 0x00, 0x00, 0x00, 0x00, 0x00, 0x00, 0x00,
    0x00, 0x00, 0x00, 0x00, 0x00, 0x00, 0x00, 0x00, 0x00, 0x00, 0x00, 0x00, 0x00, 0x00, 0x00, 0x00, 0x00, 0x00, 0x00,
    0x00, 0x00, 0x00, 0x00, 0x00, 0x00, 0x00, 0x00, 0x00, 0x00, 0x00, 0x00, 0x00, 0x00, 0x00, 0x00, 0x00, 0x00, 0x00,
    0x00, 0x00, 0x00, 0x00, 0x00, 0x00, 0x00, 0x00, 0x00, 0x00, 0x00, 0x00, 0x00, 0x00, 0x00, 0x00, 0x00, 0x00, 0x00,
    0x00, 0x00, 0x00, 0x00, 0x00, 0x00, 0x00, 0x00, 0x00, 0x00, 0x00, 0x00, 0x00, 0x00, 0x00, 0x00, 0x00, 0x00, 0x00,
    0x00, 0x00, 0x00, 0x20, 0x00, 0x20, 0x00, 0x20, 0x00, 0x20, 0x00, 0x20, 0x00, 0x20, 0x00, 0x20, 0x00, 0x20, 0x00,
    0x20, 0x00, 0x20, 0x00, 0x20, 0x00, 0x20, 0x00, 0x21, 0x00, 0x21, 0x00, 0x21, 0x00, 0x21, 0x00, 0x21, 0x00, 0x21,
    0x00, 0x21, 0x00, 0x41, 0x00, 0x00, 0x00, 0x82, 0x08, 0xe8, 0x31, 0xe8, 0x31, 0x82, 0x08, 0x00, 0x00, 0x41, 0x00,
    0x21, 0x00, 0x21, 0x00, 0x21, 0x00, 0x21, 0x00, 0x21, 0x00, 0x21, 0x00, 0x21, 0x00, 0x20, 0x00, 0x20, 0x00, 0x20,
    0x00, 0x20, 0x00, 0x20, 0x00, 0x20, 0x00, 0x20, 0x00, 0x20, 0x00, 0x20, 0x00, 0x20, 0x00, 0x20, 0x00, 0x20, 0x00,
    0x00, 0x00, 0x00, 0x00, 0x00, 0x00, 0x00, 0x00, 0x00, 0x00, 0x00, 0x00, 0x00, 0x00, 0x00, 0x00, 0x00, 0x00, 0x00,
    0x00, 0x00, 0x00, 0x00, 0x00, 0x00, 0x00, 0x00, 0x00, 0x00, 0x00, 0x00, 0x00, 0x00, 0x00, 0x00, 0x00, 0x00, 0x00,
    0x00, 0x00, 0x00, 0x00, 0x00, 0x00, 0x00, 0x00, 0x00, 0x00, 0x00, 0x00, 0x00, 0x00, 0x00, 0x00, 0x00, 0x00, 0x00,
    0x00, 0x00, 0x00, 0x00, 0x00, 0x00, 0x00, 0x00, 0x00, 0x00, 0x00, 0x00, 0x00, 0x00, 0x00, 0x00, 0x00, 0x00, 0x00,
    0x00, 0x00, 0x00, 0x00, 0x00, 0x00, 0x00, 0x00, 0x00, 0x00, 0x00, 0x00, 0x00, 0x00, 0x00, 0x00, 0x00, 0x00, 0x00,
    0x00, 0x00, 0x00, 0x00, 0x00, 0x00, 0x00, 0x00, 0x00, 0x00, 0x00, 0x00, 0x00, 0x00, 0x00, 0x00, 0x00, 0x00, 0x00,
    0x00, 0x00, 0x00, 0x00, 0x00, 0x00, 0x00, 0x00, 0x00, 0x00, 0x00, 0x00, 0x00, 0x00, 0x00, 0x00, 0x00, 0x00, 0x00,
    0x00, 0x00, 0x00, 0x00, 0x00, 0x00, 0x00, 0x00, 0x00, 0x00, 0x00, 0x00, 0x00, 0x00, 0x00, 0x00, 0x00, 0x00, 0x00,
    0x00, 0x00, 0x00, 0x00, 0x00, 0x00, 0x00, 0x00, 0x00, 0x00, 0x00, 0x00, 0x00, 0x00, 0x00, 0x00, 0x00, 0x00, 0x00,
    0x00, 0x00, 0x00, 0x00, 0x00, 0x00, 0x00, 0x00, 0x00, 0x00, 0x00, 0x00, 0x00, 0x00, 0x00, 0x00, 0x00, 0x00, 0x00,
    0x00, 0x00, 0x00, 0x00, 0x00, 0x00, 0x00, 0x00, 0x00, 0x00, 0x00, 0x00, 0x00, 0x00, 0x00, 0x00, 0x00, 0x00, 0x00,
    0x00, 0x00, 0x00, 0x00, 0x00, 0x00, 0x00, 0x00, 0x00, 0x00, 0x00, 0x00, 0x00, 0x00, 0x00, 0x00, 0x00, 0x00, 0x00,
    0x00, 0x00, 0x00, 0x00, 0x00, 0x00, 0x00, 0x00, 0x00, 0x00, 0x00, 0x00, 0x00, 0x00, 0x00, 0x00, 0x00, 0x00, 0x00,
    0x00, 0x00, 0x00, 0x00, 0x00, 0x00, 0x00, 0x00, 0x00, 0x00, 0x00, 0x00, 0x00, 0x00, 0x00, 0x00, 0x00, 0x00, 0x00,
    0x00, 0x00, 0x00, 0x00, 0x00, 0x00, 0x00, 0x00, 0x00, 0x00, 0x00, 0x00, 0x00, 0x00, 0x00, 0x00, 0x00, 0x00, 0x00,
    0x00, 0x00, 0x00, 0x00, 0x00, 0x00, 0x00, 0x00, 0x00, 0x00, 0x00, 0x00, 0x00, 0x00, 0x00, 0x00, 0x00, 0x20, 0x00,
    0x20, 0x00, 0x20, 0x00, 0x20, 0x00, 0x20, 0x00, 0x20, 0x00, 0x20, 0x00, 0x20, 0x00, 0x20, 0x00, 0x21, 0x00, 0x21,
    0x00, 0x21, 0x00, 0x21, 0x00, 0x21, 0x00, 0x21, 0x00, 0x21, 0x00, 0x41, 0x00, 0x21, 0x00, 0x41, 0x00, 0x41, 0x00,
    0x41, 0x00, 0x41, 0x00, 0x41, 0x00, 0x41, 0x00, 0x20, 0x00, 0x00, 0x00, 0x00, 0x00, 0x20, 0x00, 0x41, 0x00, 0x41,
    0x00, 0x41, 0x00, 0x41, 0x00, 0x41, 0x00, 0x41, 0x00, 0x21, 0x00, 0x21, 0x00, 0x21, 0x00, 0x21, 0x00, 0x21, 0x00,
    0x21, 0x00, 0x21, 0x00, 0x21, 0x00, 0x21, 0x00, 0x20, 0x00, 0x20, 0x00, 0x20, 0x00, 0x20, 0x00, 0x20, 0x00, 0x20,
    0x00, 0x20, 0x00, 0x20, 0x00, 0x20, 0x00, 0x20, 0x00, 0x00, 0x00, 0x00, 0x00, 0x00, 0x00, 0x00, 0x00, 0x00, 0x00,
    0x00, 0x00, 0x00, 0x00, 0x00, 0x00, 0x00, 0x00, 0x00, 0x00, 0x00, 0x00, 0x00, 0x00, 0x00, 0x00, 0x00, 0x00, 0x00,
    0x00, 0x00, 0x00, 0x00, 0x00, 0x00, 0x00, 0x00, 0x00, 0x00, 0x00, 0x00, 0x00, 0x00, 0x00, 0x00, 0x00, 0x00, 0x00,
    0x00, 0x00, 0x00, 0x00, 0x00, 0x00, 0x00, 0x00, 0x00, 0x00, 0x00, 0x00, 0x00, 0x00, 0x00, 0x00, 0x00, 0x00, 0x00,
    0x00, 0x00, 0x00, 0x00, 0x00, 0x00, 0x00, 0x00, 0x00, 0x00, 0x00, 0x00, 0x00, 0x00, 0x00, 0x00, 0x00, 0x00, 0x00,
    0x00, 0x00, 0x00, 0x00, 0x00, 0x00, 0x00, 0x00, 0x00, 0x00, 0x00, 0x00, 0x00, 0x00, 0x00, 0x00, 0x00, 0x00, 0x00,
    0x00, 0x00, 0x00, 0x00, 0x00, 0x00, 0x00, 0x00, 0x00, 0x00, 0x00, 0x00, 0x00, 0x00, 0x00, 0x00, 0x00, 0x00, 0x00,
    0x00, 0x00, 0x00, 0x00, 0x00, 0x00, 0x00, 0x00, 0x00, 0x00, 0x00, 0x00, 0x00, 0x00, 0x00, 0x00, 0x00, 0x00, 0x00,
    0x00, 0x00, 0x00, 0x00, 0x00, 0x00, 0x00, 0x00, 0x00, 0x00, 0x00, 0x00, 0x00, 0x00, 0x00, 0x00, 0x00, 0x00, 0x00,
    0x00, 0x00, 0x00, 0x00, 0x00, 0x00, 0x00, 0x00, 0x00, 0x00, 0x00, 0x00, 0x00, 0x00, 0x00, 0x00, 0x00, 0x00, 0x00,
    0x00, 0x00, 0x00, 0x00, 0x00, 0x00, 0x00, 0x00, 0x00, 0x00, 0x00, 0x00, 0x00, 0x00, 0x00, 0x00, 0x00, 0x00, 0x00,
    0x00, 0x00, 0x00, 0x00, 0x00, 0x00, 0x00, 0x00, 0x00, 0x00, 0x00, 0x00, 0x00, 0x00, 0x00, 0x00, 0x00, 0x00, 0x00,
    0x00, 0x00, 0x00, 0x00, 0x00, 0x00, 0x00, 0x00, 0x00, 0x00, 0x00, 0x00, 0x00, 0x00, 0x00, 0x00, 0x00, 0x00, 0x00,
    0x00, 0x00, 0x00, 0x00, 0x00, 0x00, 0x00, 0x00, 0x00, 0x00, 0x00, 0x00, 0x00, 0x00, 0x00, 0x00, 0x00, 0x00, 0x00,
    0x00, 0x00, 0x00, 0x00, 0x00, 0x00, 0x00, 0x00, 0x00, 0x00, 0x00, 0x00, 0x00, 0x00, 0x00, 0x00, 0x00, 0x00, 0x00,
    0x00, 0x00, 0x00, 0x00, 0x00, 0x00, 0x00, 0x00, 0x00, 0x00, 0x20, 0x00, 0x20, 0x00, 0x20, 0x00, 0x20, 0x00, 0x20,
    0x00, 0x20, 0x00, 0x20, 0x00, 0x20, 0x00, 0x20, 0x00, 0x21, 0x00, 0x21, 0x00, 0x21, 0x00, 0x21, 0x00, 0x21, 0x00,
    0x41, 0x00, 0x41, 0x00, 0x41, 0x00, 0x41, 0x00, 0x41, 0x00, 0x41, 0x00, 0x41, 0x00, 0x41, 0x00, 0x41, 0x00, 0x41,
    0x00, 0x41, 0x00, 0x41, 0x00, 0x41, 0x00, 0x41, 0x00, 0x41, 0x00, 0x61, 0x08, 0x61, 0x08, 0x41, 0x00, 0x41, 0x00,
    0x41, 0x00, 0x41, 0x00, 0x41, 0x00, 0x41, 0x00, 0x41, 0x00, 0x41, 0x00, 0x41, 0x00, 0x41, 0x00, 0x41, 0x00, 0x41,
    0x00, 0x41, 0x00, 0x41, 0x00, 0x41, 0x00, 0x21, 0x00, 0x21, 0x00, 0x21, 0x00, 0x21, 0x00, 0x20, 0x00, 0x20, 0x00,
    0x20, 0x00, 0x20, 0x00, 0x20, 0x00, 0x20, 0x00, 0x20, 0x00, 0x20, 0x00, 0x20, 0x00, 0x00, 0x00, 0x00, 0x00, 0x00,
    0x00, 0x00, 0x00, 0x00, 0x00, 0x00, 0x00, 0x00, 0x00, 0x00, 0x00, 0x00, 0x00, 0x00, 0x00, 0x00, 0x00, 0x00, 0x00,
    0x00, 0x00, 0x00, 0x00, 0x00, 0x00, 0x00, 0x00, 0x00, 0x00, 0x00, 0x00, 0x00, 0x00, 0x00, 0x00, 0x00, 0x00, 0x00,
    0x00, 0x00, 0x00, 0x00, 0x00, 0x00, 0x00, 0x00, 0x00, 0x00, 0x00, 0x00, 0x00, 0x00, 0x00, 0x00, 0x00, 0x00, 0x00,
    0x00, 0x00, 0x00, 0x00, 0x00, 0x00, 0x00, 0x00, 0x00, 0x00, 0x00, 0x00, 0x00, 0x00, 0x00, 0x00, 0x00, 0x00, 0x00,
    0x00, 0x00, 0x00, 0x00, 0x00, 0x00, 0x00, 0x00, 0x00, 0x00, 0x00, 0x00, 0x00, 0x00, 0x00, 0x00, 0x00, 0x00, 0x00,
    0x00, 0x00, 0x00, 0x00, 0x00, 0x00, 0x00, 0x00, 0x00, 0x00, 0x00, 0x00, 0x00, 0x00, 0x00, 0x00, 0x00, 0x00, 0x00,
    0x00, 0x00, 0x00, 0x00, 0x00, 0x00, 0x00, 0x00, 0x00, 0x00, 0x00, 0x00, 0x00, 0x00, 0x00, 0x00, 0x00, 0x00, 0x00,
    0x00, 0x00, 0x00, 0x00, 0x00, 0x00, 0x00, 0x00, 0x00, 0x00, 0x00, 0x00, 0x00, 0x00, 0x00, 0x00, 0x00, 0x00, 0x00,
    0x00, 0x00, 0x00, 0x00, 0x00, 0x00, 0x00, 0x00, 0x00, 0x00, 0x00, 0x00, 0x00, 0x00, 0x00, 0x00, 0x00, 0x00, 0x00,
    0x00, 0x00, 0x00, 0x00, 0x00, 0x00, 0x00, 0x00, 0x00, 0x00, 0x00, 0x00, 0x00, 0x00, 0x00, 0x00, 0x00, 0x00, 0x00,
    0x00, 0x00, 0x00, 0x00, 0x00, 0x00, 0x00, 0x00, 0x00, 0x00, 0x00, 0x00, 0x00, 0x00, 0x00, 0x00, 0x00, 0x00, 0x00,
    0x00, 0x00, 0x00, 0x00, 0x00, 0x00, 0x00, 0x00, 0x00, 0x00, 0x00, 0x00, 0x00, 0x00, 0x00, 0x00, 0x00, 0x00, 0x00,
    0x00, 0x00, 0x00, 0x00, 0x00, 0x00, 0x00, 0x00, 0x00, 0x00, 0x00, 0x00, 0x00, 0x00, 0x00, 0x20, 0x00, 0x00, 0x00,
    0x00, 0x00, 0x00, 0x00, 0x00, 0x00, 0x00, 0x00, 0x00, 0x00, 0x00, 0x00, 0x00, 0x00, 0x00, 0x00, 0x00, 0x00, 0x00,
    0x00, 0x00, 0x00, 0x00, 0x00, 0x00, 0x00, 0x20, 0x00, 0x20, 0x00, 0x20, 0x00, 0x20, 0x00, 0x20, 0x00, 0x20, 0x00,
    0x20, 0x00, 0x20, 0x00, 0x21, 0x00, 0x21, 0x00, 0x21, 0x00, 0x21, 0x00, 0x21, 0x00, 0x41, 0x00, 0x41, 0x00, 0x41,
    0x00, 0x41, 0x00, 0x41, 0x00, 0x41, 0x00, 0x41, 0x00, 0x41, 0x00, 0x41, 0x00, 0x41, 0x00, 0x41, 0x00, 0x41, 0x00,
    0x41, 0x00, 0x41, 0x00, 0x41, 0x00, 0x41, 0x00, 0x41, 0x00, 0x41, 0x00, 0x41, 0x00, 0x41, 0x00, 0x41, 0x00, 0x41,
    0x00, 0x41, 0x00, 0x41, 0x00, 0x41, 0x00, 0x41, 0x00, 0x41, 0x00, 0x41, 0x00, 0x41, 0x00, 0x41, 0x00, 0x41, 0x00,
    0x41, 0x00, 0x41, 0x00, 0x41, 0x00, 0x41, 0x00, 0x41, 0x00, 0x41, 0x00, 0x41, 0x00, 0x21, 0x00, 0x21, 0x00, 0x21,
    0x00, 0x21, 0x00, 0x21, 0x00, 0x20, 0x00, 0x20, 0x00, 0x20, 0x00, 0x20, 0x00, 0x20, 0x00, 0x20, 0x00, 0x20, 0x00,
    0x20, 0x00, 0x00, 0x00, 0x00, 0x00, 0x00, 0x00, 0x00, 0x00, 0x00, 0x00, 0x00, 0x00, 0x00, 0x00, 0x00, 0x00, 0x00,
    0x00, 0x00, 0x00, 0x00, 0x00, 0x00, 0x00, 0x00, 0x00, 0x00, 0x00, 0x20, 0x00, 0x00, 0x00, 0x00, 0x00, 0x00, 0x00,
    0x00, 0x00, 0x00, 0x00, 0x00, 0x00, 0x00, 0x00, 0x00, 0x00, 0x00, 0x00, 0x00, 0x00, 0x00, 0x00, 0x00, 0x00, 0x00,
    0x00, 0x00, 0x00, 0x00, 0x00, 0x00, 0x00, 0x00, 0x00, 0x00, 0x00, 0x00, 0x00, 0x00, 0x00, 0x00, 0x00, 0x00, 0x00,
    0x00, 0x00, 0x00, 0x00, 0x00, 0x00, 0x00, 0x00, 0x00, 0x00, 0x00, 0x00, 0x00, 0x00, 0x00, 0x00, 0x00, 0x00, 0x00,
    0x00, 0x00, 0x00, 0x00, 0x00, 0x00, 0x00, 0x00, 0x00, 0x00, 0x00, 0x00, 0x00, 0x00, 0x00, 0x00, 0x00, 0x00, 0x00,
    0x00, 0x00, 0x00, 0x00, 0x00, 0x00, 0x00, 0x00, 0x00, 0x00, 0x00, 0x00, 0x00, 0x00, 0x00, 0x00, 0x00, 0x00, 0x00,
    0x00, 0x00, 0x00, 0x00, 0x00, 0x00, 0x00, 0x00, 0x00, 0x00, 0x00, 0x00, 0x00, 0x00, 0x00, 0x00, 0x00, 0x00, 0x00,
    0x00, 0x00, 0x00, 0x00, 0x00, 0x00, 0x00, 0x00, 0x00, 0x00, 0x00, 0x00, 0x00, 0x00, 0x00, 0x00, 0x00, 0x00, 0x00,
    0x00, 0x00, 0x00, 0x00, 0x00, 0x00, 0x00, 0x00, 0x00, 0x00, 0x00, 0x00, 0x00, 0x00, 0x00, 0x00, 0x00, 0x00, 0x00,
    0x00, 0x00, 0x00, 0x00, 0x00, 0x00, 0x00, 0x00, 0x00, 0x00, 0x00, 0x00, 0x00, 0x00, 0x00, 0x00, 0x00, 0x00, 0x00,
    0x00, 0x00, 0x00, 0x00, 0x00, 0x00, 0x00, 0x00, 0x00, 0x00, 0x00, 0x00, 0x00, 0x00, 0x00, 0x00, 0x00, 0x00, 0x00,
    0x00, 0x00, 0x00, 0x00, 0x00, 0x00, 0x00, 0x00, 0x00, 0x00, 0x00, 0x00, 0x00, 0x00, 0x00, 0x00, 0x00, 0x00, 0x00,
    0x00, 0x20, 0x00, 0x00, 0x00, 0x00, 0x00, 0x00, 0x00, 0x00, 0x00, 0x00, 0x00, 0x00, 0x00, 0x00, 0x00, 0x00, 0x00,
    0x00, 0x00, 0x00, 0x00, 0x20, 0x00, 0x20, 0x00, 0x20, 0x00, 0x20, 0x00, 0x20, 0x00, 0x20, 0x00, 0x20, 0x00, 0x21,
    0x00, 0x21, 0x00, 0x21, 0x00, 0x21, 0x00, 0x41, 0x00, 0x41, 0x00, 0x41, 0x00, 0x41, 0x00, 0x41, 0x00, 0x41, 0x00,
    0x41, 0x00, 0x41, 0x00, 0x41, 0x00, 0x41, 0x00, 0x41, 0x00, 0x61, 0x00, 0x61, 0x00, 0x61, 0x08, 0x62, 0x08, 0x62,
    0x08, 0x62, 0x08, 0x62, 0x08, 0x62, 0x08, 0x62, 0x08, 0x62, 0x08, 0x62, 0x08, 0x62, 0x08, 0x62, 0x08, 0x62, 0x08,
    0x62, 0x08, 0x62, 0x08, 0x62, 0x08, 0x62, 0x08, 0x62, 0x08, 0x62, 0x08, 0x62, 0x08, 0x61, 0x08, 0x61, 0x08, 0x61,
    0x00, 0x41, 0x00, 0x41, 0x00, 0x41, 0x00, 0x41, 0x00, 0x41, 0x00, 0x41, 0x00, 0x41, 0x00, 0x41, 0x00, 0x41, 0x00,
    0x41, 0x00, 0x41, 0x00, 0x41, 0x00, 0x21, 0x00, 0x21, 0x00, 0x21, 0x00, 0x20, 0x00, 0x20, 0x00, 0x20, 0x00, 0x20,
    0x00, 0x20, 0x00, 0x20, 0x00, 0x20, 0x00, 0x20, 0x00, 0x00, 0x00, 0x00, 0x00, 0x00, 0x00, 0x00, 0x00, 0x00, 0x00,
    0x00, 0x00, 0x00, 0x00, 0x00, 0x00, 0x00, 0x00, 0x20, 0x00, 0x00, 0x00, 0x00, 0x00, 0x00, 0x00, 0x00, 0x00, 0x00,
    0x00, 0x00, 0x00, 0x00, 0x00, 0x00, 0x00, 0x00, 0x00, 0x00, 0x00, 0x00, 0x00, 0x00, 0x00, 0x00, 0x00, 0x00, 0x00,
    0x00, 0x00, 0x00, 0x00, 0x00, 0x00, 0x00, 0x00, 0x00, 0x00, 0x00, 0x00, 0x00, 0x00, 0x00, 0x00, 0x00, 0x00, 0x00,
    0x00, 0x00, 0x00, 0x00, 0x00, 0x00, 0x00, 0x00, 0x00, 0x00, 0x00, 0x00, 0x00, 0x00, 0x00, 0x00, 0x00, 0x00, 0x00,
    0x00, 0x00, 0x00, 0x00, 0x00, 0x00, 0x00, 0x00, 0x00, 0x00, 0x00, 0x00, 0x00, 0x00, 0x00, 0x00, 0x00, 0x00, 0x00,
    0x00, 0x00, 0x00, 0x00, 0x00, 0x00, 0x00, 0x00, 0x00, 0x00, 0x00, 0x00, 0x00, 0x00, 0x00, 0x00, 0x00, 0x00, 0x00,
    0x00, 0x00, 0x00, 0x00, 0x00, 0x00, 0x00, 0x00, 0x00, 0x00, 0x00, 0x00, 0x00, 0x00, 0x00, 0x00, 0x00, 0x00, 0x00,
    0x00, 0x00, 0x00, 0x00, 0x00, 0x00, 0x00, 0x00, 0x00, 0x00, 0x00, 0x00, 0x00, 0x00, 0x00, 0x00, 0x00, 0x00, 0x00,
    0x00, 0x00, 0x00, 0x00, 0x00, 0x00, 0x00, 0x00, 0x00, 0x00, 0x00, 0x00, 0x00, 0x00, 0x00, 0x00, 0x00, 0x00, 0x00,
    0x00, 0x00, 0x00, 0x00, 0x00, 0x00, 0x00, 0x00, 0x00, 0x00, 0x00, 0x00, 0x00, 0x00, 0x00, 0x00, 0x00, 0x00, 0x00,
    0x00, 0x00, 0x00, 0x00, 0x00, 0x00, 0x00, 0x00, 0x00, 0x00, 0x00, 0x00, 0x00, 0x00, 0x00, 0x00, 0x00, 0x00, 0x00,
    0x00, 0x00, 0x00, 0x00, 0x00, 0x00, 0x00, 0x00, 0x00, 0x00, 0x00, 0x00, 0x00, 0x00, 0x00, 0x66, 0x29, 0xe8, 0x31,
    0x04, 0x19, 0x00, 0x00, 0x00, 0x00, 0x00, 0x00, 0x00, 0x00, 0x00, 0x00, 0x00, 0x00, 0x00, 0x00, 0x00, 0x00, 0x20,
    0x00, 0x20, 0x00, 0x20, 0x00, 0x20, 0x00, 0x20, 0x00, 0x20, 0x00, 0x20, 0x00, 0x20, 0x00, 0x21, 0x00, 0x21, 0x00,
    0x21, 0x00, 0x41, 0x00, 0x41, 0x00, 0x41, 0x00, 0x41, 0x00, 0x41, 0x00, 0x41, 0x00, 0x41, 0x00, 0x41, 0x00, 0x41,
    0x00, 0x61, 0x00, 0x61, 0x08, 0x62, 0x08, 0x62, 0x08, 0x62, 0x08, 0x62, 0x08, 0x62, 0x08, 0x62, 0x08, 0x62, 0x08,
    0x62, 0x08, 0x62, 0x08, 0x62, 0x08, 0x62, 0x08, 0x82, 0x08, 0x82, 0x08, 0x62, 0x08, 0x62, 0x08, 0x62, 0x08, 0x62,
    0x08, 0x62, 0x08, 0x82, 0x08, 0x82, 0x08, 0x62, 0x08, 0x62, 0x08, 0x62, 0x08, 0x62, 0x08, 0x62, 0x08, 0x62, 0x08,
    0x62, 0x08, 0x62, 0x08, 0x62, 0x08, 0x62, 0x08, 0x61, 0x08, 0x61, 0x00, 0x41, 0x00, 0x41, 0x00, 0x41, 0x00, 0x41,
    0x00, 0x41, 0x00, 0x41, 0x00, 0x41, 0x00, 0x41, 0x00, 0x41, 0x00, 0x21, 0x00, 0x21, 0x00, 0x21, 0x00, 0x21, 0x00,
    0x20, 0x00, 0x20, 0x00, 0x20, 0x00, 0x20, 0x00, 0x20, 0x00, 0x20, 0x00, 0x20, 0x00, 0x00, 0x00, 0x00, 0x00, 0x00,
    0x00, 0x00, 0x00, 0x00, 0x00, 0x00, 0x00, 0x00, 0x00, 0x00, 0x00, 0x04, 0x19, 0xe8, 0x31, 0x66, 0x29, 0x00, 0x00,
    0x00, 0x00, 0x00, 0x00, 0x00, 0x00, 0x00, 0x00, 0x00, 0x00, 0x00, 0x00, 0x00, 0x00, 0x00, 0x00, 0x00, 0x00, 0x00,
    0x00, 0x00, 0x00, 0x00, 0x00, 0x00, 0x00, 0x00, 0x00, 0x00, 0x00, 0x00, 0x00, 0x00, 0x00, 0x00, 0x00, 0x00, 0x00,
    0x00, 0x00, 0x00, 0x00, 0x00, 0x00, 0x00, 0x00, 0x00, 0x00, 0x00, 0x00, 0x00, 0x00, 0x00, 0x00, 0x00, 0x00, 0x00,
    0x00, 0x00, 0x00, 0x00, 0x00, 0x00, 0x00, 0x00, 0x00, 0x00, 0x00, 0x00, 0x00, 0x00, 0x00, 0x00, 0x00, 0x00, 0x00,
    0x00, 0x00, 0x00, 0x00, 0x00, 0x00, 0x00, 0x00, 0x00, 0x00, 0x00, 0x00, 0x00, 0x00, 0x00, 0x00, 0x00, 0x00, 0x00,
    0x00, 0x00, 0x00, 0x00, 0x00, 0x00, 0x00, 0x00, 0x00, 0x00, 0x00, 0x00, 0x00, 0x00, 0x00, 0x00, 0x00, 0x00, 0x00,
    0x00, 0x00, 0x00, 0x00, 0x00, 0x00, 0x00, 0x00, 0x00, 0x00, 0x00, 0x00, 0x00, 0x00, 0x00, 0x00, 0x00, 0x00, 0x00,
    0x00, 0x00, 0x00, 0x00, 0x00, 0x00, 0x00, 0x00, 0x00, 0x00, 0x00, 0x00, 0x00, 0x00, 0x00, 0x00, 0x00, 0x00, 0x00,
    0x00, 0x00, 0x00, 0x00, 0x00, 0x00, 0x00, 0x00, 0x00, 0x00, 0x00, 0x00, 0x00, 0x00, 0x00, 0x00, 0x00, 0x00, 0x00,
    0x00, 0x00, 0x00, 0x00, 0x00, 0x00, 0x00, 0x00, 0x00, 0x00, 0x00, 0x00, 0x00, 0x00, 0x00, 0x00, 0x00, 0x00, 0x00,
    0x00, 0x00, 0x00, 0x00, 0x00, 0x00, 0x00, 0x00, 0x00, 0x00, 0x00, 0x00, 0x45, 0x21, 0x36, 0x95, 0x1e, 0xcf, 0x3e,
    0xcf, 0xdd, 0xc6, 0x52, 0x7c, 0x82, 0x08, 0x00, 0x00, 0x20, 0x00, 0x00, 0x00, 0x00, 0x00, 0x00, 0x00, 0x20, 0x00,
    0x20, 0x00, 0x20, 0x00, 0x20, 0x00, 0x20, 0x00, 0x20, 0x00, 0x21, 0x00, 0x21, 0x00, 0x21, 0x00, 0x21, 0x00, 0x41,
    0x00, 0x41, 0x00, 0x41, 0x00, 0x41, 0x00, 0x41, 0x00, 0x41, 0x00, 0x41, 0x00, 0x61, 0x00, 0x61, 0x08, 0x62, 0x08,
    0x62, 0x08, 0x62, 0x08, 0x62, 0x08, 0x62, 0x08, 0x62, 0x08, 0x62, 0x08, 0x82, 0x08, 0x82, 0x08, 0x82, 0x08, 0x82,
    0x08, 0x82, 0x08, 0x82, 0x08, 0x82, 0x08, 0x82, 0x08, 0x82, 0x08, 0x82, 0x08, 0x82, 0x08, 0x82, 0x08, 0x82, 0x08,
    0x82, 0x08, 0x82, 0x08, 0x82, 0x08, 0x82, 0x08, 0x82, 0x08, 0x82, 0x08, 0x82, 0x08, 0x82, 0x08, 0x82, 0x08, 0x82,
    0x08, 0x82, 0x08, 0x62, 0x08, 0x62, 0x08, 0x62, 0x08, 0x62, 0x08, 0x62, 0x08, 0x62, 0x08, 0x62, 0x08, 0x61, 0x08,
    0x61, 0x00, 0x41, 0x00, 0x41, 0x00, 0x41, 0x00, 0x41, 0x00, 0x41, 0x00, 0x41, 0x00, 0x41, 0x00, 0x41, 0x00, 0x21,
    0x00, 0x21, 0x00, 0x21, 0x00, 0x20, 0x00, 0x20, 0x00, 0x20, 0x00, 0x20, 0x00, 0x20, 0x00, 0x20, 0x00, 0x00, 0x00,
    0x00, 0x00, 0x00, 0x00, 0x20, 0x00, 0x00, 0x00, 0x82, 0x08, 0x52, 0x7c, 0xdd, 0xc6, 0x3e, 0xcf, 0x1e, 0xcf, 0x36,
    0x95, 0x45, 0x21, 0x00, 0x00, 0x00, 0x00, 0x00, 0x00, 0x00, 0x00, 0x00, 0x00, 0x00, 0x00, 0x00, 0x00, 0x00, 0x00,
    0x00, 0x00, 0x00, 0x00, 0x00, 0x00, 0x00, 0x00, 0x00, 0x00, 0x00, 0x00, 0x00, 0x00, 0x00, 0x00, 0x00, 0x00, 0x00,
    0x00, 0x00, 0x00, 0x00, 0x00, 0x00, 0x00, 0x00, 0x00, 0x00, 0x00, 0x00, 0x00, 0x00, 0x00, 0x00, 0x00, 0x00, 0x00,
    0x00, 0x00, 0x00, 0x00, 0x00, 0x00, 0x00, 0x00, 0x00, 0x00, 0x00, 0x00, 0x00, 0x00, 0x00, 0x00, 0x00, 0x00, 0x00,
    0x00, 0x00, 0x00, 0x00, 0x00, 0x00, 0x00, 0x00, 0x00, 0x00, 0x00, 0x00, 0x00, 0x00, 0x00, 0x00, 0x00, 0x00, 0x00,
    0x00, 0x00, 0x00, 0x00, 0x00, 0x00, 0x00, 0x00, 0x00, 0x00, 0x00, 0x00, 0x00, 0x00, 0x00, 0x00, 0x00, 0x00, 0x00,
    0x00, 0x00, 0x00, 0x00, 0x00, 0x00, 0x00, 0x00, 0x00, 0x00, 0x00, 0x00, 0x00, 0x00, 0x00, 0x00, 0x00, 0x00, 0x00,
    0x00, 0x00, 0x00, 0x00, 0x00, 0x00, 0x00, 0x00, 0x00, 0x00, 0x00, 0x00, 0x00, 0x00, 0x00, 0x00, 0x00, 0x00, 0x00,
    0x00, 0x00, 0x00, 0x00, 0x00, 0x00, 0x00, 0x00, 0x00, 0x00, 0x00, 0x00, 0x00, 0x00, 0x00, 0x00, 0x00, 0x00, 0x00,
    0x00, 0x00, 0x00, 0x00, 0x00, 0x00, 0x00, 0x00, 0x00, 0x00, 0x00, 0x00, 0x00, 0x00, 0x00, 0x00, 0x00, 0x00, 0x00,
    0x00, 0x00, 0x00, 0x00, 0x00, 0x00, 0x00, 0x00, 0x00, 0x00, 0x00, 0xe4, 0x18, 0x9c, 0xbe, 0x5f, 0xcf, 0xdd, 0xc6,
    0xbd, 0xc6, 0xdd, 0xc6, 0x9f, 0xd7, 0x57, 0x9d, 0x20, 0x00, 0x00, 0x00, 0x20, 0x00, 0x20, 0x00, 0x20, 0x00, 0x20,
    0x00, 0x20, 0x00, 0x20, 0x00, 0x20, 0x00, 0x21, 0x00, 0x21, 0x00, 0x21, 0x00, 0x41, 0x00, 0x41, 0x00, 0x41, 0x00,
    0x41, 0x00, 0x41, 0x00, 0x41, 0x00, 0x41, 0x00, 0x61, 0x00, 0x62, 0x08, 0x62, 0x08, 0x62, 0x08, 0x62, 0x08, 0x62,
    0x08, 0x62, 0x08, 0x62, 0x08, 0x82, 0x08, 0x82, 0x08, 0x82, 0x08, 0x82, 0x08, 0x82, 0x08, 0x82, 0x08, 0x82, 0x08,
    0x83, 0x08, 0x83, 0x08, 0xa3, 0x08, 0xa3, 0x08, 0xa3, 0x08, 0xa3, 0x08, 0xa3, 0x08, 0xa3, 0x08, 0xa3, 0x08, 0xa3,
    0x08, 0xa3, 0x08, 0xa3, 0x08, 0xa3, 0x08, 0xa3, 0x08, 0xa3, 0x08, 0xa3, 0x08, 0x83, 0x08, 0x83, 0x08, 0x82, 0x08,
    0x82, 0x08, 0x82, 0x08, 0x82, 0x08, 0x82, 0x08, 0x82, 0x08, 0x82, 0x08, 0x82, 0x08, 0x62, 0x08, 0x62, 0x08, 0x62,
    0x08, 0x62, 0x08, 0x62, 0x08, 0x62, 0x08, 0x61, 0x08, 0x41, 0x00, 0x41, 0x00, 0x41, 0x00, 0x41, 0x00, 0x41, 0x00,
    0x41, 0x00, 0x41, 0x00, 0x21, 0x00, 0x21, 0x00, 0x21, 0x00, 0x20, 0x00, 0x20, 0x00, 0x20, 0x00, 0x20, 0x00, 0x20,
    0x00, 0x20, 0x00, 0x20, 0x00, 0x00, 0x00, 0x20, 0x00, 0x57, 0x9d, 0x9f, 0xd7, 0xdd, 0xc6, 0xbd, 0xc6, 0xdd, 0xc6,
    0x5f, 0xcf, 0x9c, 0xbe, 0xe4, 0x18, 0x00, 0x00, 0x00, 0x00, 0x00, 0x00, 0x00, 0x00, 0x00, 0x00, 0x00, 0x00, 0x00,
    0x00, 0x00, 0x00, 0x00, 0x00, 0x00, 0x00, 0x00, 0x00, 0x00, 0x00, 0x00, 0x00, 0x00, 0x00, 0x00, 0x00, 0x00, 0x00,
    0x00, 0x00, 0x00, 0x00, 0x00, 0x00, 0x00, 0x00, 0x00, 0x00, 0x00, 0x00, 0x00, 0x00, 0x00, 0x00, 0x00, 0x00, 0x00,
    0x00, 0x00, 0x00, 0x00, 0x00, 0x00, 0x00, 0x00, 0x00, 0x00, 0x00, 0x00, 0x00, 0x00, 0x00, 0x00, 0x00, 0x00, 0x00,
    0x00, 0x00, 0x00, 0x00, 0x00, 0x00, 0x00, 0x00, 0x00, 0x00, 0x00, 0x00, 0x00, 0x00, 0x00, 0x00, 0x00, 0x00, 0x00,
    0x00, 0x00, 0x00, 0x00, 0x00, 0x00, 0x00, 0x00, 0x00, 0x00, 0x00, 0x00, 0x00, 0x00, 0x00, 0x00, 0x00, 0x00, 0x00,
    0x00, 0x00, 0x00, 0x00, 0x00, 0x00, 0x00, 0x00, 0x00, 0x00, 0x00, 0x00, 0x00, 0x00, 0x00, 0x00, 0x00, 0x00, 0x00,
    0x00, 0x00, 0x00, 0x00, 0x00, 0x00, 0x00, 0x00, 0x00, 0x00, 0x00, 0x00, 0x00, 0x00, 0x00, 0x00, 0x00, 0x00, 0x00,
    0x00, 0x00, 0x00, 0x00, 0x00, 0x00, 0x00, 0x00, 0x00, 0x00, 0x00, 0x00, 0x00, 0x00, 0x00, 0x00, 0x00, 0x00, 0x00,
    0x00, 0x00, 0x00, 0x00, 0x00, 0x00, 0x00, 0x00, 0x00, 0x00, 0x00, 0x00, 0x00, 0x00, 0x00, 0x00, 0x00, 0x00, 0x00,
    0x00, 0x00, 0x00, 0x00, 0x00, 0x00, 0x00, 0x00, 0x20, 0x00, 0x00, 0x00, 0x52, 0x7c, 0x5f, 0xd7, 0x9c, 0xbe, 0xdd,
    0xc6, 0xdd, 0xc6, 0xdd, 0xc6, 0xbc, 0xbe, 0x5f, 0xd7, 0xab, 0x4a, 0x00, 0x00, 0x21, 0x00, 0x20, 0x00, 0x20, 0x00,
    0x20, 0x00, 0x20, 0x00, 0x21, 0x00, 0x21, 0x00, 0x21, 0x00, 0x41, 0x00, 0x41, 0x00, 0x41, 0x00, 0x41, 0x00, 0x41,
    0x00, 0x41, 0x00, 0x61, 0x00, 0x61, 0x08, 0x62, 0x08, 0x62, 0x08, 0x62, 0x08, 0x62, 0x08, 0x62, 0x08, 0x82, 0x08,
    0x82, 0x08, 0x82, 0x08, 0x82, 0x08, 0x82, 0x08, 0x83, 0x08, 0xa3, 0x08, 0xa3, 0x08, 0xa3, 0x08, 0xa3, 0x08, 0xa3,
    0x08, 0xa3, 0x08, 0xa3, 0x08, 0xa3, 0x08, 0xa3, 0x08, 0xa3, 0x08, 0xa3, 0x08, 0xa3, 0x08, 0xa3, 0x08, 0xa3, 0x08,
    0xa3, 0x08, 0xa3, 0x08, 0xa3, 0x08, 0xa3, 0x08, 0xa3, 0x08, 0xa3, 0x08, 0xa3, 0x08, 0xa3, 0x08, 0xa3, 0x08, 0xa3,
    0x08, 0xa3, 0x08, 0xa3, 0x08, 0xa3, 0x08, 0xa3, 0x08, 0xa3, 0x08, 0x82, 0x08, 0x82, 0x08, 0x82, 0x08, 0x82, 0x08,
    0x82, 0x08, 0x82, 0x08, 0x62, 0x08, 0x62, 0x08, 0x62, 0x08, 0x62, 0x08, 0x61, 0x08, 0x61, 0x00, 0x41, 0x00, 0x41,
    0x00, 0x41, 0x00, 0x41, 0x00, 0x41, 0x00, 0x41, 0x00, 0x21, 0x00, 0x21, 0x00, 0x21, 0x00, 0x20, 0x00, 0x20, 0x00,
    0x20, 0x00, 0x20, 0x00, 0x21, 0x00, 0x00, 0x00, 0xab, 0x4a, 0x5f, 0xd7, 0xbc, 0xbe, 0xdd, 0xc6, 0xdd, 0xc6, 0xdd,
    0xc6, 0x9c, 0xbe, 0x5f, 0xd7, 0x52, 0x7c, 0x00, 0x00, 0x20, 0x00, 0x00, 0x00, 0x00, 0x00, 0x00, 0x00, 0x00, 0x00,
    0x00, 0x00, 0x00, 0x00, 0x00, 0x00, 0x00, 0x00, 0x00, 0x00, 0x00, 0x00, 0x00, 0x00, 0x00, 0x00, 0x00, 0x00, 0x00,
    0x00, 0x00, 0x00, 0x00, 0x00, 0x00, 0x00, 0x00, 0x00, 0x00, 0x00, 0x00, 0x00, 0x00, 0x00, 0x00, 0x00, 0x00, 0x00,
    0x00, 0x00, 0x00, 0x00, 0x00, 0x00, 0x00, 0x00, 0x00, 0x00, 0x00, 0x00, 0x00, 0x00, 0x00, 0x00, 0x00, 0x00, 0x00,
    0x00, 0x00, 0x00, 0x00, 0x00, 0x00, 0x00, 0x00, 0x00, 0x00, 0x00, 0x00, 0x00, 0x00, 0x00, 0x00, 0x00, 0x00, 0x00,
    0x00, 0x00, 0x00, 0x00, 0x00, 0x00, 0x00, 0x00, 0x00, 0x00, 0x00, 0x00, 0x00, 0x00, 0x00, 0x00, 0x00, 0x00, 0x00,
    0x00, 0x00, 0x00, 0x00, 0x00, 0x00, 0x00, 0x00, 0x00, 0x00, 0x00, 0x00, 0x00, 0x00, 0x00, 0x00, 0x00, 0x00, 0x00,
    0x00, 0x00, 0x00, 0x00, 0x00, 0x00, 0x00, 0x00, 0x00, 0x00, 0x00, 0x00, 0x00, 0x00, 0x00, 0x00, 0x00, 0x00, 0x00,
    0x00, 0x00, 0x00, 0x00, 0x00, 0x00, 0x00, 0x00, 0x00, 0x00, 0x00, 0x00, 0x00, 0x00, 0x00, 0x00, 0x00, 0x00, 0x00,
    0x00, 0x00, 0x00, 0x00, 0x00, 0x00, 0x00, 0x00, 0x00, 0x00, 0x00, 0x00, 0x00, 0x00, 0x00, 0x00, 0x00, 0x00, 0x00,
    0x00, 0x00, 0x00, 0x00, 0x00, 0x00, 0x00, 0x00, 0x00, 0x00, 0x00, 0x61, 0x08, 0x7b, 0xb6, 0xfd, 0xc6, 0xdd, 0xc6,
    0xdd, 0xc6, 0xdd, 0xc6, 0xdd, 0xc6, 0xbd, 0xc6, 0x3e, 0xcf, 0x16, 0x95, 0x00, 0x00, 0x21, 0x00, 0x20, 0x00, 0x20,
    0x00, 0x21, 0x00, 0x21, 0x00, 0x21, 0x00, 0x41, 0x00, 0x41, 0x00, 0x41, 0x00, 0x41, 0x00, 0x41, 0x00, 0x41, 0x00,
    0x61, 0x08, 0x62, 0x08, 0x62, 0x08, 0x62, 0x08, 0x62, 0x08, 0x82, 0x08, 0x82, 0x08, 0x82, 0x08, 0x82, 0x08, 0x82,
    0x08, 0xa3, 0x08, 0xa3, 0x08, 0xa3, 0x08, 0xa3, 0x08, 0xa3, 0x08, 0xa3, 0x08, 0xa3, 0x08, 0xa3, 0x08, 0xc3, 0x08,
    0xc3, 0x08, 0xc3, 0x10, 0xc3, 0x08, 0xc3, 0x10, 0xc4, 0x10, 0xc4, 0x10, 0xc4, 0x10, 0xc4, 0x10, 0xc4, 0x10, 0xc4,
    0x10, 0xc4, 0x10, 0xc4, 0x10, 0xc4, 0x10, 0xc4, 0x10, 0xc4, 0x10, 0xc4, 0x10, 0xc4, 0x10, 0xc4, 0x08, 0xc3, 0x08,
    0xc3, 0x08, 0xc3, 0x08, 0xa3, 0x08, 0xa3, 0x08, 0xa3, 0x08, 0xa3, 0x08, 0xa3, 0x08, 0xa3, 0x08, 0xa3, 0x08, 0xa3,
    0x08, 0x82, 0x08, 0x82, 0x08, 0x82, 0x08, 0x82, 0x08, 0x82, 0x08, 0x62, 0x08, 0x62, 0x08, 0x62, 0x08, 0x62, 0x08,
    0x61, 0x08, 0x41, 0x00, 0x41, 0x00, 0x41, 0x00, 0x41, 0x00, 0x41, 0x00, 0x41, 0x00, 0x21, 0x00, 0x21, 0x00, 0x21,
    0x00, 0x20, 0x00, 0x20, 0x00, 0x21, 0x00, 0x00, 0x00, 0x16, 0x95, 0x3e, 0xcf, 0xbd, 0xc6, 0xdd, 0xc6, 0xdd, 0xc6,
    0xdd, 0xc6, 0xdd, 0xc6, 0xfd, 0xc6, 0x7b, 0xb6, 0x62, 0x08, 0x00, 0x00, 0x00, 0x00, 0x00, 0x00, 0x00, 0x00, 0x00,
    0x00, 0x00, 0x00, 0x00, 0x00, 0x00, 0x00, 0x00, 0x00, 0x00, 0x00, 0x00, 0x00, 0x00, 0x00, 0x00, 0x00, 0x00, 0x00,
    0x00, 0x00, 0x00, 0x00, 0x00, 0x00, 0x00, 0x00, 0x00, 0x00, 0x00, 0x00, 0x00, 0x00, 0x00, 0x00, 0x00, 0x00, 0x00,
    0x00, 0x00, 0x00, 0x00, 0x00, 0x00, 0x00, 0x00, 0x00, 0x00, 0x00, 0x00, 0x00, 0x00, 0x00, 0x00, 0x00, 0x00, 0x00,
    0x00, 0x00, 0x00, 0x00, 0x00, 0x00, 0x00, 0x00, 0x00, 0x00, 0x00, 0x00, 0x00, 0x00, 0x00, 0x00, 0x00, 0x00, 0x00,
    0x00, 0x00, 0x00, 0x00, 0x00, 0x00, 0x00, 0x00, 0x00, 0x00, 0x00, 0x00, 0x00, 0x00, 0x00, 0x00, 0x00, 0x00, 0x00,
    0x00, 0x00, 0x00, 0x00, 0x00, 0x00, 0x00, 0x00, 0x00, 0x00, 0x00, 0x00, 0x00, 0x00, 0x00, 0x00, 0x00, 0x00, 0x00,
    0x00, 0x00, 0x00, 0x00, 0x00, 0x00, 0x00, 0x00, 0x00, 0x00, 0x00, 0x00, 0x00, 0x00, 0x00, 0x00, 0x00, 0x00, 0x00,
    0x00, 0x00, 0x00, 0x00, 0x00, 0x00, 0x00, 0x00, 0x00, 0x00, 0x00, 0x00, 0x00, 0x00, 0x00, 0x00, 0x00, 0x00, 0x00,
    0x00, 0x00, 0x00, 0x00, 0x00, 0x00, 0x00, 0x00, 0x00, 0x00, 0x00, 0x00, 0x00, 0x00, 0x00, 0x00, 0x00, 0x00, 0x00,
    0x00, 0x00, 0x00, 0x00, 0x00, 0x00, 0x00, 0x00, 0x00, 0x00, 0x00, 0x00, 0x82, 0x08, 0x7b, 0xbe, 0xfd, 0xc6, 0xdd,
    0xc6, 0xdd, 0xc6, 0xdd, 0xc6, 0xdd, 0xc6, 0xbd, 0xc6, 0x3e, 0xcf, 0x36, 0x95, 0x00, 0x00, 0x21, 0x00, 0x21, 0x00,
    0x21, 0x00, 0x41, 0x00, 0x41, 0x00, 0x41, 0x00, 0x41, 0x00, 0x41, 0x00, 0x41, 0x00, 0x41, 0x00, 0x61, 0x08, 0x62,
    0x08, 0x62, 0x08, 0x62, 0x08, 0x82, 0x08, 0x82, 0x08, 0x82, 0x08, 0x82, 0x08, 0x82, 0x08, 0x83, 0x08, 0xa3, 0x08,
    0xa3, 0x08, 0xa3, 0x08, 0xa3, 0x08, 0xa3, 0x08, 0xc3, 0x08, 0xc3, 0x08, 0xc3, 0x10, 0xc4, 0x10, 0xc4, 0x10, 0xc4,
    0x10, 0xc4, 0x10, 0xe4, 0x10, 0xe4, 0x10, 0xe4, 0x10, 0xe4, 0x10, 0xe4, 0x10, 0xe4, 0x10, 0xe4, 0x10, 0xe4, 0x10,
    0xe4, 0x10, 0xe4, 0x10, 0xe4, 0x10, 0xe4, 0x10, 0xe4, 0x10, 0xe4, 0x10, 0xe4, 0x10, 0xe4, 0x10, 0xe4, 0x10, 0xe4,
    0x10, 0xc4, 0x10, 0xc4, 0x10, 0xc4, 0x10, 0xc4, 0x10, 0xc3, 0x10, 0xc3, 0x08, 0xc3, 0x08, 0xa3, 0x08, 0xa3, 0x08,
    0xa3, 0x08, 0xa3, 0x08, 0xa3, 0x08, 0xa3, 0x08, 0x82, 0x08, 0x82, 0x08, 0x82, 0x08, 0x82, 0x08, 0x82, 0x08, 0x62,
    0x08, 0x62, 0x08, 0x62, 0x08, 0x62, 0x08, 0x61, 0x00, 0x41, 0x00, 0x41, 0x00, 0x41, 0x00, 0x41, 0x00, 0x41, 0x00,
    0x21, 0x00, 0x21, 0x00, 0x21, 0x00, 0x21, 0x00, 0x00, 0x00, 0x36, 0x95, 0x3e, 0xcf, 0xbd, 0xc6, 0xdd, 0xc6, 0xdd,
    0xc6, 0xdd, 0xc6, 0xdd, 0xc6, 0xfd, 0xc6, 0x7b, 0xbe, 0x82, 0x08, 0x00, 0x00, 0x00, 0x00, 0x00, 0x00, 0x00, 0x00,
    0x00, 0x00, 0x00, 0x00, 0x00, 0x00, 0x00, 0x00, 0x00, 0x00, 0x00, 0x00, 0x00, 0x00, 0x00, 0x00, 0x00, 0x00, 0x00,
    0x00, 0x00, 0x00, 0x00, 0x00, 0x00, 0x00, 0x00, 0x00, 0x00, 0x00, 0x00, 0x00, 0x00, 0x00, 0x00, 0x00, 0x00, 0x00,
    0x00, 0x00, 0x00, 0x00, 0x00, 0x00, 0x00, 0x00, 0x00, 0x00, 0x00, 0x00, 0x00, 0x00, 0x00, 0x00, 0x00, 0x00, 0x00,
    0x00, 0x00, 0x00, 0x00, 0x00, 0x00, 0x00, 0x00, 0x00, 0x00, 0x00, 0x00, 0x00, 0x00, 0x00, 0x00, 0x00, 0x00, 0x00,
    0x00, 0x00, 0x00, 0x00, 0x00, 0x00, 0x00, 0x00, 0x00, 0x00, 0x00, 0x00, 0x00, 0x00, 0x00, 0x00, 0x00, 0x00, 0x00,
    0x00, 0x00, 0x00, 0x00, 0x00, 0x00, 0x00, 0x00, 0x00, 0x00, 0x00, 0x00, 0x00, 0x00, 0x00, 0x00, 0x00, 0x00, 0x00,
    0x00, 0x00, 0x00, 0x00, 0x00, 0x00, 0x00, 0x00, 0x00, 0x00, 0x00, 0x00, 0x00, 0x00, 0x00, 0x00, 0x00, 0x00, 0x00,
    0x00, 0x00, 0x00, 0x00, 0x00, 0x00, 0x00, 0x00, 0x00, 0x00, 0x00, 0x00, 0x00, 0x00, 0x00, 0x00, 0x00, 0x00, 0x00,
    0x00, 0x00, 0x00, 0x00, 0x00, 0x00, 0x00, 0x00, 0x00, 0x00, 0x00, 0x00, 0x00, 0x00, 0x00, 0x00, 0x00, 0x00, 0x00,
    0x00, 0x00, 0x00, 0x00, 0x00, 0x00, 0x00, 0x00, 0x00, 0x00, 0x00, 0x00, 0x00, 0x20, 0x00, 0x36, 0x95, 0x3e, 0xcf,
    0xbc, 0xbe, 0xdd, 0xc6, 0xdd, 0xc6, 0xdd, 0xc6, 0xbc, 0xbe, 0x5f, 0xd7, 0x8f, 0x63, 0x00, 0x00, 0x41, 0x00, 0x21,
    0x00, 0x41, 0x00, 0x41, 0x00, 0x41, 0x00, 0x41, 0x00, 0x41, 0x00, 0x41, 0x00, 0x62, 0x08, 0x62, 0x08, 0x62, 0x08,
    0x62, 0x08, 0x82, 0x08, 0x82, 0x08, 0x82, 0x08, 0x82, 0x08, 0xa3, 0x08, 0xa3, 0x08, 0xa3, 0x08, 0xa3, 0x08, 0xa3,
    0x08, 0xc3, 0x08, 0xc3, 0x08, 0xc3, 0x10, 0xc4, 0x10, 0xc4, 0x10, 0xe4, 0x10, 0xe4, 0x10, 0xe4, 0x10, 0xe4, 0x10,
    0xe4, 0x10, 0xe4, 0x10, 0xe4, 0x10, 0xe4, 0x10, 0x05, 0x11, 0x05, 0x11, 0x05, 0x11, 0x05, 0x11, 0x05, 0x11, 0x05,
    0x11, 0x05, 0x11, 0x05, 0x11, 0x05, 0x11, 0x05, 0x11, 0x05, 0x11, 0x05, 0x11, 0x05, 0x11, 0x05, 0x11, 0x04, 0x11,
    0xe4, 0x10, 0xe4, 0x10, 0xe4, 0x10, 0xe4, 0x10, 0xe4, 0x10, 0xe4, 0x10, 0xe4, 0x10, 0xc4, 0x10, 0xc4, 0x10, 0xc4,
    0x10, 0xc3, 0x08, 0xc3, 0x08, 0xa3, 0x08, 0xa3, 0x08, 0xa3, 0x08, 0xa3, 0x08, 0xa3, 0x08, 0x82, 0x08, 0x82, 0x08,
    0x82, 0x08, 0x82, 0x08, 0x62, 0x08, 0x62, 0x08, 0x62, 0x08, 0x62, 0x08, 0x61, 0x08, 0x41, 0x00, 0x41, 0x00, 0x41,
    0x00, 0x41, 0x00, 0x41, 0x00, 0x21, 0x00, 0x41, 0x00, 0x00, 0x00, 0x8f, 0x63, 0x5f, 0xd7, 0xbc, 0xbe, 0xdd, 0xc6,
    0xdd, 0xc6, 0xdd, 0xc6, 0xbc, 0xbe, 0x3e, 0xcf, 0x36, 0x95, 0x20, 0x00, 0x20, 0x00, 0x00, 0x00, 0x00, 0x00, 0x00,
    0x00, 0x00, 0x00, 0x00, 0x00, 0x00, 0x00, 0x00, 0x00, 0x00, 0x00, 0x00, 0x00, 0x00, 0x00, 0x00, 0x00, 0x00, 0x00,
    0x00, 0x00, 0x00, 0x00, 0x00, 0x00, 0x00, 0x00, 0x00, 0x00, 0x00, 0x00, 0x00, 0x00, 0x00, 0x00, 0x00, 0x00, 0x00,
    0x00, 0x00, 0x00, 0x00, 0x00, 0x00, 0x00, 0x00, 0x00, 0x00, 0x00, 0x00, 0x00, 0x00, 0x00, 0x00, 0x00, 0x00, 0x00,
    0x00, 0x00, 0x00, 0x00, 0x00, 0x00, 0x00, 0x00, 0x00, 0x00, 0x00, 0x00, 0x00, 0x00, 0x00, 0x00, 0x00, 0x00, 0x00,
    0x00, 0x00, 0x00, 0x00, 0x00, 0x00, 0x00, 0x00, 0x00, 0x00, 0x00, 0x00, 0x00, 0x00, 0x00, 0x00, 0x00, 0x00, 0x00,
    0x00, 0x00, 0x00, 0x00, 0x00, 0x00, 0x00, 0x00, 0x00, 0x00, 0x00, 0x00, 0x00, 0x00, 0x00, 0x00, 0x00, 0x00, 0x00,
    0x00, 0x00, 0x00, 0x00, 0x00, 0x00, 0x00, 0x00, 0x00, 0x00, 0x00, 0x00, 0x00, 0x00, 0x00, 0x00, 0x00, 0x00, 0x00,
    0x00, 0x00, 0x00, 0x00, 0x00, 0x00, 0x00, 0x00, 0x00, 0x00, 0x00, 0x00, 0x00, 0x00, 0x00, 0x00, 0x00, 0x00, 0x00,
    0x00, 0x00, 0x00, 0x00, 0x00, 0x00, 0x00, 0x00, 0x00, 0x00, 0x00, 0x00, 0x00, 0x00, 0x00, 0x00, 0x00, 0x00, 0x00,
    0x00, 0x00, 0x00, 0x00, 0x00, 0x00, 0x00, 0x00, 0x00, 0x00, 0x00, 0x00, 0x20, 0x00, 0x00, 0x00, 0xa7, 0x31, 0x3f,
    0xcf, 0xfe, 0xc6, 0xbc, 0xbe, 0xbc, 0xbe, 0xbc, 0xbe, 0x3f, 0xcf, 0x5b, 0xb6, 0x82, 0x10, 0x20, 0x00, 0x41, 0x00,
    0x41, 0x00, 0x41, 0x00, 0x41, 0x00, 0x41, 0x00, 0x41, 0x00, 0x61, 0x08, 0x62, 0x08, 0x62, 0x08, 0x62, 0x08, 0x82,
    0x08, 0x82, 0x08, 0x82, 0x08, 0x83, 0x08, 0xa3, 0x08, 0xa3, 0x08, 0xa3, 0x08, 0xa3, 0x08, 0xc3, 0x08, 0xc4, 0x08,
    0xc4, 0x10, 0xc4, 0x10, 0xe4, 0x10, 0xe4, 0x10, 0xe4, 0x10, 0xe4, 0x10, 0xe4, 0x10, 0x05, 0x11, 0x05, 0x11, 0x05,
    0x11, 0x05, 0x11, 0x05, 0x11, 0x05, 0x11, 0x05, 0x11, 0x05, 0x11, 0x05, 0x11, 0x25, 0x11, 0x25, 0x11, 0x25, 0x11,
    0x25, 0x11, 0x25, 0x11, 0x25, 0x11, 0x25, 0x11, 0x25, 0x11, 0x25, 0x11, 0x25, 0x11, 0x05, 0x11, 0x05, 0x11, 0x05,
    0x11, 0x05, 0x11, 0x05, 0x11, 0x05, 0x11, 0x05, 0x11, 0x05, 0x11, 0x05, 0x11, 0xe4, 0x10, 0xe4, 0x10, 0xe4, 0x10,
    0xe4, 0x10, 0xe4, 0x10, 0xc4, 0x10, 0xc4, 0x10, 0xc4, 0x10, 0xc3, 0x08, 0xa3, 0x08, 0xa3, 0x08, 0xa3, 0x08, 0xa3,
    0x08, 0x83, 0x08, 0x82, 0x08, 0x82, 0x08, 0x82, 0x08, 0x62, 0x08, 0x62, 0x08, 0x62, 0x08, 0x62, 0x08, 0x61, 0x00,
    0x41, 0x00, 0x41, 0x00, 0x41, 0x00, 0x41, 0x00, 0x41, 0x00, 0x20, 0x00, 0x82, 0x10, 0x5b, 0xb6, 0x3f, 0xcf, 0xbc,
    0xbe, 0xbc, 0xbe, 0xbc, 0xbe, 0xfe, 0xc6, 0x3f, 0xcf, 0xa7, 0x31, 0x00, 0x00, 0x20, 0x00, 0x00, 0x00, 0x00, 0x00,
    0x00, 0x00, 0x00, 0x00, 0x00, 0x00, 0x00, 0x00, 0x00, 0x00, 0x00, 0x00, 0x00, 0x00, 0x00, 0x00, 0x00, 0x00, 0x00,
    0x00, 0x00, 0x00, 0x00, 0x00, 0x00, 0x00, 0x00, 0x00, 0x00, 0x00, 0x00, 0x00, 0x00, 0x00, 0x00, 0x00, 0x00, 0x00,
    0x00, 0x00, 0x00, 0x00, 0x00, 0x00, 0x00, 0x00, 0x00, 0x00, 0x00, 0x00, 0x00, 0x00, 0x00, 0x00, 0x00, 0x00, 0x00,
    0x00, 0x00, 0x00, 0x00, 0x00, 0x00, 0x00, 0x00, 0x00, 0x00, 0x00, 0x00, 0x00, 0x00, 0x00, 0x00, 0x00, 0x00, 0x00,
    0x00, 0x00, 0x00, 0x00, 0x00, 0x00, 0x00, 0x00, 0x00, 0x00, 0x00, 0x00, 0x00, 0x00, 0x00, 0x00, 0x00, 0x00, 0x00,
    0x00, 0x00, 0x00, 0x00, 0x00, 0x00, 0x00, 0x00, 0x00, 0x00, 0x00, 0x00, 0x00, 0x00, 0x00, 0x00, 0x00, 0x00, 0x00,
    0x00, 0x00, 0x00, 0x00, 0x00, 0x00, 0x00, 0x00, 0x00, 0x00, 0x00, 0x00, 0x00, 0x00, 0x00, 0x00, 0x00, 0x00, 0x00,
    0x00, 0x00, 0x00, 0x00, 0x00, 0x00, 0x00, 0x00, 0x00, 0x00, 0x00, 0x00, 0x00, 0x00, 0x00, 0x00, 0x00, 0x00, 0x00,
    0x00, 0x00, 0x00, 0x00, 0x00, 0x00, 0x00, 0x00, 0x00, 0x00, 0x00, 0x00, 0x00, 0x00, 0x00, 0x00, 0x00, 0x00, 0x00,
    0x00, 0x00, 0x00, 0x00, 0x00, 0x00, 0x00, 0x00, 0x00, 0x00, 0x00, 0x00, 0x00, 0x00, 0x00, 0x20, 0x00, 0x00, 0x00,
    0xab, 0x4a, 0x9c, 0xbe, 0x5f, 0xd7, 0x5f, 0xd7, 0x5f, 0xcf, 0xf9, 0xad, 0x86, 0x29, 0x00, 0x00, 0x41, 0x00, 0x41,
    0x00, 0x41, 0x00, 0x41, 0x00, 0x41, 0x00, 0x61, 0x08, 0x62, 0x08, 0x62, 0x08, 0x62, 0x08, 0x82, 0x08, 0x82, 0x08,
    0x82, 0x08, 0xa3, 0x08, 0xa3, 0x08, 0xa3, 0x08, 0xa3, 0x08, 0xc3, 0x08, 0xc3, 0x08, 0xc4, 0x10, 0xc4, 0x10, 0xe4,
    0x10, 0xe4, 0x10, 0xe4, 0x10, 0xe4, 0x10, 0x04, 0x11, 0x05, 0x11, 0x05, 0x11, 0x05, 0x11, 0x05, 0x11, 0x05, 0x11,
    0x25, 0x11, 0x25, 0x11, 0x25, 0x11, 0x26, 0x19, 0x26, 0x19, 0x26, 0x19, 0x46, 0x19, 0x46, 0x19, 0x46, 0x19, 0x46,
    0x19, 0x46, 0x19, 0x46, 0x19, 0x46, 0x19, 0x46, 0x19, 0x46, 0x19, 0x46, 0x19, 0x46, 0x19, 0x46, 0x19, 0x26, 0x19,
    0x26, 0x19, 0x26, 0x19, 0x26, 0x11, 0x25, 0x11, 0x25, 0x11, 0x25, 0x11, 0x05, 0x11, 0x05, 0x11, 0x05, 0x11, 0x05,
    0x11, 0x05, 0x11, 0xe4, 0x10, 0xe4, 0x10, 0xe4, 0x10, 0xe4, 0x10, 0xc4, 0x10, 0xc4, 0x10, 0xc4, 0x10, 0xc3, 0x08,
    0xa3, 0x08, 0xa3, 0x08, 0xa3, 0x08, 0xa3, 0x08, 0x82, 0x08, 0x82, 0x08, 0x82, 0x08, 0x82, 0x08, 0x62, 0x08, 0x62,
    0x08, 0x62, 0x08, 0x41, 0x00, 0x41, 0x00, 0x41, 0x00, 0x41, 0x00, 0x41, 0x00, 0x00, 0x00, 0x86, 0x29, 0xf9, 0xad,
    0x5f, 0xcf, 0x5f, 0xd7, 0x5f, 0xd7, 0x9c, 0xbe, 0xab, 0x4a, 0x00, 0x00, 0x20, 0x00, 0x00, 0x00, 0x00, 0x00, 0x00,
    0x00, 0x00, 0x00, 0x00, 0x00, 0x00, 0x00, 0x00, 0x00, 0x00, 0x00, 0x00, 0x00, 0x00, 0x00, 0x00, 0x00, 0x00, 0x00,
    0x00, 0x00, 0x00, 0x00, 0x00, 0x00, 0x00, 0x00, 0x00, 0x00, 0x00, 0x00, 0x00, 0x00, 0x00, 0x00, 0x00, 0x00, 0x00,
    0x00, 0x00, 0x00, 0x00, 0x00, 0x00, 0x00, 0x00, 0x00, 0x00, 0x00, 0x00, 0x00, 0x00, 0x00, 0x00, 0x00, 0x00, 0x00,
    0x00, 0x00, 0x00, 0x00, 0x00, 0x00, 0x00, 0x00, 0x00, 0x00, 0x00, 0x00, 0x00, 0x00, 0x00, 0x00, 0x00, 0x00, 0x00,
    0x00, 0x00, 0x00, 0x00, 0x00, 0x00, 0x00, 0x00, 0x00, 0x00, 0x00, 0x00, 0x00, 0x00, 0x00, 0x00, 0x00, 0x00, 0x00,
    0x00, 0x00, 0x00, 0x00, 0x00, 0x00, 0x00, 0x00, 0x00, 0x00, 0x00, 0x00, 0x00, 0x00, 0x00, 0x00, 0x00, 0x00, 0x00,
    0x00, 0x00, 0x00, 0x00, 0x00, 0x00, 0x00, 0x00, 0x00, 0x00, 0x00, 0x00, 0x00, 0x00, 0x00, 0x00, 0x00, 0x00, 0x00,
    0x00, 0x00, 0x00, 0x00, 0x00, 0x00, 0x00, 0x00, 0x00, 0x00, 0x00, 0x00, 0x00, 0x00, 0x00, 0x00, 0x00, 0x00, 0x00,
    0x00, 0x00, 0x00, 0x00, 0x00, 0x00, 0x00, 0x00, 0x00, 0x00, 0x00, 0x00, 0x00, 0x00, 0x00, 0x00, 0x00, 0x00, 0x00,
    0x00, 0x00, 0x00, 0x00, 0x00, 0x00, 0x00, 0x00, 0x00, 0x00, 0x00, 0x00, 0x00, 0x00, 0x00, 0x00, 0x00, 0x00, 0x20,
    0x00, 0x00, 0x00, 0xa2, 0x10, 0x2d, 0x5b, 0xaf, 0x6b, 0xab, 0x4a, 0x41, 0x00, 0x00, 0x00, 0x41, 0x00, 0x41, 0x00,
    0x41, 0x00, 0x41, 0x00, 0x61, 0x08, 0x62, 0x08, 0x62, 0x08, 0x62, 0x08, 0x82, 0x08, 0x82, 0x08, 0x82, 0x08, 0xa3,
    0x08, 0xa3, 0x08, 0xa3, 0x08, 0xa3, 0x08, 0xc3, 0x08, 0xc3, 0x10, 0xc4, 0x10, 0xe4, 0x10, 0xe4, 0x10, 0xe4, 0x10,
    0xe4, 0x10, 0x05, 0x11, 0x05, 0x11, 0x05, 0x11, 0x05, 0x11, 0x25, 0x11, 0x25, 0x11, 0x25, 0x11, 0x26, 0x19, 0x46,
    0x19, 0x46, 0x19, 0x46, 0x19, 0x66, 0x19, 0x67, 0x19, 0x67, 0x19, 0x67, 0x19, 0x67, 0x19, 0x67, 0x19, 0x46, 0x19,
    0x46, 0x19, 0x46, 0x19, 0x46, 0x19, 0x46, 0x19, 0x46, 0x19, 0x46, 0x19, 0x46, 0x19, 0x67, 0x19, 0x67, 0x19, 0x67,
    0x19, 0x67, 0x19, 0x67, 0x19, 0x66, 0x19, 0x46, 0x19, 0x46, 0x19, 0x46, 0x19, 0x26, 0x19, 0x25, 0x11, 0x25, 0x11,
    0x25, 0x11, 0x05, 0x11, 0x05, 0x11, 0x05, 0x11, 0x05, 0x11, 0xe4, 0x10, 0xe4, 0x10, 0xe4, 0x10, 0xe4, 0x10, 0xc4,
    0x10, 0xc4, 0x10, 0xc3, 0x08, 0xc3, 0x08, 0xa3, 0x08, 0xa3, 0x08, 0xa3, 0x08, 0x82, 0x08, 0x82, 0x08, 0x82, 0x08,
    0x62, 0x08, 0x62, 0x08, 0x62, 0x08, 0x61, 0x08, 0x41, 0x00, 0x41, 0x00, 0x41, 0x00, 0x41, 0x00, 0x00, 0x00, 0x41,
    0x00, 0xab, 0x4a, 0xaf, 0x6b, 0x2d, 0x5b, 0xa2, 0x10, 0x00, 0x00, 0x20, 0x00, 0x00, 0x00, 0x00, 0x00, 0x00, 0x00,
    0x00, 0x00, 0x00, 0x00, 0x00, 0x00, 0x00, 0x00, 0x00, 0x00, 0x00, 0x00, 0x00, 0x00, 0x00, 0x00, 0x00, 0x00, 0x00,
    0x00, 0x00, 0x00, 0x00, 0x00, 0x00, 0x00, 0x00, 0x00, 0x00, 0x00, 0x00, 0x00, 0x00, 0x00, 0x00, 0x00, 0x00, 0x00,
    0x00, 0x00, 0x00, 0x00, 0x00, 0x00, 0x00, 0x00, 0x00, 0x00, 0x00, 0x00, 0x00, 0x00, 0x00, 0x00, 0x00, 0x00, 0x00,
    0x00, 0x00, 0x00, 0x00, 0x00, 0x00, 0x00, 0x00, 0x00, 0x00, 0x00, 0x00, 0x00, 0x00, 0x00, 0x00, 0x00, 0x00, 0x00,
    0x00, 0x00, 0x00, 0x00, 0x00, 0x00, 0x00, 0x00, 0x00, 0x00, 0x00, 0x00, 0x00, 0x00, 0x00, 0x00, 0x00, 0x00, 0x00,
    0x00, 0x00, 0x00, 0x00, 0x00, 0x00, 0x00, 0x00, 0x00, 0x00, 0x00, 0x00, 0x00, 0x00, 0x00, 0x00, 0x00, 0x00, 0x00,
    0x00, 0x00, 0x00, 0x00, 0x00, 0x00, 0x00, 0x00, 0x00, 0x00, 0x00, 0x00, 0x00, 0x00, 0x00, 0x00, 0x00, 0x00, 0x00,
    0x00, 0x00, 0x00, 0x00, 0x00, 0x00, 0x00, 0x00, 0x00, 0x00, 0x00, 0x00, 0x00, 0x00, 0x00, 0x00, 0x00, 0x00, 0x00,
    0x00, 0x00, 0x00, 0x00, 0x00, 0x00, 0x00, 0x00, 0x00, 0x00, 0x00, 0x00, 0x00, 0x00, 0x00, 0x00, 0x00, 0x00, 0x00,
    0x00, 0x00, 0x00, 0x00, 0x00, 0x00, 0x00, 0x00, 0x00, 0x00, 0x00, 0x00, 0x00, 0x00, 0x00, 0x00, 0x00, 0x20, 0x00,
    0x20, 0x00, 0x21, 0x00, 0x00, 0x00, 0x00, 0x00, 0x00, 0x00, 0x00, 0x00, 0x21, 0x00, 0x41, 0x00, 0x41, 0x00, 0x41,
    0x00, 0x61, 0x00, 0x62, 0x08, 0x62, 0x08, 0x62, 0x08, 0x82, 0x08, 0x82, 0x08, 0x82, 0x08, 0xa3, 0x08, 0xa3, 0x08,
    0xa3, 0x08, 0xa3, 0x08, 0xc3, 0x08, 0xc4, 0x10, 0xc4, 0x10, 0xe4, 0x10, 0xe4, 0x10, 0xe4, 0x10, 0x05, 0x11, 0x05,
    0x11, 0x05, 0x11, 0x05, 0x11, 0x25, 0x11, 0x25, 0x11, 0x26, 0x19, 0x46, 0x19, 0x46, 0x19, 0x66, 0x19, 0x67, 0x19,
    0x67, 0x19, 0x46, 0x19, 0x26, 0x11, 0x05, 0x11, 0x05, 0x11, 0x05, 0x09, 0x26, 0x11, 0x26, 0x11, 0x26, 0x11, 0xa8,
    0x21, 0xe9, 0x29, 0xe9, 0x29, 0xe9, 0x29, 0xe9, 0x29, 0xe9, 0x29, 0xe9, 0x29, 0xc8, 0x29, 0x46, 0x11, 0x26, 0x11,
    0x26, 0x11, 0x05, 0x11, 0x05, 0x09, 0x05, 0x11, 0x26, 0x11, 0x46, 0x19, 0x66, 0x19, 0x67, 0x19, 0x66, 0x19, 0x46,
    0x19, 0x46, 0x19, 0x26, 0x19, 0x26, 0x19, 0x25, 0x11, 0x25, 0x11, 0x05, 0x11, 0x05, 0x11, 0x05, 0x11, 0xe4, 0x10,
    0xe4, 0x10, 0xe4, 0x10, 0xe4, 0x10, 0xc4, 0x10, 0xc3, 0x08, 0xa3, 0x08, 0xa3, 0x08, 0xa3, 0x08, 0xa3, 0x08, 0x82,
    0x08, 0x82, 0x08, 0x82, 0x08, 0x62, 0x08, 0x62, 0x08, 0x62, 0x08, 0x61, 0x00, 0x41, 0x00, 0x41, 0x00, 0x41, 0x00,
    0x21, 0x00, 0x00, 0x00, 0x00, 0x00, 0x00, 0x00, 0x00, 0x00, 0x21, 0x00, 0x20, 0x00, 0x20, 0x00, 0x00, 0x00, 0x00,
    0x00, 0x00, 0x00, 0x00, 0x00, 0x00, 0x00, 0x00, 0x00, 0x00, 0x00, 0x00, 0x00, 0x00, 0x00, 0x00, 0x00, 0x00, 0x00,
    0x00, 0x00, 0x00, 0x00, 0x00, 0x00, 0x00, 0x00, 0x00, 0x00, 0x00, 0x00, 0x00, 0x00, 0x00, 0x00, 0x00, 0x00, 0x00,
    0x00, 0x00, 0x00, 0x00, 0x00, 0x00, 0x00, 0x00, 0x00, 0x00, 0x00, 0x00, 0x00, 0x00, 0x00, 0x00, 0x00, 0x00, 0x00,
    0x00, 0x00, 0x00, 0x00, 0x00, 0x00, 0x00, 0x00, 0x00, 0x00, 0x00, 0x00, 0x00, 0x00, 0x00, 0x00, 0x00, 0x00, 0x00,
    0x00, 0x00, 0x00, 0x00, 0x00, 0x00, 0x00, 0x00, 0x00, 0x00, 0x00, 0x00, 0x00, 0x00, 0x00, 0x00, 0x00, 0x00, 0x00,
    0x00, 0x00, 0x00, 0x00, 0x00, 0x00, 0x00, 0x00, 0x00, 0x00, 0x00, 0x00, 0x00, 0x00, 0x00, 0x00, 0x00, 0x00, 0x00,
    0x00, 0x00, 0x00, 0x00, 0x00, 0x00, 0x00, 0x00, 0x00, 0x00, 0x00, 0x00, 0x00, 0x00, 0x00, 0x00, 0x00, 0x00, 0x00,
    0x00, 0x00, 0x00, 0x00, 0x00, 0x00, 0x00, 0x00, 0x00, 0x00, 0x00, 0x00, 0x00, 0x00, 0x00, 0x00, 0x00, 0x00, 0x00,
    0x00, 0x00, 0x00, 0x00, 0x00, 0x00, 0x00, 0x00, 0x00, 0x00, 0x00, 0x00, 0x00, 0x00, 0x00, 0x00, 0x00, 0x00, 0x00,
    0x00, 0x00, 0x00, 0x00, 0x00, 0x00, 0x00, 0x00, 0x00, 0x00, 0x00, 0x00, 0x00, 0x00, 0x00, 0x00, 0x20, 0x00, 0x20,
    0x00, 0x20, 0x00, 0x20, 0x00, 0x21, 0x00, 0x41, 0x00, 0x41, 0x08, 0x41, 0x08, 0x41, 0x00, 0x41, 0x00, 0x41, 0x00,
    0x61, 0x08, 0x62, 0x08, 0x62, 0x08, 0x62, 0x08, 0x82, 0x08, 0x82, 0x08, 0x83, 0x08, 0xa3, 0x08, 0xa3, 0x08, 0xa3,
    0x08, 0xc3, 0x08, 0xc4, 0x10, 0xe4, 0x10, 0xe4, 0x10, 0xe4, 0x10, 0x05, 0x11, 0x05, 0x11, 0x05, 0x11, 0x05, 0x11,
    0x25, 0x11, 0x25, 0x11, 0x26, 0x19, 0x46, 0x19, 0x46, 0x19, 0x67, 0x19, 0x66, 0x19, 0x26, 0x11, 0x05, 0x11, 0x05,
    0x11, 0x26, 0x11, 0xa8, 0x21, 0x8b, 0x3a, 0x0d, 0x4b, 0x32, 0x74, 0x93, 0x7c, 0x98, 0x9d, 0x19, 0xae, 0xf9, 0xa5,
    0xdd, 0xc6, 0x3e, 0xcf, 0x1e, 0xcf, 0x3e, 0xcf, 0x3e, 0xcf, 0x1e, 0xcf, 0x1e, 0xcf, 0x1d, 0xcf, 0x19, 0xae, 0xf9,
    0xa5, 0xd9, 0xa5, 0x94, 0x7c, 0x53, 0x74, 0x2e, 0x53, 0xac, 0x42, 0xc8, 0x21, 0x46, 0x19, 0x05, 0x11, 0x05, 0x11,
    0x26, 0x11, 0x46, 0x19, 0x67, 0x19, 0x66, 0x19, 0x46, 0x19, 0x46, 0x19, 0x26, 0x19, 0x25, 0x11, 0x25, 0x11, 0x05,
    0x11, 0x05, 0x11, 0x04, 0x11, 0xe4, 0x10, 0xe4, 0x10, 0xe4, 0x10, 0xc4, 0x10, 0xc3, 0x08, 0xa3, 0x08, 0xa3, 0x08,
    0xa3, 0x08, 0xa3, 0x08, 0x82, 0x08, 0x82, 0x08, 0x82, 0x08, 0x62, 0x08, 0x62, 0x08, 0x62, 0x08, 0x41, 0x00, 0x41,
    0x00, 0x41, 0x00, 0x61, 0x08, 0x61, 0x08, 0x41, 0x00, 0x21, 0x00, 0x20, 0x00, 0x20, 0x00, 0x20, 0x00, 0x20, 0x00,
    0x20, 0x00, 0x00, 0x00, 0x00, 0x00, 0x00, 0x00, 0x00, 0x00, 0x00, 0x00, 0x00, 0x00, 0x00, 0x00, 0x00, 0x00, 0x00,
    0x00, 0x00, 0x00, 0x00, 0x00, 0x00, 0x00, 0x00, 0x00, 0x00, 0x00, 0x00, 0x00, 0x00, 0x00, 0x00, 0x00, 0x00, 0x00,
    0x00, 0x00, 0x00, 0x00, 0x00, 0x00, 0x00, 0x00, 0x00, 0x00, 0x00, 0x00, 0x00, 0x00, 0x00, 0x00, 0x00, 0x00, 0x00,
    0x00, 0x00, 0x00, 0x00, 0x00, 0x00, 0x00, 0x00, 0x00, 0x00, 0x00, 0x00, 0x00, 0x00, 0x00, 0x00, 0x00, 0x00, 0x00,
    0x00, 0x00, 0x00, 0x00, 0x00, 0x00, 0x00, 0x00, 0x00, 0x00, 0x00, 0x00, 0x00, 0x00, 0x00, 0x00, 0x00, 0x00, 0x00,
    0x00, 0x00, 0x00, 0x00, 0x00, 0x00, 0x00, 0x00, 0x00, 0x00, 0x00, 0x00, 0x00, 0x00, 0x00, 0x00, 0x00, 0x00, 0x00,
    0x00, 0x00, 0x00, 0x00, 0x00, 0x00, 0x00, 0x00, 0x00, 0x00, 0x00, 0x00, 0x00, 0x00, 0x00, 0x00, 0x00, 0x00, 0x00,
    0x00, 0x00, 0x00, 0x00, 0x00, 0x00, 0x00, 0x00, 0x00, 0x00, 0x00, 0x00, 0x00, 0x00, 0x00, 0x00, 0x00, 0x00, 0x00,
    0x00, 0x00, 0x00, 0x00, 0x00, 0x00, 0x00, 0x00, 0x00, 0x00, 0x00, 0x00, 0x00, 0x00, 0x00, 0x00, 0x00, 0x00, 0x00,
    0x00, 0x00, 0x00, 0x00, 0x00, 0x00, 0x00, 0x00, 0x00, 0x00, 0x00, 0x00, 0x00, 0x00, 0x00, 0x20, 0x00, 0x20, 0x00,
    0x20, 0x00, 0x20, 0x00, 0x21, 0x00, 0x21, 0x00, 0x41, 0x00, 0x41, 0x00, 0x41, 0x00, 0x41, 0x00, 0x61, 0x00, 0x62,
    0x08, 0x62, 0x08, 0x62, 0x08, 0x82, 0x08, 0x82, 0x08, 0x83, 0x08, 0xa3, 0x08, 0xa3, 0x08, 0xa3, 0x08, 0xc3, 0x08,
    0xc4, 0x10, 0xe4, 0x10, 0xe4, 0x10, 0xe4, 0x10, 0x04, 0x11, 0x05, 0x11, 0x05, 0x11, 0x25, 0x11, 0x25, 0x11, 0x26,
    0x19, 0x46, 0x19, 0x66, 0x19, 0x67, 0x19, 0x46, 0x19, 0x26, 0x11, 0x05, 0x11, 0x46, 0x19, 0x2a, 0x32, 0x6f, 0x5b,
    0xb4, 0x84, 0xd9, 0xa5, 0xdd, 0xc6, 0x9f, 0xdf, 0xdf, 0xe7, 0xff, 0xe7, 0xff, 0xe7, 0xdf, 0xe7, 0xdf, 0xe7, 0xdf,
    0xe7, 0xbf, 0xdf, 0x9f, 0xdf, 0xbf, 0xdf, 0x9f, 0xdf, 0x9f, 0xdf, 0x9f, 0xdf, 0x9f, 0xdf, 0x9f, 0xdf, 0xdf, 0xdf,
    0xdf, 0xdf, 0xbf, 0xdf, 0xdf, 0xe7, 0xdf, 0xe7, 0xbf, 0xdf, 0x9f, 0xd7, 0xfd, 0xc6, 0x19, 0xae, 0xf5, 0x84, 0xb0,
    0x63, 0x6b, 0x3a, 0x87, 0x19, 0x05, 0x11, 0x05, 0x11, 0x46, 0x19, 0x67, 0x19, 0x66, 0x19, 0x46, 0x19, 0x46, 0x19,
    0x25, 0x11, 0x25, 0x11, 0x05, 0x11, 0x05, 0x11, 0x05, 0x11, 0xe4, 0x10, 0xe4, 0x10, 0xe4, 0x10, 0xc4, 0x10, 0xc3,
    0x08, 0xa3, 0x08, 0xa3, 0x08, 0xa3, 0x08, 0x83, 0x08, 0x82, 0x08, 0x82, 0x08, 0x62, 0x08, 0x62, 0x08, 0x62, 0x08,
    0x61, 0x00, 0x41, 0x00, 0x41, 0x00, 0x41, 0x00, 0x41, 0x00, 0x21, 0x00, 0x21, 0x00, 0x20, 0x00, 0x20, 0x00, 0x20,
    0x00, 0x20, 0x00, 0x20, 0x00, 0x00, 0x00, 0x00, 0x00, 0x00, 0x00, 0x00, 0x00, 0x00, 0x00, 0x00, 0x00, 0x00, 0x00,
    0x00, 0x00, 0x00, 0x00, 0x00, 0x00, 0x00, 0x00, 0x00, 0x00, 0x00, 0x00, 0x00, 0x00, 0x00, 0x00, 0x00, 0x00, 0x00,
    0x00, 0x00, 0x00, 0x00, 0x00, 0x00, 0x00, 0x00, 0x00, 0x00, 0x00, 0x00, 0x00, 0x00, 0x00, 0x00, 0x00, 0x00, 0x00,
    0x00, 0x00, 0x00, 0x00, 0x00, 0x00, 0x00, 0x00, 0x00, 0x00, 0x00, 0x00, 0x00, 0x00, 0x00, 0x00, 0x00, 0x00, 0x00,
    0x00, 0x00, 0x00, 0x00, 0x00, 0x00, 0x00, 0x00, 0x00, 0x00, 0x00, 0x00, 0x00, 0x00, 0x00, 0x00, 0x00, 0x00, 0x00,
    0x00, 0x00, 0x00, 0x00, 0x00, 0x00, 0x00, 0x00, 0x00, 0x00, 0x00, 0x00, 0x00, 0x00, 0x00, 0x00, 0x00, 0x00, 0x00,
    0x00, 0x00, 0x00, 0x00, 0x00, 0x00, 0x00, 0x00, 0x00, 0x00, 0x00, 0x00, 0x00, 0x00, 0x00, 0x00, 0x00, 0x00, 0x00,
    0x00, 0x00, 0x00, 0x00, 0x00, 0x00, 0x00, 0x00, 0x00, 0x00, 0x00, 0x00, 0x00, 0x00, 0x00, 0x00, 0x00, 0x00, 0x00,
    0x00, 0x00, 0x00, 0x00, 0x00, 0x00, 0x00, 0x00, 0x00, 0x00, 0x00, 0x00, 0x00, 0x00, 0x00, 0x00, 0x00, 0x00, 0x00,
    0x00, 0x00, 0x00, 0x00, 0x00, 0x00, 0x00, 0x00, 0x00, 0x00, 0x00, 0x00, 0x00, 0x00, 0x20, 0x00, 0x20, 0x00, 0x20,
    0x00, 0x20, 0x00, 0x21, 0x00, 0x21, 0x00, 0x41, 0x00, 0x41, 0x00, 0x41, 0x00, 0x41, 0x00, 0x61, 0x08, 0x62, 0x08,
    0x62, 0x08, 0x82, 0x08, 0x82, 0x08, 0x82, 0x08, 0xa3, 0x08, 0xa3, 0x08, 0xa3, 0x08, 0xc3, 0x08, 0xc4, 0x10, 0xc4,
    0x10, 0xe4, 0x10, 0xe4, 0x10, 0x05, 0x11, 0x05, 0x11, 0x05, 0x11, 0x25, 0x11, 0x26, 0x19, 0x46, 0x19, 0x46, 0x19,
    0x67, 0x19, 0x46, 0x19, 0x26, 0x11, 0x05, 0x11, 0xa8, 0x21, 0xcc, 0x42, 0xd4, 0x84, 0x5a, 0xb6, 0x5e, 0xd7, 0xdf,
    0xe7, 0xff, 0xe7, 0xdf, 0xe7, 0xbf, 0xdf, 0x9f, 0xdf, 0x7f, 0xdf, 0x7f, 0xdf, 0x7f, 0xdf, 0x7f, 0xdf, 0x7f, 0xdf,
    0x7f, 0xdf, 0x7f, 0xd7, 0x7f, 0xd7, 0x7f, 0xd7, 0x7f, 0xd7, 0x7f, 0xd7, 0x7f, 0xd7, 0x7f, 0xd7, 0x7f, 0xd7, 0x7f,
    0xd7, 0x7f, 0xd7, 0x7f, 0xd7, 0x7f, 0xd7, 0x5f, 0xd7, 0x5f, 0xd7, 0x7f, 0xd7, 0x7f, 0xd7, 0xbf, 0xdf, 0xdf, 0xdf,
    0xbf, 0xdf, 0x5f, 0xd7, 0x7b, 0xb6, 0x36, 0x8d, 0x2e, 0x53, 0xe9, 0x29, 0x26, 0x11, 0x05, 0x11, 0x46, 0x19, 0x67,
    0x19, 0x46, 0x19, 0x46, 0x19, 0x26, 0x19, 0x25, 0x11, 0x05, 0x11, 0x05, 0x11, 0x05, 0x11, 0xe4, 0x10, 0xe4, 0x10,
    0xe4, 0x10, 0xc4, 0x10, 0xc3, 0x08, 0xa3, 0x08, 0xa3, 0x08, 0xa3, 0x08, 0x82, 0x08, 0x82, 0x08, 0x82, 0x08, 0x62,
    0x08, 0x62, 0x08, 0x62, 0x08, 0x41, 0x00, 0x41, 0x00, 0x41, 0x00, 0x41, 0x00, 0x21, 0x00, 0x21, 0x00, 0x20, 0x00,
    0x20, 0x00, 0x20, 0x00, 0x20, 0x00, 0x20, 0x00, 0x00, 0x00, 0x00, 0x00, 0x00, 0x00, 0x00, 0x00, 0x00, 0x00, 0x00,
    0x00, 0x00, 0x00, 0x00, 0x00, 0x00, 0x00, 0x00, 0x00, 0x00, 0x00, 0x00, 0x00, 0x00, 0x00, 0x00, 0x00, 0x00, 0x00,
    0x00, 0x00, 0x00, 0x00, 0x00, 0x00, 0x00, 0x00, 0x00, 0x00, 0x00, 0x00, 0x00, 0x00, 0x00, 0x00, 0x00, 0x00, 0x00,
    0x00, 0x00, 0x00, 0x00, 0x00, 0x00, 0x00, 0x00, 0x00, 0x00, 0x00, 0x00, 0x00, 0x00, 0x00, 0x00, 0x00, 0x00, 0x00,
    0x00, 0x00, 0x00, 0x00, 0x00, 0x00, 0x00, 0x00, 0x00, 0x00, 0x00, 0x00, 0x00, 0x00, 0x00, 0x00, 0x00, 0x00, 0x00,
    0x00, 0x00, 0x00, 0x00, 0x00, 0x00, 0x00, 0x00, 0x00, 0x00, 0x00, 0x00, 0x00, 0x00, 0x00, 0x00, 0x00, 0x00, 0x00,
    0x00, 0x00, 0x00, 0x00, 0x00, 0x00, 0x00, 0x00, 0x00, 0x00, 0x00, 0x00, 0x00, 0x00, 0x00, 0x00, 0x00, 0x00, 0x00,
    0x00, 0x00, 0x00, 0x00, 0x00, 0x00, 0x00, 0x00, 0x00, 0x00, 0x00, 0x00, 0x00, 0x00, 0x00, 0x00, 0x00, 0x00, 0x00,
    0x00, 0x00, 0x00, 0x00, 0x00, 0x00, 0x00, 0x00, 0x00, 0x00, 0x00, 0x00, 0x00, 0x00, 0x00, 0x00, 0x00, 0x00, 0x00,
    0x00, 0x00, 0x00, 0x00, 0x00, 0x00, 0x00, 0x00, 0x00, 0x00, 0x00, 0x00, 0x00, 0x20, 0x00, 0x20, 0x00, 0x20, 0x00,
    0x20, 0x00, 0x21, 0x00, 0x41, 0x00, 0x41, 0x00, 0x41, 0x00, 0x41, 0x00, 0x41, 0x00, 0x61, 0x08, 0x62, 0x08, 0x62,
    0x08, 0x82, 0x08, 0x82, 0x08, 0x83, 0x08, 0xa3, 0x08, 0xa3, 0x08, 0xa3, 0x08, 0xc4, 0x10, 0xc4, 0x10, 0xe4, 0x10,
    0xe4, 0x10, 0x04, 0x11, 0x05, 0x11, 0x05, 0x11, 0x25, 0x11, 0x26, 0x19, 0x46, 0x19, 0x66, 0x19, 0x67, 0x19, 0x46,
    0x11, 0x05, 0x11, 0x87, 0x19, 0xcc, 0x42, 0x36, 0x95, 0xfd, 0xc6, 0xbf, 0xdf, 0xff, 0xe7, 0xdf, 0xe7, 0x9f, 0xdf,
    0x7f, 0xdf, 0x7f, 0xdf, 0x7f, 0xdf, 0x7f, 0xdf, 0x7f, 0xd7, 0x5f, 0xcf, 0x5f, 0xc7, 0x3f, 0xc7, 0x3f, 0xbf, 0x1f,
    0xb7, 0x1f, 0xb7, 0x1f, 0xaf, 0xff, 0xae, 0xff, 0xae, 0xff, 0xae, 0xff, 0xae, 0xdf, 0xae, 0xdf, 0xa6, 0xdf, 0xa6,
    0xff, 0xae, 0xff, 0xae, 0xff, 0xae, 0x1f, 0xbf, 0x1f, 0xbf, 0x3f, 0xc7, 0x3f, 0xcf, 0x5f, 0xd7, 0x5f, 0xd7, 0x5f,
    0xd7, 0x5f, 0xd7, 0x5f, 0xd7, 0x7f, 0xd7, 0xbf, 0xdf, 0x9f, 0xd7, 0xfd, 0xc6, 0x98, 0x9d, 0x4e, 0x53, 0xc8, 0x21,
    0x05, 0x11, 0x26, 0x11, 0x67, 0x19, 0x66, 0x19, 0x46, 0x19, 0x26, 0x19, 0x25, 0x11, 0x05, 0x11, 0x05, 0x11, 0x05,
    0x11, 0xe4, 0x10, 0xe4, 0x10, 0xc4, 0x10, 0xc4, 0x10, 0xc3, 0x08, 0xa3, 0x08, 0xa3, 0x08, 0xa3, 0x08, 0x82, 0x08,
    0x82, 0x08, 0x62, 0x08, 0x62, 0x08, 0x62, 0x08, 0x41, 0x00, 0x41, 0x00, 0x41, 0x00, 0x41, 0x00, 0x41, 0x00, 0x21,
    0x00, 0x21, 0x00, 0x20, 0x00, 0x20, 0x00, 0x20, 0x00, 0x20, 0x00, 0x00, 0x00, 0x00, 0x00, 0x00, 0x00, 0x00, 0x00,
    0x00, 0x00, 0x00, 0x00, 0x00, 0x00, 0x00, 0x00, 0x00, 0x00, 0x00, 0x00, 0x00, 0x00, 0x00, 0x00, 0x00, 0x00, 0x00,
    0x00, 0x00, 0x00, 0x00, 0x00, 0x00, 0x00, 0x00, 0x00, 0x00, 0x00, 0x00, 0x00, 0x00, 0x00, 0x00, 0x00, 0x00, 0x00,
    0x00, 0x00, 0x00, 0x00, 0x00, 0x00, 0x00, 0x00, 0x00, 0x00, 0x00, 0x00, 0x00, 0x00, 0x00, 0x00, 0x00, 0x00, 0x00,
    0x00, 0x00, 0x00, 0x00, 0x00, 0x00, 0x00, 0x00, 0x00, 0x00, 0x00, 0x00, 0x00, 0x00, 0x00, 0x00, 0x00, 0x00, 0x00,
    0x00, 0x00, 0x00, 0x00, 0x00, 0x00, 0x00, 0x00, 0x00, 0x00, 0x00, 0x00, 0x00, 0x00, 0x00, 0x00, 0x00, 0x00, 0x00,
    0x00, 0x00, 0x00, 0x00, 0x00, 0x00, 0x00, 0x00, 0x00, 0x00, 0x00, 0x00, 0x00, 0x00, 0x00, 0x00, 0x00, 0x00, 0x00,
    0x00, 0x00, 0x00, 0x00, 0x00, 0x00, 0x00, 0x00, 0x00, 0x00, 0x00, 0x00, 0x00, 0x00, 0x00, 0x00, 0x00, 0x00, 0x00,
    0x00, 0x00, 0x00, 0x00, 0x00, 0x00, 0x00, 0x00, 0x00, 0x00, 0x00, 0x00, 0x00, 0x00, 0x00, 0x00, 0x00, 0x00, 0x00,
    0x00, 0x00, 0x00, 0x00, 0x00, 0x00, 0x00, 0x00, 0x00, 0x00, 0x00, 0x00, 0x20, 0x00, 0x20, 0x00, 0x20, 0x00, 0x20,
    0x00, 0x21, 0x00, 0x41, 0x00, 0x41, 0x00, 0x41, 0x00, 0x41, 0x00, 0x41, 0x00, 0x62, 0x08, 0x62, 0x08, 0x62, 0x08,
    0x82, 0x08, 0x82, 0x08, 0xa3, 0x08, 0xa3, 0x08, 0xa3, 0x08, 0xc3, 0x08, 0xc4, 0x10, 0xe4, 0x10, 0xe4, 0x10, 0xe5,
    0x10, 0x05, 0x11, 0x05, 0x11, 0x25, 0x11, 0x26, 0x19, 0x46, 0x19, 0x66, 0x19, 0x67, 0x19, 0x25, 0x11, 0x26, 0x11,
    0x09, 0x2a, 0x93, 0x7c, 0xbb, 0xbe, 0xbf, 0xdf, 0xff, 0xe7, 0xbf, 0xdf, 0x9f, 0xdf, 0x7f, 0xdf, 0x7f, 0xdf, 0x7f,
    0xd7, 0x5f, 0xcf, 0x3f, 0xc7, 0x3f, 0xbf, 0x1f, 0xb7, 0xff, 0xae, 0xff, 0xae, 0xff, 0xa6, 0xff, 0xa6, 0xff, 0xa6,
    0xff, 0xae, 0xff, 0xa6, 0xff, 0xae, 0xff, 0xa6, 0xdf, 0xa6, 0xdf, 0xa6, 0xdf, 0xa6, 0xdf, 0xa6, 0xdf, 0xa6, 0xbf,
    0xa6, 0xbf, 0x9e, 0xbf, 0x9e, 0xbf, 0x9e, 0x9f, 0x9e, 0x9f, 0x9e, 0x9f, 0x9e, 0x9f, 0x9e, 0xbf, 0xa6, 0xdf, 0xae,
    0xff, 0xb6, 0x1f, 0xbf, 0x3f, 0xcf, 0x5f, 0xd7, 0x5f, 0xd7, 0x3f, 0xd7, 0x5f, 0xd7, 0x9f, 0xd7, 0x9f, 0xd7, 0xbc,
    0xbe, 0x15, 0x8d, 0x6b, 0x3a, 0x46, 0x11, 0x05, 0x11, 0x46, 0x19, 0x67, 0x19, 0x46, 0x19, 0x26, 0x19, 0x25, 0x11,
    0x05, 0x11, 0x05, 0x11, 0x04, 0x11, 0xe4, 0x10, 0xe4, 0x10, 0xc4, 0x10, 0xc3, 0x08, 0xa3, 0x08, 0xa3, 0x08, 0xa3,
    0x08, 0x82, 0x08, 0x82, 0x08, 0x82, 0x08, 0x62, 0x08, 0x62, 0x08, 0x61, 0x00, 0x41, 0x00, 0x41, 0x00, 0x41, 0x00,
    0x41, 0x00, 0x21, 0x00, 0x21, 0x00, 0x20, 0x00, 0x20, 0x00, 0x20, 0x00, 0x00, 0x00, 0x00, 0x00, 0x00, 0x00, 0x00,
    0x00, 0x00, 0x00, 0x00, 0x00, 0x00, 0x00, 0x00, 0x00, 0x00, 0x00, 0x00, 0x00, 0x00, 0x00, 0x00, 0x00, 0x00, 0x00,
    0x00, 0x00, 0x00, 0x00, 0x00, 0x00, 0x00, 0x00, 0x00, 0x00, 0x00, 0x00, 0x00, 0x00, 0x00, 0x00, 0x00, 0x00, 0x00,
    0x00, 0x00, 0x00, 0x00, 0x00, 0x00, 0x00, 0x00, 0x00, 0x00, 0x00, 0x00, 0x00, 0x00, 0x00, 0x00, 0x00, 0x00, 0x00,
    0x00, 0x00, 0x00, 0x00, 0x00, 0x00, 0x00, 0x00, 0x00, 0x00, 0x00, 0x00, 0x00, 0x00, 0x00, 0x00, 0x00, 0x00, 0x00,
    0x00, 0x00, 0x00, 0x00, 0x00, 0x00, 0x00, 0x00, 0x00, 0x00, 0x00, 0x00, 0x00, 0x00, 0x00, 0x00, 0x00, 0x00, 0x00,
    0x00, 0x00, 0x00, 0x00, 0x00, 0x00, 0x00, 0x00, 0x00, 0x00, 0x00, 0x00, 0x00, 0x00, 0x00, 0x00, 0x00, 0x00, 0x00,
    0x00, 0x00, 0x00, 0x00, 0x00, 0x00, 0x00, 0x00, 0x00, 0x00, 0x00, 0x00, 0x00, 0x00, 0x00, 0x00, 0x00, 0x00, 0x00,
    0x00, 0x00, 0x00, 0x00, 0x00, 0x00, 0x00, 0x00, 0x00, 0x00, 0x00, 0x00, 0x00, 0x00, 0x00, 0x00, 0x00, 0x00, 0x00,
    0x00, 0x00, 0x00, 0x00, 0x00, 0x00, 0x00, 0x00, 0x00, 0x00, 0x00, 0x20, 0x00, 0x20, 0x00, 0x20, 0x00, 0x20, 0x00,
    0x21, 0x00, 0x41, 0x00, 0x41, 0x00, 0x41, 0x00, 0x41, 0x00, 0x61, 0x08, 0x62, 0x08, 0x62, 0x08, 0x82, 0x08, 0x82,
    0x08, 0x82, 0x08, 0xa3, 0x08, 0xa3, 0x08, 0xa3, 0x08, 0xc4, 0x10, 0xc4, 0x10, 0xe4, 0x10, 0xe4, 0x10, 0x05, 0x11,
    0x05, 0x11, 0x25, 0x11, 0x26, 0x19, 0x46, 0x19, 0x66, 0x19, 0x67, 0x19, 0x05, 0x11, 0x46, 0x11, 0xcc, 0x42, 0x56,
    0x95, 0x5e, 0xd7, 0xff, 0xe7, 0xbf, 0xdf, 0x7f, 0xdf, 0x7f, 0xdf, 0x7f, 0xdf, 0x7f, 0xd7, 0x5f, 0xc7, 0x3f, 0xbf,
    0x1f, 0xaf, 0xff, 0xae, 0xff, 0xa6, 0xff, 0xa6, 0xff, 0xae, 0xff, 0xae, 0xff, 0xae, 0xff, 0xae, 0xff, 0xae, 0xff,
    0xae, 0xff, 0xae, 0xff, 0xae, 0xff, 0xae, 0xdf, 0xa6, 0xdf, 0xa6, 0xdf, 0xa6, 0xdf, 0xa6, 0xdf, 0xa6, 0xdf, 0xa6,
    0xbf, 0xa6, 0xbf, 0xa6, 0xbf, 0xa6, 0xbf, 0x9e, 0xbf, 0x9e, 0xbf, 0x9e, 0x9f, 0x9e, 0x9f, 0x9e, 0x9f, 0x9e, 0x7f,
    0x96, 0x7e, 0x96, 0x7e, 0x96, 0x7e, 0x9e, 0xbe, 0xa6, 0xff, 0xb6, 0x1f, 0xc7, 0x3f, 0xcf, 0x3f, 0xd7, 0x3f, 0xcf,
    0x5f, 0xd7, 0x9f, 0xd7, 0x5f, 0xcf, 0xb8, 0x9d, 0x2e, 0x53, 0x87, 0x21, 0x05, 0x11, 0x66, 0x19, 0x67, 0x19, 0x46,
    0x19, 0x26, 0x19, 0x25, 0x11, 0x05, 0x11, 0x05, 0x11, 0xe4, 0x10, 0xe4, 0x10, 0xe4, 0x10, 0xc4, 0x10, 0xc3, 0x08,
    0xa3, 0x08, 0xa3, 0x08, 0x83, 0x08, 0x82, 0x08, 0x82, 0x08, 0x62, 0x08, 0x62, 0x08, 0x61, 0x08, 0x41, 0x00, 0x41,
    0x00, 0x41, 0x00, 0x41, 0x00, 0x21, 0x00, 0x21, 0x00, 0x20, 0x00, 0x20, 0x00, 0x20, 0x00, 0x20, 0x00, 0x00, 0x00,
    0x00, 0x00, 0x00, 0x00, 0x00, 0x00, 0x00, 0x00, 0x00, 0x00, 0x00, 0x00, 0x00, 0x00, 0x00, 0x00, 0x00, 0x00, 0x00,
    0x00, 0x00, 0x00, 0x00, 0x00, 0x00, 0x00, 0x00, 0x00, 0x00, 0x00, 0x00, 0x00, 0x00, 0x00, 0x00, 0x00, 0x00, 0x00,
    0x00, 0x00, 0x00, 0x00, 0x00, 0x00, 0x00, 0x00, 0x00, 0x00, 0x00, 0x00, 0x00, 0x00, 0x00, 0x00, 0x00, 0x00, 0x00,
    0x00, 0x00, 0x00, 0x00, 0x00, 0x00, 0x00, 0x00, 0x00, 0x00, 0x00, 0x00, 0x00, 0x00, 0x00, 0x00, 0x00, 0x00, 0x00,
    0x00, 0x00, 0x00, 0x00, 0x00, 0x00, 0x00, 0x00, 0x00, 0x00, 0x00, 0x00, 0x00, 0x00, 0x00, 0x00, 0x00, 0x00, 0x00,
    0x00, 0x00, 0x00, 0x00, 0x00, 0x00, 0x00, 0x00, 0x00, 0x00, 0x00, 0x00, 0x00, 0x00, 0x00, 0x00, 0x00, 0x00, 0x00,
    0x00, 0x00, 0x00, 0x00, 0x00, 0x00, 0x00, 0x00, 0x00, 0x00, 0x00, 0x00, 0x00, 0x00, 0x00, 0x00, 0x00, 0x00, 0x00,
    0x00, 0x00, 0x00, 0x00, 0x00, 0x00, 0x00, 0x00, 0x00, 0x00, 0x00, 0x00, 0x00, 0x00, 0x00, 0x00, 0x00, 0x00, 0x00,
    0x00, 0x00, 0x00, 0x00, 0x00, 0x00, 0x00, 0x00, 0x20, 0x00, 0x20, 0x00, 0x20, 0x00, 0x20, 0x00, 0x20, 0x00, 0x21,
    0x00, 0x41, 0x00, 0x41, 0x00, 0x41, 0x00, 0x41, 0x00, 0x61, 0x08, 0x62, 0x08, 0x62, 0x08, 0x82, 0x08, 0x82, 0x08,
    0xa3, 0x08, 0xa3, 0x08, 0xa3, 0x08, 0xc3, 0x08, 0xc4, 0x10, 0xe4, 0x10, 0xe4, 0x10, 0x04, 0x11, 0x05, 0x11, 0x25,
    0x11, 0x25, 0x11, 0x26, 0x19, 0x46, 0x19, 0x67, 0x19, 0x05, 0x11, 0x26, 0x11, 0x0d, 0x4b, 0x19, 0xae, 0xbf, 0xe7,
    0xff, 0xe7, 0x9f, 0xdf, 0x7f, 0xdf, 0x9f, 0xdf, 0x7f, 0xd7, 0x5f, 0xc7, 0x1f, 0xb7, 0xff, 0xae, 0xff, 0xa6, 0xff,
    0xa6, 0xff, 0xae, 0xff, 0xae, 0xff, 0xae, 0xff, 0xae, 0xff, 0xae, 0xff, 0xae, 0xff, 0xae, 0xff, 0xae, 0xff, 0xae,
    0xff, 0xae, 0xff, 0xae, 0xff, 0xae, 0xdf, 0xa6, 0xdf, 0xa6, 0xdf, 0xa6, 0xdf, 0xa6, 0xdf, 0xa6, 0xdf, 0xa6, 0xbf,
    0xa6, 0xbf, 0xa6, 0xbf, 0xa6, 0xbf, 0x9e, 0xbf, 0x9e, 0xbf, 0x9e, 0x9f, 0x9e, 0x9f, 0x9e, 0x9f, 0x9e, 0x9f, 0x9e,
    0x9e, 0x9e, 0x7e, 0x9e, 0x7e, 0x96, 0x7e, 0x96, 0x5e, 0x96, 0x5e, 0x96, 0x5e, 0x96, 0x7e, 0x9e, 0xbe, 0xae, 0x1f,
    0xc7, 0x3f, 0xcf, 0x3f, 0xcf, 0x3f, 0xcf, 0x7f, 0xd7, 0x9f, 0xd7, 0x5b, 0xb6, 0xb0, 0x5b, 0x87, 0x19, 0x05, 0x11,
    0x67, 0x19, 0x66, 0x19, 0x46, 0x19, 0x26, 0x19, 0x25, 0x11, 0x05, 0x11, 0x05, 0x11, 0xe4, 0x10, 0xe4, 0x10, 0xc4,
    0x10, 0xc3, 0x08, 0xa3, 0x08, 0xa3, 0x08, 0xa3, 0x08, 0x82, 0x08, 0x82, 0x08, 0x62, 0x08, 0x62, 0x08, 0x61, 0x08,
    0x41, 0x00, 0x41, 0x00, 0x41, 0x00, 0x41, 0x00, 0x21, 0x00, 0x21, 0x00, 0x20, 0x00, 0x20, 0x00, 0x20, 0x00, 0x20,
    0x00, 0x00, 0x00, 0x00, 0x00, 0x00, 0x00, 0x00, 0x00, 0x00, 0x00, 0x00, 0x00, 0x00, 0x00, 0x00, 0x00, 0x00, 0x00,
    0x00, 0x00, 0x00, 0x00, 0x00, 0x00, 0x00, 0x00, 0x00, 0x00, 0x00, 0x00, 0x00, 0x00, 0x00, 0x00, 0x00, 0x00, 0x00,
    0x00, 0x00, 0x00, 0x00, 0x00, 0x00, 0x00, 0x00, 0x00, 0x00, 0x00, 0x00, 0x00, 0x00, 0x00, 0x00, 0x00, 0x00, 0x00,
    0x00, 0x00, 0x00, 0x00, 0x00, 0x00, 0x00, 0x00, 0x00, 0x00, 0x00, 0x00, 0x00, 0x00, 0x00, 0x00, 0x00, 0x00, 0x00,
    0x00, 0x00, 0x00, 0x00, 0x00, 0x00, 0x00, 0x00, 0x00, 0x00, 0x00, 0x00, 0x00, 0x00, 0x00, 0x00, 0x00, 0x00, 0x00,
    0x00, 0x00, 0x00, 0x00, 0x00, 0x00, 0x00, 0x00, 0x00, 0x00, 0x00, 0x00, 0x00, 0x00, 0x00, 0x00, 0x00, 0x00, 0x00,
    0x00, 0x00, 0x00, 0x00, 0x00, 0x00, 0x00, 0x00, 0x00, 0x00, 0x00, 0x00, 0x00, 0x00, 0x00, 0x00, 0x00, 0x00, 0x00,
    0x00, 0x00, 0x00, 0x00, 0x00, 0x00, 0x00, 0x00, 0x00, 0x00, 0x00, 0x00, 0x00, 0x00, 0x00, 0x00, 0x00, 0x00, 0x00,
    0x00, 0x00, 0x00, 0x00, 0x00, 0x00, 0x00, 0x00, 0x00, 0x20, 0x00, 0x20, 0x00, 0x20, 0x00, 0x20, 0x00, 0x21, 0x00,
    0x41, 0x00, 0x41, 0x00, 0x41, 0x00, 0x41, 0x00, 0x61, 0x08, 0x62, 0x08, 0x62, 0x08, 0x82, 0x08, 0x82, 0x08, 0xa3,
    0x08, 0xa3, 0x08, 0xa3, 0x08, 0xc3, 0x08, 0xc4, 0x10, 0xe4, 0x10, 0xe4, 0x10, 0x05, 0x11, 0x05, 0x11, 0x25, 0x11,
    0x26, 0x19, 0x46, 0x19, 0x67, 0x19, 0x46, 0x11, 0x05, 0x11, 0xed, 0x4a, 0x19, 0xae, 0xdf, 0xe7, 0xdf, 0xe7, 0x7f,
    0xdf, 0x7f, 0xdf, 0x9f, 0xdf, 0x5f, 0xcf, 0x3f, 0xbf, 0xff, 0xae, 0xff, 0xa6, 0xff, 0xae, 0xff, 0xae, 0xff, 0xae,
    0xff, 0xae, 0xff, 0xae, 0xff, 0xae, 0xff, 0xae, 0xff, 0xae, 0xff, 0xae, 0xff, 0xae, 0xff, 0xae, 0xff, 0xae, 0xff,
    0xae, 0xff, 0xae, 0xff, 0xae, 0xdf, 0xa6, 0xdf, 0xa6, 0xdf, 0xa6, 0xdf, 0xa6, 0xdf, 0xa6, 0xdf, 0xa6, 0xbf, 0xa6,
    0xbf, 0xa6, 0xbf, 0xa6, 0xbf, 0x9e, 0xbf, 0x9e, 0xbf, 0x9e, 0x9f, 0x9e, 0x9f, 0x9e, 0x9f, 0x9e, 0x9f, 0x9e, 0x9e,
    0x9e, 0x7e, 0x9e, 0x7e, 0x96, 0x7e, 0x96, 0x7e, 0x96, 0x7e, 0x96, 0x7e, 0x96, 0x5e, 0x96, 0x5e, 0x8e, 0x3e, 0x8e,
    0x5e, 0x8e, 0x7e, 0x9e, 0xde, 0xb6, 0x3f, 0xcf, 0x3e, 0xcf, 0x1e, 0xcf, 0x5f, 0xcf, 0x9f, 0xd7, 0x5b, 0xae, 0x90,
    0x5b, 0x46, 0x19, 0x25, 0x11, 0x67, 0x19, 0x46, 0x19, 0x26, 0x19, 0x25, 0x11, 0x05, 0x11, 0x05, 0x11, 0xe4, 0x10,
    0xe4, 0x10, 0xc4, 0x10, 0xc4, 0x10, 0xa3, 0x08, 0xa3, 0x08, 0xa3, 0x08, 0x82, 0x08, 0x82, 0x08, 0x62, 0x08, 0x62,
    0x08, 0x62, 0x08, 0x41, 0x00, 0x41, 0x00, 0x41, 0x00, 0x41, 0x00, 0x21, 0x00, 0x21, 0x00, 0x20, 0x00, 0x20, 0x00,
    0x20, 0x00, 0x00, 0x00, 0x00, 0x00, 0x00, 0x00, 0x00, 0x00, 0x00, 0x00, 0x00, 0x00, 0x00, 0x00, 0x00, 0x00, 0x00,
    0x00, 0x00, 0x00, 0x00, 0x00, 0x00, 0x00, 0x00, 0x00, 0x00, 0x00, 0x00, 0x00, 0x00, 0x00, 0x00, 0x00, 0x00, 0x00,
    0x00, 0x00, 0x00, 0x00, 0x00, 0x00, 0x00, 0x00, 0x00, 0x00, 0x00, 0x00, 0x00, 0x00, 0x00, 0x00, 0x00, 0x00, 0x00,
    0x00, 0x00, 0x00, 0x00, 0x00, 0x00, 0x00, 0x00, 0x00, 0x00, 0x00, 0x00, 0x00, 0x00, 0x00, 0x00, 0x00, 0x00, 0x00,
    0x00, 0x00, 0x00, 0x00, 0x00, 0x00, 0x00, 0x00, 0x00, 0x00, 0x00, 0x00, 0x00, 0x00, 0x00, 0x00, 0x00, 0x00, 0x00,
    0x00, 0x00, 0x00, 0x00, 0x00, 0x00, 0x00, 0x00, 0x00, 0x00, 0x00, 0x00, 0x00, 0x00, 0x00, 0x00, 0x00, 0x00, 0x00,
    0x00, 0x00, 0x00, 0x00, 0x00, 0x00, 0x00, 0x00, 0x00, 0x00, 0x00, 0x00, 0x00, 0x00, 0x00, 0x00, 0x00, 0x00, 0x00,
    0x00, 0x00, 0x00, 0x00, 0x00, 0x00, 0x00, 0x00, 0x00, 0x00, 0x00, 0x00, 0x00, 0x00, 0x00, 0x00, 0x00, 0x00, 0x00,
    0x00, 0x00, 0x00, 0x00, 0x00, 0x00, 0x00, 0x00, 0x20, 0x00, 0x20, 0x00, 0x20, 0x00, 0x20, 0x00, 0x21, 0x00, 0x41,
    0x00, 0x41, 0x00, 0x41, 0x00, 0x41, 0x00, 0x61, 0x08, 0x62, 0x08, 0x62, 0x08, 0x82, 0x08, 0x82, 0x08, 0xa3, 0x08,
    0xa3, 0x08, 0xa3, 0x08, 0xc4, 0x10, 0xe4, 0x10, 0xe4, 0x10, 0xe4, 0x10, 0x05, 0x11, 0x25, 0x11, 0x26, 0x19, 0x46,
    0x19, 0x66, 0x19, 0x66, 0x19, 0xe5, 0x08, 0x4a, 0x32, 0x56, 0x95, 0xbf, 0xdf, 0xdf, 0xe7, 0x7f, 0xd7, 0x7f, 0xdf,
    0x9f, 0xdf, 0x5f, 0xc7, 0x1f, 0xb7, 0xff, 0xae, 0xff, 0xa6, 0xff, 0xae, 0xff, 0xae, 0xff, 0xae, 0xff, 0xae, 0xff,
    0xae, 0xff, 0xae, 0xff, 0xae, 0xff, 0xae, 0xff, 0xae, 0xff, 0xae, 0xff, 0xae, 0xff, 0xae, 0xff, 0xae, 0xff, 0xae,
    0xff, 0xae, 0xff, 0xae, 0xdf, 0xa6, 0xdf, 0xa6, 0xdf, 0xa6, 0xdf, 0xa6, 0xdf, 0xa6, 0xdf, 0xa6, 0xbf, 0xa6, 0xbf,
    0xa6, 0xbf, 0xa6, 0xbf, 0x9e, 0xbf, 0x9e, 0xbf, 0x9e, 0x9f, 0x9e, 0x9f, 0x9e, 0x9f, 0x9e, 0x9f, 0x9e, 0x9e, 0x9e,
    0x7e, 0x9e, 0x7e, 0x96, 0x7e, 0x96, 0x7e, 0x96, 0x7e, 0x96, 0x7e, 0x96, 0x5e, 0x96, 0x5e, 0x96, 0x5e, 0x96, 0x5e,
    0x96, 0x3e, 0x8e, 0x3e, 0x8e, 0x3e, 0x8e, 0x5e, 0x96, 0xbe, 0xae, 0x1f, 0xc7, 0x3f, 0xcf, 0x1e, 0xc7, 0x5f, 0xcf,
    0x9f, 0xd7, 0xd9, 0x9d, 0xed, 0x4a, 0x05, 0x11, 0x46, 0x19, 0x67, 0x19, 0x46, 0x19, 0x26, 0x19, 0x25, 0x11, 0x05,
    0x11, 0x05, 0x11, 0xe4, 0x10, 0xe4, 0x10, 0xc4, 0x10, 0xc3, 0x08, 0xa3, 0x08, 0xa3, 0x08, 0x82, 0x08, 0x82, 0x08,
    0x62, 0x08, 0x62, 0x08, 0x62, 0x08, 0x61, 0x00, 0x41, 0x00, 0x41, 0x00, 0x41, 0x00, 0x21, 0x00, 0x21, 0x00, 0x20,
    0x00, 0x20, 0x00, 0x20, 0x00, 0x20, 0x00, 0x00, 0x00, 0x00, 0x00, 0x00, 0x00, 0x00, 0x00, 0x00, 0x00, 0x00, 0x00,
    0x00, 0x00, 0x00, 0x00, 0x00, 0x00, 0x00, 0x00, 0x00, 0x00, 0x00, 0x00, 0x00, 0x00, 0x00, 0x00, 0x00, 0x00, 0x00,
    0x00, 0x00, 0x00, 0x00, 0x00, 0x00, 0x00, 0x00, 0x00, 0x00, 0x00, 0x00, 0x00, 0x00, 0x00, 0x00, 0x00, 0x00, 0x00,
    0x00, 0x00, 0x00, 0x00, 0x00, 0x00, 0x00, 0x00, 0x00, 0x00, 0x00, 0x00, 0x00, 0x00, 0x00, 0x00, 0x00, 0x00, 0x00,
    0x00, 0x00, 0x00, 0x00, 0x00, 0x00, 0x00, 0x00, 0x00, 0x00, 0x00, 0x00, 0x00, 0x00, 0x00, 0x00, 0x00, 0x00, 0x00,
    0x00, 0x00, 0x00, 0x00, 0x00, 0x00, 0x00, 0x00, 0x00, 0x00, 0x00, 0x00, 0x00, 0x00, 0x00, 0x00, 0x00, 0x00, 0x00,
    0x00, 0x00, 0x00, 0x00, 0x00, 0x00, 0x00, 0x00, 0x00, 0x00, 0x00, 0x00, 0x00, 0x00, 0x00, 0x00, 0x00, 0x00, 0x00,
    0x00, 0x00, 0x00, 0x00, 0x00, 0x00, 0x00, 0x00, 0x00, 0x00, 0x00, 0x00, 0x00, 0x00, 0x00, 0x00, 0x00, 0x00, 0x00,
    0x00, 0x00, 0x00, 0x00, 0x00, 0x00, 0x00, 0x20, 0x00, 0x20, 0x00, 0x20, 0x00, 0x20, 0x00, 0x21, 0x00, 0x41, 0x00,
    0x41, 0x00, 0x41, 0x00, 0x41, 0x00, 0x61, 0x08, 0x62, 0x08, 0x62, 0x08, 0x82, 0x08, 0x82, 0x08, 0xa3, 0x08, 0xa3,
    0x08, 0xc3, 0x08, 0xc4, 0x10, 0xe4, 0x10, 0xe4, 0x10, 0x05, 0x11, 0x05, 0x11, 0x25, 0x11, 0x26, 0x19, 0x46, 0x19,
    0x67, 0x19, 0x26, 0x11, 0x67, 0x19, 0x73, 0x7c, 0x5e, 0xd7, 0xff, 0xe7, 0x7f, 0xd7, 0x7f, 0xdf, 0x9f, 0xdf, 0x5f,
    0xcf, 0x1f, 0xb7, 0xff, 0xa6, 0xff, 0xae, 0xff, 0xae, 0xff, 0xae, 0xff, 0xae, 0xff, 0xae, 0xff, 0xae, 0xff, 0xae,
    0xff, 0xae, 0xff, 0xae, 0xff, 0xae, 0xff, 0xae, 0xff, 0xae, 0xff, 0xae, 0xff, 0xae, 0xff, 0xae, 0xff, 0xae, 0xff,
    0xae, 0xff, 0xae, 0xdf, 0xa6, 0xdf, 0xa6, 0xdf, 0xa6, 0xdf, 0xa6, 0xdf, 0xa6, 0xdf, 0xa6, 0xbf, 0xa6, 0xbf, 0xa6,
    0xbf, 0xa6, 0xbf, 0x9e, 0xbf, 0x9e, 0xbf, 0x9e, 0x9f, 0x9e, 0x9f, 0x9e, 0x9f, 0x9e, 0x9f, 0x9e, 0x9e, 0x9e, 0x7e,
    0x9e, 0x7e, 0x96, 0x7e, 0x96, 0x7e, 0x96, 0x7e, 0x96, 0x7e, 0x96, 0x5e, 0x96, 0x5e, 0x96, 0x5e, 0x96, 0x5e, 0x8e,
    0x3e, 0x8e, 0x3e, 0x8e, 0x3e, 0x8e, 0x3e, 0x8e, 0x3e, 0x8e, 0x1e, 0x86, 0x3e, 0x8e, 0x9e, 0xae, 0x1e, 0xc7, 0x3e,
    0xcf, 0x1e, 0xc7, 0x7f, 0xd7, 0x5f, 0xcf, 0x16, 0x8d, 0xe9, 0x29, 0x05, 0x11, 0x67, 0x19, 0x46, 0x19, 0x26, 0x19,
    0x25, 0x11, 0x05, 0x11, 0x05, 0x11, 0xe4, 0x10, 0xe4, 0x10, 0xc4, 0x10, 0xc3, 0x08, 0xa3, 0x08, 0xa3, 0x08, 0x83,
    0x08, 0x82, 0x08, 0x82, 0x08, 0x62, 0x08, 0x62, 0x08, 0x41, 0x00, 0x41, 0x00, 0x41, 0x00, 0x41, 0x00, 0x21, 0x00,
    0x21, 0x00, 0x20, 0x00, 0x20, 0x00, 0x20, 0x00, 0x00, 0x00, 0x00, 0x00, 0x00, 0x00, 0x00, 0x00, 0x00, 0x00, 0x00,
    0x00, 0x00, 0x00, 0x00, 0x00, 0x00, 0x00, 0x00, 0x00, 0x00, 0x00, 0x00, 0x00, 0x00, 0x00, 0x00, 0x00, 0x00, 0x00,
    0x00, 0x00, 0x00, 0x00, 0x00, 0x00, 0x00, 0x00, 0x00, 0x00, 0x00, 0x00, 0x00, 0x00, 0x00, 0x00, 0x00, 0x00, 0x00,
    0x00, 0x00, 0x00, 0x00, 0x00, 0x00, 0x00, 0x00, 0x00, 0x00, 0x00, 0x00, 0x00, 0x00, 0x00, 0x00, 0x00, 0x00, 0x00,
    0x00, 0x00, 0x00, 0x00, 0x00, 0x00, 0x00, 0x00, 0x00, 0x00, 0x00, 0x00, 0x00, 0x00, 0x00, 0x00, 0x00, 0x00, 0x00,
    0x00, 0x00, 0x00, 0x00, 0x00, 0x00, 0x00, 0x00, 0x00, 0x00, 0x00, 0x00, 0x00, 0x00, 0x00, 0x00, 0x00, 0x00, 0x00,
    0x00, 0x00, 0x00, 0x00, 0x00, 0x00, 0x00, 0x00, 0x00, 0x00, 0x00, 0x00, 0x00, 0x00, 0x00, 0x00, 0x00, 0x00, 0x00,
    0x00, 0x00, 0x00, 0x00, 0x00, 0x00, 0x00, 0x00, 0x00, 0x00, 0x00, 0x00, 0x00, 0x00, 0x00, 0x00, 0x00, 0x00, 0x00,
    0x00, 0x00, 0x00, 0x00, 0x00, 0x00, 0x20, 0x00, 0x20, 0x00, 0x20, 0x00, 0x21, 0x00, 0x21, 0x00, 0x41, 0x00, 0x41,
    0x00, 0x41, 0x00, 0x41, 0x00, 0x61, 0x08, 0x62, 0x08, 0x62, 0x08, 0x82, 0x08, 0x82, 0x08, 0xa3, 0x08, 0xa3, 0x08,
    0xc3, 0x08, 0xc4, 0x10, 0xe4, 0x10, 0xe4, 0x10, 0x05, 0x11, 0x05, 0x11, 0x25, 0x19, 0x26, 0x19, 0x66, 0x19, 0x67,
    0x19, 0x05, 0x09, 0xac, 0x42, 0x7a, 0xb6, 0xff, 0xef, 0x9f, 0xdf, 0x7f, 0xdf, 0x9f, 0xdf, 0x5f, 0xcf, 0x1f, 0xb7,
    0xff, 0xa6, 0xff, 0xae, 0xff, 0xae, 0xff, 0xae, 0xff, 0xae, 0xff, 0xae, 0xff, 0xae, 0xff, 0xae, 0xff, 0xae, 0xff,
    0xae, 0xff, 0xae, 0xff, 0xae, 0xff, 0xae, 0xff, 0xae, 0xff, 0xae, 0xff, 0xae, 0xff, 0xae, 0xff, 0xae, 0xff, 0xae,
    0xff, 0xae, 0xdf, 0xa6, 0xdf, 0xa6, 0xdf, 0xa6, 0xdf, 0xa6, 0xdf, 0xa6, 0xdf, 0xa6, 0xbf, 0xa6, 0xbf, 0xa6, 0xbf,
    0xa6, 0xbf, 0x9e, 0xbf, 0x9e, 0xbf, 0x9e, 0x9f, 0x9e, 0x9f, 0x9e, 0x9f, 0x9e, 0x9f, 0x9e, 0x9e, 0x9e, 0x7e, 0x9e,
    0x7e, 0x96, 0x7e, 0x96, 0x7e, 0x96, 0x7e, 0x96, 0x7e, 0x96, 0x5e, 0x96, 0x5e, 0x96, 0x5e, 0x96, 0x5e, 0x8e, 0x3e,
    0x8e, 0x3e, 0x8e, 0x3e, 0x8e, 0x3e, 0x8e, 0x3e, 0x8e, 0x3e, 0x8e, 0x3e, 0x8e, 0x1e, 0x86, 0xfe, 0x85, 0x1e, 0x8e,
    0x9e, 0xa6, 0x1e, 0xc7, 0x1e, 0xcf, 0x1e, 0xc7, 0x7f, 0xd7, 0xbd, 0xbe, 0x6f, 0x53, 0x26, 0x11, 0x46, 0x19, 0x67,
    0x19, 0x46, 0x19, 0x25, 0x19, 0x25, 0x11, 0x05, 0x11, 0xe4, 0x10, 0xe4, 0x10, 0xc4, 0x10, 0xc3, 0x10, 0xa3, 0x08,
    0xa3, 0x08, 0x83, 0x08, 0x82, 0x08, 0x82, 0x08, 0x62, 0x08, 0x62, 0x08, 0x41, 0x00, 0x41, 0x00, 0x41, 0x00, 0x41,
    0x00, 0x21, 0x00, 0x21, 0x00, 0x20, 0x00, 0x20, 0x00, 0x20, 0x00, 0x00, 0x00, 0x00, 0x00, 0x00, 0x00, 0x00, 0x00,
    0x00, 0x00, 0x00, 0x00, 0x00, 0x00, 0x00, 0x00, 0x00, 0x00, 0x00, 0x00, 0x00, 0x00, 0x00, 0x00, 0x00, 0x00, 0x00,
    0x00, 0x00, 0x00, 0x00, 0x00, 0x00, 0x00, 0x00, 0x00, 0x00, 0x00, 0x00, 0x00, 0x00, 0x00, 0x00, 0x00, 0x00, 0x00,
    0x00, 0x00, 0x00, 0x00, 0x00, 0x00, 0x00, 0x00, 0x00, 0x00, 0x00, 0x00, 0x00, 0x00, 0x00, 0x00, 0x00, 0x00, 0x00,
    0x00, 0x00, 0x00, 0x00, 0x00, 0x00, 0x00, 0x00, 0x00, 0x00, 0x00, 0x00, 0x00, 0x00, 0x00, 0x00, 0x00, 0x00, 0x00,
    0x00, 0x00, 0x00, 0x00, 0x00, 0x00, 0x00, 0x00, 0x00, 0x00, 0x00, 0x00, 0x00, 0x00, 0x00, 0x00, 0x00, 0x00, 0x00,
    0x00, 0x00, 0x00, 0x00, 0x00, 0x00, 0x00, 0x00, 0x00, 0x00, 0x00, 0x00, 0x00, 0x00, 0x00, 0x00, 0x00, 0x00, 0x00,
    0x00, 0x00, 0x00, 0x00, 0x00, 0x00, 0x00, 0x00, 0x00, 0x00, 0x00, 0x00, 0x00, 0x00, 0x00, 0x00, 0x00, 0x00, 0x00,
    0x00, 0x00, 0x00, 0x00, 0x00, 0x20, 0x00, 0x20, 0x00, 0x20, 0x00, 0x20, 0x00, 0x21, 0x00, 0x21, 0x00, 0x41, 0x00,
    0x41, 0x00, 0x41, 0x00, 0x61, 0x08, 0x62, 0x08, 0x62, 0x08, 0x82, 0x08, 0x83, 0x08, 0xa3, 0x08, 0xa3, 0x08, 0xc3,
    0x08, 0xc4, 0x10, 0xe4, 0x10, 0xe4, 0x10, 0x05, 0x11, 0x25, 0x11, 0x25, 0x19, 0x46, 0x19, 0x67, 0x19, 0x46, 0x19,
    0x46, 0x11, 0x93, 0x7c, 0x9f, 0xdf, 0xdf, 0xe7, 0x7f, 0xd7, 0x9f, 0xdf, 0x7f, 0xcf, 0x1f, 0xb7, 0xff, 0xa6, 0xff,
    0xae, 0xff, 0xae, 0xff, 0xae, 0xff, 0xae, 0xff, 0xae, 0xff, 0xae, 0xff, 0xae, 0xff, 0xae, 0xff, 0xae, 0xff, 0xae,
    0xff, 0xae, 0xff, 0xae, 0xff, 0xae, 0xff, 0xae, 0xff, 0xae, 0xff, 0xae, 0xff, 0xae, 0xff, 0xae, 0xff, 0xae, 0xff,
    0xae, 0xdf, 0xa6, 0xdf, 0xa6, 0xdf, 0xa6, 0xdf, 0xa6, 0xdf, 0xa6, 0xdf, 0xa6, 0xbf, 0xa6, 0xbf, 0xa6, 0xbf, 0xa6,
    0xbf, 0x9e, 0xbf, 0x9e, 0xbf, 0x9e, 0x9f, 0x9e, 0x9f, 0x9e, 0x9f, 0x9e, 0x9f, 0x9e, 0x9e, 0x9e, 0x7e, 0x9e, 0x7e,
    0x96, 0x7e, 0x96, 0x7e, 0x96, 0x7e, 0x96, 0x7e, 0x96, 0x5e, 0x96, 0x5e, 0x96, 0x5e, 0x96, 0x5e, 0x8e, 0x3e, 0x8e,
    0x3e, 0x8e, 0x3e, 0x8e, 0x3e, 0x8e, 0x3e, 0x8e, 0x3e, 0x8e, 0x1e, 0x8e, 0x1e, 0x8e, 0x1e, 0x86, 0x1d, 0x86, 0x1d,
    0x86, 0xfd, 0x7d, 0x1d, 0x8e, 0xbe, 0xae, 0x1e, 0xcf, 0xfe, 0xc6, 0x3f, 0xcf, 0x5f, 0xcf, 0x37, 0x8d, 0xc8, 0x21,
    0x25, 0x11, 0x67, 0x19, 0x46, 0x19, 0x26, 0x19, 0x25, 0x11, 0x05, 0x11, 0x05, 0x11, 0xe4, 0x10, 0xc4, 0x10, 0xc4,
    0x10, 0xa3, 0x08, 0xa3, 0x08, 0x83, 0x08, 0x82, 0x08, 0x82, 0x08, 0x62, 0x08, 0x62, 0x08, 0x41, 0x00, 0x41, 0x00,
    0x41, 0x00, 0x41, 0x00, 0x21, 0x00, 0x20, 0x00, 0x20, 0x00, 0x20, 0x00, 0x20, 0x00, 0x00, 0x00, 0x00, 0x00, 0x00,
    0x00, 0x00, 0x00, 0x00, 0x00, 0x00, 0x00, 0x00, 0x00, 0x00, 0x00, 0x00, 0x00, 0x00, 0x00, 0x00, 0x00, 0x00, 0x00,
    0x00, 0x00, 0x00, 0x00, 0x00, 0x00, 0x00, 0x00, 0x00, 0x00, 0x00, 0x00, 0x00, 0x00, 0x00, 0x00, 0x00, 0x00, 0x00,
    0x00, 0x00, 0x00, 0x00, 0x00, 0x00, 0x00, 0x00, 0x00, 0x00, 0x00, 0x00, 0x00, 0x00, 0x00, 0x00, 0x00, 0x00, 0x00,
    0x00, 0x00, 0x00, 0x00, 0x00, 0x00, 0x00, 0x00, 0x00, 0x00, 0x00, 0x00, 0x00, 0x00, 0x00, 0x00, 0x00, 0x00, 0x00,
    0x00, 0x00, 0x00, 0x00, 0x00, 0x00, 0x00, 0x00, 0x00, 0x00, 0x00, 0x00, 0x00, 0x00, 0x00, 0x00, 0x00, 0x00, 0x00,
    0x00, 0x00, 0x00, 0x00, 0x00, 0x00, 0x00, 0x00, 0x00, 0x00, 0x00, 0x00, 0x00, 0x00, 0x00, 0x00, 0x00, 0x00, 0x00,
    0x00, 0x00, 0x00, 0x00, 0x00, 0x00, 0x00, 0x00, 0x00, 0x00, 0x00, 0x00, 0x00, 0x00, 0x00, 0x00, 0x00, 0x00, 0x00,
    0x00, 0x00, 0x00, 0x00, 0x20, 0x00, 0x20, 0x00, 0x20, 0x00, 0x20, 0x00, 0x21, 0x00, 0x21, 0x00, 0x41, 0x00, 0x41,
    0x00, 0x41, 0x00, 0x61, 0x08, 0x62, 0x08, 0x82, 0x08, 0x82, 0x08, 0x83, 0x08, 0xa3, 0x08, 0xa3, 0x08, 0xc3, 0x08,
    0xc4, 0x10, 0xe4, 0x10, 0xe4, 0x10, 0x05, 0x11, 0x25, 0x11, 0x26, 0x19, 0x46, 0x19, 0x67, 0x19, 0x05, 0x11, 0xe9,
    0x29, 0xf9, 0xad, 0xff, 0xe7, 0x9f, 0xdf, 0x7f, 0xdf, 0x9f, 0xdf, 0x3f, 0xbf, 0xff, 0xae, 0xff, 0xae, 0xff, 0xae,
    0xff, 0xae, 0xff, 0xae, 0xff, 0xae, 0xff, 0xae, 0xff, 0xae, 0xff, 0xae, 0xff, 0xae, 0xff, 0xae, 0xff, 0xae, 0xff,
    0xae, 0xff, 0xae, 0xff, 0xae, 0xff, 0xae, 0xff, 0xae, 0xff, 0xae, 0xff, 0xae, 0xff, 0xae, 0xff, 0xae, 0xff, 0xae,
    0xdf, 0xa6, 0xdf, 0xa6, 0xdf, 0xa6, 0xdf, 0xa6, 0xdf, 0xa6, 0xdf, 0xa6, 0xbf, 0xa6, 0xbf, 0xa6, 0xbf, 0xa6, 0xbf,
    0x9e, 0xbf, 0x9e, 0xbf, 0x9e, 0x9f, 0x9e, 0x9f, 0x9e, 0x9f, 0x9e, 0x9f, 0x9e, 0x9e, 0x9e, 0x7e, 0x9e, 0x7e, 0x96,
    0x7e, 0x96, 0x7e, 0x96, 0x7e, 0x96, 0x7e, 0x96, 0x5e, 0x96, 0x5e, 0x96, 0x5e, 0x96, 0x5e, 0x8e, 0x3e, 0x8e, 0x3e,
    0x8e, 0x3e, 0x8e, 0x3e, 0x8e, 0x3e, 0x8e, 0x3e, 0x8e, 0x1e, 0x8e, 0x1e, 0x8e, 0x1e, 0x86, 0x1d, 0x86, 0x1d, 0x86,
    0x1d, 0x86, 0xfd, 0x85, 0xfd, 0x85, 0xdd, 0x7d, 0x3e, 0x96, 0xfe, 0xbe, 0x1e, 0xcf, 0xfe, 0xc6, 0x7f, 0xcf, 0x5c,
    0xb6, 0xac, 0x42, 0x05, 0x11, 0x67, 0x19, 0x46, 0x19, 0x26, 0x19, 0x25, 0x11, 0x05, 0x11, 0x05, 0x11, 0xe4, 0x10,
    0xe4, 0x10, 0xc3, 0x10, 0xa3, 0x08, 0xa3, 0x08, 0x83, 0x08, 0x82, 0x08, 0x82, 0x08, 0x62, 0x08, 0x62, 0x08, 0x41,
    0x00, 0x41, 0x00, 0x41, 0x00, 0x41, 0x00, 0x21, 0x00, 0x20, 0x00, 0x20, 0x00, 0x20, 0x00, 0x20, 0x00, 0x00, 0x00,
    0x00, 0x00, 0x00, 0x00, 0x00, 0x00, 0x00, 0x00, 0x00, 0x00, 0x00, 0x00, 0x00, 0x00, 0x00, 0x00, 0x00, 0x00, 0x00,
    0x00, 0x00, 0x00, 0x00, 0x00, 0x00, 0x00, 0x00, 0x00, 0x00, 0x00, 0x00, 0x00, 0x00, 0x00, 0x00, 0x00, 0x00, 0x00,
    0x00, 0x00, 0x00, 0x00, 0x00, 0x00, 0x00, 0x00, 0x00, 0x00, 0x00, 0x00, 0x00, 0x00, 0x00, 0x00, 0x00, 0x00, 0x00,
    0x00, 0x00, 0x00, 0x00, 0x00, 0x00, 0x00, 0x00, 0x00, 0x00, 0x00, 0x00, 0x00, 0x00, 0x00, 0x00, 0x00, 0x00, 0x00,
    0x00, 0x00, 0x00, 0x00, 0x00, 0x00, 0x00, 0x00, 0x00, 0x00, 0x00, 0x00, 0x00, 0x00, 0x00, 0x00, 0x00, 0x00, 0x00,
    0x00, 0x00, 0x00, 0x00, 0x00, 0x00, 0x00, 0x00, 0x00, 0x00, 0x00, 0x00, 0x00, 0x00, 0x00, 0x00, 0x00, 0x00, 0x00,
    0x00, 0x00, 0x00, 0x00, 0x00, 0x00, 0x00, 0x00, 0x00, 0x00, 0x00, 0x00, 0x00, 0x00, 0x00, 0x00, 0x00, 0x00, 0x00,
    0x00, 0x00, 0x00, 0x20, 0x00, 0x20, 0x00, 0x20, 0x00, 0x20, 0x00, 0x21, 0x00, 0x21, 0x00, 0x41, 0x00, 0x41, 0x00,
    0x41, 0x00, 0x61, 0x08, 0x62, 0x08, 0x62, 0x08, 0x82, 0x08, 0x83, 0x08, 0xa3, 0x08, 0xa3, 0x08, 0xc3, 0x10, 0xc4,
    0x10, 0xe4, 0x10, 0x05, 0x11, 0x05, 0x11, 0x25, 0x11, 0x26, 0x19, 0x46, 0x19, 0x67, 0x19, 0x05, 0x11, 0x0e, 0x53,
    0x1d, 0xcf, 0xdf, 0xe7, 0x7f, 0xd7, 0x9f, 0xdf, 0x5f, 0xcf, 0x1f, 0xb7, 0xff, 0xa6, 0xff, 0xae, 0xff, 0xae, 0xff,
    0xae, 0xff, 0xae, 0xff, 0xae, 0xff, 0xae, 0xff, 0xae, 0xff, 0xae, 0xff, 0xae, 0xff, 0xae, 0xff, 0xae, 0xff, 0xae,
    0xff, 0xae, 0xff, 0xae, 0xff, 0xae, 0xff, 0xae, 0xff, 0xae, 0xff, 0xae, 0xff, 0xae, 0xff, 0xae, 0xff, 0xae, 0xdf,
    0xa6, 0xdf, 0xa6, 0xdf, 0xa6, 0xdf, 0xa6, 0xdf, 0xa6, 0xdf, 0xa6, 0xbf, 0xa6, 0xbf, 0xa6, 0xbf, 0xa6, 0xbf, 0x9e,
    0xbf, 0x9e, 0xbf, 0x9e, 0x9f, 0x9e, 0x9f, 0x9e, 0x9f, 0x9e, 0x9f, 0x9e, 0x9e, 0x9e, 0x7e, 0x9e, 0x7e, 0x96, 0x7e,
    0x96, 0x7e, 0x96, 0x7e, 0x96, 0x7e, 0x96, 0x5e, 0x96, 0x5e, 0x96, 0x5e, 0x96, 0x5e, 0x8e, 0x3e, 0x8e, 0x3e, 0x8e,
    0x3e, 0x8e, 0x3e, 0x8e, 0x3e, 0x8e, 0x3e, 0x8e, 0x1e, 0x8e, 0x1e, 0x8e, 0x1e, 0x86, 0x1d, 0x86, 0x1d, 0x86, 0x1d,
    0x86, 0xfd, 0x85, 0xfd, 0x85, 0xfd, 0x85, 0xfd, 0x85, 0xdd, 0x7d, 0xfd, 0x85, 0x9e, 0xa6, 0x1e, 0xc7, 0xfe, 0xc6,
    0x3f, 0xc7, 0x1f, 0xc7, 0xf1, 0x63, 0x26, 0x11, 0x46, 0x19, 0x66, 0x19, 0x26, 0x19, 0x25, 0x11, 0x05, 0x11, 0x05,
    0x11, 0xe4, 0x10, 0xe4, 0x10, 0xc4, 0x10, 0xa3, 0x08, 0xa3, 0x08, 0x83, 0x08, 0x82, 0x08, 0x82, 0x08, 0x62, 0x08,
    0x62, 0x08, 0x41, 0x00, 0x41, 0x00, 0x41, 0x00, 0x21, 0x00, 0x21, 0x00, 0x20, 0x00, 0x20, 0x00, 0x20, 0x00, 0x20,
    0x00, 0x00, 0x00, 0x00, 0x00, 0x00, 0x00, 0x00, 0x00, 0x00, 0x00, 0x00, 0x00, 0x00, 0x00, 0x00, 0x00, 0x00, 0x00,
    0x00, 0x00, 0x00, 0x00, 0x00, 0x00, 0x00, 0x00, 0x00, 0x00, 0x00, 0x00, 0x00, 0x00, 0x00, 0x00, 0x00, 0x00, 0x00,
    0x00, 0x00, 0x00, 0x00, 0x00, 0x00, 0x00, 0x00, 0x00, 0x00, 0x00, 0x00, 0x00, 0x00, 0x00, 0x00, 0x00, 0x00, 0x00,
    0x00, 0x00, 0x00, 0x00, 0x00, 0x00, 0x00, 0x00, 0x00, 0x00, 0x00, 0x00, 0x00, 0x00, 0x00, 0x00, 0x00, 0x00, 0x00,
    0x00, 0x00, 0x00, 0x00, 0x00, 0x00, 0x00, 0x00, 0x00, 0x00, 0x00, 0x00, 0x00, 0x00, 0x00, 0x00, 0x00, 0x00, 0x00,
    0x00, 0x00, 0x00, 0x00, 0x00, 0x00, 0x00, 0x00, 0x00, 0x00, 0x00, 0x00, 0x00, 0x00, 0x00, 0x00, 0x00, 0x00, 0x00,
    0x00, 0x00, 0x00, 0x00, 0x00, 0x00, 0x00, 0x00, 0x00, 0x00, 0x00, 0x00, 0x00, 0x00, 0x00, 0x00, 0x00, 0x00, 0x00,
    0x00, 0x00, 0x00, 0x00, 0x20, 0x00, 0x20, 0x00, 0x20, 0x00, 0x21, 0x00, 0x21, 0x00, 0x41, 0x00, 0x41, 0x00, 0x41,
    0x00, 0x61, 0x08, 0x62, 0x08, 0x62, 0x08, 0x82, 0x08, 0x82, 0x08, 0xa3, 0x08, 0xa3, 0x08, 0xc3, 0x08, 0xc4, 0x10,
    0xe4, 0x10, 0x05, 0x11, 0x05, 0x11, 0x25, 0x11, 0x26, 0x19, 0x66, 0x19, 0x66, 0x19, 0x26, 0x11, 0x32, 0x74, 0xdf,
    0xe7, 0xbf, 0xdf, 0x7f, 0xdf, 0x9f, 0xdf, 0x3f, 0xbf, 0xff, 0xa6, 0xff, 0xae, 0xff, 0xae, 0xff, 0xae, 0xff, 0xae,
    0xff, 0xae, 0xff, 0xae, 0xff, 0xae, 0xff, 0xae, 0xff, 0xae, 0xff, 0xae, 0xff, 0xae, 0xff, 0xae, 0xff, 0xae, 0xff,
    0xae, 0xff, 0xae, 0xff, 0xae, 0xff, 0xae, 0xff, 0xae, 0xff, 0xae, 0xff, 0xae, 0xff, 0xae, 0xff, 0xae, 0xdf, 0xa6,
    0xdf, 0xa6, 0xdf, 0xa6, 0xdf, 0xa6, 0xdf, 0xa6, 0xdf, 0xa6, 0xbf, 0xa6, 0xbf, 0xa6, 0xbf, 0xa6, 0xbf, 0x9e, 0xbf,
    0x9e, 0xbf, 0x9e, 0x9f, 0x9e, 0x9f, 0x9e, 0x9f, 0x9e, 0x9f, 0x9e, 0x9e, 0x9e, 0x7e, 0x9e, 0x7e, 0x96, 0x7e, 0x96,
    0x7e, 0x96, 0x7e, 0x96, 0x7e, 0x96, 0x5e, 0x96, 0x5e, 0x96, 0x5e, 0x96, 0x5e, 0x8e, 0x3e, 0x8e, 0x3e, 0x8e, 0x3e,
    0x8e, 0x3e, 0x8e, 0x3e, 0x8e, 0x3e, 0x8e, 0x1e, 0x8e, 0x1e, 0x8e, 0x1e, 0x86, 0x1d, 0x86, 0x1d, 0x86, 0x1d, 0x86,
    0xfd, 0x85, 0xfd, 0x85, 0xfd, 0x85, 0xfd, 0x85, 0xfd, 0x7d, 0xfd, 0x85, 0xdd, 0x7d, 0xbd, 0x75, 0x1d, 0x8e, 0xfe,
    0xbe, 0x1e, 0xc7, 0xfe, 0xc6, 0x7f, 0xd7, 0xf6, 0x84, 0x87, 0x19, 0x46, 0x19, 0x67, 0x19, 0x46, 0x19, 0x25, 0x11,
    0x05, 0x11, 0x05, 0x11, 0xe4, 0x10, 0xe4, 0x10, 0xc4, 0x10, 0xa3, 0x08, 0xa3, 0x08, 0x83, 0x08, 0x82, 0x08, 0x62,
    0x08, 0x62, 0x08, 0x61, 0x08, 0x41, 0x00, 0x41, 0x00, 0x41, 0x00, 0x21, 0x00, 0x21, 0x00, 0x20, 0x00, 0x20, 0x00,
    0x20, 0x00, 0x20, 0x00, 0x00, 0x00, 0x00, 0x00, 0x00, 0x00, 0x00, 0x00, 0x00, 0x00, 0x00, 0x00, 0x00, 0x00, 0x00,
    0x00, 0x00, 0x00, 0x00, 0x00, 0x00, 0x00, 0x00, 0x00, 0x00, 0x00, 0x00, 0x00, 0x00, 0x00, 0x00, 0x00, 0x00, 0x00,
    0x00, 0x00, 0x00, 0x00, 0x00, 0x00, 0x00, 0x00, 0x00, 0x00, 0x00, 0x00, 0x00, 0x00, 0x00, 0x00, 0x00, 0x00, 0x00,
    0x00, 0x00, 0x00, 0x00, 0x00, 0x00, 0x00, 0x00, 0x00, 0x00, 0x00, 0x00, 0x00, 0x00, 0x00, 0x00, 0x00, 0x00, 0x00,
    0x00, 0x00, 0x00, 0x00, 0x00, 0x00, 0x00, 0x00, 0x00, 0x00, 0x00, 0x00, 0x00, 0x00, 0x00, 0x00, 0x00, 0x00, 0x00,
    0x00, 0x00, 0x00, 0x00, 0x00, 0x00, 0x00, 0x00, 0x00, 0x00, 0x00, 0x00, 0x00, 0x00, 0x00, 0x00, 0x00, 0x00, 0x00,
    0x00, 0x00, 0x00, 0x00, 0x00, 0x00, 0x00, 0x00, 0x00, 0x00, 0x00, 0x00, 0x00, 0x00, 0x00, 0x00, 0x00, 0x00, 0x00,
    0x00, 0x00, 0x00, 0x20, 0x00, 0x20, 0x00, 0x20, 0x00, 0x20, 0x00, 0x21, 0x00, 0x41, 0x00, 0x41, 0x00, 0x41, 0x00,
    0x61, 0x08, 0x62, 0x08, 0x62, 0x08, 0x82, 0x08, 0x82, 0x08, 0xa3, 0x08, 0xa3, 0x08, 0xc3, 0x08, 0xc4, 0x10, 0xe4,
    0x10, 0x05, 0x11, 0x05, 0x11, 0x25, 0x11, 0x26, 0x19, 0x66, 0x19, 0x46, 0x19, 0x26, 0x11, 0x36, 0x95, 0xff, 0xef,
    0x7f, 0xd7, 0x9f, 0xdf, 0x7f, 0xd7, 0x1f, 0xb7, 0xff, 0xa6, 0xff, 0xae, 0xff, 0xae, 0xff, 0xae, 0xff, 0xae, 0xff,
    0xae, 0xff, 0xae, 0xff, 0xae, 0xff, 0xae, 0xff, 0xae, 0xff, 0xae, 0xff, 0xae, 0xff, 0xae, 0xff, 0xae, 0xff, 0xae,
    0xff, 0xae, 0xff, 0xae, 0xff, 0xae, 0xff, 0xae, 0xff, 0xae, 0xff, 0xae, 0xff, 0xae, 0xff, 0xae, 0xdf, 0xa6, 0xdf,
    0xa6, 0xdf, 0xa6, 0xdf, 0xa6, 0xdf, 0xa6, 0xdf, 0xa6, 0xbf, 0xa6, 0xbf, 0xa6, 0xbf, 0xa6, 0xbf, 0x9e, 0xbf, 0x9e,
    0xbf, 0x9e, 0x9f, 0x9e, 0x9f, 0x9e, 0x9f, 0x9e, 0x9f, 0x9e, 0x9e, 0x9e, 0x7e, 0x9e, 0x7e, 0x96, 0x7e, 0x96, 0x7e,
    0x96, 0x7e, 0x96, 0x7e, 0x96, 0x5e, 0x96, 0x5e, 0x96, 0x5e, 0x96, 0x5e, 0x8e, 0x3e, 0x8e, 0x3e, 0x8e, 0x3e, 0x8e,
    0x3e, 0x8e, 0x3e, 0x8e, 0x3e, 0x8e, 0x1e, 0x8e, 0x1e, 0x8e, 0x1e, 0x86, 0x1d, 0x86, 0x1d, 0x86, 0x1d, 0x86, 0xfd,
    0x85, 0xfd, 0x85, 0xfd, 0x85, 0xfd, 0x85, 0xfd, 0x85, 0xdd, 0x7d, 0xdd, 0x7d, 0xdd, 0x7d, 0xdd, 0x7d, 0xbd, 0x75,
    0xdd, 0x7d, 0xbe, 0xae, 0x1e, 0xc7, 0xde, 0xbe, 0x5f, 0xcf, 0xfa, 0xa5, 0xa8, 0x21, 0x26, 0x11, 0x67, 0x19, 0x46,
    0x19, 0x25, 0x11, 0x05, 0x11, 0x05, 0x11, 0xe4, 0x10, 0xe4, 0x10, 0xc4, 0x10, 0xa3, 0x08, 0xa3, 0x08, 0x83, 0x08,
    0x82, 0x08, 0x82, 0x08, 0x62, 0x08, 0x61, 0x08, 0x41, 0x00, 0x41, 0x00, 0x41, 0x00, 0x21, 0x00, 0x21, 0x00, 0x20,
    0x00, 0x20, 0x00, 0x20, 0x00, 0x00, 0x00, 0x00, 0x00, 0x00, 0x00, 0x00, 0x00, 0x00, 0x00, 0x00, 0x00, 0x00, 0x00,
    0x00, 0x00, 0x00, 0x00, 0x00, 0x00, 0x00, 0x00, 0x00, 0x00, 0x00, 0x00, 0x00, 0x00, 0x00, 0x00, 0x00, 0x00, 0x00,
    0x00, 0x00, 0x00, 0x00, 0x00, 0x00, 0x00, 0x00, 0x00, 0x00, 0x00, 0x00, 0x00, 0x00, 0x00, 0x00, 0x00, 0x00, 0x00,
    0x00, 0x00, 0x00, 0x00, 0x00, 0x00, 0x00, 0x00, 0x00, 0x00, 0x00, 0x00, 0x00, 0x00, 0x00, 0x00, 0x00, 0x00, 0x00,
    0x00, 0x00, 0x00, 0x00, 0x00, 0x00, 0x00, 0x00, 0x00, 0x00, 0x00, 0x00, 0x00, 0x00, 0x00, 0x00, 0x00, 0x00, 0x00,
    0x00, 0x00, 0x00, 0x00, 0x00, 0x00, 0x00, 0x00, 0x00, 0x00, 0x00, 0x00, 0x00, 0x00, 0x00, 0x00, 0x00, 0x00, 0x00,
    0x00, 0x00, 0x00, 0x00, 0x00, 0x00, 0x00, 0x00, 0x00, 0x00, 0x00, 0x00, 0x00, 0x00, 0x00, 0x00, 0x00, 0x00, 0x00,
    0x00, 0x00, 0x20, 0x00, 0x20, 0x00, 0x20, 0x00, 0x20, 0x00, 0x21, 0x00, 0x41, 0x00, 0x41, 0x00, 0x41, 0x00, 0x61,
    0x00, 0x62, 0x08, 0x62, 0x08, 0x82, 0x08, 0x82, 0x08, 0xa3, 0x08, 0xa3, 0x08, 0xc3, 0x08, 0xc4, 0x10, 0xe4, 0x10,
    0x05, 0x11, 0x05, 0x11, 0x25, 0x11, 0x26, 0x19, 0x67, 0x19, 0x26, 0x11, 0xc8, 0x21, 0xf9, 0xad, 0xdf, 0xe7, 0x7f,
    0xd7, 0x9f, 0xdf, 0x5f, 0xcf, 0xff, 0xae, 0xff, 0xa6, 0xff, 0xae, 0xff, 0xae, 0xff, 0xae, 0xff, 0xae, 0xff, 0xae,
    0xff, 0xae, 0xff, 0xae, 0xff, 0xae, 0xff, 0xae, 0xff, 0xae, 0xff, 0xae, 0xff, 0xae, 0xff, 0xae, 0xff, 0xae, 0xff,
    0xae, 0xff, 0xae, 0xff, 0xae, 0xff, 0xae, 0xff, 0xae, 0xff, 0xae, 0xff, 0xae, 0xff, 0xae, 0xdf, 0xa6, 0xdf, 0xa6,
    0xdf, 0xa6, 0xdf, 0xa6, 0xdf, 0xa6, 0xdf, 0xa6, 0xbf, 0xa6, 0xbf, 0xa6, 0xbf, 0xa6, 0xbf, 0x9e, 0xbf, 0x9e, 0x9f,
    0x9e, 0x9f, 0x9e, 0x9f, 0x9e, 0x9f, 0x9e, 0x9f, 0x9e, 0x9e, 0x96, 0x7e, 0x96, 0x7e, 0x96, 0x7e, 0x96, 0x7e, 0x96,
    0x7e, 0x96, 0x7e, 0x96, 0x5e, 0x96, 0x5e, 0x96, 0x5e, 0x96, 0x5e, 0x8e, 0x3e, 0x8e, 0x3e, 0x8e, 0x3e, 0x8e, 0x3e,
    0x8e, 0x3e, 0x8e, 0x3e, 0x8e, 0x1e, 0x8e, 0x1e, 0x8e, 0x1e, 0x86, 0x1d, 0x86, 0x1d, 0x86, 0x1d, 0x86, 0xfd, 0x85,
    0xfd, 0x85, 0xfd, 0x85, 0xfd, 0x85, 0xfd, 0x85, 0xdd, 0x7d, 0xdd, 0x7d, 0xdd, 0x7d, 0xdd, 0x7d, 0xdd, 0x7d, 0xdd,
    0x7d, 0xbd, 0x75, 0xbd, 0x75, 0x5d, 0x9e, 0x1e, 0xc7, 0xde, 0xbe, 0x3f, 0xc7, 0x5c, 0xae, 0x8b, 0x3a, 0x05, 0x11,
    0x67, 0x19, 0x46, 0x19, 0x25, 0x11, 0x05, 0x11, 0x05, 0x11, 0xe4, 0x10, 0xe4, 0x10, 0xc4, 0x08, 0xa3, 0x08, 0xa3,
    0x08, 0x83, 0x08, 0x82, 0x08, 0x62, 0x08, 0x62, 0x08, 0x61, 0x00, 0x41, 0x00, 0x41, 0x00, 0x41, 0x00, 0x21, 0x00,
    0x21, 0x00, 0x20, 0x00, 0x20, 0x00, 0x20, 0x00, 0x00, 0x00, 0x00, 0x00, 0x00, 0x00, 0x00, 0x00, 0x00, 0x00, 0x00,
    0x00, 0x00, 0x00, 0x00, 0x00, 0x00, 0x00, 0x00, 0x00, 0x00, 0x00, 0x00, 0x00, 0x00, 0x00, 0x00, 0x00, 0x00, 0x00,
    0x00, 0x00, 0x00, 0x00, 0x00, 0x00, 0x00, 0x00, 0x00, 0x00, 0x00, 0x00, 0x00, 0x00, 0x00, 0x00, 0x00, 0x00, 0x00,
    0x00, 0x00, 0x00, 0x00, 0x00, 0x00, 0x00, 0x00, 0x00, 0x00, 0x00, 0x00, 0x00, 0x00, 0x00, 0x00, 0x00, 0x00, 0x00,
    0x00, 0x00, 0x00, 0x00, 0x00, 0x00, 0x00, 0x00, 0x00, 0x00, 0x00, 0x00, 0x00, 0x00, 0x00, 0x00, 0x00, 0x00, 0x00,
    0x00, 0x00, 0x00, 0x00, 0x00, 0x00, 0x00, 0x00, 0x00, 0x00, 0x00, 0x00, 0x00, 0x00, 0x00, 0x00, 0x00, 0x00, 0x00,
    0x00, 0x00, 0x00, 0x00, 0x00, 0x00, 0x00, 0x00, 0x00, 0x00, 0x00, 0x00, 0x00, 0x00, 0x00, 0x00, 0x00, 0x00, 0x00,
    0x00, 0x00, 0x00, 0x20, 0x00, 0x20, 0x00, 0x20, 0x00, 0x21, 0x00, 0x21, 0x00, 0x41, 0x00, 0x41, 0x00, 0x41, 0x00,
    0x62, 0x08, 0x62, 0x08, 0x82, 0x08, 0x82, 0x08, 0xa3, 0x08, 0xa3, 0x08, 0xc3, 0x08, 0xc4, 0x10, 0xe4, 0x10, 0xe4,
    0x10, 0x05, 0x11, 0x25, 0x11, 0x26, 0x19, 0x67, 0x19, 0x46, 0x11, 0xa8, 0x21, 0x7b, 0xb6, 0xff, 0xe7, 0x7f, 0xd7,
    0x9f, 0xdf, 0x5f, 0xc7, 0xff, 0xa6, 0xff, 0xae, 0xff, 0xae, 0xff, 0xae, 0xff, 0xae, 0xff, 0xae, 0xff, 0xae, 0xff,
    0xae, 0xff, 0xae, 0xff, 0xae, 0xff, 0xae, 0xff, 0xae, 0xff, 0xae, 0xff, 0xae, 0xff, 0xae, 0xff, 0xae, 0xff, 0xae,
    0xff, 0xae, 0xff, 0xae, 0xff, 0xae, 0xff, 0xae, 0xff, 0xae, 0xff, 0xae, 0xff, 0xae, 0xdf, 0xa6, 0xdf, 0xa6, 0xdf,
    0xa6, 0xdf, 0xa6, 0xdf, 0xa6, 0xdf, 0xa6, 0xbf, 0xa6, 0xbf, 0x9e, 0xbf, 0x9e, 0xbf, 0x9e, 0xbf, 0x9e, 0x9f, 0x9e,
    0xbf, 0x9e, 0x9f, 0x9e, 0x9f, 0x9e, 0x9f, 0x9e, 0x9e, 0x9e, 0x9e, 0x9e, 0x7e, 0x96, 0x7e, 0x96, 0x7e, 0x96, 0x5e,
    0x96, 0x5e, 0x96, 0x5e, 0x96, 0x5e, 0x96, 0x5e, 0x96, 0x5e, 0x96, 0x5e, 0x8e, 0x3e, 0x8e, 0x3e, 0x8e, 0x3e, 0x8e,
    0x3e, 0x8e, 0x3e, 0x8e, 0x1e, 0x8e, 0x1e, 0x8e, 0x1e, 0x86, 0x1d, 0x86, 0x1d, 0x86, 0x1d, 0x86, 0xfd, 0x85, 0xfd,
    0x85, 0xfd, 0x85, 0xfd, 0x85, 0xfd, 0x85, 0xdd, 0x7d, 0xdd, 0x7d, 0xdd, 0x7d, 0xdd, 0x7d, 0xdd, 0x7d, 0xbd, 0x7d,
    0xbd, 0x7d, 0xbd, 0x7d, 0xbd, 0x7d, 0x9d, 0x6d, 0x1d, 0x96, 0xfe, 0xc6, 0xde, 0xbe, 0x1f, 0xc7, 0xbd, 0xbe, 0x8b,
    0x3a, 0x05, 0x11, 0x67, 0x19, 0x46, 0x19, 0x25, 0x19, 0x05, 0x11, 0x05, 0x11, 0xe4, 0x10, 0xc4, 0x10, 0xc3, 0x10,
    0xa3, 0x08, 0xa3, 0x08, 0x82, 0x08, 0x82, 0x08, 0x62, 0x08, 0x62, 0x08, 0x41, 0x00, 0x41, 0x00, 0x41, 0x00, 0x41,
    0x00, 0x21, 0x00, 0x20, 0x00, 0x20, 0x00, 0x20, 0x00, 0x20, 0x00, 0x00, 0x00, 0x00, 0x00, 0x00, 0x00, 0x00, 0x00,
    0x00, 0x00, 0x00, 0x00, 0x00, 0x00, 0x00, 0x00, 0x00, 0x00, 0x00, 0x00, 0x00, 0x00, 0x00, 0x00, 0x00, 0x00, 0x00,
    0x00, 0x00, 0x00, 0x00, 0x00, 0x00, 0x00, 0x00, 0x00, 0x00, 0x00, 0x00, 0x00, 0x00, 0x00, 0x00, 0x00, 0x00, 0x00,
    0x00, 0x00, 0x00, 0x00, 0x00, 0x00, 0x00, 0x00, 0x00, 0x00, 0x00, 0x00, 0x00, 0x00, 0x00, 0x00, 0x00, 0x00, 0x00,
    0x00, 0x00, 0x00, 0x00, 0x00, 0x00, 0x00, 0x00, 0x00, 0x00, 0x00, 0x00, 0x00, 0x00, 0x00, 0x00, 0x00, 0x00, 0x00,
    0x00, 0x00, 0x00, 0x00, 0x00, 0x00, 0x00, 0x00, 0x00, 0x00, 0x00, 0x00, 0x00, 0x00, 0x00, 0x00, 0x00, 0x00, 0x00,
    0x00, 0x00, 0x00, 0x00, 0x00, 0x00, 0x00, 0x00, 0x00, 0x00, 0x00, 0x00, 0x00, 0x00, 0x00, 0x00, 0x00, 0x00, 0x00,
    0x00, 0x00, 0x20, 0x00, 0x20, 0x00, 0x20, 0x00, 0x21, 0x00, 0x21, 0x00, 0x41, 0x00, 0x41, 0x00, 0x41, 0x00, 0x62,
    0x08, 0x62, 0x08, 0x82, 0x08, 0x82, 0x08, 0xa3, 0x08, 0xa3, 0x08, 0xc3, 0x08, 0xc4, 0x10, 0xe4, 0x10, 0xe4, 0x10,
    0x05, 0x11, 0x25, 0x11, 0x26, 0x19, 0x67, 0x19, 0x46, 0x11, 0xa8, 0x21, 0x7b, 0xb6, 0xff, 0xe7, 0x5f, 0xd7, 0x9f,
    0xdf, 0x3f, 0xbf, 0xff, 0xa6, 0xff, 0xae, 0xff, 0xae, 0xff, 0xae, 0xff, 0xae, 0xff, 0xae, 0xff, 0xae, 0xff, 0xae,
    0xff, 0xae, 0xff, 0xae, 0xff, 0xae, 0xff, 0xae, 0xff, 0xae, 0xff, 0xae, 0xff, 0xae, 0xff, 0xae, 0xff, 0xae, 0xff,
    0xae, 0xff, 0xae, 0xff, 0xae, 0xff, 0xae, 0xff, 0xae, 0xff, 0xae, 0xff, 0xae, 0xdf, 0xa6, 0xdf, 0xa6, 0xdf, 0xa6,
    0xdf, 0xa6, 0xdf, 0xa6, 0xbf, 0xa6, 0xdf, 0xa6, 0xdf, 0xa6, 0xdf, 0xae, 0xff, 0xae, 0xff, 0xb6, 0xff, 0xb6, 0xff,
    0xb6, 0x1f, 0xbf, 0x1f, 0xbf, 0x1f, 0xbf, 0x1f, 0xbf, 0xff, 0xbe, 0xff, 0xbe, 0xff, 0xb6, 0xdf, 0xb6, 0xdf, 0xae,
    0xbe, 0xa6, 0x9e, 0xa6, 0x7e, 0x9e, 0x5e, 0x96, 0x5e, 0x8e, 0x3e, 0x8e, 0x3e, 0x8e, 0x3e, 0x8e, 0x3e, 0x8e, 0x3e,
    0x8e, 0x3e, 0x8e, 0x1e, 0x8e, 0x1e, 0x8e, 0x1e, 0x86, 0x1d, 0x86, 0x1d, 0x86, 0x1d, 0x86, 0xfd, 0x85, 0xfd, 0x85,
    0xfd, 0x85, 0xfd, 0x85, 0xfd, 0x85, 0xdd, 0x7d, 0xdd, 0x7d, 0xdd, 0x7d, 0xdd, 0x7d, 0xdd, 0x7d, 0xbd, 0x7d, 0xbd,
    0x7d, 0xbd, 0x7d, 0xbd, 0x75, 0xbd, 0x75, 0xbd, 0x75, 0x9c, 0x6d, 0xdd, 0x85, 0xde, 0xbe, 0xde, 0xbe, 0x1f, 0xc7,
    0xbd, 0xbe, 0x8b, 0x3a, 0x05, 0x11, 0x67, 0x19, 0x46, 0x19, 0x25, 0x11, 0x05, 0x11, 0x05, 0x11, 0xe4, 0x10, 0xc4,
    0x10, 0xc3, 0x08, 0xa3, 0x08, 0xa3, 0x08, 0x82, 0x08, 0x82, 0x08, 0x62, 0x08, 0x62, 0x08, 0x41, 0x00, 0x41, 0x00,
    0x41, 0x00, 0x41, 0x00, 0x21, 0x00, 0x20, 0x00, 0x20, 0x00, 0x20, 0x00, 0x00, 0x00, 0x00, 0x00, 0x00, 0x00, 0x00,
    0x00, 0x00, 0x00, 0x00, 0x00, 0x00, 0x00, 0x00, 0x00, 0x00, 0x00, 0x00, 0x00, 0x00, 0x00, 0x00, 0x00, 0x00, 0x00,
    0x00, 0x00, 0x00, 0x00, 0x00, 0x00, 0x00, 0x00, 0x00, 0x00, 0x00, 0x00, 0x00, 0x00, 0x00, 0x00, 0x00, 0x00, 0x00,
    0x00, 0x00, 0x00, 0x00, 0x00, 0x00, 0x00, 0x00, 0x00, 0x00, 0x00, 0x00, 0x00, 0x00, 0x00, 0x00, 0x00, 0x00, 0x00,
    0x00, 0x00, 0x00, 0x00, 0x00, 0x00, 0x00, 0x00, 0x00, 0x00, 0x00, 0x00, 0x00, 0x00, 0x00, 0x00, 0x00, 0x00, 0x00,
    0x00, 0x00, 0x00, 0x00, 0x00, 0x00, 0x00, 0x00, 0x00, 0x00, 0x00, 0x00, 0x00, 0x00, 0x00, 0x00, 0x00, 0x00, 0x00,
    0x00, 0x00, 0x00, 0x00, 0x00, 0x00, 0x00, 0x00, 0x00, 0x00, 0x00, 0x00, 0x00, 0x00, 0x00, 0x00, 0x00, 0x00, 0x00,
    0x00, 0x20, 0x00, 0x20, 0x00, 0x20, 0x00, 0x21, 0x00, 0x21, 0x00, 0x41, 0x00, 0x41, 0x00, 0x41, 0x00, 0x61, 0x08,
    0x62, 0x08, 0x62, 0x08, 0x82, 0x08, 0x83, 0x08, 0xa3, 0x08, 0xa3, 0x08, 0xc4, 0x10, 0xe4, 0x10, 0xe4, 0x10, 0x05,
    0x11, 0x25, 0x11, 0x26, 0x19, 0x66, 0x19, 0x26, 0x11, 0xa8, 0x21, 0x7b, 0xb6, 0xff, 0xe7, 0x7f, 0xd7, 0x9f, 0xdf,
    0x3f, 0xbf, 0xff, 0xa6, 0xff, 0xae, 0xff, 0xae, 0xff, 0xae, 0xff, 0xae, 0xff, 0xae, 0xff, 0xae, 0xff, 0xae, 0xff,
    0xae, 0xff, 0xae, 0xff, 0xae, 0xff, 0xae, 0xff, 0xae, 0xff, 0xae, 0xff, 0xae, 0xff, 0xae, 0xff, 0xae, 0xff, 0xae,
    0xff, 0xae, 0xff, 0xae, 0xff, 0xae, 0xff, 0xae, 0xff, 0xae, 0xff, 0xae, 0xdf, 0xa6, 0xdf, 0xa6, 0xdf, 0xa6, 0xdf,
    0xa6, 0xff, 0xae, 0xff, 0xb6, 0x1f, 0xbf, 0x1f, 0xc7, 0x3f, 0xc7, 0x3f, 0xc7, 0x3f, 0xc7, 0x3f, 0xc7, 0x3f, 0xc7,
    0x1f, 0xc7, 0x1f, 0xbf, 0x1f, 0xbf, 0x1f, 0xbf, 0x1f, 0xbf, 0xff, 0xbe, 0xff, 0xbe, 0x1f, 0xbf, 0x1f, 0xbf, 0xff,
    0xbe, 0xff, 0xbe, 0xff, 0xbe, 0xff, 0xbe, 0xde, 0xb6, 0xbe, 0xae, 0x9e, 0xa6, 0x7e, 0x9e, 0x3e, 0x8e, 0x3e, 0x8e,
    0x1e, 0x86, 0x1e, 0x8e, 0x1e, 0x8e, 0x1e, 0x86, 0x1d, 0x86, 0x1d, 0x86, 0x1d, 0x86, 0xfd, 0x85, 0xfd, 0x85, 0xfd,
    0x85, 0xfd, 0x85, 0xfd, 0x85, 0xdd, 0x7d, 0xdd, 0x7d, 0xdd, 0x7d, 0xdd, 0x7d, 0xdd, 0x7d, 0xbd, 0x7d, 0xbd, 0x7d,
    0xbd, 0x7d, 0xbd, 0x75, 0xbd, 0x75, 0xbd, 0x75, 0x9d, 0x75, 0x9d, 0x75, 0x7c, 0x6d, 0xdd, 0x7d, 0xde, 0xbe, 0xde,
    0xbe, 0xff, 0xc6, 0xbd, 0xbe, 0x8b, 0x3a, 0x05, 0x11, 0x67, 0x19, 0x46, 0x19, 0x25, 0x11, 0x05, 0x11, 0x04, 0x11,
    0xe4, 0x10, 0xc4, 0x10, 0xc3, 0x08, 0xa3, 0x08, 0xa3, 0x08, 0x82, 0x08, 0x82, 0x08, 0x62, 0x08, 0x61, 0x08, 0x41,
    0x00, 0x41, 0x00, 0x41, 0x00, 0x21, 0x00, 0x21, 0x00, 0x20, 0x00, 0x20, 0x00, 0x20, 0x00, 0x00, 0x00, 0x00, 0x00,
    0x00, 0x00, 0x00, 0x00, 0x00, 0x00, 0x00, 0x00, 0x00, 0x00, 0x00, 0x00, 0x00, 0x00, 0x00, 0x00, 0x00, 0x00, 0x00,
    0x00, 0x00, 0x00, 0x00, 0x00, 0x00, 0x00, 0x00, 0x00, 0x00, 0x00, 0x00, 0x00, 0x00, 0x00, 0x00, 0x00, 0x00, 0x00,
    0x00, 0x00, 0x00, 0x00, 0x00, 0x00, 0x00, 0x00, 0x00, 0x00, 0x00, 0x00, 0x00, 0x00, 0x00, 0x00, 0x00, 0x00, 0x00,
    0x00, 0x00, 0x00, 0x00, 0x00, 0x00, 0x00, 0x00, 0x00, 0x00, 0x00, 0x00, 0x00, 0x00, 0x00, 0x00, 0x00, 0x00, 0x00,
    0x00, 0x00, 0x00, 0x00, 0x00, 0x00, 0x00, 0x00, 0x00, 0x00, 0x00, 0x00, 0x00, 0x00, 0x00, 0x00, 0x00, 0x00, 0x00,
    0x00, 0x00, 0x00, 0x00, 0x00, 0x00, 0x00, 0x00, 0x00, 0x00, 0x00, 0x00, 0x00, 0x00, 0x00, 0x00, 0x00, 0x00, 0x00,
    0x00, 0x00, 0x20, 0x00, 0x20, 0x00, 0x20, 0x00, 0x21, 0x00, 0x41, 0x00, 0x41, 0x00, 0x41, 0x00, 0x41, 0x00, 0x62,
    0x08, 0x62, 0x08, 0x82, 0x08, 0x82, 0x08, 0xa3, 0x08, 0xa3, 0x08, 0xc4, 0x10, 0xe4, 0x10, 0xe4, 0x10, 0x05, 0x11,
    0x25, 0x11, 0x26, 0x19, 0x66, 0x19, 0x46, 0x19, 0xc8, 0x21, 0x7b, 0xb6, 0xff, 0xe7, 0x7f, 0xd7, 0x9f, 0xdf, 0x3f,
    0xbf, 0xff, 0xa6, 0xff, 0xae, 0xff, 0xae, 0xff, 0xae, 0xff, 0xae, 0xff, 0xae, 0xff, 0xae, 0xff, 0xae, 0xff, 0xae,
    0xff, 0xae, 0xff, 0xae, 0xff, 0xae, 0xff, 0xae, 0xff, 0xae, 0xff, 0xae, 0xff, 0xae, 0xff, 0xae, 0xff, 0xae, 0xff,
    0xae, 0xff, 0xae, 0xff, 0xae, 0xff, 0xae, 0xff, 0xae, 0xff, 0xa6, 0xdf, 0xa6, 0xdf, 0xa6, 0xff, 0xae, 0x1f, 0xbf,
    0x3f, 0xc7, 0x3f, 0xc7, 0x3f, 0xc7, 0x3f, 0xc7, 0x3f, 0xc7, 0x1f, 0xbf, 0x1f, 0xbf, 0xff, 0xb6, 0xff, 0xb6, 0xff,
    0xb6, 0xdf, 0xae, 0xdf, 0xae, 0xdf, 0xae, 0xdf, 0xae, 0xdf, 0xae, 0xbf, 0xae, 0xbf, 0xae, 0xbe, 0xae, 0xbf, 0xae,
    0xbe, 0xae, 0xde, 0xae, 0xde, 0xae, 0xde, 0xb6, 0xde, 0xb6, 0xfe, 0xbe, 0xff, 0xbe, 0xde, 0xb6, 0xde, 0xb6, 0x9e,
    0xa6, 0x5e, 0x9e, 0x3e, 0x8e, 0x1d, 0x86, 0x1d, 0x86, 0x1d, 0x86, 0x1d, 0x86, 0xfd, 0x85, 0xfd, 0x85, 0xfd, 0x85,
    0xfd, 0x85, 0xfd, 0x85, 0xdd, 0x7d, 0xdd, 0x7d, 0xdd, 0x7d, 0xdd, 0x7d, 0xdd, 0x7d, 0xbd, 0x7d, 0xbd, 0x7d, 0xbd,
    0x7d, 0xbd, 0x75, 0xbd, 0x75, 0xbd, 0x75, 0x9d, 0x75, 0x9d, 0x75, 0x9c, 0x75, 0x9c, 0x75, 0x7c, 0x6d, 0xbd, 0x7d,
    0xde, 0xbe, 0xde, 0xbe, 0xff, 0xc6, 0xbd, 0xbe, 0x8b, 0x3a, 0x26, 0x11, 0x67, 0x19, 0x26, 0x19, 0x25, 0x11, 0x05,
    0x11, 0xe4, 0x10, 0xe4, 0x10, 0xc4, 0x10, 0xa3, 0x08, 0xa3, 0x08, 0x83, 0x08, 0x82, 0x08, 0x62, 0x08, 0x62, 0x08,
    0x61, 0x08, 0x41, 0x00, 0x41, 0x00, 0x41, 0x00, 0x21, 0x00, 0x21, 0x00, 0x20, 0x00, 0x20, 0x00, 0x20, 0x00, 0x00,
    0x00, 0x00, 0x00, 0x00, 0x00, 0x00, 0x00, 0x00, 0x00, 0x00, 0x00, 0x00, 0x00, 0x00, 0x00, 0x00, 0x00, 0x00, 0x00,
    0x00, 0x00, 0x00, 0x00, 0x00, 0x00, 0x00, 0x00, 0x00, 0x00, 0x00, 0x00, 0x00, 0x00, 0x00, 0x00, 0x00, 0x00, 0x00,
    0x00, 0x00, 0x00, 0x00, 0x00, 0x00, 0x00, 0x00, 0x00, 0x00, 0x00, 0x00, 0x00, 0x00, 0x00, 0x00, 0x00, 0x00, 0x00,
    0x00, 0x00, 0x00, 0x00, 0x00, 0x00, 0x00, 0x00, 0x00, 0x00, 0x00, 0x00, 0x00, 0x00, 0x00, 0x00, 0x00, 0x00, 0x00,
    0x00, 0x00, 0x00, 0x00, 0x00, 0x00, 0x00, 0x00, 0x00, 0x00, 0x00, 0x00, 0x00, 0x00, 0x00, 0x00, 0x00, 0x00, 0x00,
    0x00, 0x00, 0x00, 0x00, 0x00, 0x00, 0x00, 0x00, 0x00, 0x00, 0x00, 0x00, 0x00, 0x00, 0x00, 0x00, 0x00, 0x00, 0x00,
    0x00, 0x20, 0x00, 0x20, 0x00, 0x20, 0x00, 0x21, 0x00, 0x21, 0x00, 0x41, 0x00, 0x41, 0x00, 0x41, 0x00, 0x62, 0x08,
    0x62, 0x08, 0x82, 0x08, 0x82, 0x08, 0xa3, 0x08, 0xa3, 0x08, 0xc3, 0x08, 0xe4, 0x10, 0xe4, 0x10, 0x05, 0x11, 0x25,
    0x11, 0x26, 0x19, 0x46, 0x19, 0x67, 0x19, 0x26, 0x11, 0xf9, 0xad, 0xff, 0xe7, 0x5f, 0xd7, 0x9f, 0xdf, 0x3f, 0xbf,
    0xff, 0xa6, 0xff, 0xae, 0xff, 0xae, 0xff, 0xae, 0xff, 0xae, 0xff, 0xae, 0xff, 0xae, 0xff, 0xae, 0xff, 0xae, 0xff,
    0xae, 0xff, 0xae, 0xff, 0xae, 0xff, 0xae, 0xff, 0xae, 0xff, 0xae, 0xff, 0xae, 0xff, 0xae, 0xff, 0xae, 0xff, 0xae,
    0xff, 0xae, 0xff, 0xae, 0xff, 0xae, 0xff, 0xae, 0xdf, 0xa6, 0xff, 0xae, 0x1f, 0xb7, 0x3f, 0xc7, 0x3f, 0xc7, 0x3f,
    0xc7, 0x3f, 0xc7, 0x3f, 0xc7, 0x1f, 0xbf, 0xff, 0xb6, 0xff, 0xb6, 0xff, 0xae, 0xdf, 0xae, 0xdf, 0xae, 0xdf, 0xae,
    0xdf, 0xae, 0xdf, 0xae, 0xdf, 0xae, 0xdf, 0xae, 0xbf, 0xae, 0xbf, 0xae, 0xbf, 0xa6, 0xbe, 0xa6, 0xbe, 0xa6, 0x9e,
    0xa6, 0x9e, 0xa6, 0x9e, 0xa6, 0x9e, 0xa6, 0x9e, 0xa6, 0x9e, 0xa6, 0x9e, 0xa6, 0xbe, 0xae, 0xbe, 0xae, 0xde, 0xb6,
    0xde, 0xb6, 0xde, 0xb6, 0xbe, 0xae, 0x7e, 0x9e, 0x3e, 0x8e, 0xfd, 0x85, 0xfd, 0x85, 0xfd, 0x85, 0xfd, 0x85, 0xfd,
    0x85, 0xfd, 0x85, 0xdd, 0x7d, 0xdd, 0x7d, 0xdd, 0x7d, 0xdd, 0x7d, 0xdd, 0x7d, 0xbd, 0x7d, 0xbd, 0x7d, 0xbd, 0x7d,
    0xbd, 0x75, 0xbd, 0x75, 0xbd, 0x75, 0x9d, 0x75, 0x9d, 0x75, 0x9c, 0x75, 0x9c, 0x75, 0x9c, 0x75, 0x9c, 0x75, 0x7c,
    0x6d, 0xbd, 0x7d, 0xde, 0xbe, 0xde, 0xbe, 0xff, 0xc6, 0x7d, 0xb6, 0xc9, 0x29, 0x26, 0x11, 0x66, 0x19, 0x26, 0x19,
    0x25, 0x11, 0x05, 0x11, 0xe4, 0x10, 0xe4, 0x10, 0xc4, 0x10, 0xa3, 0x08, 0xa3, 0x08, 0x82, 0x08, 0x82, 0x08, 0x62,
    0x08, 0x62, 0x08, 0x61, 0x00, 0x41, 0x00, 0x41, 0x00, 0x21, 0x00, 0x21, 0x00, 0x20, 0x00, 0x20, 0x00, 0x20, 0x00,
    0x00, 0x00, 0x00, 0x00, 0x00, 0x00, 0x00, 0x00, 0x00, 0x00, 0x00, 0x00, 0x00, 0x00, 0x00, 0x00, 0x00, 0x00, 0x00,
    0x00, 0x00, 0x00, 0x00, 0x00, 0x00, 0x00, 0x00, 0x00, 0x00, 0x00, 0x00, 0x00, 0x00, 0x00, 0x00, 0x00, 0x00, 0x00,
    0x00, 0x00, 0x00, 0x00, 0x00, 0x00, 0x00, 0x00, 0x00, 0x00, 0x00, 0x00, 0x00, 0x00, 0x00, 0x00, 0x00, 0x00, 0x00,
    0x00, 0x00, 0x00, 0x00, 0x00, 0x00, 0x00, 0x00, 0x00, 0x00, 0x00, 0x00, 0x00, 0x00, 0x00, 0x00, 0x00, 0x00, 0x00,
    0x00, 0x00, 0x00, 0x00, 0x00, 0x00, 0x00, 0x00, 0x00, 0x00, 0x00, 0x00, 0x00, 0x00, 0x00, 0x00, 0x00, 0x00, 0x00,
    0x00, 0x00, 0x00, 0x00, 0x00, 0x00, 0x00, 0x00, 0x00, 0x00, 0x00, 0x00, 0x00, 0x00, 0x00, 0x00, 0x00, 0x00, 0x00,
    0x20, 0x00, 0x20, 0x00, 0x20, 0x00, 0x21, 0x00, 0x21, 0x00, 0x41, 0x00, 0x41, 0x00, 0x41, 0x00, 0x61, 0x08, 0x62,
    0x08, 0x62, 0x08, 0x82, 0x08, 0x83, 0x08, 0xa3, 0x08, 0xc3, 0x08, 0xc4, 0x10, 0xe4, 0x10, 0x05, 0x11, 0x05, 0x11,
    0x26, 0x19, 0x46, 0x19, 0x67, 0x19, 0x26, 0x11, 0x36, 0x95, 0xdf, 0xe7, 0x7f, 0xd7, 0x9f, 0xdf, 0x3f, 0xbf, 0xff,
    0xa6, 0xff, 0xae, 0xff, 0xae, 0xff, 0xae, 0xff, 0xae, 0xff, 0xae, 0xff, 0xae, 0xff, 0xae, 0xff, 0xae, 0xff, 0xae,
    0xff, 0xae, 0xff, 0xae, 0xff, 0xae, 0xff, 0xae, 0xff, 0xae, 0xff, 0xae, 0xff, 0xae, 0xff, 0xae, 0xff, 0xae, 0xff,
    0xae, 0xff, 0xae, 0xff, 0xae, 0xff, 0xa6, 0xff, 0xae, 0x1f, 0xbf, 0x3f, 0xc7, 0x5f, 0xcf, 0x3f, 0xc7, 0x3f, 0xc7,
    0x1f, 0xbf, 0xff, 0xb6, 0xff, 0xb6, 0xff, 0xb6, 0xff, 0xae, 0xff, 0xae, 0xdf, 0xae, 0xdf, 0xae, 0xdf, 0xae, 0xdf,
    0xae, 0xdf, 0xae, 0xdf, 0xae, 0xdf, 0xae, 0xbf, 0xae, 0xbf, 0xae, 0xbf, 0xae, 0xbe, 0xa6, 0xbe, 0xa6, 0xbe, 0xa6,
    0xbe, 0xa6, 0x9e, 0xa6, 0x9e, 0xa6, 0x9e, 0xa6, 0x9e, 0xa6, 0x9e, 0xa6, 0x7e, 0x9e, 0x7e, 0x9e, 0x7e, 0x9e, 0x7e,
    0xa6, 0x9e, 0xa6, 0xbe, 0xae, 0xde, 0xb6, 0xde, 0xb6, 0xbe, 0xb6, 0x9e, 0xa6, 0x3e, 0x8e, 0xfd, 0x7d, 0xfd, 0x7d,
    0xfd, 0x85, 0xdd, 0x7d, 0xdd, 0x7d, 0xdd, 0x7d, 0xdd, 0x7d, 0xdd, 0x7d, 0xbd, 0x7d, 0xbd, 0x7d, 0xbd, 0x7d, 0xbd,
    0x75, 0xbd, 0x75, 0xbd, 0x75, 0x9d, 0x75, 0x9d, 0x75, 0x9c, 0x75, 0x9c, 0x75, 0x9c, 0x75, 0x7c, 0x6d, 0x7c, 0x6d,
    0x7c, 0x75, 0x5c, 0x6d, 0xbc, 0x7d, 0xde, 0xbe, 0xde, 0xbe, 0x1f, 0xc7, 0xda, 0x9d, 0xa8, 0x21, 0x46, 0x19, 0x46,
    0x19, 0x26, 0x19, 0x25, 0x11, 0x05, 0x11, 0xe4, 0x10, 0xe4, 0x10, 0xc3, 0x08, 0xa3, 0x08, 0xa3, 0x08, 0x82, 0x08,
    0x82, 0x08, 0x62, 0x08, 0x61, 0x08, 0x41, 0x00, 0x41, 0x00, 0x41, 0x00, 0x21, 0x00, 0x21, 0x00, 0x20, 0x00, 0x20,
    0x00, 0x20, 0x00, 0x00, 0x00, 0x00, 0x00, 0x00, 0x00, 0x00, 0x00, 0x00, 0x00, 0x00, 0x00, 0x00, 0x00, 0x00, 0x00,
    0x00, 0x00, 0x00, 0x00, 0x00, 0x00, 0x00, 0x00, 0x00, 0x00, 0x00, 0x00, 0x00, 0x00, 0x00, 0x00, 0x00, 0x00, 0x00,
    0x00, 0x00, 0x00, 0x00, 0x00, 0x00, 0x00, 0x00, 0x00, 0x00, 0x00, 0x00, 0x00, 0x00, 0x00, 0x00, 0x00, 0x00, 0x00,
    0x00, 0x00, 0x00, 0x00, 0x00, 0x00, 0x00, 0x00, 0x00, 0x00, 0x00, 0x00, 0x00, 0x00, 0x00, 0x00, 0x00, 0x00, 0x00,
    0x00, 0x00, 0x00, 0x00, 0x00, 0x00, 0x00, 0x00, 0x00, 0x00, 0x00, 0x00, 0x00, 0x00, 0x00, 0x00, 0x00, 0x00, 0x00,
    0x00, 0x00, 0x00, 0x00, 0x00, 0x00, 0x00, 0x00, 0x00, 0x00, 0x00, 0x00, 0x00, 0x00, 0x00, 0x00, 0x00, 0x00, 0x00,
    0x00, 0x20, 0x00, 0x20, 0x00, 0x20, 0x00, 0x21, 0x00, 0x21, 0x00, 0x41, 0x00, 0x41, 0x00, 0x61, 0x00, 0x62, 0x08,
    0x62, 0x08, 0x82, 0x08, 0x83, 0x08, 0xa3, 0x08, 0xa3, 0x08, 0xc4, 0x10, 0xe4, 0x10, 0xe4, 0x10, 0x05, 0x11, 0x25,
    0x19, 0x46, 0x19, 0x67, 0x19, 0x05, 0x11, 0x32, 0x74, 0xff, 0xef, 0x7f, 0xd7, 0x9f, 0xdf, 0x3f, 0xbf, 0xff, 0xa6,
    0xff, 0xae, 0xff, 0xae, 0xff, 0xae, 0xff, 0xae, 0xff, 0xae, 0xff, 0xae, 0xff, 0xae, 0xff, 0xae, 0xff, 0xae, 0xff,
    0xae, 0xff, 0xae, 0xff, 0xae, 0xff, 0xae, 0xff, 0xae, 0xff, 0xae, 0xff, 0xae, 0xff, 0xae, 0xff, 0xae, 0xff, 0xae,
    0xff, 0xae, 0xff, 0xa6, 0xff, 0xae, 0x1f, 0xbf, 0x5f, 0xc7, 0x5f, 0xcf, 0x3f, 0xc7, 0x3f, 0xbf, 0x1f, 0xbf, 0xff,
    0xb6, 0xff, 0xb6, 0xff, 0xb6, 0xff, 0xb6, 0xff, 0xb6, 0xff, 0xae, 0xdf, 0xae, 0xdf, 0xae, 0xdf, 0xae, 0xdf, 0xae,
    0xdf, 0xae, 0xdf, 0xae, 0xdf, 0xae, 0xbf, 0xae, 0xbf, 0xae, 0xbf, 0xae, 0xbe, 0xa6, 0xbe, 0xa6, 0xbe, 0xa6, 0xbe,
    0xa6, 0x9e, 0xa6, 0x9e, 0xa6, 0x9e, 0xa6, 0x9e, 0xa6, 0x9e, 0xa6, 0x7e, 0xa6, 0x7e, 0xa6, 0x7e, 0x9e, 0x7e, 0x9e,
    0x7e, 0x9e, 0x7e, 0x9e, 0x5e, 0x9e, 0x7e, 0x9e, 0x9e, 0xa6, 0xbe, 0xae, 0xbe, 0xb6, 0xbe, 0xb6, 0x7e, 0xa6, 0x1d,
    0x8e, 0xdd, 0x7d, 0xdd, 0x7d, 0xdd, 0x7d, 0xdd, 0x7d, 0xdd, 0x7d, 0xbd, 0x7d, 0xbd, 0x7d, 0xbd, 0x7d, 0xbd, 0x75,
    0xbd, 0x75, 0xbd, 0x75, 0x9d, 0x75, 0x9d, 0x75, 0x9c, 0x75, 0x9c, 0x75, 0x9c, 0x75, 0x7c, 0x6d, 0x7c, 0x6d, 0x7c,
    0x6d, 0x7c, 0x6d, 0x7c, 0x6d, 0x5c, 0x65, 0xbc, 0x7d, 0xbe, 0xbe, 0xbd, 0xbe, 0x3f, 0xc7, 0x17, 0x8d, 0x46, 0x11,
    0x67, 0x19, 0x46, 0x19, 0x26, 0x19, 0x05, 0x11, 0x05, 0x11, 0xe4, 0x10, 0xc4, 0x10, 0xc3, 0x08, 0xa3, 0x08, 0xa3,
    0x08, 0x82, 0x08, 0x62, 0x08, 0x62, 0x08, 0x61, 0x08, 0x41, 0x00, 0x41, 0x00, 0x41, 0x00, 0x21, 0x00, 0x20, 0x00,
    0x20, 0x00, 0x20, 0x00, 0x00, 0x00, 0x00, 0x00, 0x00, 0x00, 0x00, 0x00, 0x00, 0x00, 0x00, 0x00, 0x00, 0x00, 0x00,
    0x00, 0x00, 0x00, 0x00, 0x00, 0x00, 0x00, 0x00, 0x00, 0x00, 0x00, 0x00, 0x00, 0x00, 0x00, 0x00, 0x00, 0x00, 0x00,
    0x00, 0x00, 0x00, 0x00, 0x00, 0x00, 0x00, 0x00, 0x00, 0x00, 0x00, 0x00, 0x00, 0x00, 0x00, 0x00, 0x00, 0x00, 0x00,
    0x00, 0x00, 0x00, 0x00, 0x00, 0x00, 0x00, 0x00, 0x00, 0x00, 0x00, 0x00, 0x00, 0x00, 0x00, 0x00, 0x00, 0x00, 0x00,
    0x00, 0x00, 0x00, 0x00, 0x00, 0x00, 0x00, 0x00, 0x00, 0x00, 0x00, 0x00, 0x00, 0x00, 0x00, 0x00, 0x00, 0x00, 0x00,
    0x00, 0x00, 0x00, 0x00, 0x00, 0x00, 0x00, 0x00, 0x00, 0x00, 0x00, 0x00, 0x00, 0x00, 0x00, 0x00, 0x00, 0x00, 0x00,
    0x20, 0x00, 0x20, 0x00, 0x20, 0x00, 0x21, 0x00, 0x21, 0x00, 0x41, 0x00, 0x41, 0x00, 0x41, 0x00, 0x62, 0x08, 0x62,
    0x08, 0x82, 0x08, 0x82, 0x08, 0xa3, 0x08, 0xa3, 0x08, 0xc3, 0x10, 0xe4, 0x10, 0xe4, 0x10, 0x05, 0x11, 0x25, 0x11,
    0x26, 0x19, 0x67, 0x19, 0x05, 0x11, 0x0e, 0x4b, 0xdf, 0xe7, 0x7f, 0xd7, 0x9f, 0xdf, 0x5f, 0xc7, 0xff, 0xa6, 0xff,
    0xae, 0xff, 0xae, 0xff, 0xae, 0xff, 0xae, 0xff, 0xae, 0xff, 0xae, 0xff, 0xae, 0xff, 0xae, 0xff, 0xae, 0xff, 0xae,
    0xff, 0xae, 0xff, 0xae, 0xff, 0xae, 0xff, 0xae, 0xff, 0xae, 0xff, 0xae, 0xff, 0xae, 0xff, 0xae, 0xff, 0xae, 0xff,
    0xae, 0xff, 0xae, 0x1f, 0xb7, 0x5f, 0xc7, 0x5f, 0xcf, 0x5f, 0xc7, 0x3f, 0xbf, 0x1f, 0xb7, 0xff, 0xb6, 0xff, 0xb6,
    0xff, 0xb6, 0xff, 0xb6, 0xff, 0xb6, 0xff, 0xae, 0xff, 0xae, 0xdf, 0xae, 0xdf, 0xae, 0xdf, 0xae, 0xdf, 0xae, 0xdf,
    0xae, 0xdf, 0xae, 0xdf, 0xae, 0xbf, 0xae, 0xbf, 0xae, 0xbf, 0xae, 0xbe, 0xa6, 0xbe, 0xa6, 0xbe, 0xa6, 0xbe, 0xa6,
    0x9e, 0xa6, 0x9e, 0xa6, 0x9e, 0xa6, 0x9e, 0xa6, 0x9e, 0xa6, 0x7e, 0xa6, 0x7e, 0x9e, 0x7e, 0x9e, 0x7e, 0x9e, 0x7e,
    0x9e, 0x7e, 0x9e, 0x7e, 0x9e, 0x5e, 0x9e, 0x5e, 0x9e, 0x5e, 0x96, 0x5e, 0x9e, 0x7e, 0xa6, 0xbe, 0xae, 0xbe, 0xb6,
    0x9e, 0xae, 0x5e, 0x9e, 0xfd, 0x85, 0xdd, 0x7d, 0xdd, 0x7d, 0xbd, 0x7d, 0xbd, 0x7d, 0xbd, 0x7d, 0xbd, 0x75, 0xbd,
    0x75, 0xbd, 0x75, 0x9d, 0x75, 0x9d, 0x75, 0x9c, 0x75, 0x9c, 0x75, 0x9c, 0x75, 0x7c, 0x6d, 0x7c, 0x6d, 0x7c, 0x6d,
    0x7c, 0x6d, 0x7c, 0x6d, 0x7c, 0x6d, 0x7c, 0x6d, 0x3c, 0x65, 0xdd, 0x85, 0xde, 0xbe, 0xbd, 0xb6, 0x3f, 0xc7, 0x33,
    0x6c, 0x05, 0x11, 0x67, 0x19, 0x46, 0x19, 0x25, 0x11, 0x05, 0x11, 0xe4, 0x10, 0xe4, 0x10, 0xc4, 0x10, 0xc3, 0x08,
    0xa3, 0x08, 0x82, 0x08, 0x82, 0x08, 0x62, 0x08, 0x62, 0x08, 0x41, 0x00, 0x41, 0x00, 0x41, 0x00, 0x21, 0x00, 0x21,
    0x00, 0x20, 0x00, 0x20, 0x00, 0x20, 0x00, 0x00, 0x00, 0x00, 0x00, 0x00, 0x00, 0x00, 0x00, 0x00, 0x00, 0x00, 0x00,
    0x00, 0x00, 0x00, 0x00, 0x00, 0x00, 0x00, 0x00, 0x00, 0x00, 0x00, 0x00, 0x00, 0x00, 0x00, 0x00, 0x00, 0x00, 0x00,
    0x00, 0x00, 0x00, 0x00, 0x00, 0x00, 0x00, 0x00, 0x00, 0x00, 0x00, 0x00, 0x00, 0x00, 0x00, 0x00, 0x00, 0x00, 0x00,
    0x00, 0x00, 0x00, 0x00, 0x00, 0x00, 0x00, 0x00, 0x00, 0x00, 0x00, 0x00, 0x00, 0x00, 0x00, 0x00, 0x00, 0x00, 0x00,
    0x00, 0x00, 0x00, 0x00, 0x00, 0x00, 0x00, 0x00, 0x00, 0x00, 0x00, 0x00, 0x00, 0x00, 0x00, 0x00, 0x00, 0x00, 0x00,
    0x00, 0x00, 0x00, 0x00, 0x00, 0x00, 0x00, 0x00, 0x20, 0x00, 0x20, 0x00, 0x20, 0x00, 0x00, 0x00, 0x00, 0x00, 0x00,
    0x00, 0x20, 0x00, 0x20, 0x00, 0x20, 0x00, 0x21, 0x00, 0x41, 0x00, 0x41, 0x00, 0x41, 0x00, 0x61, 0x08, 0x62, 0x08,
    0x82, 0x08, 0x82, 0x08, 0xa3, 0x08, 0xa3, 0x08, 0xc3, 0x08, 0xc4, 0x10, 0xe4, 0x10, 0x05, 0x11, 0x25, 0x11, 0x26,
    0x19, 0x66, 0x19, 0x46, 0x19, 0xe9, 0x29, 0x1d, 0xcf, 0xbf, 0xdf, 0x9f, 0xdf, 0x5f, 0xcf, 0xff, 0xa6, 0xff, 0xae,
    0xff, 0xae, 0xff, 0xae, 0xff, 0xae, 0xff, 0xae, 0xff, 0xae, 0xff, 0xae, 0xff, 0xae, 0xff, 0xae, 0xff, 0xae, 0xff,
    0xae, 0xff, 0xae, 0xff, 0xae, 0xff, 0xae, 0xff, 0xae, 0xff, 0xae, 0xff, 0xae, 0xff, 0xae, 0xff, 0xae, 0xff, 0xae,
    0x1f, 0xaf, 0x3f, 0xc7, 0x5f, 0xcf, 0x5f, 0xc7, 0x3f, 0xbf, 0x1f, 0xb7, 0x1f, 0xb7, 0x1f, 0xb7, 0xff, 0xb6, 0xff,
    0xb6, 0xff, 0xb6, 0xff, 0xb6, 0xff, 0xae, 0xff, 0xae, 0xdf, 0xae, 0xdf, 0xae, 0xdf, 0xae, 0xdf, 0xae, 0xdf, 0xae,
    0xdf, 0xae, 0xdf, 0xae, 0xbf, 0xae, 0xbf, 0xae, 0xbf, 0xae, 0xbe, 0xa6, 0xbe, 0xa6, 0xbe, 0xa6, 0xbe, 0xa6, 0x9e,
    0xa6, 0x9e, 0xa6, 0x9e, 0xa6, 0x9e, 0xa6, 0x9e, 0xa6, 0x7e, 0xa6, 0x7e, 0x9e, 0x7e, 0x9e, 0x7e, 0x9e, 0x7e, 0x9e,
    0x7e, 0x9e, 0x7e, 0x9e, 0x5e, 0x9e, 0x5e, 0x9e, 0x5e, 0x9e, 0x5e, 0x9e, 0x5e, 0x9e, 0x5e, 0x96, 0x3d, 0x96, 0x7e,
    0x9e, 0xbe, 0xb6, 0xbe, 0xb6, 0x7e, 0xa6, 0xfd, 0x85, 0xbd, 0x7d, 0xbd, 0x7d, 0xbd, 0x7d, 0xbd, 0x75, 0xbd, 0x75,
    0xbd, 0x75, 0x9d, 0x75, 0x9d, 0x75, 0x9c, 0x75, 0x9c, 0x75, 0x9c, 0x75, 0x7c, 0x6d, 0x7c, 0x6d, 0x7c, 0x6d, 0x7c,
    0x6d, 0x7c, 0x6d, 0x7c, 0x6d, 0x5c, 0x6d, 0x5c, 0x6d, 0x5c, 0x6d, 0x3c, 0x65, 0xfd, 0x8d, 0xde, 0xc6, 0xbd, 0xb6,
    0xff, 0xbe, 0xed, 0x42, 0x25, 0x11, 0x67, 0x19, 0x26, 0x19, 0x25, 0x11, 0x05, 0x11, 0xe4, 0x10, 0xe4, 0x10, 0xc4,
    0x10, 0xa3, 0x08, 0xa3, 0x08, 0x82, 0x08, 0x82, 0x08, 0x62, 0x08, 0x62, 0x08, 0x41, 0x00, 0x41, 0x00, 0x41, 0x00,
    0x21, 0x00, 0x21, 0x00, 0x20, 0x00, 0x20, 0x00, 0x00, 0x00, 0x00, 0x00, 0x00, 0x00, 0x00, 0x00, 0x00, 0x00, 0x00,
    0x00, 0x00, 0x00, 0x00, 0x00, 0x00, 0x00, 0x00, 0x00, 0x00, 0x00, 0x00, 0x00, 0x00, 0x00, 0x00, 0x00, 0x00, 0x00,
    0x00, 0x00, 0x00, 0x00, 0x00, 0x00, 0x00, 0x00, 0x00, 0x00, 0x00, 0x00, 0x00, 0x00, 0x00, 0x00, 0x00, 0x00, 0x00,
    0x00, 0x00, 0x00, 0x00, 0x00, 0x00, 0x00, 0x00, 0x00, 0x00, 0x00, 0x00, 0x00, 0x00, 0x00, 0x00, 0x00, 0x00, 0x00,
    0x00, 0x00, 0x00, 0x00, 0x00, 0x00, 0x00, 0x00, 0x00, 0x00, 0x00, 0x00, 0x00, 0x00, 0x00, 0x00, 0x00, 0x00, 0x00,
    0x00, 0x00, 0x00, 0x00, 0x00, 0x00, 0x00, 0x00, 0x00, 0x00, 0x00, 0x00, 0x00, 0x00, 0x00, 0x00, 0x00, 0x20, 0x00,
    0x20, 0x00, 0x20, 0x00, 0x20, 0x00, 0x21, 0x00, 0x21, 0x00, 0x41, 0x00, 0x41, 0x00, 0x41, 0x00, 0x62, 0x08, 0x62,
    0x08, 0x82, 0x08, 0x82, 0x08, 0xa3, 0x08, 0xa3, 0x08, 0xc4, 0x10, 0xe4, 0x10, 0x04, 0x11, 0x05, 0x11, 0x26, 0x19,
    0x46, 0x19, 0x67, 0x19, 0x46, 0x11, 0xf9, 0xad, 0xdf, 0xe7, 0x7f, 0xd7, 0x7f, 0xd7, 0xff, 0xae, 0xff, 0xae, 0xff,
    0xae, 0xff, 0xae, 0xff, 0xae, 0xff, 0xae, 0xff, 0xae, 0xff, 0xae, 0xff, 0xae, 0xff, 0xae, 0xff, 0xae, 0xff, 0xae,
    0xff, 0xae, 0xff, 0xae, 0xff, 0xae, 0xff, 0xae, 0xff, 0xae, 0xff, 0xae, 0xff, 0xae, 0xff, 0xae, 0xff, 0xae, 0x3f,
    0xbf, 0x5f, 0xc7, 0x5f, 0xcf, 0x3f, 0xc7, 0x1f, 0xbf, 0x1f, 0xb7, 0x1f, 0xb7, 0x1f, 0xb7, 0xff, 0xb6, 0xff, 0xb6,
    0xff, 0xb6, 0xff, 0xb6, 0xff, 0xae, 0xff, 0xae, 0xdf, 0xae, 0xdf, 0xae, 0xdf, 0xae, 0xdf, 0xae, 0xdf, 0xae, 0xdf,
    0xae, 0xdf, 0xae, 0xbf, 0xae, 0xbf, 0xae, 0xbf, 0xae, 0xbe, 0xa6, 0xbe, 0xa6, 0xbe, 0xa6, 0xbe, 0xa6, 0x9e, 0xa6,
    0x9e, 0xa6, 0x9e, 0xa6, 0x9e, 0xa6, 0x9e, 0xa6, 0x7e, 0xa6, 0x7e, 0x9e, 0x7e, 0x9e, 0x7e, 0x9e, 0x7e, 0x9e, 0x7e,
    0x9e, 0x7e, 0x9e, 0x5e, 0x9e, 0x5e, 0x9e, 0x5e, 0x9e, 0x5e, 0x9e, 0x5e, 0x9e, 0x5e, 0x96, 0x3d, 0x96, 0xde, 0xbe,
    0x9f, 0xe7, 0xdf, 0xf7, 0xdf, 0xf7, 0x9f, 0xe7, 0xfe, 0xbe, 0x3d, 0x96, 0xbd, 0x7d, 0xbd, 0x75, 0xbd, 0x75, 0xbd,
    0x75, 0x9d, 0x75, 0x9d, 0x75, 0x9c, 0x75, 0x9c, 0x75, 0x9c, 0x75, 0x7c, 0x6d, 0x7c, 0x6d, 0x7c, 0x6d, 0x7c, 0x6d,
    0x7c, 0x6d, 0x7c, 0x6d, 0x5c, 0x6d, 0x5c, 0x6d, 0x5c, 0x6d, 0x5c, 0x6d, 0x5c, 0x65, 0x3c, 0x65, 0x5d, 0x9e, 0xde,
    0xbe, 0xde, 0xbe, 0x5c, 0xae, 0xe9, 0x29, 0x46, 0x19, 0x46, 0x19, 0x26, 0x19, 0x05, 0x11, 0x05, 0x11, 0xe4, 0x10,
    0xc4, 0x10, 0xc3, 0x08, 0xa3, 0x08, 0xa3, 0x08, 0x82, 0x08, 0x62, 0x08, 0x62, 0x08, 0x61, 0x00, 0x41, 0x00, 0x41,
    0x00, 0x21, 0x00, 0x21, 0x00, 0x20, 0x00, 0x20, 0x00, 0x20, 0x00, 0x00, 0x00, 0x00, 0x00, 0x00, 0x00, 0x00, 0x00,
    0x00, 0x00, 0x00, 0x00, 0x00, 0x00, 0x00, 0x00, 0x00, 0x00, 0x00, 0x00, 0x00, 0x00, 0x00, 0x00, 0x00, 0x00, 0x00,
    0x00, 0x00, 0x00, 0x00, 0x00, 0x00, 0x00, 0x00, 0x00, 0x00, 0x00, 0x00, 0x00, 0x00, 0x00, 0x00, 0x00, 0x00, 0x00,
    0x00, 0x00, 0x00, 0x00, 0x00, 0x00, 0x00, 0x00, 0x00, 0x00, 0x00, 0x00, 0x00, 0x00, 0x00, 0x00, 0x00, 0x00, 0x00,
    0x00, 0x00, 0x00, 0x00, 0x00, 0x00, 0x00, 0x00, 0x00, 0x00, 0x00, 0x00, 0x00, 0x00, 0x00, 0x00, 0x00, 0x00, 0x00,
    0x00, 0x00, 0x00, 0x00, 0x00, 0x00, 0x00, 0x00, 0x82, 0x10, 0x0d, 0x53, 0xaf, 0x63, 0x8b, 0x4a, 0x20, 0x00, 0x00,
    0x00, 0x20, 0x00, 0x20, 0x00, 0x20, 0x00, 0x21, 0x00, 0x41, 0x00, 0x41, 0x00, 0x41, 0x00, 0x61, 0x08, 0x62, 0x08,
    0x82, 0x08, 0x82, 0x08, 0xa3, 0x08, 0xa3, 0x08, 0xc4, 0x10, 0xe4, 0x10, 0xe4, 0x10, 0x05, 0x11, 0x25, 0x11, 0x46,
    0x19, 0x67, 0x19, 0x05, 0x09, 0x93, 0x7c, 0xff, 0xe7, 0x7f, 0xd7, 0x9f, 0xdf, 0x1f, 0xb7, 0xff, 0xa6, 0xff, 0xae,
    0xff, 0xae, 0xff, 0xae, 0xff, 0xae, 0xff, 0xae, 0xff, 0xae, 0xff, 0xae, 0xff, 0xae, 0xff, 0xae, 0xff, 0xae, 0xff,
    0xae, 0xff, 0xae, 0xff, 0xae, 0xff, 0xae, 0xff, 0xae, 0xff, 0xae, 0xff, 0xae, 0xff, 0xae, 0xff, 0xae, 0x3f, 0xc7,
    0x5f, 0xcf, 0x5f, 0xc7, 0x3f, 0xbf, 0x1f, 0xb7, 0x1f, 0xb7, 0x1f, 0xb7, 0x1f, 0xb7, 0xff, 0xb6, 0xff, 0xb6, 0xff,
    0xb6, 0xff, 0xb6, 0xff, 0xae, 0xff, 0xae, 0xdf, 0xae, 0xdf, 0xae, 0xdf, 0xae, 0xdf, 0xae, 0xdf, 0xae, 0xdf, 0xae,
    0xdf, 0xae, 0xbf, 0xae, 0xbf, 0xae, 0xbf, 0xae, 0xbe, 0xa6, 0xbe, 0xa6, 0xbe, 0xa6, 0xbe, 0xa6, 0x9e, 0xa6, 0x9e,
    0xa6, 0x9e, 0xa6, 0x9e, 0xa6, 0x9e, 0xa6, 0x7e, 0xa6, 0x7e, 0x9e, 0x7e, 0x9e, 0x7e, 0x9e, 0x7e, 0x9e, 0x7e, 0x9e,
    0x7e, 0x9e, 0x5e, 0x9e, 0x5e, 0x9e, 0x5e, 0x9e, 0x5e, 0x9e, 0x5e, 0x9e, 0x5e, 0x9e, 0x3d, 0x96, 0x3f, 0xd7, 0xff,
    0xff, 0xff, 0xff, 0xff, 0xff, 0xdf, 0xff, 0xff, 0xff, 0xff, 0xff, 0x1e, 0xcf, 0x5d, 0x9e, 0xdd, 0x85, 0x9d, 0x75,
    0x9d, 0x75, 0x9d, 0x75, 0x9c, 0x75, 0x9c, 0x75, 0x9c, 0x75, 0x7c, 0x6d, 0x7c, 0x6d, 0x7c, 0x6d, 0x7c, 0x6d, 0x7c,
    0x6d, 0x7c, 0x6d, 0x5c, 0x6d, 0x5c, 0x6d, 0x5c, 0x6d, 0x5c, 0x65, 0x5c, 0x65, 0x5c, 0x65, 0x3c, 0x65, 0x5c, 0x65,
    0x9e, 0xae, 0xbd, 0xbe, 0xff, 0xc6, 0x58, 0x8d, 0x46, 0x11, 0x67, 0x19, 0x46, 0x19, 0x25, 0x11, 0x05, 0x11, 0xe4,
    0x10, 0xe4, 0x10, 0xc4, 0x10, 0xa3, 0x08, 0xa3, 0x08, 0x82, 0x08, 0x82, 0x08, 0x62, 0x08, 0x62, 0x08, 0x41, 0x00,
    0x41, 0x00, 0x41, 0x00, 0x21, 0x00, 0x21, 0x00, 0x20, 0x00, 0x20, 0x00, 0x20, 0x00, 0x00, 0x00, 0x00, 0x00, 0x00,
    0x00, 0x00, 0x00, 0x00, 0x00, 0x00, 0x00, 0x00, 0x00, 0x00, 0x00, 0x00, 0x00, 0x00, 0x00, 0x00, 0x00, 0x00, 0x00,
    0x00, 0x00, 0x00, 0x00, 0x00, 0x00, 0x00, 0x00, 0x00, 0x00, 0x00, 0x00, 0x00, 0x00, 0x00, 0x00, 0x00, 0x00, 0x00,
    0x00, 0x00, 0x00, 0x00, 0x00, 0x00, 0x00, 0x00, 0x00, 0x00, 0x00, 0x00, 0x00, 0x00, 0x00, 0x00, 0x00, 0x00, 0x00,
    0x00, 0x00, 0x00, 0x00, 0x00, 0x00, 0x00, 0x00, 0x00, 0x00, 0x00, 0x00, 0x00, 0x00, 0x00, 0x00, 0x00, 0x00, 0x00,
    0x00, 0x00, 0x00, 0x00, 0x00, 0x00, 0x00, 0x8b, 0x4a, 0x9c, 0xbe, 0x5f, 0xd7, 0x5f, 0xd7, 0x5f, 0xcf, 0xf9, 0xad,
    0x66, 0x29, 0x00, 0x00, 0x21, 0x00, 0x21, 0x00, 0x21, 0x00, 0x41, 0x00, 0x41, 0x00, 0x41, 0x00, 0x62, 0x08, 0x62,
    0x08, 0x82, 0x08, 0x83, 0x08, 0xa3, 0x08, 0xc3, 0x08, 0xc4, 0x10, 0xe4, 0x10, 0x05, 0x11, 0x05, 0x11, 0x26, 0x19,
    0x66, 0x19, 0x26, 0x11, 0xac, 0x42, 0x9f, 0xdf, 0x9f, 0xdf, 0x9f, 0xdf, 0x3f, 0xbf, 0xff, 0xa6, 0xff, 0xae, 0xff,
    0xae, 0xff, 0xae, 0xff, 0xae, 0xff, 0xae, 0xff, 0xae, 0xff, 0xae, 0xff, 0xae, 0xff, 0xae, 0xff, 0xae, 0xff, 0xae,
    0xff, 0xae, 0xff, 0xae, 0xff, 0xae, 0xff, 0xae, 0xff, 0xae, 0xff, 0xae, 0xff, 0xa6, 0x1f, 0xb7, 0x5f, 0xc7, 0x5f,
    0xcf, 0x5f, 0xc7, 0x1f, 0xbf, 0x1f, 0xb7, 0x1f, 0xb7, 0x1f, 0xb7, 0x1f, 0xb7, 0xff, 0xb6, 0xff, 0xb6, 0xff, 0xb6,
    0xff, 0xb6, 0xff, 0xae, 0xff, 0xae, 0xdf, 0xae, 0xdf, 0xae, 0xdf, 0xae, 0xdf, 0xae, 0xdf, 0xae, 0xdf, 0xae, 0xdf,
    0xae, 0xbf, 0xae, 0xbf, 0xae, 0xbf, 0xae, 0xbe, 0xa6, 0xbe, 0xa6, 0xbe, 0xa6, 0xbe, 0xa6, 0x9e, 0xa6, 0x9e, 0xa6,
    0x9e, 0xa6, 0x9e, 0xa6, 0x9e, 0xa6, 0x7e, 0xa6, 0x7e, 0x9e, 0x7e, 0x9e, 0x7e, 0x9e, 0x7e, 0x9e, 0x7e, 0x9e, 0x7e,
    0x9e, 0x5e, 0x9e, 0x5e, 0x9e, 0x5e, 0x9e, 0x5e, 0x9e, 0x5e, 0x9e, 0x5e, 0x9e, 0x3d, 0x8e, 0x1e, 0xc7, 0xff, 0xff,
    0xdf, 0xf7, 0xdf, 0xf7, 0xdf, 0xf7, 0xdf, 0xf7, 0xdf, 0xf7, 0xdf, 0xf7, 0xff, 0xff, 0xde, 0xbe, 0x7e, 0xa6, 0xfd,
    0x8d, 0x9c, 0x6d, 0x9c, 0x75, 0x9c, 0x75, 0x9c, 0x75, 0x7c, 0x6d, 0x7c, 0x6d, 0x7c, 0x6d, 0x7c, 0x6d, 0x7c, 0x6d,
    0x7c, 0x6d, 0x5c, 0x6d, 0x5c, 0x6d, 0x5c, 0x6d, 0x5c, 0x65, 0x5c, 0x65, 0x5c, 0x65, 0x3c, 0x65, 0x3c, 0x65, 0x1c,
    0x5d, 0x7c, 0x75, 0xbe, 0xbe, 0x9d, 0xb6, 0x1f, 0xc7, 0xb1, 0x5b, 0x05, 0x11, 0x67, 0x19, 0x46, 0x19, 0x25, 0x11,
    0x05, 0x11, 0xe4, 0x10, 0xe4, 0x10, 0xc3, 0x08, 0xa3, 0x08, 0xa3, 0x08, 0x82, 0x08, 0x82, 0x08, 0x62, 0x08, 0x61,
    0x08, 0x41, 0x00, 0x41, 0x00, 0x41, 0x00, 0x21, 0x00, 0x20, 0x00, 0x20, 0x00, 0x00, 0x00, 0x00, 0x00, 0xc3, 0x18,
    0x65, 0x29, 0x04, 0x21, 0x20, 0x00, 0x00, 0x00, 0x00, 0x00, 0x00, 0x00, 0x00, 0x00, 0x00, 0x00, 0x00, 0x00, 0x00,
    0x00, 0x00, 0x00, 0x00, 0x00, 0x00, 0x00, 0x00, 0x00, 0x00, 0x00, 0x00, 0x00, 0x00, 0x00, 0x00, 0x00, 0x00, 0x00,
    0x00, 0x00, 0x00, 0x00, 0x00, 0x00, 0x00, 0x00, 0x00, 0x00, 0x00, 0x00, 0x00, 0x00, 0x00, 0x00, 0x00, 0x00, 0x00,
    0x00, 0x00, 0x00, 0x00, 0x00, 0x00, 0x00, 0x00, 0x00, 0x00, 0x00, 0x00, 0x00, 0x00, 0x00, 0x00, 0x00, 0x00, 0x00,
    0x00, 0x00, 0x00, 0x00, 0x00, 0x00, 0xa7, 0x31, 0x3f, 0xcf, 0xfe, 0xc6, 0xbc, 0xbe, 0xbc, 0xbe, 0xbc, 0xbe, 0x3f,
    0xcf, 0x5b, 0xb6, 0x82, 0x10, 0x00, 0x00, 0x41, 0x00, 0x41, 0x00, 0x41, 0x00, 0x41, 0x00, 0x62, 0x08, 0x62, 0x08,
    0x82, 0x08, 0x82, 0x08, 0xa3, 0x08, 0xa3, 0x08, 0xc4, 0x10, 0xe4, 0x10, 0xe4, 0x10, 0x05, 0x11, 0x26, 0x11, 0x46,
    0x19, 0x67, 0x19, 0x67, 0x19, 0x7b, 0xb6, 0xdf, 0xe7, 0x7f, 0xdf, 0x5f, 0xcf, 0xff, 0xae, 0xff, 0xae, 0xff, 0xae,
    0xff, 0xae, 0xff, 0xae, 0xff, 0xae, 0xff, 0xae, 0xff, 0xae, 0xff, 0xae, 0xff, 0xae, 0xff, 0xae, 0xff, 0xae, 0xff,
    0xae, 0xff, 0xae, 0xff, 0xae, 0xff, 0xae, 0xff, 0xae, 0xff, 0xae, 0xff, 0xae, 0x1f, 0xb7, 0x5f, 0xc7, 0x5f, 0xcf,
    0x3f, 0xc7, 0x1f, 0xbf, 0x1f, 0xb7, 0x1f, 0xb7, 0x1f, 0xb7, 0x1f, 0xb7, 0xff, 0xb6, 0xff, 0xb6, 0xff, 0xb6, 0xff,
    0xb6, 0xff, 0xae, 0xff, 0xae, 0xdf, 0xae, 0xdf, 0xae, 0xdf, 0xae, 0xdf, 0xae, 0xdf, 0xae, 0xdf, 0xae, 0xdf, 0xae,
    0xbf, 0xae, 0xbf, 0xae, 0xbf, 0xae, 0xbe, 0xa6, 0xbe, 0xa6, 0xbe, 0xa6, 0xbe, 0xa6, 0x9e, 0xa6, 0x9e, 0xa6, 0x9e,
    0xa6, 0x9e, 0xa6, 0x9e, 0xa6, 0x7e, 0xa6, 0x7e, 0x9e, 0x7e, 0x9e, 0x7e, 0x9e, 0x7e, 0x9e, 0x7e, 0x9e, 0x7e, 0x9e,
    0x5e, 0x9e, 0x5e, 0x9e, 0x5e, 0x9e, 0x5e, 0x9e, 0x5e, 0x9e, 0x5e, 0x9e, 0x3e, 0x96, 0x5e, 0x9e, 0xdf, 0xf7, 0xff,
    0xff, 0xdf, 0xf7, 0xdf, 0xf7, 0xdf, 0xf7, 0xdf, 0xf7, 0xdf, 0xf7, 0xdf, 0xf7, 0xff, 0xff, 0x7f, 0xdf, 0x7d, 0xa6,
    0x7e, 0xae, 0x1d, 0x8e, 0x9c, 0x6d, 0x9c, 0x75, 0x7c, 0x75, 0x7c, 0x6d, 0x7c, 0x6d, 0x7c, 0x6d, 0x7c, 0x6d, 0x7c,
    0x6d, 0x5c, 0x6d, 0x5c, 0x6d, 0x5c, 0x6d, 0x5c, 0x65, 0x5c, 0x65, 0x5c, 0x65, 0x3c, 0x65, 0x3c, 0x65, 0x3c, 0x65,
    0x3c, 0x65, 0x1b, 0x5d, 0xfd, 0x8d, 0xde, 0xbe, 0xbe, 0xb6, 0x9d, 0xb6, 0x2a, 0x32, 0x46, 0x11, 0x46, 0x19, 0x26,
    0x19, 0x05, 0x11, 0x05, 0x11, 0xe4, 0x10, 0xc4, 0x10, 0xa3, 0x08, 0xa3, 0x08, 0x82, 0x08, 0x82, 0x08, 0x62, 0x08,
    0x62, 0x08, 0x41, 0x00, 0x41, 0x00, 0x41, 0x00, 0x21, 0x00, 0x21, 0x00, 0x20, 0x00, 0x00, 0x00, 0x86, 0x31, 0xcb,
    0x5a, 0xaa, 0x52, 0xcb, 0x5a, 0x08, 0x42, 0x20, 0x00, 0x00, 0x00, 0x00, 0x00, 0x00, 0x00, 0x00, 0x00, 0x00, 0x00,
    0x00, 0x00, 0x00, 0x00, 0x00, 0x00, 0x00, 0x00, 0x00, 0x00, 0x00, 0x00, 0x00, 0x00, 0x00, 0x00, 0x00, 0x00, 0x00,
    0x00, 0x00, 0x00, 0x00, 0x00, 0x00, 0x00, 0x00, 0x00, 0x00, 0x00, 0x00, 0x00, 0x00, 0x00, 0x00, 0x00, 0x00, 0x00,
    0x00, 0x00, 0x00, 0x00, 0x00, 0x00, 0x00, 0x00, 0x00, 0x00, 0x00, 0x00, 0x00, 0x00, 0x00, 0x00, 0x00, 0x00, 0x00,
    0x00, 0x00, 0x00, 0x00, 0x00, 0x20, 0x00, 0x36, 0x95, 0x3e, 0xcf, 0xbc, 0xbe, 0xdd, 0xc6, 0xdd, 0xc6, 0xdd, 0xc6,
    0xbc, 0xbe, 0x5f, 0xd7, 0x8f, 0x63, 0x00, 0x00, 0x41, 0x00, 0x41, 0x00, 0x41, 0x00, 0x61, 0x00, 0x62, 0x08, 0x62,
    0x08, 0x82, 0x08, 0xa3, 0x08, 0xa3, 0x08, 0xc3, 0x08, 0xc4, 0x10, 0xe4, 0x10, 0x05, 0x11, 0x25, 0x11, 0x46, 0x19,
    0x67, 0x19, 0xe5, 0x08, 0x73, 0x7c, 0xff, 0xef, 0x7f, 0xd7, 0x9f, 0xdf, 0x1f, 0xb7, 0xff, 0xae, 0xff, 0xae, 0xff,
    0xae, 0xff, 0xae, 0xff, 0xae, 0xff, 0xae, 0xff, 0xae, 0xff, 0xae, 0xff, 0xae, 0xff, 0xae, 0xff, 0xae, 0xff, 0xae,
    0xff, 0xae, 0xff, 0xae, 0xff, 0xae, 0xff, 0xae, 0xff, 0xae, 0xff, 0xae, 0x1f, 0xb7, 0x5f, 0xcf, 0x5f, 0xcf, 0x3f,
    0xbf, 0x1f, 0xb7, 0x1f, 0xb7, 0x1f, 0xb7, 0x1f, 0xb7, 0x1f, 0xb7, 0xff, 0xb6, 0xff, 0xb6, 0xff, 0xb6, 0xff, 0xb6,
    0xff, 0xae, 0xff, 0xae, 0xdf, 0xae, 0xdf, 0xae, 0xdf, 0xae, 0xdf, 0xae, 0xdf, 0xae, 0xdf, 0xae, 0xdf, 0xae, 0xbf,
    0xae, 0xbf, 0xae, 0xbf, 0xae, 0xbe, 0xa6, 0xbe, 0xa6, 0xbe, 0xa6, 0xbe, 0xa6, 0x9e, 0xa6, 0x9e, 0xa6, 0x9e, 0xa6,
    0x9e, 0xa6, 0x9e, 0xa6, 0x7e, 0xa6, 0x7e, 0x9e, 0x7e, 0x9e, 0x7e, 0x9e, 0x7e, 0x9e, 0x7e, 0x9e, 0x7e, 0x9e, 0x5e,
    0x9e, 0x5e, 0x9e, 0x5e, 0x9e, 0x5e, 0x9e, 0x5e, 0x9e, 0x5e, 0x96, 0x5e, 0x96, 0x3d, 0x96, 0x7f, 0xdf, 0xff, 0xff,
    0xdf, 0xf7, 0xdf, 0xf7, 0xdf, 0xf7, 0xdf, 0xf7, 0xdf, 0xf7, 0xdf, 0xf7, 0xdf, 0xf7, 0xdf, 0xff, 0xbf, 0xef, 0x5d,
    0x9e, 0x5d, 0xa6, 0x9e, 0xae, 0x1d, 0x8e, 0x7c, 0x6d, 0x7c, 0x6d, 0x7c, 0x6d, 0x7c, 0x6d, 0x7c, 0x6d, 0x7c, 0x6d,
    0x5c, 0x6d, 0x5c, 0x6d, 0x5c, 0x6d, 0x5c, 0x65, 0x5c, 0x65, 0x5c, 0x65, 0x3c, 0x65, 0x3c, 0x65, 0x3c, 0x65, 0x3c,
    0x65, 0x3c, 0x65, 0x1b, 0x65, 0x1b, 0x5d, 0x7d, 0xa6, 0xbd, 0xbe, 0xff, 0xbe, 0x58, 0x8d, 0x26, 0x11, 0x67, 0x19,
    0x46, 0x19, 0x25, 0x11, 0x05, 0x11, 0xe4, 0x10, 0xe4, 0x10, 0xc3, 0x10, 0xa3, 0x08, 0xa3, 0x08, 0x82, 0x08, 0x82,
    0x08, 0x62, 0x08, 0x61, 0x08, 0x41, 0x00, 0x41, 0x00, 0x41, 0x00, 0x41, 0x00, 0x00, 0x00, 0x25, 0x21, 0xcb, 0x5a,
    0x8a, 0x4a, 0x8a, 0x52, 0x69, 0x4a, 0xcb, 0x5a, 0xc7, 0x39, 0x00, 0x00, 0x00, 0x00, 0x00, 0x00, 0x00, 0x00, 0x00,
    0x00, 0x00, 0x00, 0x00, 0x00, 0x00, 0x00, 0x00, 0x00, 0x00, 0x00, 0x00, 0x00, 0x00, 0x00, 0x00, 0x00, 0x00, 0x00,
    0x00, 0x00, 0x00, 0x00, 0x00, 0x00, 0x00, 0x00, 0x00, 0x00, 0x00, 0x00, 0x00, 0x00, 0x00, 0x00, 0x00, 0x00, 0x00,
    0x00, 0x00, 0x00, 0x00, 0x00, 0x00, 0x00, 0x00, 0x00, 0x00, 0x00, 0x00, 0x00, 0x00, 0x00, 0x00, 0x00, 0x00, 0x00,
    0x00, 0x00, 0x00, 0x00, 0x00, 0x00, 0x82, 0x08, 0x7b, 0xbe, 0xfd, 0xc6, 0xdd, 0xc6, 0xdd, 0xc6, 0xdd, 0xc6, 0xdd,
    0xc6, 0xbd, 0xc6, 0x3e, 0xcf, 0x56, 0x95, 0x00, 0x00, 0x41, 0x00, 0x41, 0x00, 0x41, 0x00, 0x62, 0x08, 0x62, 0x08,
    0x82, 0x08, 0x82, 0x08, 0xa3, 0x08, 0xa3, 0x08, 0xc4, 0x10, 0xe4, 0x10, 0x04, 0x11, 0x05, 0x11, 0x26, 0x19, 0x46,
    0x19, 0x26, 0x11, 0x4a, 0x32, 0x5e, 0xd7, 0x9f, 0xdf, 0x9f, 0xdf, 0x3f, 0xbf, 0xff, 0xa6, 0xff, 0xae, 0xff, 0xae,
    0xff, 0xae, 0xff, 0xae, 0xff, 0xae, 0xff, 0xae, 0xff, 0xae, 0xff, 0xae, 0xff, 0xae, 0xff, 0xae, 0xff, 0xae, 0xff,
    0xae, 0xff, 0xae, 0xff, 0xae, 0xff, 0xae, 0xff, 0xae, 0xff, 0xae, 0x1f, 0xb7, 0x5f, 0xcf, 0x5f, 0xcf, 0x3f, 0xbf,
    0x1f, 0xb7, 0x1f, 0xb7, 0x1f, 0xb7, 0x1f, 0xb7, 0x1f, 0xb7, 0xff, 0xb6, 0xff, 0xb6, 0xff, 0xb6, 0xff, 0xb6, 0xff,
    0xae, 0xff, 0xae, 0xdf, 0xae, 0xdf, 0xae, 0xdf, 0xae, 0xdf, 0xae, 0xdf, 0xae, 0xdf, 0xae, 0xdf, 0xae, 0xbf, 0xae,
    0xbf, 0xae, 0xbf, 0xae, 0xbe, 0xa6, 0xbe, 0xa6, 0xbe, 0xa6, 0xbe, 0xa6, 0x9e, 0xa6, 0x9e, 0xa6, 0x9e, 0xa6, 0x9e,
    0xa6, 0x9e, 0xa6, 0x7e, 0xa6, 0x7e, 0x9e, 0x7e, 0x9e, 0x7e, 0x9e, 0x7e, 0x9e, 0x7e, 0x9e, 0x7e, 0x9e, 0x5e, 0x9e,
    0x5e, 0x9e, 0x5e, 0x9e, 0x5e, 0x9e, 0x5e, 0x9e, 0x5e, 0x96, 0x5e, 0x9e, 0x1d, 0x8e, 0xfe, 0xbe, 0xff, 0xff, 0xdf,
    0xf7, 0xdf, 0xf7, 0xdf, 0xf7, 0xdf, 0xf7, 0xdf, 0xf7, 0xdf, 0xf7, 0xdf, 0xf7, 0xdf, 0xf7, 0xdf, 0xff, 0xbf, 0xf7,
    0x1d, 0x96, 0x1d, 0x8e, 0x7d, 0xa6, 0x7e, 0xa6, 0x1d, 0x8e, 0x7c, 0x6d, 0x7c, 0x6d, 0x7c, 0x6d, 0x7c, 0x6d, 0x5c,
    0x6d, 0x5c, 0x6d, 0x5c, 0x6d, 0x5c, 0x65, 0x5c, 0x65, 0x5c, 0x65, 0x3c, 0x65, 0x3c, 0x65, 0x3c, 0x65, 0x3c, 0x65,
    0x1c, 0x65, 0x1b, 0x65, 0x1b, 0x65, 0xfb, 0x5c, 0x5c, 0x6d, 0xbe, 0xb6, 0x9d, 0xb6, 0xff, 0xbe, 0x4f, 0x53, 0x25,
    0x11, 0x66, 0x19, 0x26, 0x19, 0x25, 0x11, 0x05, 0x11, 0xe4, 0x10, 0xc4, 0x10, 0xc3, 0x08, 0xa3, 0x08, 0x82, 0x08,
    0x82, 0x08, 0x62, 0x08, 0x62, 0x08, 0x41, 0x00, 0x41, 0x00, 0x41, 0x00, 0x41, 0x00, 0x00, 0x00, 0xe8, 0x39, 0xaa,
    0x52, 0x8a, 0x52, 0x8a, 0x52, 0x8a, 0x52, 0x8a, 0x52, 0x69, 0x4a, 0x20, 0x00, 0x00, 0x00, 0x00, 0x00, 0x00, 0x00,
    0x00, 0x00, 0x00, 0x00, 0x00, 0x00, 0x00, 0x00, 0x00, 0x00, 0x00, 0x00, 0x00, 0x00, 0x00, 0x00, 0x00, 0x00, 0x00,
    0x00, 0x00, 0x00, 0x00, 0x00, 0x00, 0x00, 0x00, 0x00, 0x00, 0x00, 0x00, 0x00, 0x00, 0x00, 0x00, 0x00, 0x00, 0x00,
    0x00, 0x00, 0x00, 0x00, 0x00, 0x00, 0x00, 0x00, 0x00, 0x00, 0x00, 0x00, 0x00, 0x00, 0x00, 0x00, 0x00, 0x00, 0x00,
    0x00, 0x00, 0x00, 0x00, 0x00, 0x00, 0x00, 0x61, 0x08, 0x7b, 0xb6, 0xfd, 0xc6, 0xdd, 0xc6, 0xdd, 0xc6, 0xdd, 0xc6,
    0xdd, 0xc6, 0xbd, 0xc6, 0x3f, 0xcf, 0x36, 0x95, 0x00, 0x00, 0x41, 0x00, 0x41, 0x00, 0x41, 0x00, 0x62, 0x08, 0x62,
    0x08, 0x82, 0x08, 0x83, 0x08, 0xa3, 0x08, 0xc3, 0x08, 0xc4, 0x10, 0xe4, 0x10, 0x05, 0x11, 0x25, 0x11, 0x46, 0x19,
    0x67, 0x19, 0x05, 0x11, 0x57, 0x95, 0xff, 0xe7, 0x7f, 0xdf, 0x7f, 0xcf, 0xff, 0xae, 0xff, 0xae, 0xff, 0xae, 0xff,
    0xae, 0xff, 0xae, 0xff, 0xae, 0xff, 0xae, 0xff, 0xae, 0xff, 0xae, 0xff, 0xae, 0xff, 0xae, 0xff, 0xae, 0xff, 0xae,
    0xff, 0xae, 0xff, 0xae, 0xff, 0xae, 0xff, 0xae, 0xff, 0xae, 0x1f, 0xb7, 0x5f, 0xcf, 0x5f, 0xcf, 0x3f, 0xbf, 0x1f,
    0xb7, 0x1f, 0xb7, 0x1f, 0xb7, 0x1f, 0xb7, 0x1f, 0xb7, 0xff, 0xb6, 0xff, 0xb6, 0xff, 0xb6, 0xff, 0xb6, 0xff, 0xae,
    0xff, 0xae, 0xdf, 0xae, 0xdf, 0xae, 0xdf, 0xae, 0xdf, 0xae, 0xdf, 0xae, 0xdf, 0xae, 0xdf, 0xae, 0xbf, 0xae, 0xbf,
    0xae, 0xbf, 0xae, 0xbe, 0xa6, 0xbe, 0xa6, 0xbe, 0xa6, 0xbe, 0xa6, 0x9e, 0xa6, 0x9e, 0xa6, 0x9e, 0xa6, 0x9e, 0xa6,
    0x9e, 0xa6, 0x7e, 0xa6, 0x7e, 0x9e, 0x7e, 0x9e, 0x7e, 0x9e, 0x7e, 0x9e, 0x7e, 0x9e, 0x7e, 0x9e, 0x5e, 0x9e, 0x5e,
    0x9e, 0x5e, 0x9e, 0x5e, 0x9e, 0x5e, 0x9e, 0x5e, 0x96, 0x5e, 0x9e, 0x3d, 0x96, 0x7e, 0xa6, 0xdf, 0xf7, 0xdf, 0xff,
    0xdf, 0xf7, 0xdf, 0xf7, 0xdf, 0xf7, 0xdf, 0xf7, 0xdf, 0xf7, 0xdf, 0xf7, 0xdf, 0xf7, 0xdf, 0xf7, 0xff, 0xff, 0x7f,
    0xe7, 0xfd, 0x8d, 0xfd, 0x8d, 0x1d, 0x8e, 0x5d, 0xa6, 0x7d, 0xa6, 0xfd, 0x8d, 0x5c, 0x6d, 0x7c, 0x6d, 0x5c, 0x6d,
    0x5c, 0x6d, 0x5c, 0x6d, 0x5c, 0x65, 0x5c, 0x65, 0x5c, 0x65, 0x3c, 0x65, 0x3c, 0x65, 0x3c, 0x65, 0x3c, 0x65, 0x1c,
    0x65, 0x1b, 0x65, 0x1b, 0x5d, 0x1b, 0x5d, 0x1b, 0x5d, 0xfb, 0x54, 0xdc, 0x8d, 0xbe, 0xbe, 0xde, 0xbe, 0xfa, 0x9d,
    0x67, 0x19, 0x66, 0x19, 0x46, 0x19, 0x25, 0x11, 0x05, 0x11, 0xe4, 0x10, 0xe4, 0x10, 0xc3, 0x10, 0xa3, 0x08, 0xa3,
    0x08, 0x82, 0x08, 0x82, 0x08, 0x62, 0x08, 0x61, 0x00, 0x41, 0x00, 0x41, 0x00, 0x41, 0x00, 0x00, 0x00, 0xe7, 0x39,
    0xcb, 0x52, 0x8a, 0x4a, 0x8a, 0x52, 0x8a, 0x52, 0x8a, 0x52, 0x49, 0x4a, 0x20, 0x00, 0x00, 0x00, 0x00, 0x00, 0x00,
    0x00, 0x00, 0x00, 0x00, 0x00, 0x00, 0x00, 0x00, 0x00, 0x00, 0x00, 0x00, 0x00, 0x00, 0x00, 0x00, 0x00, 0x00, 0x00,
    0x00, 0x00, 0x00, 0x00, 0x00, 0x00, 0x00, 0x00, 0x00, 0x00, 0x00, 0x00, 0x00, 0x00, 0x00, 0x00, 0x00, 0x00, 0x00,
    0x00, 0x00, 0x00, 0x00, 0x00, 0x00, 0x00, 0x00, 0x00, 0x00, 0x00, 0x00, 0x00, 0x00, 0x00, 0x00, 0x00, 0x00, 0x00,
    0x00, 0x00, 0x00, 0x00, 0x00, 0x00, 0x20, 0x00, 0x00, 0x00, 0x52, 0x7c, 0x5f, 0xd7, 0x9c, 0xbe, 0xdd, 0xc6, 0xdd,
    0xc6, 0xdd, 0xc6, 0xbc, 0xbe, 0x5f, 0xd7, 0xcc, 0x4a, 0x00, 0x00, 0x61, 0x08, 0x41, 0x00, 0x61, 0x08, 0x62, 0x08,
    0x82, 0x08, 0x82, 0x08, 0xa3, 0x08, 0xa3, 0x08, 0xc4, 0x10, 0xe4, 0x10, 0x05, 0x11, 0x05, 0x11, 0x26, 0x19, 0x66,
    0x19, 0x05, 0x11, 0x0d, 0x4b, 0xbf, 0xdf, 0x7f, 0xd7, 0x9f, 0xdf, 0x1f, 0xb7, 0xff, 0xa6, 0xff, 0xae, 0xff, 0xae,
    0xff, 0xae, 0xff, 0xae, 0xff, 0xae, 0xff, 0xae, 0xff, 0xae, 0xff, 0xae, 0xff, 0xae, 0xff, 0xae, 0xff, 0xae, 0xff,
    0xae, 0xff, 0xae, 0xff, 0xae, 0xff, 0xae, 0xff, 0xae, 0x1f, 0xb7, 0x5f, 0xcf, 0x5f, 0xcf, 0x3f, 0xbf, 0x1f, 0xb7,
    0x1f, 0xb7, 0x1f, 0xb7, 0x1f, 0xb7, 0x1f, 0xb7, 0xff, 0xb6, 0xff, 0xb6, 0xff, 0xb6, 0xff, 0xb6, 0xff, 0xae, 0xff,
    0xae, 0xdf, 0xae, 0xdf, 0xae, 0xdf, 0xae, 0xdf, 0xae, 0xdf, 0xae, 0xdf, 0xae, 0xdf, 0xae, 0xbf, 0xae, 0xbf, 0xae,
    0xbf, 0xae, 0xbe, 0xa6, 0xbe, 0xa6, 0xbe, 0xa6, 0xbe, 0xa6, 0x9e, 0xa6, 0x9e, 0xa6, 0x9e, 0xa6, 0x9e, 0xa6, 0x9e,
    0xa6, 0x7e, 0xa6, 0x7e, 0x9e, 0x7e, 0x9e, 0x7e, 0x9e, 0x7e, 0x9e, 0x7e, 0x9e, 0x7e, 0x9e, 0x5e, 0x9e, 0x5e, 0x9e,
    0x5e, 0x9e, 0x5e, 0x9e, 0x5e, 0x9e, 0x5e, 0x96, 0x5e, 0x96, 0x3d, 0x96, 0x3d, 0x96, 0x9f, 0xe7, 0xff, 0xff, 0xdf,
    0xf7, 0xdf, 0xf7, 0xdf, 0xf7, 0xdf, 0xf7, 0xdf, 0xf7, 0xdf, 0xf7, 0xdf, 0xf7, 0xdf, 0xf7, 0xdf, 0xf7, 0xff, 0xff,
    0xbe, 0xb6, 0xdd, 0x85, 0xfd, 0x8d, 0xfd, 0x85, 0x1d, 0x8e, 0x5d, 0x9e, 0x7d, 0xa6, 0xfd, 0x8d, 0x5c, 0x65, 0x5c,
    0x6d, 0x5c, 0x6d, 0x5c, 0x65, 0x5c, 0x65, 0x5c, 0x65, 0x3c, 0x65, 0x3c, 0x65, 0x3c, 0x65, 0x3c, 0x65, 0x1c, 0x65,
    0x1b, 0x65, 0x1b, 0x5d, 0x1b, 0x5d, 0x1b, 0x5d, 0x1b, 0x5d, 0xfb, 0x5c, 0x1b, 0x5d, 0x7d, 0xae, 0x9d, 0xb6, 0xff,
    0xbe, 0xf2, 0x63, 0x05, 0x11, 0x67, 0x19, 0x26, 0x19, 0x25, 0x11, 0x05, 0x11, 0xe4, 0x10, 0xc4, 0x10, 0xc3, 0x08,
    0xa3, 0x08, 0x82, 0x08, 0x82, 0x08, 0x62, 0x08, 0x62, 0x08, 0x41, 0x00, 0x41, 0x00, 0x41, 0x00, 0x00, 0x00, 0xe3,
    0x18, 0xcb, 0x52, 0xaa, 0x52, 0x8a, 0x52, 0x8a, 0x52, 0xcb, 0x5a, 0x65, 0x29, 0x00, 0x00, 0x00, 0x00, 0x00, 0x00,
    0x00, 0x00, 0x00, 0x00, 0x00, 0x00, 0x00, 0x00, 0x00, 0x00, 0x00, 0x00, 0x00, 0x00, 0x00, 0x00, 0x00, 0x00, 0x00,
    0x00, 0x00, 0x00, 0x00, 0x00, 0x00, 0x00, 0x00, 0x00, 0x00, 0x00, 0x00, 0x00, 0x00, 0x00, 0x00, 0x00, 0x00, 0x00,
    0x00, 0x00, 0x00, 0x00, 0x00, 0x00, 0x00, 0x00, 0x00, 0x00, 0x00, 0x00, 0x00, 0x00, 0x00, 0x00, 0x00, 0x00, 0x00,
    0x00, 0x00, 0x00, 0x00, 0x00, 0x00, 0x00, 0x00, 0x00, 0x00, 0x00, 0xe4, 0x18, 0x9c, 0xbe, 0x5f, 0xcf, 0xdd, 0xc6,
    0xbd, 0xc6, 0xdd, 0xc6, 0x9f, 0xd7, 0x57, 0x9d, 0x41, 0x00, 0x41, 0x00, 0x41, 0x00, 0x41, 0x00, 0x62, 0x08, 0x62,
    0x08, 0x82, 0x08, 0x83, 0x08, 0xa3, 0x08, 0xc3, 0x08, 0xc4, 0x10, 0xe4, 0x10, 0x05, 0x11, 0x25, 0x11, 0x46, 0x19,
    0x67, 0x19, 0x26, 0x11, 0x19, 0xae, 0xdf, 0xe7, 0x7f, 0xdf, 0x5f, 0xcf, 0xff, 0xa6, 0xff, 0xae, 0xff, 0xae, 0xff,
    0xae, 0xff, 0xae, 0xff, 0xae, 0xff, 0xae, 0xff, 0xae, 0xff, 0xae, 0xff, 0xae, 0xff, 0xae, 0xff, 0xae, 0xff, 0xae,
    0xff, 0xae, 0xff, 0xae, 0xff, 0xae, 0xff, 0xae, 0x1f, 0xb7, 0x5f, 0xcf, 0x5f, 0xcf, 0x3f, 0xbf, 0x1f, 0xb7, 0x1f,
    0xb7, 0x1f, 0xb7, 0x1f, 0xb7, 0x1f, 0xb7, 0xff, 0xb6, 0xff, 0xb6, 0xff, 0xb6, 0xff, 0xb6, 0xff, 0xae, 0xff, 0xae,
    0xdf, 0xae, 0xdf, 0xae, 0xdf, 0xae, 0xdf, 0xae, 0xdf, 0xae, 0xdf, 0xae, 0xdf, 0xae, 0xbf, 0xae, 0xbf, 0xae, 0xbf,
    0xae, 0xbe, 0xa6, 0xbe, 0xa6, 0xbe, 0xa6, 0xbe, 0xa6, 0x9e, 0xa6, 0x9e, 0xa6, 0x9e, 0xa6, 0x9e, 0xa6, 0x9e, 0xa6,
    0x7e, 0xa6, 0x7e, 0x9e, 0x7e, 0x9e, 0x7e, 0x9e, 0x7e, 0x9e, 0x7e, 0x9e, 0x7e, 0x9e, 0x5e, 0x9e, 0x5e, 0x9e, 0x5e,
    0x9e, 0x5e, 0x9e, 0x5e, 0x9e, 0x5e, 0x96, 0x5e, 0x96, 0x5d, 0x96, 0x1d, 0x8e, 0x1e, 0xc7, 0xff, 0xff, 0xdf, 0xf7,
    0xdf, 0xf7, 0xdf, 0xf7, 0xdf, 0xf7, 0xdf, 0xf7, 0xdf, 0xf7, 0xdf, 0xf7, 0xdf, 0xf7, 0xdf, 0xf7, 0xff, 0xff, 0x3e,
    0xcf, 0xfd, 0x85, 0xfd, 0x8d, 0xfd, 0x8d, 0xfd, 0x8d, 0xfd, 0x85, 0xfd, 0x8d, 0x5d, 0x9e, 0x5d, 0xa6, 0xbc, 0x7d,
    0x3c, 0x65, 0x5c, 0x6d, 0x5c, 0x65, 0x5c, 0x65, 0x3c, 0x65, 0x3c, 0x65, 0x3c, 0x65, 0x3c, 0x65, 0x1c, 0x65, 0x1b,
    0x65, 0x1b, 0x5d, 0x1b, 0x5d, 0x1b, 0x5d, 0x1b, 0x5d, 0xfb, 0x5c, 0x1b, 0x5d, 0xdb, 0x54, 0x9c, 0x7d, 0xbd, 0xbe,
    0xbe, 0xb6, 0x5c, 0xae, 0xc9, 0x29, 0x46, 0x19, 0x46, 0x19, 0x25, 0x11, 0x05, 0x11, 0xe4, 0x10, 0xe4, 0x10, 0xc3,
    0x08, 0xa3, 0x08, 0xa3, 0x08, 0x82, 0x08, 0x82, 0x08, 0x62, 0x08, 0x61, 0x00, 0x41, 0x00, 0x41, 0x00, 0x41, 0x00,
    0x00, 0x00, 0x04, 0x21, 0x8a, 0x52, 0xaa, 0x52, 0xaa, 0x52, 0x86, 0x31, 0x00, 0x00, 0x00, 0x00, 0x00, 0x00, 0x00,
    0x00, 0x00, 0x00, 0x00, 0x00, 0x00, 0x00, 0x00, 0x00, 0x00, 0x00, 0x00, 0x00, 0x00, 0x00, 0x00, 0x00, 0x00, 0x00,
    0x00, 0x00, 0x00, 0x00, 0x00, 0x00, 0x00, 0x00, 0x00, 0x00, 0x00, 0x00, 0x00, 0x00, 0x00, 0x00, 0x00, 0x00, 0x00,
    0x00, 0x00, 0x00, 0x00, 0x00, 0x00, 0x00, 0x00, 0x00, 0x00, 0x00, 0x00, 0x00, 0x00, 0x00, 0x00, 0x00, 0x00, 0x00,
    0x00, 0x00, 0x00, 0x00, 0x00, 0x00, 0x00, 0x00, 0x00, 0x00, 0x00, 0x00, 0x00, 0x00, 0x45, 0x21, 0x36, 0x95, 0x1e,
    0xcf, 0x3e, 0xcf, 0xdd, 0xc6, 0x73, 0x7c, 0xa2, 0x10, 0x20, 0x00, 0x41, 0x00, 0x41, 0x00, 0x61, 0x00, 0x62, 0x08,
    0x82, 0x08, 0x82, 0x08, 0xa3, 0x08, 0xa3, 0x08, 0xc4, 0x10, 0xe4, 0x10, 0x04, 0x11, 0x05, 0x11, 0x26, 0x19, 0x66,
    0x19, 0x05, 0x11, 0x0d, 0x4b, 0xdf, 0xe7, 0x7f, 0xd7, 0x9f, 0xdf, 0x1f, 0xb7, 0xff, 0xae, 0xff, 0xae, 0xff, 0xae,
    0xff, 0xae, 0xff, 0xae, 0xff, 0xae, 0xff, 0xae, 0xff, 0xae, 0xff, 0xae, 0xff, 0xae, 0xff, 0xae, 0xff, 0xae, 0xff,
    0xae, 0xff, 0xae, 0xff, 0xae, 0xff, 0xae, 0xff, 0xae, 0x5f, 0xc7, 0x5f, 0xcf, 0x3f, 0xbf, 0x1f, 0xb7, 0x1f, 0xb7,
    0x1f, 0xb7, 0x1f, 0xb7, 0x1f, 0xb7, 0xff, 0xb6, 0xff, 0xb6, 0xff, 0xb6, 0xff, 0xb6, 0xff, 0xae, 0xff, 0xae, 0xdf,
    0xae, 0xdf, 0xae, 0xdf, 0xae, 0xdf, 0xae, 0xdf, 0xae, 0xdf, 0xae, 0xdf, 0xae, 0xbf, 0xae, 0xbf, 0xae, 0xbf, 0xae,
    0xbe, 0xa6, 0xbe, 0xa6, 0xbe, 0xa6, 0xbe, 0xa6, 0x9e, 0xa6, 0x9e, 0xa6, 0x9e, 0xa6, 0x9e, 0xa6, 0x9e, 0xa6, 0x7e,
    0xa6, 0x7e, 0x9e, 0x7e, 0x9e, 0x7e, 0x9e, 0x7e, 0x9e, 0x7e, 0x9e, 0x7e, 0x9e, 0x5e, 0x9e, 0x5e, 0x9e, 0x5e, 0x9e,
    0x5e, 0x9e, 0x5e, 0x9e, 0x5e, 0x96, 0x5e, 0x96, 0x5d, 0x96, 0x1d, 0x8e, 0xbe, 0xae, 0xff, 0xff, 0xdf, 0xf7, 0xdf,
    0xf7, 0xdf, 0xf7, 0xdf, 0xf7, 0xdf, 0xf7, 0xdf, 0xf7, 0xdf, 0xf7, 0xdf, 0xf7, 0xdf, 0xf7, 0xff, 0xff, 0x9f, 0xe7,
    0xfd, 0x8d, 0xfd, 0x8d, 0xfd, 0x8d, 0xfd, 0x8d, 0xfd, 0x85, 0xfd, 0x85, 0xdd, 0x85, 0xfd, 0x8d, 0x5d, 0x9e, 0x5d,
    0xa6, 0x9c, 0x75, 0x3c, 0x65, 0x5c, 0x65, 0x3c, 0x65, 0x3c, 0x65, 0x3c, 0x65, 0x3c, 0x65, 0x1c, 0x65, 0x1b, 0x65,
    0x1b, 0x5d, 0x1b, 0x5d, 0x1b, 0x5d, 0x1b, 0x5d, 0xfb, 0x5c, 0xfb, 0x5c, 0xfb, 0x5c, 0xfb, 0x5c, 0xfb, 0x54, 0x5d,
    0xa6, 0x9d, 0xb6, 0xff, 0xbe, 0x12, 0x6c, 0x05, 0x11, 0x67, 0x19, 0x26, 0x19, 0x25, 0x11, 0x05, 0x11, 0xe4, 0x10,
    0xc4, 0x10, 0xc3, 0x08, 0xa3, 0x08, 0x82, 0x08, 0x82, 0x08, 0x62, 0x08, 0x62, 0x08, 0x41, 0x00, 0x41, 0x00, 0x41,
    0x00, 0x21, 0x00, 0x00, 0x00, 0x61, 0x08, 0xc3, 0x18, 0x82, 0x08, 0x00, 0x00, 0x00, 0x00, 0x00, 0x00, 0x00, 0x00,
    0x00, 0x00, 0x00, 0x00, 0x00, 0x00, 0x00, 0x00, 0x00, 0x00, 0x00, 0x00, 0x00, 0x00, 0x00, 0x00, 0x00, 0x00, 0x00,
    0x00, 0x00, 0x00, 0x00, 0x00, 0x00, 0x00, 0x00, 0x00, 0x00, 0x00, 0x00, 0x00, 0x00, 0x00, 0x00, 0x00, 0x00, 0x00,
    0x00, 0x00, 0x00, 0x00, 0x00, 0x00, 0x00, 0x00, 0x00, 0x00, 0x00, 0x00, 0x00, 0x00, 0x00, 0x00, 0x00, 0x00, 0x00,
    0x00, 0x00, 0x00, 0x00, 0x00, 0x00, 0x00, 0x00, 0x00, 0x00, 0x00, 0x00, 0x00, 0x20, 0x00, 0x00, 0x00, 0x00, 0x00,
    0x86, 0x29, 0x08, 0x3a, 0x25, 0x21, 0x00, 0x00, 0x20, 0x00, 0x41, 0x00, 0x41, 0x00, 0x41, 0x00, 0x62, 0x08, 0x62,
    0x08, 0x82, 0x08, 0x82, 0x08, 0xa3, 0x08, 0xc3, 0x08, 0xc4, 0x10, 0xe4, 0x10, 0x05, 0x11, 0x25, 0x11, 0x46, 0x19,
    0x67, 0x19, 0x46, 0x11, 0xf9, 0xad, 0xdf, 0xe7, 0x7f, 0xdf, 0x5f, 0xcf, 0xff, 0xa6, 0xff, 0xae, 0xff, 0xae, 0xff,
    0xae, 0xff, 0xae, 0xff, 0xae, 0xff, 0xae, 0xff, 0xae, 0xff, 0xae, 0xff, 0xae, 0xff, 0xae, 0xff, 0xae, 0xff, 0xae,
    0xff, 0xae, 0xff, 0xae, 0xff, 0xae, 0xff, 0xae, 0x3f, 0xc7, 0x5f, 0xcf, 0x3f, 0xc7, 0x1f, 0xb7, 0x1f, 0xb7, 0x1f,
    0xb7, 0x1f, 0xb7, 0x1f, 0xb7, 0xff, 0xb6, 0xff, 0xb6, 0xff, 0xb6, 0xff, 0xb6, 0xff, 0xae, 0xff, 0xae, 0xdf, 0xae,
    0xdf, 0xae, 0xdf, 0xae, 0xdf, 0xae, 0xdf, 0xae, 0xdf, 0xae, 0xdf, 0xae, 0xbf, 0xae, 0xbf, 0xae, 0xbf, 0xae, 0xbe,
    0xa6, 0xbe, 0xa6, 0xbe, 0xa6, 0xbe, 0xa6, 0x9e, 0xa6, 0x9e, 0xa6, 0x9e, 0xa6, 0x9e, 0xa6, 0x9e, 0xa6, 0x7e, 0xa6,
    0x7e, 0x9e, 0x7e, 0x9e, 0x7e, 0x9e, 0x7e, 0x9e, 0x7e, 0x9e, 0x7e, 0x9e, 0x5e, 0x9e, 0x5e, 0x9e, 0x5e, 0x9e, 0x5e,
    0x9e, 0x5e, 0x9e, 0x5e, 0x96, 0x5e, 0x96, 0x3d, 0x96, 0x3d, 0x96, 0x3d, 0x96, 0xbf, 0xef, 0xff, 0xff, 0xdf, 0xf7,
    0xdf, 0xf7, 0xdf, 0xf7, 0xdf, 0xf7, 0xdf, 0xf7, 0xdf, 0xf7, 0xdf, 0xf7, 0xdf, 0xf7, 0xdf, 0xf7, 0xdf, 0xff, 0x5d,
    0x9e, 0xdd, 0x85, 0xfd, 0x8d, 0xfd, 0x8d, 0xfd, 0x85, 0xdd, 0x85, 0xdd, 0x85, 0xdd, 0x85, 0xdd, 0x85, 0xfd, 0x8d,
    0x5d, 0xa6, 0x3d, 0x9e, 0x5c, 0x6d, 0x3c, 0x65, 0x3c, 0x65, 0x3c, 0x65, 0x3c, 0x65, 0x1c, 0x65, 0x1b, 0x65, 0x1b,
    0x5d, 0x1b, 0x5d, 0x1b, 0x5d, 0x1b, 0x5d, 0xfb, 0x5c, 0xfb, 0x5c, 0xfb, 0x5c, 0xfb, 0x5c, 0xfb, 0x5c, 0xdb, 0x54,
    0x9c, 0x7d, 0xbd, 0xbe, 0x9e, 0xb6, 0x3c, 0xae, 0xe9, 0x29, 0x46, 0x19, 0x46, 0x19, 0x25, 0x11, 0x05, 0x11, 0xe4,
    0x10, 0xe4, 0x10, 0xc3, 0x08, 0xa3, 0x08, 0xa3, 0x08, 0x82, 0x08, 0x62, 0x08, 0x62, 0x08, 0x61, 0x00, 0x41, 0x00,
    0x41, 0x00, 0x21, 0x00, 0x21, 0x00, 0x00, 0x00, 0x00, 0x00, 0x00, 0x00, 0x20, 0x00, 0x00, 0x00, 0x00, 0x00, 0x00,
    0x00, 0x00, 0x00, 0x00, 0x00, 0x00, 0x00, 0x00, 0x00, 0x00, 0x00, 0x00, 0x00, 0x00, 0x00, 0x00, 0x00, 0x00, 0x00,
    0x00, 0x00, 0x00, 0x00, 0x00, 0x00, 0x00, 0x00, 0x00, 0x00, 0x00, 0x00, 0x00, 0x00, 0x00, 0x00, 0x00, 0x00, 0x00,
    0x00, 0x00, 0x00, 0x00, 0x00, 0x00, 0x00, 0x00, 0x00, 0x00, 0x00, 0x00, 0x00, 0x00, 0x00, 0x00, 0x00, 0x00, 0x00,
    0x00, 0x00, 0x00, 0x00, 0x00, 0x00, 0x00, 0x00, 0x00, 0x00, 0x00, 0x00, 0x00, 0x00, 0x00, 0x00, 0x20, 0x00, 0x20,
    0x00, 0x00, 0x00, 0x00, 0x00, 0x00, 0x00, 0x41, 0x00, 0x41, 0x00, 0x41, 0x00, 0x41, 0x00, 0x61, 0x00, 0x62, 0x08,
    0x62, 0x08, 0x82, 0x08, 0xa3, 0x08, 0xa3, 0x08, 0xc4, 0x10, 0xe4, 0x10, 0xe4, 0x10, 0x05, 0x11, 0x26, 0x19, 0x66,
    0x19, 0x25, 0x11, 0xcc, 0x42, 0xdf, 0xe7, 0x7f, 0xdf, 0x9f, 0xdf, 0x1f, 0xb7, 0xff, 0xae, 0xff, 0xae, 0xff, 0xae,
    0xff, 0xae, 0xff, 0xae, 0xff, 0xae, 0xff, 0xae, 0xff, 0xae, 0xff, 0xae, 0xff, 0xae, 0xff, 0xae, 0xff, 0xae, 0xff,
    0xae, 0xff, 0xae, 0xff, 0xae, 0xff, 0xae, 0x3f, 0xbf, 0x5f, 0xcf, 0x3f, 0xc7, 0x1f, 0xb7, 0x1f, 0xb7, 0x1f, 0xb7,
    0x1f, 0xb7, 0x1f, 0xb7, 0xff, 0xb6, 0xff, 0xb6, 0xff, 0xb6, 0xff, 0xb6, 0xff, 0xae, 0xff, 0xae, 0xdf, 0xae, 0xdf,
    0xae, 0xdf, 0xae, 0xdf, 0xae, 0xdf, 0xae, 0xdf, 0xae, 0xdf, 0xae, 0xbf, 0xae, 0xbf, 0xae, 0xbf, 0xae, 0xbe, 0xa6,
    0xbe, 0xa6, 0xbe, 0xa6, 0xbe, 0xa6, 0x9e, 0xa6, 0x9e, 0xa6, 0x9e, 0xa6, 0x9e, 0xa6, 0x9e, 0xa6, 0x7e, 0xa6, 0x7e,
    0x9e, 0x7e, 0x9e, 0x7e, 0x9e, 0x7e, 0x9e, 0x7e, 0x9e, 0x7e, 0x9e, 0x5e, 0x9e, 0x5e, 0x9e, 0x5e, 0x9e, 0x5e, 0x9e,
    0x5e, 0x9e, 0x5e, 0x96, 0x5e, 0x96, 0x3d, 0x96, 0x3d, 0x96, 0x1d, 0x8e, 0x3f, 0xcf, 0xff, 0xff, 0xdf, 0xf7, 0xdf,
    0xf7, 0xdf, 0xf7, 0xdf, 0xf7, 0xdf, 0xf7, 0xdf, 0xf7, 0xdf, 0xf7, 0xdf, 0xf7, 0xdf, 0xf7, 0xff, 0xff, 0xfe, 0xc6,
    0xdd, 0x85, 0xfd, 0x8d, 0xfd, 0x8d, 0xfd, 0x85, 0xdd, 0x85, 0xdd, 0x85, 0xdd, 0x85, 0xdd, 0x85, 0xdd, 0x85, 0xdc,
    0x85, 0x1d, 0x96, 0x5d, 0xa6, 0xfd, 0x8d, 0x3c, 0x65, 0x3c, 0x65, 0x3c, 0x65, 0x1c, 0x65, 0x1b, 0x65, 0x1b, 0x5d,
    0x1b, 0x5d, 0x1b, 0x5d, 0x1b, 0x5d, 0xfb, 0x5c, 0xfb, 0x5c, 0xfb, 0x5c, 0xfb, 0x5c, 0xfb, 0x54, 0xfb, 0x54, 0xdb,
    0x54, 0xdb, 0x54, 0x5d, 0xa6, 0x9d, 0xb6, 0xff, 0xbe, 0xd1, 0x63, 0x05, 0x11, 0x67, 0x19, 0x26, 0x19, 0x05, 0x11,
    0x05, 0x11, 0xe4, 0x10, 0xc4, 0x10, 0xa3, 0x08, 0xa3, 0x08, 0x82, 0x08, 0x82, 0x08, 0x62, 0x08, 0x61, 0x08, 0x41,
    0x00, 0x41, 0x00, 0x41, 0x00, 0x21, 0x00, 0x20, 0x00, 0x20, 0x00, 0x20, 0x00, 0x00, 0x00, 0x00, 0x00, 0x00, 0x00,
    0x00, 0x00, 0x00, 0x00, 0x00, 0x00, 0x00, 0x00, 0x00, 0x00, 0x00, 0x00, 0x00, 0x00, 0x00, 0x00, 0x00, 0x00, 0x00,
    0x00, 0x00, 0x00, 0x00, 0x00, 0x00, 0x00, 0x00, 0x00, 0x00, 0x00, 0x00, 0x00, 0x00, 0x00, 0x00, 0x00, 0x00, 0x00,
    0x00, 0x00, 0x00, 0x00, 0x00, 0x00, 0x00, 0x00, 0x00, 0x00, 0x00, 0x00, 0x00, 0x00, 0x00, 0x00, 0x00, 0x00, 0x00,
    0x00, 0x00, 0x00, 0x00, 0x00, 0x00, 0x00, 0x00, 0x00, 0x00, 0x00, 0x00, 0x00, 0x00, 0x00, 0x00, 0x00, 0x00, 0x00,
    0x00, 0x00, 0x20, 0x00, 0x21, 0x00, 0x21, 0x00, 0x21, 0x00, 0x41, 0x00, 0x41, 0x00, 0x41, 0x00, 0x61, 0x08, 0x62,
    0x08, 0x82, 0x08, 0x82, 0x08, 0xa3, 0x08, 0xc3, 0x08, 0xc4, 0x10, 0xe4, 0x10, 0x05, 0x11, 0x25, 0x11, 0x46, 0x19,
    0x67, 0x19, 0x25, 0x11, 0x56, 0x95, 0xff, 0xe7, 0x7f, 0xdf, 0x5f, 0xcf, 0xff, 0xa6, 0xff, 0xae, 0xff, 0xae, 0xff,
    0xae, 0xff, 0xae, 0xff, 0xae, 0xff, 0xae, 0xff, 0xae, 0xff, 0xae, 0xff, 0xae, 0xff, 0xae, 0xff, 0xae, 0xff, 0xae,
    0xff, 0xae, 0xff, 0xae, 0xff, 0xae, 0x1f, 0xaf, 0x5f, 0xcf, 0x5f, 0xc7, 0x1f, 0xbf, 0x1f, 0xb7, 0x1f, 0xb7, 0x1f,
    0xb7, 0x1f, 0xb7, 0xff, 0xb6, 0xff, 0xb6, 0xff, 0xb6, 0xff, 0xb6, 0xff, 0xae, 0xff, 0xae, 0xdf, 0xae, 0xdf, 0xae,
    0xdf, 0xae, 0xdf, 0xae, 0xdf, 0xae, 0xdf, 0xae, 0xdf, 0xae, 0xbf, 0xae, 0xbf, 0xae, 0xbf, 0xae, 0xbe, 0xa6, 0xbe,
    0xa6, 0xbe, 0xa6, 0xbe, 0xa6, 0x9e, 0xa6, 0x9e, 0xa6, 0x9e, 0xa6, 0x9e, 0xa6, 0x9e, 0xa6, 0x7e, 0xa6, 0x7e, 0x9e,
    0x7e, 0x9e, 0x7e, 0x9e, 0x7e, 0x9e, 0x7e, 0x9e, 0x7e, 0x9e, 0x5e, 0x9e, 0x5e, 0x9e, 0x5e, 0x9e, 0x5e, 0x9e, 0x5e,
    0x9e, 0x5e, 0x96, 0x5e, 0x96, 0x3d, 0x96, 0x3d, 0x96, 0x1d, 0x8e, 0xbe, 0xb6, 0xff, 0xff, 0xdf, 0xf7, 0xdf, 0xf7,
    0xdf, 0xf7, 0xdf, 0xf7, 0xdf, 0xf7, 0xdf, 0xf7, 0xdf, 0xf7, 0xdf, 0xf7, 0xdf, 0xf7, 0xff, 0xff, 0x5f, 0xdf, 0xdd,
    0x85, 0xfd, 0x8d, 0xfd, 0x8d, 0xfd, 0x85, 0xdd, 0x85, 0xdd, 0x85, 0xdd, 0x85, 0xdd, 0x85, 0xdd, 0x85, 0xdd, 0x85,
    0xdc, 0x85, 0xdc, 0x85, 0x1d, 0x96, 0x5d, 0xa6, 0x9c, 0x7d, 0x1b, 0x5d, 0x3c, 0x65, 0x1b, 0x65, 0x1b, 0x5d, 0x1b,
    0x5d, 0x1b, 0x5d, 0x1b, 0x5d, 0xfb, 0x5c, 0xfb, 0x5c, 0xfb, 0x5c, 0xfb, 0x5c, 0xfb, 0x54, 0xfb, 0x54, 0xdb, 0x54,
    0xdb, 0x54, 0xbb, 0x4c, 0x7c, 0x75, 0x9d, 0xb6, 0xbe, 0xb6, 0xba, 0x9d, 0x87, 0x19, 0x66, 0x19, 0x46, 0x19, 0x25,
    0x11, 0x05, 0x11, 0xe4, 0x10, 0xc4, 0x10, 0xc3, 0x08, 0xa3, 0x08, 0x83, 0x08, 0x82, 0x08, 0x62, 0x08, 0x62, 0x08,
    0x41, 0x00, 0x41, 0x00, 0x41, 0x00, 0x21, 0x00, 0x20, 0x00, 0x20, 0x00, 0x20, 0x00, 0x00, 0x00, 0x00, 0x00, 0x00,
    0x00, 0x00, 0x00, 0x00, 0x00, 0x00, 0x00, 0x00, 0x00, 0x00, 0x00, 0x00, 0x00, 0x00, 0x00, 0x00, 0x00, 0x00, 0x00,
    0x00, 0x00, 0x00, 0x00, 0x00, 0x00, 0x00, 0x00, 0x00, 0x00, 0x00, 0x00, 0x00, 0x00, 0x00, 0x00, 0x00, 0x00, 0x00,
    0x00, 0x00, 0x00, 0x00, 0x00, 0x00, 0x00, 0x00, 0x00, 0x00, 0x00, 0x00, 0x00, 0x00, 0x00, 0x00, 0x00, 0x00, 0x00,
    0x00, 0x00, 0x00, 0x00, 0x00, 0x00, 0x00, 0x00, 0x00, 0x00, 0x00, 0x00, 0x00, 0x00, 0x00, 0x00, 0x00, 0x00, 0x00,
    0x00, 0x00, 0x00, 0x20, 0x00, 0x20, 0x00, 0x20, 0x00, 0x21, 0x00, 0x41, 0x00, 0x41, 0x00, 0x41, 0x00, 0x62, 0x08,
    0x62, 0x08, 0x82, 0x08, 0xa3, 0x08, 0xa3, 0x08, 0xc3, 0x08, 0xe4, 0x10, 0xe4, 0x10, 0x05, 0x11, 0x25, 0x11, 0x46,
    0x19, 0x46, 0x11, 0x09, 0x2a, 0x5f, 0xd7, 0x9f, 0xdf, 0x9f, 0xdf, 0x1f, 0xb7, 0xff, 0xae, 0xff, 0xae, 0xff, 0xae,
    0xff, 0xae, 0xff, 0xae, 0xff, 0xae, 0xff, 0xae, 0xff, 0xae, 0xff, 0xae, 0xff, 0xae, 0xff, 0xae, 0xff, 0xae, 0xff,
    0xae, 0xff, 0xae, 0xff, 0xae, 0xff, 0xae, 0x3f, 0xc7, 0x5f, 0xcf, 0x3f, 0xbf, 0x1f, 0xb7, 0x1f, 0xb7, 0x1f, 0xb7,
    0x1f, 0xb7, 0xff, 0xb6, 0xff, 0xb6, 0xff, 0xb6, 0xff, 0xb6, 0xff, 0xae, 0xff, 0xae, 0xdf, 0xae, 0xdf, 0xae, 0xdf,
    0xae, 0xdf, 0xae, 0xdf, 0xae, 0xdf, 0xae, 0xdf, 0xae, 0xbf, 0xae, 0xbf, 0xae, 0xbf, 0xae, 0xbe, 0xa6, 0xbe, 0xa6,
    0xbe, 0xa6, 0xbe, 0xa6, 0x9e, 0xa6, 0x9e, 0xa6, 0x9e, 0xa6, 0x9e, 0xa6, 0x9e, 0xa6, 0x7e, 0xa6, 0x7e, 0x9e, 0x7e,
    0x9e, 0x7e, 0x9e, 0x7e, 0x9e, 0x7e, 0x9e, 0x7e, 0x9e, 0x5e, 0x9e, 0x5e, 0x9e, 0x5e, 0x9e, 0x5e, 0x9e, 0x5e, 0x9e,
    0x5e, 0x96, 0x5e, 0x96, 0x3d, 0x96, 0x3d, 0x96, 0x3d, 0x96, 0x5e, 0x9e, 0xbf, 0xf7, 0xdf, 0xff, 0xdf, 0xf7, 0xdf,
    0xf7, 0xdf, 0xf7, 0xdf, 0xf7, 0xdf, 0xf7, 0xdf, 0xf7, 0xdf, 0xf7, 0xdf, 0xf7, 0xdf, 0xf7, 0xdf, 0xf7, 0x3d, 0x96,
    0xdd, 0x85, 0xfd, 0x8d, 0xfd, 0x85, 0xdd, 0x85, 0xdd, 0x85, 0xdd, 0x85, 0xdd, 0x85, 0xdd, 0x85, 0xdd, 0x85, 0xdc,
    0x85, 0xdc, 0x85, 0xbc, 0x7d, 0xdd, 0x85, 0x3d, 0x9e, 0x3d, 0x9e, 0x5c, 0x6d, 0x1b, 0x5d, 0x1b, 0x65, 0x1b, 0x5d,
    0x1b, 0x5d, 0x1b, 0x5d, 0xfb, 0x5c, 0xfb, 0x5c, 0xfb, 0x5c, 0xfb, 0x5c, 0xfb, 0x54, 0xfb, 0x54, 0xdb, 0x54, 0xdb,
    0x54, 0xdb, 0x54, 0xdb, 0x54, 0xdb, 0x54, 0x5d, 0xa6, 0x7d, 0xb6, 0xdf, 0xbe, 0x0e, 0x4b, 0x25, 0x11, 0x66, 0x19,
    0x26, 0x19, 0x05, 0x11, 0x04, 0x11, 0xe4, 0x10, 0xc4, 0x10, 0xa3, 0x08, 0xa3, 0x08, 0x82, 0x08, 0x62, 0x08, 0x62,
    0x08, 0x61, 0x00, 0x41, 0x00, 0x41, 0x00, 0x21, 0x00, 0x21, 0x00, 0x20, 0x00, 0x20, 0x00, 0x20, 0x00, 0x00, 0x00,
    0x00, 0x00, 0x00, 0x00, 0x00, 0x00, 0x00, 0x00, 0x00, 0x00, 0x00, 0x00, 0x00, 0x00, 0x00, 0x00, 0x00, 0x00, 0x00,
    0x00, 0x00, 0x00, 0x00, 0x00, 0x00, 0x00, 0x00, 0x00, 0x00, 0x00, 0x00, 0x00, 0x00, 0x00, 0x00, 0x00, 0x00, 0x00,
    0x00, 0x00, 0x00, 0x00, 0x00, 0x00, 0x00, 0x00, 0x00, 0x00, 0x00, 0x00, 0x00, 0x00, 0x00, 0x00, 0x00, 0x00, 0x00,
    0x00, 0x00, 0x00, 0x00, 0x00, 0x00, 0x00, 0x00, 0x00, 0x00, 0x00, 0x00, 0x00, 0x00, 0x00, 0x00, 0x00, 0x00, 0x00,
    0x00, 0x00, 0x20, 0x00, 0x20, 0x00, 0x20, 0x00, 0x21, 0x00, 0x21, 0x00, 0x41, 0x00, 0x41, 0x00, 0x61, 0x00, 0x62,
    0x08, 0x82, 0x08, 0x82, 0x08, 0xa3, 0x08, 0xa3, 0x08, 0xc4, 0x10, 0xe4, 0x10, 0x05, 0x11, 0x05, 0x11, 0x26, 0x19,
    0x67, 0x19, 0x05, 0x11, 0x93, 0x7c, 0xff, 0xe7, 0x7f, 0xdf, 0x5f, 0xcf, 0xff, 0xae, 0xff, 0xae, 0xff, 0xae, 0xff,
    0xae, 0xff, 0xae, 0xff, 0xae, 0xff, 0xae, 0xff, 0xae, 0xff, 0xae, 0xff, 0xae, 0xff, 0xae, 0xff, 0xae, 0xff, 0xae,
    0xff, 0xae, 0xff, 0xae, 0xff, 0xa6, 0x1f, 0xb7, 0x5f, 0xcf, 0x3f, 0xc7, 0x1f, 0xb7, 0x1f, 0xb7, 0x1f, 0xb7, 0x1f,
    0xb7, 0xff, 0xb6, 0xff, 0xb6, 0xff, 0xb6, 0xff, 0xb6, 0xff, 0xae, 0xff, 0xae, 0xdf, 0xae, 0xdf, 0xae, 0xdf, 0xae,
    0xdf, 0xae, 0xdf, 0xae, 0xdf, 0xae, 0xdf, 0xae, 0xbf, 0xae, 0xbf, 0xae, 0xbf, 0xae, 0xbe, 0xa6, 0xbe, 0xa6, 0xbe,
    0xa6, 0xbe, 0xa6, 0x9e, 0xa6, 0x9e, 0xa6, 0x9e, 0xa6, 0x9e, 0xa6, 0x9e, 0xa6, 0x7e, 0xa6, 0x7e, 0x9e, 0x7e, 0x9e,
    0x7e, 0x9e, 0x7e, 0x9e, 0x7e, 0x9e, 0x7e, 0x9e, 0x5e, 0x9e, 0x5e, 0x9e, 0x5e, 0x9e, 0x5e, 0x9e, 0x5e, 0x9e, 0x5e,
    0x96, 0x5e, 0x96, 0x3d, 0x96, 0x3d, 0x96, 0x3d, 0x96, 0x1d, 0x8e, 0x5f, 0xd7, 0xff, 0xff, 0xdf, 0xf7, 0xdf, 0xf7,
    0xdf, 0xf7, 0xdf, 0xf7, 0xdf, 0xf7, 0xdf, 0xf7, 0xdf, 0xf7, 0xdf, 0xf7, 0xdf, 0xf7, 0xff, 0xff, 0xbe, 0xb6, 0xdd,
    0x85, 0xfd, 0x8d, 0xfd, 0x85, 0xdd, 0x85, 0xdd, 0x85, 0xdd, 0x85, 0xdd, 0x85, 0xdd, 0x85, 0xdd, 0x85, 0xdc, 0x85,
    0xdc, 0x85, 0xbc, 0x85, 0xbc, 0x85, 0xbc, 0x7d, 0xfd, 0x8d, 0x3d, 0x9e, 0xdc, 0x8d, 0x1b, 0x5d, 0x1b, 0x5d, 0x1b,
    0x5d, 0x1b, 0x5d, 0xfb, 0x5c, 0xfb, 0x5c, 0xfb, 0x5c, 0xfb, 0x5c, 0xfb, 0x54, 0xfb, 0x54, 0xdb, 0x54, 0xdb, 0x54,
    0xdb, 0x54, 0xdb, 0x54, 0xdb, 0x54, 0x9a, 0x4c, 0x9c, 0x85, 0x9d, 0xb6, 0xbe, 0xb6, 0x37, 0x8d, 0x46, 0x19, 0x67,
    0x19, 0x46, 0x19, 0x25, 0x11, 0x05, 0x11, 0xe4, 0x10, 0xc4, 0x10, 0xc3, 0x08, 0xa3, 0x08, 0x82, 0x08, 0x82, 0x08,
    0x62, 0x08, 0x61, 0x08, 0x41, 0x00, 0x41, 0x00, 0x41, 0x00, 0x21, 0x00, 0x20, 0x00, 0x20, 0x00, 0x20, 0x00, 0x00,
    0x00, 0x00, 0x00, 0x00, 0x00, 0x00, 0x00, 0x00, 0x00, 0x00, 0x00, 0x00, 0x00, 0x00, 0x00, 0x00, 0x00, 0x00, 0x00,
    0x00, 0x00, 0x00, 0x00, 0x00, 0x00, 0x00, 0x00, 0x00, 0x00, 0x00, 0x00, 0x00, 0x00, 0x00, 0x00, 0x00, 0x00, 0x00,
    0x00, 0x00, 0x00, 0x00, 0x00, 0x00, 0x00, 0x00, 0x00, 0x00, 0x00, 0x00, 0x00, 0x00, 0x00, 0x00, 0x00, 0x00, 0x00,
    0x00, 0x00, 0x00, 0x00, 0x00, 0x00, 0x00, 0x00, 0x00, 0x00, 0x00, 0x00, 0x00, 0x00, 0x00, 0x00, 0x00, 0x00, 0x00,
    0x00, 0x00, 0x00, 0x20, 0x00, 0x20, 0x00, 0x20, 0x00, 0x21, 0x00, 0x41, 0x00, 0x41, 0x00, 0x41, 0x00, 0x61, 0x08,
    0x62, 0x08, 0x82, 0x08, 0x82, 0x08, 0xa3, 0x08, 0xc3, 0x08, 0xc4, 0x10, 0xe4, 0x10, 0x05, 0x11, 0x25, 0x11, 0x46,
    0x19, 0x46, 0x19, 0x87, 0x19, 0xbc, 0xbe, 0xbf, 0xdf, 0x9f, 0xdf, 0x3f, 0xbf, 0xff, 0xa6, 0xff, 0xae, 0xff, 0xae,
    0xff, 0xae, 0xff, 0xae, 0xff, 0xae, 0xff, 0xae, 0xff, 0xae, 0xff, 0xae, 0xff, 0xae, 0xff, 0xae, 0xff, 0xae, 0xff,
    0xae, 0xff, 0xae, 0xff, 0xae, 0xff, 0xae, 0x3f, 0xc7, 0x5f, 0xc7, 0x1f, 0xbf, 0x1f, 0xb7, 0x1f, 0xb7, 0x1f, 0xb7,
    0xff, 0xb6, 0xff, 0xb6, 0xff, 0xb6, 0xff, 0xb6, 0xff, 0xae, 0xff, 0xae, 0xdf, 0xae, 0xdf, 0xae, 0xdf, 0xae, 0xdf,
    0xae, 0xdf, 0xae, 0xdf, 0xae, 0xdf, 0xae, 0xbf, 0xae, 0xbf, 0xae, 0xbf, 0xae, 0xbe, 0xa6, 0xbe, 0xa6, 0xbe, 0xa6,
    0xbe, 0xa6, 0x9e, 0xa6, 0x9e, 0xa6, 0x9e, 0xa6, 0x9e, 0xa6, 0x9e, 0xa6, 0x7e, 0xa6, 0x7e, 0x9e, 0x7e, 0x9e, 0x7e,
    0x9e, 0x7e, 0x9e, 0x7e, 0x9e, 0x7e, 0x9e, 0x5e, 0x9e, 0x5e, 0x9e, 0x5e, 0x9e, 0x5e, 0x9e, 0x5e, 0x9e, 0x5e, 0x96,
    0x5e, 0x96, 0x3d, 0x96, 0x3d, 0x96, 0x3d, 0x96, 0x1d, 0x8e, 0xde, 0xbe, 0xff, 0xff, 0xdf, 0xf7, 0xdf, 0xf7, 0xdf,
    0xf7, 0xdf, 0xf7, 0xdf, 0xf7, 0xdf, 0xf7, 0xdf, 0xf7, 0xdf, 0xf7, 0xdf, 0xf7, 0xff, 0xff, 0x3e, 0xd7, 0xdd, 0x85,
    0xfd, 0x8d, 0xfd, 0x85, 0xdd, 0x85, 0xdd, 0x85, 0xdd, 0x85, 0xdd, 0x85, 0xdd, 0x85, 0xdd, 0x85, 0xdc, 0x85, 0xdc,
    0x85, 0xbc, 0x85, 0xbc, 0x7d, 0xbc, 0x7d, 0xbc, 0x7d, 0xbc, 0x7d, 0x1d, 0x96, 0x3d, 0x9e, 0x5c, 0x6d, 0xfb, 0x5c,
    0x1b, 0x5d, 0xfb, 0x5c, 0xfb, 0x5c, 0xfb, 0x5c, 0xfb, 0x5c, 0xfb, 0x54, 0xfb, 0x54, 0xdb, 0x54, 0xdb, 0x54, 0xdb,
    0x54, 0xdb, 0x54, 0xdb, 0x54, 0xbb, 0x54, 0xbb, 0x4c, 0xfb, 0x5c, 0x7d, 0xae, 0x9d, 0xae, 0x9d, 0xb6, 0x4b, 0x32,
    0x26, 0x11, 0x46, 0x19, 0x25, 0x11, 0x05, 0x11, 0xe4, 0x10, 0xe4, 0x10, 0xc3, 0x08, 0xa3, 0x08, 0x83, 0x08, 0x82,
    0x08, 0x62, 0x08, 0x62, 0x08, 0x41, 0x00, 0x41, 0x00, 0x41, 0x00, 0x21, 0x00, 0x20, 0x00, 0x20, 0x00, 0x20, 0x00,
    0x00, 0x00, 0x00, 0x00, 0x00, 0x00, 0x00, 0x00, 0x00, 0x00, 0x00, 0x00, 0x00, 0x00, 0x00, 0x00, 0x00, 0x00, 0x00,
    0x00, 0x00, 0x00, 0x00, 0x00, 0x00, 0x00, 0x00, 0x00, 0x00, 0x00, 0x00, 0x00, 0x00, 0x00, 0x00, 0x00, 0x00, 0x00,
    0x00, 0x00, 0x00, 0x00, 0x00, 0x00, 0x00, 0x00, 0x00, 0x00, 0x00, 0x00, 0x00, 0x00, 0x00, 0x00, 0x00, 0x00, 0x00,
    0x00, 0x00, 0x00, 0x00, 0x00, 0x00, 0x00, 0x00, 0x00, 0x00, 0x00, 0x00, 0x00, 0x00, 0x00, 0x00, 0x00, 0x00, 0x00,
    0x00, 0x00, 0x00, 0x00, 0x20, 0x00, 0x20, 0x00, 0x20, 0x00, 0x21, 0x00, 0x41, 0x00, 0x41, 0x00, 0x41, 0x00, 0x62,
    0x08, 0x62, 0x08, 0x82, 0x08, 0x83, 0x08, 0xa3, 0x08, 0xc3, 0x08, 0xe4, 0x10, 0xe4, 0x10, 0x05, 0x11, 0x25, 0x11,
    0x66, 0x19, 0x25, 0x11, 0xcc, 0x42, 0xbf, 0xdf, 0x7f, 0xdf, 0x7f, 0xd7, 0xff, 0xae, 0xff, 0xae, 0xff, 0xae, 0xff,
    0xae, 0xff, 0xae, 0xff, 0xae, 0xff, 0xae, 0xff, 0xae, 0xff, 0xae, 0xff, 0xae, 0xff, 0xae, 0xff, 0xae, 0xff, 0xae,
    0xff, 0xae, 0xff, 0xae, 0xff, 0xa6, 0x1f, 0xbf, 0x5f, 0xcf, 0x3f, 0xbf, 0x1f, 0xb7, 0x1f, 0xb7, 0x1f, 0xb7, 0xff,
    0xb6, 0xff, 0xb6, 0xff, 0xb6, 0xff, 0xb6, 0xff, 0xae, 0xff, 0xae, 0xdf, 0xae, 0xdf, 0xae, 0xdf, 0xae, 0xdf, 0xae,
    0xdf, 0xae, 0xdf, 0xae, 0xdf, 0xae, 0xbf, 0xae, 0xbf, 0xae, 0xbf, 0xae, 0xbe, 0xa6, 0xbe, 0xa6, 0xbe, 0xa6, 0xbe,
    0xa6, 0x9e, 0xa6, 0x9e, 0xa6, 0x9e, 0xa6, 0x9e, 0xa6, 0x9e, 0xa6, 0x7e, 0xa6, 0x7e, 0x9e, 0x7e, 0x9e, 0x7e, 0x9e,
    0x7e, 0x9e, 0x7e, 0x9e, 0x7e, 0x9e, 0x5e, 0x9e, 0x5e, 0x9e, 0x5e, 0x9e, 0x5e, 0x9e, 0x5e, 0x9e, 0x5e, 0x96, 0x5e,
    0x96, 0x3d, 0x96, 0x3d, 0x96, 0x3d, 0x96, 0x3d, 0x96, 0x7e, 0x9e, 0xdf, 0xf7, 0xdf, 0xf7, 0xdf, 0xf7, 0xdf, 0xf7,
    0xdf, 0xf7, 0xdf, 0xf7, 0xdf, 0xf7, 0xdf, 0xf7, 0xdf, 0xf7, 0xdf, 0xf7, 0xdf, 0xff, 0xbf, 0xef, 0x1d, 0x96, 0xfd,
    0x85, 0xfd, 0x8d, 0xdd, 0x85, 0xdd, 0x85, 0xdd, 0x85, 0xdd, 0x85, 0xdd, 0x85, 0xdd, 0x85, 0xdc, 0x85, 0xdc, 0x85,
    0xbc, 0x85, 0xbc, 0x7d, 0xbc, 0x7d, 0xbc, 0x7d, 0xbc, 0x7d, 0x9c, 0x7d, 0xdc, 0x85, 0x3d, 0x9e, 0xfd, 0x8d, 0x1b,
    0x5d, 0xfb, 0x5c, 0xfb, 0x5c, 0xfb, 0x5c, 0xfb, 0x5c, 0xfb, 0x54, 0xfb, 0x54, 0xdb, 0x54, 0xdb, 0x54, 0xdb, 0x54,
    0xdb, 0x54, 0xdb, 0x54, 0xbb, 0x54, 0xbb, 0x54, 0xbb, 0x54, 0x9a, 0x4c, 0xfc, 0x95, 0x9d, 0xb6, 0xdf, 0xb6, 0xd1,
    0x63, 0x05, 0x11, 0x67, 0x19, 0x26, 0x19, 0x05, 0x11, 0x05, 0x11, 0xe4, 0x10, 0xc4, 0x10, 0xa3, 0x08, 0xa3, 0x08,
    0x82, 0x08, 0x82, 0x08, 0x62, 0x08, 0x61, 0x00, 0x41, 0x00, 0x41, 0x00, 0x21, 0x00, 0x20, 0x00, 0x20, 0x00, 0x20,
    0x00, 0x00, 0x00, 0x00, 0x00, 0x00, 0x00, 0x00, 0x00, 0x00, 0x00, 0x00, 0x00, 0x00, 0x00, 0x00, 0x00, 0x00, 0x00,
    0x00, 0x00, 0x00, 0x00, 0x00, 0x00, 0x00, 0x00, 0x00, 0x00, 0x00, 0x00, 0x00, 0x00, 0x00, 0x00, 0x00, 0x00, 0x00,
    0x00, 0x00, 0x00, 0x00, 0x00, 0x00, 0x00, 0x00, 0x00, 0x00, 0x00, 0x00, 0x00, 0x00, 0x00, 0x00, 0x00, 0x00, 0x00,
    0x00, 0x00, 0x00, 0x00, 0x00, 0x00, 0x00, 0x00, 0x00, 0x00, 0x00, 0x00, 0x00, 0x00, 0x00, 0x00, 0x00, 0x00, 0x00,
    0x00, 0x00, 0x00, 0x00, 0x00, 0x20, 0x00, 0x20, 0x00, 0x20, 0x00, 0x21, 0x00, 0x41, 0x00, 0x41, 0x00, 0x61, 0x00,
    0x62, 0x08, 0x62, 0x08, 0x82, 0x08, 0xa3, 0x08, 0xa3, 0x08, 0xc4, 0x10, 0xe4, 0x10, 0x05, 0x11, 0x05, 0x11, 0x46,
    0x19, 0x67, 0x19, 0x05, 0x11, 0x36, 0x95, 0xff, 0xe7, 0x7f, 0xdf, 0x5f, 0xc7, 0xff, 0xa6, 0xff, 0xae, 0xff, 0xae,
    0xff, 0xae, 0xff, 0xae, 0xff, 0xae, 0xff, 0xae, 0xff, 0xae, 0xff, 0xae, 0xff, 0xae, 0xff, 0xae, 0xff, 0xae, 0xff,
    0xae, 0xff, 0xae, 0xff, 0xae, 0xff, 0xae, 0x5f, 0xc7, 0x5f, 0xc7, 0x1f, 0xb7, 0x1f, 0xb7, 0x1f, 0xb7, 0xff, 0xb6,
    0xff, 0xb6, 0xff, 0xb6, 0xff, 0xb6, 0xff, 0xae, 0xff, 0xae, 0xdf, 0xae, 0xdf, 0xae, 0xdf, 0xae, 0xdf, 0xae, 0xdf,
    0xae, 0xdf, 0xae, 0xdf, 0xae, 0xbf, 0xae, 0xbf, 0xae, 0xbf, 0xae, 0xbe, 0xa6, 0xbe, 0xa6, 0xbe, 0xa6, 0xbe, 0xa6,
    0x9e, 0xa6, 0x9e, 0xa6, 0x9e, 0xa6, 0x9e, 0xa6, 0x9e, 0xa6, 0x7e, 0xa6, 0x7e, 0x9e, 0x7e, 0x9e, 0x7e, 0x9e, 0x7e,
    0x9e, 0x7e, 0x9e, 0x7e, 0x9e, 0x5e, 0x9e, 0x5e, 0x9e, 0x5e, 0x9e, 0x5e, 0x9e, 0x5e, 0x9e, 0x5e, 0x96, 0x5e, 0x96,
    0x3d, 0x96, 0x3d, 0x96, 0x3d, 0x96, 0x3d, 0x96, 0x3d, 0x96, 0x7f, 0xe7, 0xff, 0xff, 0xdf, 0xf7, 0xdf, 0xf7, 0xdf,
    0xf7, 0xdf, 0xf7, 0xdf, 0xf7, 0xdf, 0xf7, 0xdf, 0xf7, 0xdf, 0xf7, 0xdf, 0xf7, 0xff, 0xff, 0x9e, 0xae, 0xdd, 0x85,
    0xfd, 0x8d, 0xdd, 0x85, 0xdd, 0x85, 0xdd, 0x85, 0xdd, 0x85, 0xdd, 0x85, 0xdd, 0x85, 0xdc, 0x85, 0xdc, 0x85, 0xbc,
    0x85, 0xbc, 0x7d, 0xbc, 0x7d, 0xbc, 0x7d, 0xbc, 0x7d, 0xbc, 0x7d, 0x9c, 0x7d, 0x9c, 0x7d, 0xfd, 0x95, 0x3d, 0x9e,
    0x7c, 0x75, 0xfb, 0x54, 0xfb, 0x5c, 0xfb, 0x5c, 0xfb, 0x54, 0xfb, 0x54, 0xdb, 0x54, 0xdb, 0x54, 0xdb, 0x54, 0xdb,
    0x54, 0xdb, 0x54, 0xbb, 0x54, 0xbb, 0x54, 0xbb, 0x4c, 0xbb, 0x54, 0x9a, 0x4c, 0x3b, 0x6d, 0x9d, 0xb6, 0x9e, 0xb6,
    0x99, 0x95, 0x87, 0x19, 0x66, 0x19, 0x46, 0x19, 0x25, 0x11, 0x05, 0x11, 0xe4, 0x10, 0xc4, 0x10, 0xc3, 0x08, 0xa3,
    0x08, 0x82, 0x08, 0x82, 0x08, 0x62, 0x08, 0x61, 0x08, 0x41, 0x00, 0x41, 0x00, 0x21, 0x00, 0x21, 0x00, 0x20, 0x00,
    0x20, 0x00, 0x20, 0x00, 0x00, 0x00, 0x00, 0x00, 0x00, 0x00, 0x00, 0x00, 0x00, 0x00, 0x00, 0x00, 0x00, 0x00, 0x00,
    0x00, 0x00, 0x00, 0x00, 0x00, 0x00, 0x00, 0x00, 0x00, 0x00, 0x00, 0x00, 0x00, 0x00, 0x00, 0x00, 0x00, 0x00, 0x00,
    0x00, 0x00, 0x00, 0x00, 0x00, 0x00, 0x00, 0x00, 0x00, 0x00, 0x00, 0x00, 0x00, 0x00, 0x00, 0x00, 0x00, 0x00, 0x00,
    0x00, 0x00, 0x00, 0x00, 0x00, 0x00, 0x00, 0x00, 0x00, 0x00, 0x00, 0x00, 0x00, 0x00, 0x00, 0x00, 0x00, 0x00, 0x00,
    0x00, 0x00, 0x00, 0x00, 0x20, 0x00, 0x20, 0x00, 0x20, 0x00, 0x21, 0x00, 0x21, 0x00, 0x41, 0x00, 0x41, 0x00, 0x61,
    0x08, 0x62, 0x08, 0x82, 0x08, 0x82, 0x08, 0xa3, 0x08, 0xc3, 0x08, 0xc4, 0x10, 0xe4, 0x10, 0x05, 0x11, 0x25, 0x11,
    0x46, 0x19, 0x46, 0x19, 0xa8, 0x21, 0xfd, 0xc6, 0xbf, 0xdf, 0x9f, 0xdf, 0x1f, 0xb7, 0xff, 0xa6, 0xff, 0xae, 0xff,
    0xae, 0xff, 0xae, 0xff, 0xae, 0xff, 0xae, 0xff, 0xae, 0xff, 0xae, 0xff, 0xae, 0xff, 0xae, 0xff, 0xae, 0xff, 0xae,
    0xff, 0xae, 0xff, 0xae, 0xff, 0xa6, 0x3f, 0xbf, 0x5f, 0xcf, 0x3f, 0xbf, 0x1f, 0xb7, 0x1f, 0xb7, 0xff, 0xb6, 0xff,
    0xb6, 0xff, 0xb6, 0xff, 0xb6, 0xff, 0xae, 0xff, 0xae, 0xdf, 0xae, 0xdf, 0xae, 0xdf, 0xae, 0xdf, 0xae, 0xdf, 0xae,
    0xdf, 0xae, 0xdf, 0xae, 0xbf, 0xae, 0xbf, 0xae, 0xbf, 0xae, 0xbe, 0xa6, 0xbe, 0xa6, 0xbe, 0xa6, 0xbe, 0xa6, 0x9e,
    0xa6, 0x9e, 0xa6, 0x9e, 0xa6, 0x9e, 0xa6, 0x9e, 0xa6, 0x7e, 0xa6, 0x7e, 0x9e, 0x7e, 0x9e, 0x7e, 0x9e, 0x7e, 0x9e,
    0x7e, 0x9e, 0x7e, 0x9e, 0x5e, 0x9e, 0x5e, 0x9e, 0x5e, 0x9e, 0x5e, 0x9e, 0x5e, 0x9e, 0x5e, 0x96, 0x5e, 0x96, 0x3d,
    0x96, 0x3d, 0x96, 0x3d, 0x96, 0x3d, 0x96, 0x1d, 0x8e, 0x3f, 0xcf, 0xff, 0xff, 0xdf, 0xf7, 0xdf, 0xf7, 0xdf, 0xf7,
    0xdf, 0xf7, 0xdf, 0xf7, 0xdf, 0xf7, 0xdf, 0xf7, 0xdf, 0xf7, 0xdf, 0xf7, 0xff, 0xff, 0x1e, 0xcf, 0xdd, 0x7d, 0xfd,
    0x8d, 0xdd, 0x85, 0xdd, 0x85, 0xdd, 0x85, 0xdd, 0x85, 0xdd, 0x85, 0xdd, 0x85, 0xdc, 0x85, 0xdc, 0x85, 0xbc, 0x85,
    0xbc, 0x7d, 0xbc, 0x7d, 0xbc, 0x7d, 0xbc, 0x7d, 0xbc, 0x7d, 0x9c, 0x7d, 0x9c, 0x7d, 0x9c, 0x7d, 0xbc, 0x85, 0x1d,
    0x9e, 0xdc, 0x8d, 0xfb, 0x5c, 0xfb, 0x5c, 0xfb, 0x5c, 0xfb, 0x54, 0xdb, 0x54, 0xdb, 0x54, 0xdb, 0x54, 0xdb, 0x54,
    0xdb, 0x54, 0xbb, 0x54, 0xbb, 0x54, 0xbb, 0x4c, 0xbb, 0x4c, 0xbb, 0x4c, 0x9a, 0x4c, 0xbb, 0x54, 0x5d, 0xa6, 0x7d,
    0xae, 0x9e, 0xb6, 0x8c, 0x3a, 0x26, 0x11, 0x46, 0x19, 0x25, 0x11, 0x05, 0x11, 0xe4, 0x10, 0xe4, 0x10, 0xc3, 0x08,
    0xa3, 0x08, 0x83, 0x08, 0x82, 0x08, 0x62, 0x08, 0x62, 0x08, 0x41, 0x00, 0x41, 0x00, 0x41, 0x00, 0x21, 0x00, 0x20,
    0x00, 0x20, 0x00, 0x20, 0x00, 0x00, 0x00, 0x00, 0x00, 0x00, 0x00, 0x00, 0x00, 0x00, 0x00, 0x00, 0x00, 0x00, 0x00,
    0x00, 0x00, 0x00, 0x00, 0x00, 0x00, 0x00, 0x00, 0x00, 0x00, 0x00, 0x00, 0x00, 0x00, 0x00, 0x00, 0x00, 0x00, 0x00,
    0x00, 0x00, 0x00, 0x00, 0x00, 0x00, 0x00, 0x00, 0x00, 0x00, 0x00, 0x00, 0x00, 0x00, 0x00, 0x00, 0x00, 0x00, 0x00,
    0x00, 0x00, 0x00, 0x00, 0x00, 0x00, 0x00, 0x00, 0x00, 0x00, 0x00, 0x00, 0x00, 0x00, 0x00, 0x00, 0x00, 0x00, 0x00,
    0x00, 0x00, 0x00, 0x00, 0x00, 0x20, 0x00, 0x20, 0x00, 0x20, 0x00, 0x21, 0x00, 0x41, 0x00, 0x41, 0x00, 0x41, 0x00,
    0x62, 0x08, 0x62, 0x08, 0x82, 0x08, 0x83, 0x08, 0xa3, 0x08, 0xc3, 0x08, 0xe4, 0x10, 0xe4, 0x10, 0x05, 0x11, 0x26,
    0x19, 0x46, 0x19, 0x25, 0x11, 0xcc, 0x42, 0xbf, 0xdf, 0x7f, 0xdf, 0x7f, 0xd7, 0xff, 0xae, 0xff, 0xae, 0xff, 0xae,
    0xff, 0xae, 0xff, 0xae, 0xff, 0xae, 0xff, 0xae, 0xff, 0xae, 0xff, 0xae, 0xff, 0xae, 0xff, 0xae, 0xff, 0xae, 0xff,
    0xae, 0xff, 0xae, 0xff, 0xa6, 0xff, 0xae, 0x3f, 0xc7, 0x3f, 0xc7, 0x1f, 0xb7, 0xff, 0xb6, 0xff, 0xb6, 0xff, 0xb6,
    0xff, 0xb6, 0xff, 0xb6, 0xff, 0xae, 0xff, 0xae, 0xdf, 0xae, 0xdf, 0xae, 0xdf, 0xae, 0xdf, 0xae, 0xdf, 0xae, 0xdf,
    0xae, 0xdf, 0xae, 0xbf, 0xae, 0xbf, 0xae, 0xbf, 0xae, 0xbe, 0xa6, 0xbe, 0xa6, 0xbe, 0xa6, 0xbe, 0xa6, 0x9e, 0xa6,
    0x9e, 0xa6, 0x9e, 0xa6, 0x9e, 0xa6, 0x9e, 0xa6, 0x7e, 0xa6, 0x7e, 0x9e, 0x7e, 0x9e, 0x7e, 0x9e, 0x7e, 0x9e, 0x7e,
    0x9e, 0x7e, 0x9e, 0x5e, 0x9e, 0x5e, 0x9e, 0x5e, 0x9e, 0x5e, 0x9e, 0x5e, 0x9e, 0x5e, 0x96, 0x5e, 0x96, 0x3d, 0x96,
    0x3d, 0x96, 0x3d, 0x96, 0x3d, 0x96, 0x1d, 0x8e, 0x9e, 0xae, 0xff, 0xff, 0xdf, 0xf7, 0xdf, 0xf7, 0xdf, 0xf7, 0xdf,
    0xf7, 0xdf, 0xf7, 0xdf, 0xf7, 0xdf, 0xf7, 0xdf, 0xf7, 0xdf, 0xf7, 0xff, 0xff, 0x9f, 0xef, 0xfd, 0x8d, 0xfd, 0x85,
    0xfd, 0x85, 0xdd, 0x85, 0xdd, 0x85, 0xdd, 0x85, 0xdd, 0x85, 0xdd, 0x85, 0xdc, 0x85, 0xdc, 0x85, 0xbc, 0x85, 0xbc,
    0x7d, 0xbc, 0x7d, 0xbc, 0x7d, 0xbc, 0x7d, 0xbc, 0x7d, 0x9c, 0x7d, 0x9c, 0x7d, 0x9c, 0x7d, 0x9c, 0x7d, 0x9c, 0x7d,
    0xfd, 0x8d, 0x1d, 0x9e, 0x3c, 0x6d, 0xdb, 0x54, 0xfb, 0x5c, 0xdb, 0x54, 0xdb, 0x54, 0xdb, 0x54, 0xdb, 0x54, 0xdb,
    0x54, 0xbb, 0x54, 0xbb, 0x54, 0xbb, 0x4c, 0xbb, 0x4c, 0xbb, 0x4c, 0xba, 0x4c, 0xba, 0x4c, 0x7a, 0x44, 0xbc, 0x8d,
    0x7d, 0xb6, 0xbf, 0xb6, 0xd1, 0x5b, 0x05, 0x11, 0x67, 0x19, 0x26, 0x19, 0x05, 0x11, 0x04, 0x11, 0xe4, 0x10, 0xc4,
    0x10, 0xa3, 0x08, 0xa3, 0x08, 0x82, 0x08, 0x62, 0x08, 0x62, 0x08, 0x41, 0x00, 0x41, 0x00, 0x41, 0x00, 0x21, 0x00,
    0x20, 0x00, 0x20, 0x00, 0x20, 0x00, 0x00, 0x00, 0x00, 0x00, 0x00, 0x00, 0x00, 0x00, 0x00, 0x00, 0x00, 0x00, 0x00,
    0x00, 0x00, 0x00, 0x00, 0x00, 0x00, 0x00, 0x00, 0x00, 0x00, 0x00, 0x00, 0x00, 0x00, 0x00, 0x00, 0x00, 0x00, 0x00,
    0x00, 0x00, 0x00, 0x00, 0x00, 0x00, 0x00, 0x00, 0x00, 0x00, 0x00, 0x00, 0x00, 0x00, 0x00, 0x00, 0x00, 0x00, 0x00,
    0x00, 0x00, 0x00, 0x00, 0x00, 0x00, 0x00, 0x00, 0x00, 0x00, 0x00, 0x00, 0x00, 0x00, 0x00, 0x00, 0x00, 0x00, 0x00,
    0x00, 0x00, 0x00, 0x00, 0x00, 0x00, 0x20, 0x00, 0x20, 0x00, 0x20, 0x00, 0x21, 0x00, 0x41, 0x00, 0x41, 0x00, 0x41,
    0x00, 0x62, 0x08, 0x62, 0x08, 0x82, 0x08, 0xa3, 0x08, 0xa3, 0x08, 0xc4, 0x10, 0xe4, 0x10, 0x05, 0x11, 0x05, 0x11,
    0x26, 0x19, 0x67, 0x19, 0x05, 0x11, 0xd4, 0x84, 0xff, 0xe7, 0x7f, 0xdf, 0x5f, 0xc7, 0xff, 0xa6, 0xff, 0xae, 0xff,
    0xae, 0xff, 0xae, 0xff, 0xae, 0xff, 0xae, 0xff, 0xae, 0xff, 0xae, 0xff, 0xae, 0xff, 0xae, 0xff, 0xae, 0xff, 0xae,
    0xff, 0xae, 0xff, 0xae, 0xdf, 0xa6, 0x1f, 0xb7, 0x5f, 0xcf, 0x3f, 0xbf, 0xff, 0xb6, 0xff, 0xb6, 0xff, 0xb6, 0xff,
    0xb6, 0xff, 0xb6, 0xff, 0xae, 0xff, 0xae, 0xdf, 0xae, 0xdf, 0xae, 0xdf, 0xae, 0xdf, 0xae, 0xdf, 0xae, 0xdf, 0xae,
    0xdf, 0xae, 0xbf, 0xae, 0xbf, 0xae, 0xbf, 0xae, 0xbe, 0xa6, 0xbe, 0xa6, 0xbe, 0xa6, 0xbe, 0xa6, 0x9e, 0xa6, 0x9e,
    0xa6, 0x9e, 0xa6, 0x9e, 0xa6, 0x9e, 0xa6, 0x7e, 0xa6, 0x7e, 0x9e, 0x7e, 0x9e, 0x7e, 0x9e, 0x7e, 0x9e, 0x7e, 0x9e,
    0x7e, 0x9e, 0x5e, 0x9e, 0x5e, 0x9e, 0x5e, 0x9e, 0x5e, 0x9e, 0x5e, 0x9e, 0x5e, 0x96, 0x5e, 0x96, 0x3d, 0x96, 0x3d,
    0x96, 0x3d, 0x96, 0x3d, 0x96, 0x3d, 0x96, 0x1d, 0x8e, 0x3f, 0xd7, 0xff, 0xff, 0xdf, 0xf7, 0xdf, 0xf7, 0xdf, 0xf7,
    0xdf, 0xf7, 0xdf, 0xf7, 0xdf, 0xf7, 0xdf, 0xf7, 0xdf, 0xf7, 0xdf, 0xf7, 0xdf, 0xff, 0x5d, 0x9e, 0xdd, 0x85, 0xfd,
    0x8d, 0xdd, 0x85, 0xdd, 0x85, 0xdd, 0x85, 0xdd, 0x85, 0xdd, 0x85, 0xdc, 0x85, 0xdc, 0x85, 0xbc, 0x85, 0xbc, 0x7d,
    0xbc, 0x7d, 0xbc, 0x7d, 0xbc, 0x7d, 0xbc, 0x7d, 0x9c, 0x7d, 0x9c, 0x7d, 0x9c, 0x7d, 0x9c, 0x7d, 0x9c, 0x7d, 0x7c,
    0x75, 0xbc, 0x85, 0x1d, 0x9e, 0xbc, 0x85, 0xdb, 0x54, 0xdb, 0x54, 0xdb, 0x54, 0xdb, 0x54, 0xdb, 0x54, 0xdb, 0x54,
    0xbb, 0x54, 0xbb, 0x54, 0xbb, 0x4c, 0xbb, 0x4c, 0xbb, 0x4c, 0xba, 0x4c, 0x9a, 0x4c, 0x9a, 0x4c, 0x7a, 0x44, 0x3b,
    0x6d, 0x7d, 0xb6, 0x9e, 0xb6, 0x58, 0x8d, 0x66, 0x19, 0x66, 0x19, 0x46, 0x19, 0x25, 0x11, 0x05, 0x11, 0xe4, 0x10,
    0xc4, 0x10, 0xa3, 0x08, 0xa3, 0x08, 0x82, 0x08, 0x82, 0x08, 0x62, 0x08, 0x61, 0x00, 0x41, 0x00, 0x41, 0x00, 0x21,
    0x00, 0x21, 0x00, 0x20, 0x00, 0x20, 0x00, 0x00, 0x00, 0x00, 0x00, 0x00, 0x00, 0x00, 0x00, 0x00, 0x00, 0x00, 0x00,
    0x00, 0x00, 0x00, 0x00, 0x00, 0x00, 0x00, 0x00, 0x00, 0x00, 0x00, 0x00, 0x00, 0x00, 0x00, 0x00, 0x00, 0x00, 0x00,
    0x00, 0x00, 0x00, 0x00, 0x00, 0x00, 0x00, 0x00, 0x00, 0x00, 0x00, 0x00, 0x00, 0x00, 0x00, 0x00, 0x00, 0x00, 0x00,
    0x00, 0x00, 0x00, 0x00, 0x00, 0x00, 0x00, 0x00, 0x00, 0x00, 0x00, 0x00, 0x00, 0x00, 0x00, 0x00, 0x00, 0x00, 0x00,
    0x00, 0x00, 0x00, 0x00, 0x00, 0x00, 0x00, 0x20, 0x00, 0x20, 0x00, 0x20, 0x00, 0x21, 0x00, 0x41, 0x00, 0x41, 0x00,
    0x61, 0x00, 0x62, 0x08, 0x82, 0x08, 0x82, 0x08, 0xa3, 0x08, 0xa3, 0x08, 0xc4, 0x10, 0xe4, 0x10, 0x05, 0x11, 0x25,
    0x11, 0x46, 0x19, 0x66, 0x19, 0x46, 0x19, 0x5b, 0xb6, 0xdf, 0xe7, 0x7f, 0xdf, 0x3f, 0xbf, 0xff, 0xa6, 0xff, 0xae,
    0xff, 0xae, 0xff, 0xae, 0xff, 0xae, 0xff, 0xae, 0xff, 0xae, 0xff, 0xae, 0xff, 0xae, 0xff, 0xae, 0xff, 0xae, 0xff,
    0xae, 0xff, 0xae, 0xdf, 0xa6, 0xdf, 0xa6, 0x3f, 0xc7, 0x3f, 0xc7, 0x1f, 0xbf, 0xff, 0xb6, 0xff, 0xb6, 0xff, 0xb6,
    0xff, 0xb6, 0xff, 0xae, 0xff, 0xae, 0xdf, 0xae, 0xdf, 0xae, 0xdf, 0xae, 0xdf, 0xae, 0xdf, 0xae, 0xdf, 0xae, 0xdf,
    0xae, 0xbf, 0xae, 0xbf, 0xae, 0xbf, 0xae, 0xbe, 0xa6, 0xbe, 0xa6, 0xbe, 0xa6, 0xbe, 0xa6, 0x9e, 0xa6, 0x9e, 0xa6,
    0x9e, 0xa6, 0x9e, 0xa6, 0x9e, 0xa6, 0x7e, 0xa6, 0x7e, 0x9e, 0x7e, 0x9e, 0x7e, 0x9e, 0x7e, 0x9e, 0x7e, 0x9e, 0x7e,
    0x9e, 0x5e, 0x9e, 0x5e, 0x9e, 0x5e, 0x9e, 0x5e, 0x9e, 0x5e, 0x9e, 0x5e, 0x96, 0x5e, 0x96, 0x3d, 0x96, 0x3d, 0x96,
    0x3d, 0x96, 0x3d, 0x96, 0x3d, 0x96, 0x3d, 0x96, 0x1d, 0x8e, 0x7f, 0xdf, 0xff, 0xff, 0xdf, 0xf7, 0xdf, 0xf7, 0xdf,
    0xf7, 0xdf, 0xf7, 0xdf, 0xf7, 0xdf, 0xf7, 0xdf, 0xf7, 0xdf, 0xf7, 0xff, 0xff, 0xde, 0xbe, 0xdd, 0x7d, 0xfd, 0x8d,
    0xdd, 0x85, 0xdd, 0x85, 0xdd, 0x85, 0xdd, 0x85, 0xdd, 0x85, 0xdc, 0x85, 0xdc, 0x85, 0xbc, 0x85, 0xbc, 0x7d, 0xbc,
    0x7d, 0xbc, 0x7d, 0xbc, 0x7d, 0xbc, 0x7d, 0x9c, 0x7d, 0x9c, 0x7d, 0x9c, 0x7d, 0x9c, 0x7d, 0x9c, 0x7d, 0x9c, 0x7d,
    0x7c, 0x75, 0x9c, 0x7d, 0xfc, 0x95, 0xfd, 0x95, 0x1b, 0x65, 0xdb, 0x54, 0xdb, 0x54, 0xdb, 0x54, 0xdb, 0x54, 0xbb,
    0x54, 0xbb, 0x54, 0xbb, 0x4c, 0xbb, 0x4c, 0xbb, 0x4c, 0xba, 0x4c, 0x9a, 0x4c, 0x9a, 0x4c, 0x9a, 0x4c, 0x7a, 0x44,
    0xba, 0x54, 0x5d, 0xae, 0x7d, 0xae, 0x5c, 0xa6, 0x0a, 0x2a, 0x46, 0x19, 0x46, 0x19, 0x25, 0x11, 0x05, 0x11, 0xe4,
    0x10, 0xc4, 0x10, 0xc3, 0x08, 0xa3, 0x08, 0x82, 0x08, 0x82, 0x08, 0x62, 0x08, 0x61, 0x08, 0x41, 0x00, 0x41, 0x00,
    0x21, 0x00, 0x21, 0x00, 0x20, 0x00, 0x20, 0x00, 0x00, 0x00, 0x00, 0x00, 0x00, 0x00, 0x00, 0x00, 0x00, 0x00, 0x00,
    0x00, 0x00, 0x00, 0x00, 0x00, 0x00, 0x00, 0x00, 0x00, 0x00, 0x00, 0x00, 0x00, 0x00, 0x00, 0x00, 0x00, 0x00, 0x00,
    0x00, 0x00, 0x00, 0x00, 0x00, 0x00, 0x00, 0x00, 0x00, 0x00, 0x00, 0x00, 0x00, 0x00, 0x00, 0x00, 0x00, 0x00, 0x00,
    0x00, 0x00, 0x00, 0x00, 0x00, 0x00, 0x00, 0x00, 0x00, 0x00, 0x00, 0x00, 0x00, 0x00, 0x00, 0x00, 0x00, 0x00, 0x00,
    0x00, 0x00, 0x00, 0x00, 0x00, 0x00, 0x00, 0x00, 0x20, 0x00, 0x20, 0x00, 0x21, 0x00, 0x21, 0x00, 0x41, 0x00, 0x41,
    0x00, 0x61, 0x08, 0x62, 0x08, 0x82, 0x08, 0x82, 0x08, 0xa3, 0x08, 0xc3, 0x08, 0xc4, 0x10, 0xe4, 0x10, 0x05, 0x11,
    0x25, 0x11, 0x46, 0x19, 0x26, 0x11, 0x2a, 0x32, 0x5e, 0xd7, 0x9f, 0xdf, 0x7f, 0xd7, 0x1f, 0xaf, 0xff, 0xae, 0xff,
    0xae, 0xff, 0xae, 0xff, 0xae, 0xff, 0xae, 0xff, 0xae, 0xff, 0xae, 0xff, 0xae, 0xff, 0xae, 0xff, 0xae, 0xff, 0xae,
    0xff, 0xae, 0xdf, 0xa6, 0xdf, 0xa6, 0xff, 0xae, 0x3f, 0xc7, 0x3f, 0xc7, 0xff, 0xb6, 0xff, 0xb6, 0xff, 0xb6, 0xff,
    0xb6, 0xff, 0xae, 0xff, 0xae, 0xdf, 0xae, 0xdf, 0xae, 0xdf, 0xae, 0xdf, 0xae, 0xdf, 0xae, 0xdf, 0xae, 0xdf, 0xae,
    0xbf, 0xae, 0xbf, 0xae, 0xbf, 0xae, 0xbe, 0xa6, 0xbe, 0xa6, 0xbe, 0xa6, 0xbe, 0xa6, 0x9e, 0xa6, 0x9e, 0xa6, 0x9e,
    0xa6, 0x9e, 0xa6, 0x9e, 0xa6, 0x7e, 0xa6, 0x7e, 0x9e, 0x7e, 0x9e, 0x7e, 0x9e, 0x7e, 0x9e, 0x7e, 0x9e, 0x7e, 0x9e,
    0x5e, 0x9e, 0x5e, 0x9e, 0x5e, 0x9e, 0x5e, 0x9e, 0x5e, 0x9e, 0x5e, 0x96, 0x5e, 0x96, 0x3d, 0x96, 0x3d, 0x96, 0x3d,
    0x96, 0x3d, 0x96, 0x3d, 0x96, 0x3d, 0x96, 0x3d, 0x96, 0x1d, 0x8e, 0x5f, 0xd7, 0xff, 0xff, 0xdf, 0xf7, 0xdf, 0xf7,
    0xdf, 0xf7, 0xdf, 0xf7, 0xdf, 0xf7, 0xdf, 0xf7, 0xdf, 0xf7, 0xff, 0xff, 0x7f, 0xdf, 0xdd, 0x85, 0xdd, 0x85, 0xdd,
    0x85, 0xdd, 0x85, 0xdd, 0x85, 0xdd, 0x85, 0xdd, 0x85, 0xdc, 0x85, 0xdc, 0x85, 0xbc, 0x85, 0xbc, 0x7d, 0xbc, 0x7d,
    0xbc, 0x7d, 0xbc, 0x7d, 0xbc, 0x7d, 0x9c, 0x7d, 0x9c, 0x7d, 0x9c, 0x7d, 0x9c, 0x7d, 0x9c, 0x7d, 0x7c, 0x7d, 0x7c,
    0x7d, 0x7c, 0x75, 0x7c, 0x75, 0xbc, 0x85, 0x1d, 0x9e, 0x7c, 0x75, 0xbb, 0x54, 0xdb, 0x54, 0xdb, 0x54, 0xbb, 0x54,
    0xbb, 0x54, 0xbb, 0x4c, 0xbb, 0x4c, 0xbb, 0x4c, 0xba, 0x4c, 0x9a, 0x4c, 0x9a, 0x4c, 0x9a, 0x4c, 0x9a, 0x4c, 0x9a,
    0x4c, 0x7a, 0x44, 0xfc, 0x95, 0x7d, 0xae, 0xbe, 0xb6, 0x0e, 0x4b, 0x25, 0x11, 0x66, 0x19, 0x26, 0x11, 0x05, 0x11,
    0xe4, 0x10, 0xe4, 0x10, 0xc3, 0x08, 0xa3, 0x08, 0x83, 0x08, 0x82, 0x08, 0x62, 0x08, 0x62, 0x08, 0x41, 0x00, 0x41,
    0x00, 0x41, 0x00, 0x21, 0x00, 0x20, 0x00, 0x20, 0x00, 0x20, 0x00, 0x00, 0x00, 0x00, 0x00, 0x00, 0x00, 0x00, 0x00,
    0x00, 0x00, 0x00, 0x00, 0x00, 0x00, 0x00, 0x00, 0x00, 0x00, 0x00, 0x00, 0x00, 0x00, 0x00, 0x00, 0x00, 0x00, 0x00,
    0x00, 0x00, 0x00, 0x00, 0x00, 0x00, 0x00, 0x00, 0x00, 0x00, 0x00, 0x00, 0x00, 0x00, 0x00, 0x00, 0x00, 0x00, 0x00,
    0x00, 0x00, 0x00, 0x00, 0x00, 0x00, 0x00, 0x00, 0x00, 0x00, 0x00, 0x00, 0x00, 0x00, 0x00, 0x00, 0x00, 0x00, 0x00,
    0x00, 0x00, 0x00, 0x00, 0x00, 0x00, 0x00, 0x00, 0x00, 0x20, 0x00, 0x20, 0x00, 0x21, 0x00, 0x21, 0x00, 0x41, 0x00,
    0x41, 0x00, 0x62, 0x08, 0x62, 0x08, 0x82, 0x08, 0x83, 0x08, 0xa3, 0x08, 0xc3, 0x08, 0xe4, 0x10, 0xe4, 0x10, 0x05,
    0x11, 0x26, 0x11, 0x66, 0x19, 0x05, 0x11, 0x6f, 0x5b, 0xdf, 0xe7, 0x7f, 0xdf, 0x5f, 0xcf, 0xff, 0xae, 0xff, 0xae,
    0xff, 0xae, 0xff, 0xae, 0xff, 0xae, 0xff, 0xae, 0xff, 0xae, 0xff, 0xae, 0xff, 0xae, 0xff, 0xae, 0xff, 0xae, 0xff,
    0xae, 0xdf, 0xa6, 0xdf, 0xa6, 0xdf, 0xa6, 0x1f, 0xbf, 0x3f, 0xc7, 0x1f, 0xbf, 0xff, 0xb6, 0xff, 0xb6, 0xff, 0xb6,
    0xff, 0xae, 0xff, 0xae, 0xdf, 0xae, 0xdf, 0xae, 0xdf, 0xae, 0xdf, 0xae, 0xdf, 0xae, 0xdf, 0xae, 0xdf, 0xae, 0xbf,
    0xae, 0xbf, 0xae, 0xbf, 0xae, 0xbe, 0xa6, 0xbe, 0xa6, 0xbe, 0xa6, 0xbe, 0xa6, 0x9e, 0xa6, 0x9e, 0xa6, 0x9e, 0xa6,
    0x9e, 0xa6, 0x9e, 0xa6, 0x7e, 0xa6, 0x7e, 0x9e, 0x7e, 0x9e, 0x7e, 0x9e, 0x7e, 0x9e, 0x7e, 0x9e, 0x7e, 0x9e, 0x5e,
    0x9e, 0x5e, 0x9e, 0x5e, 0x9e, 0x5e, 0x9e, 0x5e, 0x9e, 0x5e, 0x96, 0x5e, 0x96, 0x3d, 0x96, 0x3d, 0x96, 0x3d, 0x96,
    0x3d, 0x96, 0x3d, 0x96, 0x3d, 0x96, 0x3d, 0x96, 0x3d, 0x96, 0xfd, 0x8d, 0xbe, 0xb6, 0xff, 0xff, 0xdf, 0xf7, 0xdf,
    0xf7, 0xdf, 0xf7, 0xdf, 0xf7, 0xdf, 0xf7, 0xdf, 0xf7, 0xdf, 0xf7, 0xdf, 0xff, 0x3d, 0x96, 0xdd, 0x85, 0xfd, 0x8d,
    0xdd, 0x85, 0xdd, 0x85, 0xdd, 0x85, 0xdd, 0x85, 0xdc, 0x85, 0xdc, 0x85, 0xbc, 0x85, 0xbc, 0x7d, 0xbc, 0x7d, 0xbc,
    0x7d, 0xbc, 0x7d, 0xbc, 0x7d, 0x9c, 0x7d, 0x9c, 0x7d, 0x9c, 0x7d, 0x9c, 0x7d, 0x9c, 0x7d, 0x7c, 0x7d, 0x7c, 0x7d,
    0x7c, 0x75, 0x7c, 0x75, 0x7c, 0x75, 0x9c, 0x7d, 0x1d, 0x96, 0xdc, 0x85, 0xdb, 0x54, 0xdb, 0x54, 0xbb, 0x54, 0xbb,
    0x54, 0xbb, 0x4c, 0xbb, 0x4c, 0xbb, 0x4c, 0xba, 0x4c, 0x9a, 0x4c, 0x9a, 0x4c, 0x9a, 0x4c, 0x9a, 0x4c, 0x9a, 0x4c,
    0x9a, 0x4c, 0x5a, 0x3c, 0x7c, 0x75, 0x7d, 0xb6, 0xbe, 0xb6, 0x54, 0x6c, 0x25, 0x11, 0x67, 0x19, 0x26, 0x19, 0x05,
    0x11, 0x05, 0x11, 0xe4, 0x10, 0xc4, 0x10, 0xa3, 0x08, 0xa3, 0x08, 0x82, 0x08, 0x62, 0x08, 0x62, 0x08, 0x41, 0x00,
    0x41, 0x00, 0x41, 0x00, 0x21, 0x00, 0x20, 0x00, 0x20, 0x00, 0x20, 0x00, 0x00, 0x00, 0x00, 0x00, 0x00, 0x00, 0x00,
    0x00, 0x00, 0x00, 0x00, 0x00, 0x00, 0x00, 0x00, 0x00, 0x00, 0x00, 0x00, 0x00, 0x00, 0x00, 0x00, 0x00, 0x00, 0x00,
    0x00, 0x00, 0x00, 0x00, 0x00, 0x00, 0x00, 0x00, 0x00, 0x00, 0x00, 0x00, 0x00, 0x00, 0x00, 0x00, 0x00, 0x00, 0x00,
    0x00, 0x00, 0x00, 0x00, 0x00, 0x00, 0x00, 0x00, 0x00, 0x00, 0x00, 0x00, 0x00, 0x00, 0x00, 0x00, 0x00, 0x00, 0x00,
    0x00, 0x00, 0x00, 0x00, 0x00, 0x00, 0x00, 0x00, 0x20, 0x00, 0x20, 0x00, 0x20, 0x00, 0x21, 0x00, 0x41, 0x00, 0x41,
    0x00, 0x41, 0x00, 0x62, 0x08, 0x62, 0x08, 0x82, 0x08, 0xa3, 0x08, 0xa3, 0x08, 0xc3, 0x10, 0xe4, 0x10, 0x04, 0x11,
    0x05, 0x11, 0x26, 0x19, 0x67, 0x19, 0x05, 0x11, 0xb4, 0x84, 0xff, 0xe7, 0x7f, 0xdf, 0x3f, 0xc7, 0xff, 0xa6, 0xff,
    0xae, 0xff, 0xae, 0xff, 0xae, 0xff, 0xae, 0xff, 0xae, 0xff, 0xae, 0xff, 0xae, 0xff, 0xae, 0xff, 0xae, 0xff, 0xae,
    0xdf, 0xa6, 0xdf, 0xa6, 0xdf, 0xa6, 0xdf, 0xa6, 0x3f, 0xc7, 0x3f, 0xc7, 0xff, 0xb6, 0xff, 0xb6, 0xff, 0xb6, 0xff,
    0xae, 0xff, 0xae, 0xdf, 0xae, 0xdf, 0xae, 0xdf, 0xae, 0xdf, 0xae, 0xdf, 0xae, 0xdf, 0xae, 0xdf, 0xae, 0xbf, 0xae,
    0xbf, 0xae, 0xbf, 0xae, 0xbe, 0xa6, 0xbe, 0xa6, 0xbe, 0xa6, 0xbe, 0xa6, 0x9e, 0xa6, 0x9e, 0xa6, 0x9e, 0xa6, 0x9e,
    0xa6, 0x9e, 0xa6, 0x7e, 0xa6, 0x7e, 0x9e, 0x7e, 0x9e, 0x7e, 0x9e, 0x7e, 0x9e, 0x7e, 0x9e, 0x7e, 0x9e, 0x5e, 0x9e,
    0x5e, 0x9e, 0x5e, 0x9e, 0x5e, 0x9e, 0x5e, 0x9e, 0x5e, 0x96, 0x5e, 0x96, 0x3d, 0x96, 0x3d, 0x96, 0x3d, 0x96, 0x3d,
    0x96, 0x3d, 0x96, 0x3d, 0x96, 0x3d, 0x96, 0x1d, 0x96, 0x1d, 0x96, 0x1d, 0x8e, 0x1d, 0x8e, 0x7f, 0xdf, 0xff, 0xff,
    0xdf, 0xf7, 0xdf, 0xf7, 0xdf, 0xf7, 0xdf, 0xf7, 0xdf, 0xf7, 0xff, 0xff, 0xfe, 0xc6, 0xdd, 0x85, 0xfd, 0x8d, 0xdd,
    0x85, 0xdd, 0x85, 0xdd, 0x85, 0xdd, 0x85, 0xdc, 0x85, 0xdc, 0x85, 0xbc, 0x85, 0xbc, 0x7d, 0xbc, 0x7d, 0xbc, 0x7d,
    0xbc, 0x7d, 0xbc, 0x7d, 0x9c, 0x7d, 0x9c, 0x7d, 0x9c, 0x7d, 0x9c, 0x7d, 0x9c, 0x7d, 0x7c, 0x7d, 0x7c, 0x7d, 0x7c,
    0x75, 0x7c, 0x75, 0x7c, 0x75, 0x7c, 0x75, 0x7c, 0x75, 0xdc, 0x8d, 0xfd, 0x95, 0xfb, 0x5c, 0xbb, 0x4c, 0xbb, 0x54,
    0xbb, 0x4c, 0xbb, 0x4c, 0xbb, 0x4c, 0xba, 0x4c, 0x9a, 0x4c, 0x9a, 0x4c, 0x9a, 0x4c, 0x9a, 0x4c, 0x9a, 0x4c, 0x7a,
    0x44, 0x7a, 0x44, 0x5a, 0x44, 0xfb, 0x64, 0x7d, 0xae, 0x9e, 0xae, 0x38, 0x8d, 0x46, 0x19, 0x66, 0x19, 0x46, 0x19,
    0x05, 0x11, 0x05, 0x11, 0xe4, 0x10, 0xc4, 0x10, 0xa3, 0x08, 0xa3, 0x08, 0x82, 0x08, 0x82, 0x08, 0x62, 0x08, 0x41,
    0x00, 0x41, 0x00, 0x41, 0x00, 0x21, 0x00, 0x20, 0x00, 0x20, 0x00, 0x20, 0x00, 0x00, 0x00, 0x00, 0x00, 0x00, 0x00,
    0x00, 0x00, 0x00, 0x00, 0x00, 0x00, 0x00, 0x00, 0x00, 0x00, 0x00, 0x00, 0x00, 0x00, 0x00, 0x00, 0x00, 0x00, 0x00,
    0x00, 0x00, 0x00, 0x00, 0x00, 0x00, 0x00, 0x00, 0x00, 0x00, 0x00, 0x00, 0x00, 0x00, 0x00, 0x00, 0x00, 0x00, 0x00,
    0x00, 0x00, 0x00, 0x00, 0x00, 0x00, 0x00, 0x00, 0x00, 0x00, 0x00, 0x00, 0x00, 0x00, 0x00, 0x00, 0x00, 0x00, 0x00,
    0x00, 0x00, 0x00, 0x00, 0x00, 0x00, 0x00, 0x00, 0x00, 0x20, 0x00, 0x20, 0x00, 0x20, 0x00, 0x21, 0x00, 0x41, 0x00,
    0x41, 0x00, 0x41, 0x00, 0x62, 0x08, 0x62, 0x08, 0x82, 0x08, 0xa3, 0x08, 0xa3, 0x08, 0xc4, 0x10, 0xe4, 0x10, 0x05,
    0x11, 0x05, 0x11, 0x46, 0x19, 0x67, 0x19, 0x26, 0x11, 0xd9, 0xa5, 0xdf, 0xe7, 0x7f, 0xdf, 0x3f, 0xbf, 0xff, 0xa6,
    0xff, 0xae, 0xff, 0xae, 0xff, 0xae, 0xff, 0xae, 0xff, 0xae, 0xff, 0xae, 0xff, 0xae, 0xff, 0xae, 0xff, 0xae, 0xdf,
    0xa6, 0xdf, 0xa6, 0xdf, 0xa6, 0xdf, 0xa6, 0xff, 0xae, 0x3f, 0xc7, 0x3f, 0xc7, 0xff, 0xb6, 0xff, 0xb6, 0xff, 0xae,
    0xff, 0xae, 0xdf, 0xae, 0xdf, 0xae, 0xdf, 0xae, 0xdf, 0xae, 0xdf, 0xae, 0xdf, 0xae, 0xdf, 0xae, 0xbf, 0xae, 0xbf,
    0xae, 0xbf, 0xae, 0xbe, 0xa6, 0xbe, 0xa6, 0xbe, 0xa6, 0xbe, 0xa6, 0x9e, 0xa6, 0x9e, 0xa6, 0x9e, 0xa6, 0x9e, 0xa6,
    0x9e, 0xa6, 0x7e, 0xa6, 0x7e, 0x9e, 0x7e, 0x9e, 0x7e, 0x9e, 0x7e, 0x9e, 0x7e, 0x9e, 0x7e, 0x9e, 0x5e, 0x9e, 0x5e,
    0x9e, 0x5e, 0x9e, 0x5e, 0x9e, 0x5e, 0x9e, 0x5e, 0x96, 0x5e, 0x96, 0x3d, 0x96, 0x3d, 0x96, 0x3d, 0x96, 0x3d, 0x96,
    0x3d, 0x96, 0x3d, 0x96, 0x3d, 0x96, 0x1d, 0x96, 0x1d, 0x96, 0x1d, 0x8e, 0x1d, 0x8e, 0x1d, 0x8e, 0x1d, 0x96, 0x7f,
    0xdf, 0xff, 0xff, 0xff, 0xff, 0xff, 0xff, 0xff, 0xff, 0xff, 0xff, 0x1e, 0xcf, 0xdd, 0x85, 0xdd, 0x85, 0xdd, 0x85,
    0xdd, 0x85, 0xdd, 0x85, 0xdd, 0x85, 0xdc, 0x85, 0xdc, 0x85, 0xbc, 0x85, 0xbc, 0x7d, 0xbc, 0x7d, 0xbc, 0x7d, 0xbc,
    0x7d, 0xbc, 0x7d, 0x9c, 0x7d, 0x9c, 0x7d, 0x9c, 0x7d, 0x9c, 0x7d, 0x9c, 0x7d, 0x7c, 0x7d, 0x7c, 0x7d, 0x7c, 0x75,
    0x7c, 0x75, 0x7c, 0x75, 0x7c, 0x75, 0x7c, 0x75, 0x5c, 0x75, 0xbc, 0x85, 0x1d, 0x96, 0x5b, 0x6d, 0xbb, 0x4c, 0xbb,
    0x54, 0xbb, 0x4c, 0xbb, 0x4c, 0xba, 0x4c, 0x9a, 0x4c, 0x9a, 0x4c, 0x9a, 0x4c, 0x9a, 0x4c, 0x9a, 0x4c, 0x7a, 0x44,
    0x7a, 0x44, 0x7a, 0x44, 0x5a, 0x44, 0xba, 0x54, 0x5d, 0xa6, 0x7d, 0xae, 0xfb, 0x9d, 0xc8, 0x21, 0x46, 0x19, 0x46,
    0x19, 0x25, 0x11, 0x05, 0x11, 0xe4, 0x10, 0xc4, 0x10, 0xc3, 0x08, 0xa3, 0x08, 0x82, 0x08, 0x82, 0x08, 0x62, 0x08,
    0x61, 0x00, 0x41, 0x00, 0x41, 0x00, 0x21, 0x00, 0x21, 0x00, 0x20, 0x00, 0x20, 0x00, 0x00, 0x00, 0x00, 0x00, 0x00,
    0x00, 0x00, 0x00, 0x00, 0x00, 0x00, 0x00, 0x00, 0x00, 0x00, 0x00, 0x00, 0x00, 0x00, 0x00, 0x00, 0x00, 0x00, 0x00,
    0x00, 0x00, 0x00, 0x00, 0x00, 0x00, 0x00, 0x00, 0x00, 0x00, 0x00, 0x00, 0x00, 0x00, 0x00, 0x00, 0x00, 0x00, 0x00,
    0x00, 0x00, 0x00, 0x00, 0x00, 0x00, 0x00, 0x00, 0x00, 0x00, 0x00, 0x00, 0x00, 0x00, 0x00, 0x00, 0x00, 0x00, 0x00,
    0x00, 0x00, 0x00, 0x00, 0x00, 0x00, 0x00, 0x00, 0x00, 0x00, 0x20, 0x00, 0x20, 0x00, 0x20, 0x00, 0x21, 0x00, 0x41,
    0x00, 0x41, 0x00, 0x61, 0x00, 0x62, 0x08, 0x82, 0x08, 0x82, 0x08, 0xa3, 0x08, 0xa3, 0x08, 0xc4, 0x10, 0xe4, 0x10,
    0x05, 0x11, 0x25, 0x11, 0x46, 0x19, 0x46, 0x19, 0xa8, 0x21, 0xdd, 0xc6, 0xbf, 0xdf, 0x7f, 0xdf, 0x1f, 0xb7, 0xff,
    0xae, 0xff, 0xae, 0xff, 0xae, 0xff, 0xae, 0xff, 0xae, 0xff, 0xae, 0xff, 0xae, 0xff, 0xae, 0xff, 0xae, 0xdf, 0xa6,
    0xdf, 0xa6, 0xdf, 0xa6, 0xdf, 0xa6, 0xbf, 0xa6, 0xff, 0xb6, 0x3f, 0xc7, 0x1f, 0xbf, 0xff, 0xb6, 0xff, 0xb6, 0xff,
    0xae, 0xdf, 0xae, 0xdf, 0xae, 0xdf, 0xae, 0xdf, 0xae, 0xdf, 0xae, 0xdf, 0xae, 0xdf, 0xae, 0xbf, 0xae, 0xbf, 0xae,
    0xbf, 0xae, 0xbe, 0xa6, 0xbe, 0xa6, 0xbe, 0xa6, 0xbe, 0xa6, 0x9e, 0xa6, 0x9e, 0xa6, 0x9e, 0xa6, 0x9e, 0xa6, 0x9e,
    0xa6, 0x7e, 0xa6, 0x7e, 0x9e, 0x7e, 0x9e, 0x7e, 0x9e, 0x7e, 0x9e, 0x7e, 0x9e, 0x7e, 0x9e, 0x5e, 0x9e, 0x5e, 0x9e,
    0x5e, 0x9e, 0x5e, 0x9e, 0x5e, 0x9e, 0x5e, 0x96, 0x5e, 0x96, 0x3d, 0x96, 0x3d, 0x96, 0x3d, 0x96, 0x3d, 0x96, 0x3d,
    0x96, 0x3d, 0x96, 0x3d, 0x96, 0x1d, 0x96, 0x1d, 0x96, 0x1d, 0x8e, 0x1d, 0x8e, 0x1d, 0x8e, 0x1d, 0x8e, 0xfd, 0x8d,
    0xfd, 0x8d, 0xbe, 0xb6, 0x3e, 0xd7, 0x5f, 0xdf, 0x3e, 0xcf, 0x7d, 0xa6, 0xdd, 0x85, 0xdd, 0x85, 0xdd, 0x85, 0xdd,
    0x85, 0xdd, 0x85, 0xdd, 0x85, 0xdc, 0x85, 0xdc, 0x85, 0xbc, 0x85, 0xbc, 0x7d, 0xbc, 0x7d, 0xbc, 0x7d, 0xbc, 0x7d,
    0xbc, 0x7d, 0x9c, 0x7d, 0x9c, 0x7d, 0x9c, 0x7d, 0x9c, 0x7d, 0x9c, 0x7d, 0x7c, 0x7d, 0x7c, 0x7d, 0x7c, 0x75, 0x7c,
    0x75, 0x7c, 0x75, 0x7c, 0x75, 0x7c, 0x75, 0x5c, 0x75, 0x5c, 0x75, 0x9c, 0x7d, 0xfc, 0x95, 0x9c, 0x7d, 0xbb, 0x4c,
    0xbb, 0x4c, 0xbb, 0x4c, 0xba, 0x4c, 0x9a, 0x4c, 0x9a, 0x4c, 0x9a, 0x4c, 0x9a, 0x4c, 0x9a, 0x4c, 0x7a, 0x44, 0x7a,
    0x44, 0x7a, 0x44, 0x7a, 0x44, 0x7a, 0x44, 0x5a, 0x44, 0x1c, 0x9e, 0x7d, 0xae, 0x7d, 0xae, 0x6b, 0x3a, 0x26, 0x11,
    0x46, 0x19, 0x25, 0x11, 0x05, 0x11, 0xe4, 0x10, 0xc4, 0x10, 0xc3, 0x08, 0xa3, 0x08, 0x82, 0x08, 0x82, 0x08, 0x62,
    0x08, 0x61, 0x08, 0x41, 0x00, 0x41, 0x00, 0x21, 0x00, 0x21, 0x00, 0x20, 0x00, 0x20, 0x00, 0x00, 0x00, 0x00, 0x00,
    0x00, 0x00, 0x00, 0x00, 0x00, 0x00, 0x00, 0x00, 0x00, 0x00, 0x00, 0x00, 0x00, 0x00, 0x00, 0x00, 0x00, 0x00, 0x00,
    0x00, 0x00, 0x00, 0x00, 0x00, 0x00, 0x00, 0x00, 0x00, 0x00, 0x00, 0x00, 0x00, 0x00, 0x00, 0x00, 0x00, 0x00, 0x00,
    0x00, 0x00, 0x00, 0x00, 0x00, 0x00, 0x00, 0x00, 0x00, 0x00, 0x00, 0x00, 0x00, 0x00, 0x00, 0x00, 0x00, 0x00, 0x00,
    0x00, 0x00, 0x00, 0x00, 0x00, 0x00, 0x00, 0x00, 0x00, 0x00, 0x00, 0x20, 0x00, 0x20, 0x00, 0x21, 0x00, 0x21, 0x00,
    0x41, 0x00, 0x41, 0x00, 0x61, 0x00, 0x62, 0x08, 0x82, 0x08, 0x82, 0x08, 0xa3, 0x08, 0xc3, 0x08, 0xc4, 0x10, 0xe4,
    0x10, 0x05, 0x11, 0x25, 0x11, 0x46, 0x19, 0x26, 0x11, 0x8b, 0x3a, 0x9f, 0xdf, 0x9f, 0xdf, 0x7f, 0xd7, 0xff, 0xae,
    0xff, 0xae, 0xff, 0xae, 0xff, 0xae, 0xff, 0xae, 0xff, 0xae, 0xff, 0xae, 0xff, 0xae, 0xff, 0xae, 0xdf, 0xa6, 0xdf,
    0xa6, 0xdf, 0xa6, 0xdf, 0xa6, 0xdf, 0xa6, 0xbf, 0xa6, 0x1f, 0xbf, 0x3f, 0xc7, 0xff, 0xb6, 0xff, 0xae, 0xff, 0xae,
    0xdf, 0xae, 0xdf, 0xae, 0xdf, 0xae, 0xdf, 0xae, 0xdf, 0xae, 0xdf, 0xae, 0xdf, 0xae, 0xbf, 0xae, 0xbf, 0xae, 0xbf,
    0xae, 0xbe, 0xa6, 0xbe, 0xa6, 0xbe, 0xa6, 0xbe, 0xa6, 0x9e, 0xa6, 0x9e, 0xa6, 0x9e, 0xa6, 0x9e, 0xa6, 0x9e, 0xa6,
    0x7e, 0xa6, 0x7e, 0x9e, 0x7e, 0x9e, 0x7e, 0x9e, 0x7e, 0x9e, 0x7e, 0x9e, 0x7e, 0x9e, 0x5e, 0x9e, 0x5e, 0x9e, 0x5e,
    0x9e, 0x5e, 0x9e, 0x5e, 0x9e, 0x5e, 0x96, 0x5e, 0x96, 0x3d, 0x96, 0x3d, 0x96, 0x3d, 0x96, 0x3d, 0x96, 0x3d, 0x96,
    0x3d, 0x96, 0x3d, 0x96, 0x1d, 0x96, 0x1d, 0x96, 0x1d, 0x8e, 0x1d, 0x8e, 0x1d, 0x8e, 0x1d, 0x8e, 0xfd, 0x8d, 0xfd,
    0x8d, 0xfd, 0x8d, 0xdd, 0x85, 0xdd, 0x85, 0xdd, 0x85, 0xdd, 0x85, 0xdd, 0x85, 0xdd, 0x85, 0xdd, 0x85, 0xdd, 0x85,
    0xdd, 0x85, 0xdd, 0x85, 0xdc, 0x85, 0xdc, 0x85, 0xbc, 0x85, 0xbc, 0x7d, 0xbc, 0x7d, 0xbc, 0x7d, 0xbc, 0x7d, 0xbc,
    0x7d, 0x9c, 0x7d, 0x9c, 0x7d, 0x9c, 0x7d, 0x9c, 0x7d, 0x9c, 0x7d, 0x7c, 0x7d, 0x7c, 0x7d, 0x7c, 0x75, 0x7c, 0x75,
    0x7c, 0x75, 0x7c, 0x75, 0x7c, 0x75, 0x5c, 0x75, 0x5c, 0x75, 0x5c, 0x75, 0x7c, 0x75, 0xfc, 0x8d, 0xdc, 0x8d, 0xdb,
    0x54, 0xba, 0x4c, 0xba, 0x4c, 0x9a, 0x4c, 0x9a, 0x4c, 0x9a, 0x4c, 0x9a, 0x4c, 0x9a, 0x4c, 0x7a, 0x44, 0x7a, 0x44,
    0x7a, 0x44, 0x7a, 0x44, 0x7a, 0x44, 0x7a, 0x44, 0x3a, 0x3c, 0xbc, 0x85, 0x7d, 0xae, 0x9e, 0xae, 0x70, 0x53, 0x05,
    0x11, 0x66, 0x19, 0x26, 0x11, 0x05, 0x11, 0xe4, 0x10, 0xe4, 0x10, 0xc3, 0x08, 0xa3, 0x08, 0x83, 0x08, 0x82, 0x08,
    0x62, 0x08, 0x62, 0x08, 0x41, 0x00, 0x41, 0x00, 0x21, 0x00, 0x21, 0x00, 0x20, 0x00, 0x20, 0x00, 0x00, 0x00, 0x00,
    0x00, 0x00, 0x00, 0x00, 0x00, 0x00, 0x00, 0x00, 0x00, 0x00, 0x00, 0x00, 0x00, 0x00, 0x00, 0x00, 0x00, 0x00, 0x00,
    0x00, 0x00, 0x00, 0x00, 0x00, 0x00, 0x00, 0x00, 0x00, 0x00, 0x00, 0x00, 0x00, 0x00, 0x00, 0x00, 0x00, 0x00, 0x00,
    0x00, 0x00, 0x00, 0x00, 0x00, 0x00, 0x00, 0x00, 0x00, 0x00, 0x00, 0x00, 0x00, 0x00, 0x00, 0x00, 0x00, 0x00, 0x00,
    0x00, 0x00, 0x00, 0x00, 0x00, 0x00, 0x00, 0x00, 0x00, 0x00, 0x20, 0x00, 0x20, 0x00, 0x20, 0x00, 0x21, 0x00, 0x21,
    0x00, 0x41, 0x00, 0x41, 0x00, 0x61, 0x08, 0x62, 0x08, 0x82, 0x08, 0x82, 0x08, 0xa3, 0x08, 0xc3, 0x08, 0xc4, 0x10,
    0xe4, 0x10, 0x05, 0x11, 0x25, 0x11, 0x66, 0x19, 0x05, 0x11, 0x0d, 0x4b, 0xdf, 0xe7, 0x7f, 0xdf, 0x5f, 0xcf, 0xff,
    0xae, 0xff, 0xae, 0xff, 0xae, 0xff, 0xae, 0xff, 0xae, 0xff, 0xae, 0xff, 0xae, 0xff, 0xae, 0xdf, 0xa6, 0xdf, 0xa6,
    0xdf, 0xa6, 0xdf, 0xa6, 0xdf, 0xa6, 0xdf, 0xa6, 0xdf, 0xa6, 0x1f, 0xbf, 0x3f, 0xc7, 0xff, 0xb6, 0xff, 0xae, 0xff,
    0xae, 0xdf, 0xae, 0xdf, 0xae, 0xdf, 0xae, 0xdf, 0xae, 0xdf, 0xae, 0xdf, 0xae, 0xbf, 0xae, 0xbf, 0xae, 0xbf, 0xae,
    0xbe, 0xa6, 0xbe, 0xa6, 0xbe, 0xa6, 0xbe, 0xa6, 0x9e, 0xa6, 0x9e, 0xa6, 0x9e, 0xa6, 0x9e, 0xa6, 0x9e, 0xa6, 0x7e,
    0xa6, 0x7e, 0x9e, 0x7e, 0x9e, 0x7e, 0x9e, 0x7e, 0x9e, 0x7e, 0x9e, 0x7e, 0x9e, 0x5e, 0x9e, 0x5e, 0x9e, 0x5e, 0x9e,
    0x5e, 0x9e, 0x5e, 0x9e, 0x5e, 0x96, 0x5e, 0x96, 0x3d, 0x96, 0x3d, 0x96, 0x3d, 0x96, 0x3d, 0x96, 0x3d, 0x96, 0x3d,
    0x96, 0x3d, 0x96, 0x1d, 0x96, 0x1d, 0x96, 0x1d, 0x8e, 0x1d, 0x8e, 0x1d, 0x8e, 0x1d, 0x8e, 0xfd, 0x8d, 0xfd, 0x8d,
    0xfd, 0x8d, 0xfd, 0x8d, 0xfd, 0x8d, 0xfd, 0x8d, 0xfd, 0x8d, 0xfd, 0x8d, 0xfd, 0x8d, 0xdd, 0x85, 0xdd, 0x85, 0xdd,
    0x85, 0xdd, 0x85, 0xdc, 0x85, 0xdc, 0x85, 0xbc, 0x85, 0xbc, 0x7d, 0xbc, 0x7d, 0xbc, 0x7d, 0xbc, 0x7d, 0xbc, 0x7d,
    0x9c, 0x7d, 0x9c, 0x7d, 0x9c, 0x7d, 0x9c, 0x7d, 0x9c, 0x7d, 0x7c, 0x7d, 0x7c, 0x7d, 0x7c, 0x75, 0x7c, 0x75, 0x7c,
    0x75, 0x7c, 0x75, 0x7c, 0x75, 0x5c, 0x75, 0x5c, 0x75, 0x5c, 0x75, 0x5c, 0x75, 0x5c, 0x75, 0xbc, 0x85, 0xfc, 0x95,
    0xfb, 0x5c, 0x9a, 0x4c, 0x9a, 0x4c, 0x9a, 0x4c, 0x9a, 0x4c, 0x9a, 0x4c, 0x9a, 0x4c, 0x7a, 0x44, 0x7a, 0x44, 0x7a,
    0x44, 0x7a, 0x44, 0x7a, 0x44, 0x5a, 0x44, 0x7a, 0x44, 0x3a, 0x3c, 0x5b, 0x75, 0x7d, 0xae, 0x9e, 0xb6, 0xf2, 0x63,
    0x05, 0x11, 0x67, 0x19, 0x26, 0x19, 0x05, 0x11, 0xe4, 0x10, 0xe4, 0x10, 0xc3, 0x08, 0xa3, 0x08, 0x83, 0x08, 0x82,
    0x08, 0x62, 0x08, 0x62, 0x08, 0x41, 0x00, 0x41, 0x00, 0x41, 0x00, 0x21, 0x00, 0x20, 0x00, 0x20, 0x00, 0x20, 0x00,
    0x00, 0x00, 0x00, 0x00, 0x00, 0x00, 0x00, 0x00, 0x00, 0x00, 0x00, 0x00, 0x00, 0x00, 0x00, 0x00, 0x00, 0x00, 0x00,
    0x00, 0x00, 0x00, 0x00, 0x00, 0x00, 0x00, 0x00, 0x00, 0x00, 0x00, 0x00, 0x00, 0x00, 0x00, 0x00, 0x00, 0x00, 0x00,
    0x00, 0x00, 0x00, 0x00, 0x00, 0x00, 0x00, 0x00, 0x00, 0x00, 0x00, 0x00, 0x00, 0x00, 0x00, 0x00, 0x00, 0x00, 0x00,
    0x00, 0x00, 0x00, 0x00, 0x00, 0x00, 0x00, 0x00, 0x00, 0x00, 0x00, 0x00, 0x00, 0x20, 0x00, 0x20, 0x00, 0x21, 0x00,
    0x21, 0x00, 0x41, 0x00, 0x41, 0x00, 0x62, 0x08, 0x62, 0x08, 0x82, 0x08, 0x83, 0x08, 0xa3, 0x08, 0xc3, 0x08, 0xe4,
    0x10, 0xe4, 0x10, 0x05, 0x11, 0x25, 0x11, 0x67, 0x19, 0x05, 0x11, 0x32, 0x74, 0xff, 0xe7, 0x7f, 0xdf, 0x5f, 0xc7,
    0xff, 0xa6, 0xff, 0xae, 0xff, 0xae, 0xff, 0xae, 0xff, 0xae, 0xff, 0xae, 0xff, 0xae, 0xdf, 0xa6, 0xdf, 0xa6, 0xdf,
    0xa6, 0xdf, 0xa6, 0xdf, 0xa6, 0xdf, 0xa6, 0xbf, 0xa6, 0xdf, 0xa6, 0x3f, 0xc7, 0x1f, 0xbf, 0xff, 0xae, 0xff, 0xae,
    0xdf, 0xae, 0xdf, 0xae, 0xdf, 0xae, 0xdf, 0xae, 0xdf, 0xae, 0xdf, 0xae, 0xbf, 0xae, 0xbf, 0xae, 0xbf, 0xae, 0xbe,
    0xa6, 0xbe, 0xa6, 0xbe, 0xa6, 0xbe, 0xa6, 0x9e, 0xa6, 0x9e, 0xa6, 0x9e, 0xa6, 0x9e, 0xa6, 0x9e, 0xa6, 0x7e, 0xa6,
    0x7e, 0x9e, 0x7e, 0x9e, 0x7e, 0x9e, 0x7e, 0x9e, 0x7e, 0x9e, 0x7e, 0x9e, 0x5e, 0x9e, 0x5e, 0x9e, 0x5e, 0x9e, 0x5e,
    0x9e, 0x5e, 0x9e, 0x5e, 0x96, 0x5e, 0x96, 0x3d, 0x96, 0x3d, 0x96, 0x3d, 0x96, 0x3d, 0x96, 0x3d, 0x96, 0x3d, 0x96,
    0x3d, 0x96, 0x1d, 0x96, 0x1d, 0x96, 0x1d, 0x8e, 0x1d, 0x8e, 0x1d, 0x8e, 0x1d, 0x8e, 0xfd, 0x8d, 0xfd, 0x8d, 0xfd,
    0x8d, 0xfd, 0x8d, 0xfd, 0x8d, 0xfd, 0x8d, 0xfd, 0x85, 0xdd, 0x85, 0xdd, 0x85, 0xdd, 0x85, 0xdd, 0x85, 0xdd, 0x85,
    0xdd, 0x85, 0xdc, 0x85, 0xdc, 0x85, 0xbc, 0x85, 0xbc, 0x7d, 0xbc, 0x7d, 0xbc, 0x7d, 0xbc, 0x7d, 0xbc, 0x7d, 0x9c,
    0x7d, 0x9c, 0x7d, 0x9c, 0x7d, 0x9c, 0x7d, 0x9c, 0x7d, 0x7c, 0x7d, 0x7c, 0x7d, 0x7c, 0x75, 0x7c, 0x75, 0x7c, 0x75,
    0x7c, 0x75, 0x7c, 0x75, 0x5c, 0x75, 0x5c, 0x75, 0x5c, 0x75, 0x5c, 0x75, 0x5c, 0x75, 0x3b, 0x6d, 0x9c, 0x7d, 0xfc,
    0x95, 0x1b, 0x65, 0x9a, 0x44, 0x9a, 0x4c, 0x9a, 0x4c, 0x9a, 0x4c, 0x9a, 0x4c, 0x7a, 0x44, 0x7a, 0x44, 0x7a, 0x44,
    0x7a, 0x44, 0x7a, 0x44, 0x5a, 0x44, 0x5a, 0x44, 0x5a, 0x44, 0x3a, 0x3c, 0x1b, 0x65, 0x5d, 0xae, 0x9e, 0xae, 0xd6,
    0x7c, 0x26, 0x11, 0x66, 0x19, 0x26, 0x19, 0x05, 0x11, 0x05, 0x11, 0xe4, 0x10, 0xc4, 0x10, 0xa3, 0x08, 0xa3, 0x08,
    0x82, 0x08, 0x62, 0x08, 0x62, 0x08, 0x41, 0x00, 0x41, 0x00, 0x41, 0x00, 0x21, 0x00, 0x20, 0x00, 0x20, 0x00, 0x20,
    0x00, 0x00, 0x00, 0x00, 0x00, 0x00, 0x00, 0x00, 0x00, 0x00, 0x00, 0x00, 0x00, 0x00, 0x00, 0x00, 0x00, 0x00, 0x00,
    0x00, 0x00, 0x00, 0x00, 0x00, 0x00, 0x00, 0x00, 0x00, 0x00, 0x00, 0x00, 0x00, 0x00, 0x00, 0x00, 0x00, 0x00, 0x00,
    0x00, 0x00, 0x00, 0x00, 0x00, 0x00, 0x00, 0x00, 0x00, 0x00, 0x00, 0x00, 0x00, 0x00, 0x00, 0x00, 0x00, 0x00, 0x00,
    0x00, 0x00, 0x00, 0x00, 0x00, 0x00, 0x00, 0x00, 0x00, 0x00, 0x00, 0x00, 0x20, 0x00, 0x20, 0x00, 0x20, 0x00, 0x21,
    0x00, 0x41, 0x00, 0x41, 0x00, 0x41, 0x00, 0x62, 0x08, 0x62, 0x08, 0x82, 0x08, 0xa3, 0x08, 0xa3, 0x08, 0xc4, 0x08,
    0xe4, 0x10, 0xe4, 0x10, 0x05, 0x11, 0x26, 0x19, 0x67, 0x19, 0x05, 0x09, 0x93, 0x7c, 0xff, 0xe7, 0x7f, 0xdf, 0x3f,
    0xc7, 0xff, 0xa6, 0xff, 0xae, 0xff, 0xae, 0xff, 0xae, 0xff, 0xae, 0xff, 0xae, 0xdf, 0xa6, 0xdf, 0xa6, 0xdf, 0xa6,
    0xdf, 0xa6, 0xdf, 0xa6, 0xdf, 0xa6, 0xbf, 0xa6, 0xbf, 0x9e, 0xdf, 0xae, 0x3f, 0xc7, 0x1f, 0xbf, 0xdf, 0xae, 0xdf,
    0xae, 0xdf, 0xae, 0xdf, 0xae, 0xdf, 0xae, 0xdf, 0xae, 0xdf, 0xae, 0xbf, 0xae, 0xbf, 0xae, 0xbf, 0xae, 0xbe, 0xa6,
    0xbe, 0xa6, 0xbe, 0xa6, 0xbe, 0xa6, 0x9e, 0xa6, 0x9e, 0xa6, 0x9e, 0xa6, 0x9e, 0xa6, 0x9e, 0xa6, 0x7e, 0xa6, 0x7e,
    0x9e, 0x7e, 0x9e, 0x7e, 0x9e, 0x7e, 0x9e, 0x7e, 0x9e, 0x7e, 0x9e, 0x5e, 0x9e, 0x5e, 0x9e, 0x5e, 0x9e, 0x5e, 0x9e,
    0x5e, 0x9e, 0x5e, 0x96, 0x5e, 0x96, 0x3d, 0x96, 0x3d, 0x96, 0x3d, 0x96, 0x3d, 0x96, 0x3d, 0x96, 0x3d, 0x96, 0x3d,
    0x96, 0x1d, 0x96, 0x1d, 0x96, 0x1d, 0x8e, 0x1d, 0x8e, 0x1d, 0x8e, 0x1d, 0x8e, 0xfd, 0x8d, 0xfd, 0x8d, 0xfd, 0x8d,
    0xfd, 0x8d, 0xfd, 0x8d, 0xfd, 0x8d, 0xfd, 0x85, 0xdd, 0x85, 0xdd, 0x85, 0xdd, 0x85, 0xdd, 0x85, 0xdd, 0x85, 0xdd,
    0x85, 0xdc, 0x85, 0xdc, 0x85, 0xbc, 0x85, 0xbc, 0x7d, 0xbc, 0x7d, 0xbc, 0x7d, 0xbc, 0x7d, 0xbc, 0x7d, 0x9c, 0x7d,
    0x9c, 0x7d, 0x9c, 0x7d, 0x9c, 0x7d, 0x9c, 0x7d, 0x7c, 0x7d, 0x7c, 0x7d, 0x7c, 0x75, 0x7c, 0x75, 0x7c, 0x75, 0x7c,
    0x75, 0x7c, 0x75, 0x5c, 0x75, 0x5c, 0x75, 0x5c, 0x75, 0x5c, 0x75, 0x5c, 0x75, 0x5b, 0x75, 0x3b, 0x6d, 0x7c, 0x7d,
    0xfc, 0x95, 0x5c, 0x75, 0x9a, 0x44, 0x9a, 0x4c, 0x9a, 0x4c, 0x9a, 0x4c, 0x7a, 0x44, 0x7a, 0x44, 0x7a, 0x44, 0x7a,
    0x44, 0x7a, 0x44, 0x5a, 0x44, 0x5a, 0x44, 0x5a, 0x44, 0x5a, 0x44, 0x3a, 0x3c, 0xda, 0x5c, 0x5d, 0xae, 0x9e, 0xae,
    0x17, 0x85, 0x46, 0x11, 0x67, 0x19, 0x46, 0x19, 0x25, 0x11, 0x05, 0x11, 0xe4, 0x10, 0xc4, 0x10, 0xa3, 0x08, 0xa3,
    0x08, 0x82, 0x08, 0x62, 0x08, 0x62, 0x08, 0x41, 0x00, 0x41, 0x00, 0x41, 0x00, 0x21, 0x00, 0x20, 0x00, 0x20, 0x00,
    0x20, 0x00, 0x00, 0x00, 0x00, 0x00, 0x00, 0x00, 0x00, 0x00, 0x00, 0x00, 0x00, 0x00, 0x00, 0x00, 0x00, 0x00, 0x00,
    0x00, 0x00, 0x00, 0x00, 0x00, 0x00, 0x00, 0x00, 0x00, 0x00, 0x00, 0x00, 0x00, 0x00, 0x00, 0x00, 0x00, 0x00, 0x00,
    0x00, 0x00, 0x00, 0x00, 0x00, 0x00, 0x00, 0x00, 0x00, 0x00, 0x00, 0x00, 0x00, 0x00, 0x00, 0x00, 0x00, 0x00, 0x00,
    0x00, 0x00, 0x00, 0x00, 0x00, 0x00, 0x00, 0x00, 0x00, 0x00, 0x00, 0x00, 0x00, 0x20, 0x00, 0x20, 0x00, 0x20, 0x00,
    0x21, 0x00, 0x41, 0x00, 0x41, 0x00, 0x41, 0x00, 0x62, 0x08, 0x62, 0x08, 0x82, 0x08, 0xa3, 0x08, 0xa3, 0x08, 0xc3,
    0x10, 0xe4, 0x10, 0x05, 0x11, 0x05, 0x11, 0x26, 0x19, 0x66, 0x19, 0x26, 0x11, 0x98, 0x9d, 0xdf, 0xe7, 0x7f, 0xdf,
    0x3f, 0xbf, 0xff, 0xa6, 0xff, 0xae, 0xff, 0xae, 0xff, 0xae, 0xff, 0xae, 0xdf, 0xa6, 0xdf, 0xa6, 0xdf, 0xa6, 0xdf,
    0xa6, 0xdf, 0xa6, 0xdf, 0xa6, 0xbf, 0xa6, 0xbf, 0xa6, 0xbf, 0x9e, 0xff, 0xae, 0x3f, 0xc7, 0xff, 0xb6, 0xdf, 0xae,
    0xdf, 0xae, 0xdf, 0xae, 0xdf, 0xae, 0xdf, 0xae, 0xdf, 0xae, 0xbf, 0xae, 0xbf, 0xae, 0xbf, 0xae, 0xbe, 0xa6, 0xbe,
    0xa6, 0xbe, 0xa6, 0xbe, 0xa6, 0x9e, 0xa6, 0x9e, 0xa6, 0x9e, 0xa6, 0x9e, 0xa6, 0x9e, 0xa6, 0x7e, 0xa6, 0x7e, 0x9e,
    0x7e, 0x9e, 0x7e, 0x9e, 0x7e, 0x9e, 0x7e, 0x9e, 0x7e, 0x9e, 0x5e, 0x9e, 0x5e, 0x9e, 0x5e, 0x9e, 0x5e, 0x9e, 0x5e,
    0x9e, 0x5e, 0x96, 0x5e, 0x96, 0x3d, 0x96, 0x3d, 0x96, 0x3d, 0x96, 0x3d, 0x96, 0x3d, 0x96, 0x3d, 0x96, 0x3d, 0x96,
    0x1d, 0x96, 0x1d, 0x96, 0x1d, 0x8e, 0x1d, 0x8e, 0x1d, 0x8e, 0x1d, 0x8e, 0xfd, 0x8d, 0xfd, 0x8d, 0xfd, 0x8d, 0xfd,
    0x8d, 0xfd, 0x8d, 0xfd, 0x8d, 0xfd, 0x85, 0xdd, 0x85, 0xdd, 0x85, 0xdd, 0x85, 0xdd, 0x85, 0xdd, 0x85, 0xdd, 0x85,
    0xdc, 0x85, 0xdc, 0x85, 0xbc, 0x85, 0xbc, 0x7d, 0xbc, 0x7d, 0xbc, 0x7d, 0xbc, 0x7d, 0xbc, 0x7d, 0x9c, 0x7d, 0x9c,
    0x7d, 0x9c, 0x7d, 0x9c, 0x7d, 0x9c, 0x7d, 0x7c, 0x7d, 0x7c, 0x7d, 0x7c, 0x75, 0x7c, 0x75, 0x7c, 0x75, 0x7c, 0x75,
    0x7c, 0x75, 0x5c, 0x75, 0x5c, 0x75, 0x5c, 0x75, 0x5c, 0x75, 0x5c, 0x75, 0x5b, 0x75, 0x5b, 0x6d, 0x3b, 0x6d, 0x5c,
    0x75, 0xfc, 0x95, 0x7c, 0x7d, 0x7a, 0x44, 0x9a, 0x4c, 0x9a, 0x4c, 0x7a, 0x44, 0x7a, 0x44, 0x7a, 0x44, 0x7a, 0x44,
    0x7a, 0x44, 0x5a, 0x44, 0x5a, 0x44, 0x5a, 0x44, 0x5a, 0x3c, 0x5a, 0x3c, 0x3a, 0x3c, 0x7a, 0x4c, 0x3d, 0xa6, 0x7d,
    0xae, 0xba, 0x95, 0xa8, 0x21, 0x46, 0x19, 0x46, 0x19, 0x25, 0x11, 0x05, 0x11, 0xe4, 0x10, 0xc4, 0x10, 0xa3, 0x08,
    0xa3, 0x08, 0x82, 0x08, 0x62, 0x08, 0x62, 0x08, 0x41, 0x00, 0x41, 0x00, 0x41, 0x00, 0x21, 0x00, 0x20, 0x00, 0x20,
    0x00, 0x20, 0x00, 0x00, 0x00, 0x00, 0x00, 0x00, 0x00, 0x00, 0x00, 0x00, 0x00, 0x00, 0x00, 0x00, 0x00, 0x00, 0x00,
    0x00, 0x00, 0x00, 0x00, 0x00, 0x00, 0x00, 0x00, 0x00, 0x00, 0x00, 0x00, 0x00, 0x00, 0x00, 0x00, 0x00, 0x00, 0x00,
    0x00, 0x00, 0x00, 0x00, 0x00, 0x00, 0x00, 0x00, 0x00, 0x00, 0x00, 0x00, 0x00, 0x00, 0x00, 0x00, 0x00, 0x00, 0x00,
    0x00, 0x00, 0x00, 0x00, 0x00, 0x00, 0x00, 0x00, 0x00, 0x00, 0x00, 0x00, 0x00, 0x00, 0x20, 0x00, 0x20, 0x00, 0x20,
    0x00, 0x21, 0x00, 0x41, 0x00, 0x41, 0x00, 0x41, 0x00, 0x62, 0x08, 0x62, 0x08, 0x82, 0x08, 0xa3, 0x08, 0xa3, 0x08,
    0xc4, 0x10, 0xe4, 0x10, 0x05, 0x11, 0x05, 0x11, 0x46, 0x19, 0x67, 0x19, 0x26, 0x11, 0x1a, 0xae, 0xdf, 0xe7, 0x7f,
    0xdf, 0x1f, 0xb7, 0xff, 0xae, 0xff, 0xae, 0xff, 0xae, 0xff, 0xae, 0xdf, 0xa6, 0xdf, 0xa6, 0xdf, 0xa6, 0xdf, 0xa6,
    0xdf, 0xa6, 0xdf, 0xa6, 0xbf, 0xa6, 0xbf, 0xa6, 0xbf, 0xa6, 0xbf, 0x9e, 0xff, 0xb6, 0x3f, 0xc7, 0xff, 0xb6, 0xdf,
    0xae, 0xdf, 0xae, 0xdf, 0xae, 0xdf, 0xae, 0xdf, 0xae, 0xbf, 0xae, 0xbf, 0xae, 0xbf, 0xae, 0xbe, 0xa6, 0xbe, 0xa6,
    0xbe, 0xa6, 0xbe, 0xa6, 0x9e, 0xa6, 0x9e, 0xa6, 0x9e, 0xa6, 0x9e, 0xa6, 0x9e, 0xa6, 0x7e, 0xa6, 0x7e, 0x9e, 0x7e,
    0x9e, 0x7e, 0x9e, 0x7e, 0x9e, 0x7e, 0x9e, 0x7e, 0x9e, 0x5e, 0x9e, 0x5e, 0x9e, 0x5e, 0x9e, 0x5e, 0x9e, 0x5e, 0x9e,
    0x5e, 0x96, 0x5e, 0x96, 0x3d, 0x96, 0x3d, 0x96, 0x3d, 0x96, 0x3d, 0x96, 0x3d, 0x96, 0x3d, 0x96, 0x3d, 0x96, 0x1d,
    0x96, 0x1d, 0x96, 0x1d, 0x8e, 0x1d, 0x8e, 0x1d, 0x8e, 0x1d, 0x8e, 0xfd, 0x8d, 0xfd, 0x8d, 0xfd, 0x8d, 0xfd, 0x8d,
    0xfd, 0x8d, 0xfd, 0x8d, 0xfd, 0x85, 0xdd, 0x85, 0xdd, 0x85, 0xdd, 0x85, 0xdd, 0x85, 0xdd, 0x85, 0xdd, 0x85, 0xdc,
    0x85, 0xdc, 0x85, 0xbc, 0x85, 0xbc, 0x7d, 0xbc, 0x7d, 0xbc, 0x7d, 0xbc, 0x7d, 0xbc, 0x7d, 0x9c, 0x7d, 0x9c, 0x7d,
    0x9c, 0x7d, 0x9c, 0x7d, 0x9c, 0x7d, 0x7c, 0x7d, 0x7c, 0x7d, 0x7c, 0x75, 0x7c, 0x75, 0x7c, 0x75, 0x7c, 0x75, 0x7c,
    0x75, 0x5c, 0x75, 0x5c, 0x75, 0x5c, 0x75, 0x5c, 0x75, 0x5c, 0x75, 0x5b, 0x75, 0x5b, 0x6d, 0x5b, 0x6d, 0x3b, 0x6d,
    0x5b, 0x75, 0xdc, 0x8d, 0xbc, 0x85, 0x9a, 0x4c, 0x7a, 0x44, 0x7a, 0x4c, 0x7a, 0x44, 0x7a, 0x44, 0x7a, 0x44, 0x7a,
    0x44, 0x5a, 0x44, 0x5a, 0x44, 0x5a, 0x44, 0x5a, 0x3c, 0x5a, 0x3c, 0x5a, 0x3c, 0x3a, 0x3c, 0x5a, 0x44, 0x1d, 0x9e,
    0x7d, 0xae, 0x1c, 0x9e, 0xc9, 0x29, 0x46, 0x19, 0x46, 0x19, 0x25, 0x11, 0x05, 0x11, 0xe4, 0x10, 0xc4, 0x10, 0xa3,
    0x08, 0xa3, 0x08, 0x82, 0x08, 0x62, 0x08, 0x62, 0x08, 0x61, 0x00, 0x41, 0x00, 0x41, 0x00, 0x21, 0x00, 0x20, 0x00,
    0x20, 0x00, 0x20, 0x00, 0x00, 0x00, 0x00, 0x00, 0x00, 0x00, 0x00, 0x00, 0x00, 0x00, 0x00, 0x00, 0x00, 0x00, 0x00,
    0x00, 0x00, 0x00, 0x00, 0x00, 0x00, 0x00, 0x00, 0x00, 0x00, 0x00, 0x00, 0x00, 0x00, 0x00, 0x00, 0x00, 0x00, 0x00,
    0x00, 0x00, 0x00, 0x00, 0x00, 0x00, 0x00, 0x00, 0x00, 0x00, 0x00, 0x00, 0x00, 0x00, 0x00, 0x00, 0x00, 0x00, 0x00,
    0x00, 0x00, 0x00, 0x00, 0x00, 0x00, 0x00, 0x00, 0x00, 0x00, 0x00, 0x00, 0x00, 0x00, 0x00, 0x20, 0x00, 0x20, 0x00,
    0x20, 0x00, 0x21, 0x00, 0x41, 0x00, 0x41, 0x00, 0x41, 0x00, 0x62, 0x08, 0x62, 0x08, 0x82, 0x08, 0xa3, 0x08, 0xa3,
    0x08, 0xc4, 0x10, 0xe4, 0x10, 0x05, 0x11, 0x25, 0x11, 0x46, 0x19, 0x67, 0x19, 0x26, 0x11, 0xf9, 0xa5, 0xdf, 0xe7,
    0x7f, 0xdf, 0x1f, 0xb7, 0xff, 0xa6, 0xff, 0xae, 0xff, 0xae, 0xdf, 0xa6, 0xdf, 0xa6, 0xdf, 0xa6, 0xdf, 0xa6, 0xdf,
    0xa6, 0xdf, 0xa6, 0xbf, 0xa6, 0xbf, 0xa6, 0xbf, 0xa6, 0xbf, 0x9e, 0x9f, 0x9e, 0xff, 0xb6, 0x3f, 0xc7, 0xff, 0xb6,
    0xdf, 0xae, 0xdf, 0xae, 0xdf, 0xae, 0xdf, 0xae, 0xbf, 0xae, 0xbf, 0xae, 0xbf, 0xae, 0xbe, 0xa6, 0xbe, 0xa6, 0xbe,
    0xa6, 0xbe, 0xa6, 0x9e, 0xa6, 0x9e, 0xa6, 0x9e, 0xa6, 0x9e, 0xa6, 0x9e, 0xa6, 0x7e, 0xa6, 0x7e, 0x9e, 0x7e, 0x9e,
    0x7e, 0x9e, 0x7e, 0x9e, 0x7e, 0x9e, 0x7e, 0x9e, 0x5e, 0x9e, 0x5e, 0x9e, 0x5e, 0x9e, 0x5e, 0x9e, 0x5e, 0x9e, 0x5e,
    0x96, 0x5e, 0x96, 0x3d, 0x96, 0x3d, 0x96, 0x3d, 0x96, 0x3d, 0x96, 0x3d, 0x96, 0x3d, 0x96, 0x3d, 0x96, 0x1d, 0x96,
    0x1d, 0x96, 0x1d, 0x8e, 0x1d, 0x8e, 0x1d, 0x8e, 0x1d, 0x8e, 0xfd, 0x8d, 0xfd, 0x8d, 0xfd, 0x8d, 0xfd, 0x8d, 0xfd,
    0x8d, 0xfd, 0x8d, 0xfd, 0x85, 0xdd, 0x85, 0xdd, 0x85, 0xdd, 0x85, 0xdd, 0x85, 0xdd, 0x85, 0xdd, 0x85, 0xdc, 0x85,
    0xdc, 0x85, 0xbc, 0x85, 0xbc, 0x7d, 0xbc, 0x7d, 0xbc, 0x7d, 0xbc, 0x7d, 0xbc, 0x7d, 0x9c, 0x7d, 0x9c, 0x7d, 0x9c,
    0x7d, 0x9c, 0x7d, 0x9c, 0x7d, 0x7c, 0x7d, 0x7c, 0x7d, 0x7c, 0x75, 0x7c, 0x75, 0x7c, 0x75, 0x7c, 0x75, 0x7c, 0x75,
    0x5c, 0x75, 0x5c, 0x75, 0x5c, 0x75, 0x5c, 0x75, 0x5c, 0x75, 0x5b, 0x75, 0x5b, 0x6d, 0x3b, 0x6d, 0x3b, 0x6d, 0x3b,
    0x6d, 0x3b, 0x6d, 0xdc, 0x8d, 0xbc, 0x85, 0x9a, 0x4c, 0x7a, 0x44, 0x7a, 0x44, 0x7a, 0x44, 0x7a, 0x44, 0x7a, 0x44,
    0x5a, 0x44, 0x5a, 0x44, 0x5a, 0x44, 0x5a, 0x3c, 0x5a, 0x3c, 0x5a, 0x3c, 0x3a, 0x3c, 0x3a, 0x3c, 0x5a, 0x44, 0x3c,
    0x9e, 0x7d, 0xae, 0xfb, 0x9d, 0xc8, 0x21, 0x46, 0x19, 0x46, 0x19, 0x25, 0x11, 0x05, 0x11, 0xe4, 0x10, 0xc4, 0x10,
    0xc3, 0x08, 0xa3, 0x08, 0x82, 0x08, 0x82, 0x08, 0x62, 0x08, 0x61, 0x00, 0x41, 0x00, 0x41, 0x00, 0x21, 0x00, 0x20,
    0x00, 0x20, 0x00, 0x20, 0x00, 0x00, 0x00, 0x00, 0x00, 0x00, 0x00, 0x00, 0x00, 0x00, 0x00, 0x00, 0x00, 0x00, 0x00,
    0x00, 0x00, 0x00, 0x00, 0x00, 0x00, 0x00, 0x00, 0x00, 0x00, 0x00, 0x00, 0x00, 0x00, 0x00, 0x00, 0x00, 0x00, 0x00,
    0x00, 0x00, 0x00, 0x00, 0x00, 0x00, 0x00, 0x00, 0x00, 0x00, 0x00, 0x00, 0x00, 0x00, 0x00, 0x00, 0x00, 0x00, 0x00,
    0x00, 0x00, 0x00, 0x00, 0x00, 0x00, 0x00, 0x00, 0x00, 0x00, 0x00, 0x00, 0x00, 0x00, 0x00, 0x00, 0x20, 0x00, 0x20,
    0x00, 0x20, 0x00, 0x21, 0x00, 0x41, 0x00, 0x41, 0x00, 0x41, 0x00, 0x62, 0x08, 0x62, 0x08, 0x82, 0x08, 0xa3, 0x08,
    0xa3, 0x08, 0xc4, 0x10, 0xe4, 0x10, 0x05, 0x11, 0x25, 0x11, 0x46, 0x19, 0x46, 0x19, 0xa8, 0x21, 0xdd, 0xc6, 0xbf,
    0xdf, 0x7f, 0xd7, 0x1f, 0xaf, 0xff, 0xae, 0xff, 0xae, 0xdf, 0xa6, 0xdf, 0xa6, 0xdf, 0xa6, 0xdf, 0xa6, 0xdf, 0xa6,
    0xdf, 0xa6, 0xbf, 0xa6, 0xbf, 0xa6, 0xbf, 0xa6, 0xbf, 0x9e, 0xbf, 0x9e, 0x9f, 0x9e, 0xff, 0xb6, 0x1f, 0xc7, 0xdf,
    0xae, 0xdf, 0xae, 0xdf, 0xae, 0xdf, 0xae, 0xbf, 0xae, 0xbf, 0xae, 0xbf, 0xae, 0xbe, 0xa6, 0xbe, 0xa6, 0xbe, 0xa6,
    0xbe, 0xa6, 0x9e, 0xa6, 0x9e, 0xa6, 0x9e, 0xa6, 0x9e, 0xa6, 0x9e, 0xa6, 0x7e, 0xa6, 0x7e, 0x9e, 0x7e, 0x9e, 0x7e,
    0x9e, 0x7e, 0x9e, 0x7e, 0x9e, 0x7e, 0x9e, 0x5e, 0x9e, 0x5e, 0x9e, 0x5e, 0x9e, 0x5e, 0x9e, 0x5e, 0x9e, 0x5e, 0x96,
    0x5e, 0x96, 0x3d, 0x96, 0x3d, 0x96, 0x3d, 0x96, 0x3d, 0x96, 0x3d, 0x96, 0x3d, 0x96, 0x3d, 0x96, 0x1d, 0x96, 0x1d,
    0x96, 0x1d, 0x8e, 0x1d, 0x8e, 0x1d, 0x8e, 0x1d, 0x8e, 0xfd, 0x8d, 0xfd, 0x8d, 0xfd, 0x8d, 0xfd, 0x8d, 0xfd, 0x8d,
    0xfd, 0x8d, 0xfd, 0x85, 0xdd, 0x85, 0xdd, 0x85, 0xdd, 0x85, 0xdd, 0x85, 0xdd, 0x85, 0xdd, 0x85, 0xdc, 0x85, 0xdc,
    0x85, 0xbc, 0x85, 0xbc, 0x7d, 0xbc, 0x7d, 0xbc, 0x7d, 0xbc, 0x7d, 0xbc, 0x7d, 0x9c, 0x7d, 0x9c, 0x7d, 0x9c, 0x7d,
    0x9c, 0x7d, 0x9c, 0x7d, 0x7c, 0x7d, 0x7c, 0x7d, 0x7c, 0x75, 0x7c, 0x75, 0x7c, 0x75, 0x7c, 0x75, 0x7c, 0x75, 0x5c,
    0x75, 0x5c, 0x75, 0x5c, 0x75, 0x5c, 0x75, 0x5c, 0x75, 0x5b, 0x75, 0x5b, 0x6d, 0x3b, 0x6d, 0x3b, 0x6d, 0x3b, 0x6d,
    0x3b, 0x6d, 0x3b, 0x6d, 0xbc, 0x85, 0xbc, 0x85, 0xba, 0x4c, 0x7a, 0x44, 0x7a, 0x44, 0x7a, 0x44, 0x7a, 0x44, 0x5a,
    0x44, 0x5a, 0x44, 0x5a, 0x44, 0x5a, 0x3c, 0x5a, 0x3c, 0x5a, 0x3c, 0x3a, 0x3c, 0x3a, 0x3c, 0x3a, 0x3c, 0x39, 0x3c,
    0xdc, 0x8d, 0x5d, 0xae, 0x5d, 0xa6, 0x8c, 0x3a, 0x26, 0x11, 0x46, 0x19, 0x25, 0x11, 0x05, 0x11, 0xe4, 0x10, 0xc4,
    0x10, 0xc3, 0x08, 0xa3, 0x08, 0x82, 0x08, 0x82, 0x08, 0x62, 0x08, 0x61, 0x00, 0x41, 0x00, 0x41, 0x00, 0x21, 0x00,
    0x21, 0x00, 0x20, 0x00, 0x20, 0x00, 0x00, 0x00, 0x00, 0x00, 0x00, 0x00, 0x00, 0x00, 0x00, 0x00, 0x00, 0x00, 0x00,
    0x00, 0x00, 0x00, 0x00, 0x00, 0x00, 0x00, 0x00, 0x00, 0x00, 0x00, 0x00, 0x00, 0x00, 0x00, 0x00, 0x00, 0x00, 0x00,
    0x00, 0x00, 0x00, 0x00, 0x00, 0x00, 0x00, 0x00, 0x00, 0x00, 0x00, 0x00, 0x00, 0x00, 0x00, 0x00, 0x00, 0x00, 0x00,
    0x00, 0x00, 0x00, 0x00, 0x00, 0x00, 0x00, 0x00, 0x00, 0x00, 0x00, 0x00, 0x00, 0x00, 0x00, 0x00, 0x00, 0x20, 0x00,
    0x20, 0x00, 0x20, 0x00, 0x21, 0x00, 0x41, 0x00, 0x41, 0x00, 0x41, 0x00, 0x62, 0x08, 0x62, 0x08, 0x82, 0x08, 0xa3,
    0x08, 0xa3, 0x08, 0xc4, 0x10, 0xe4, 0x10, 0x05, 0x11, 0x25, 0x11, 0x46, 0x19, 0x46, 0x19, 0xe9, 0x29, 0x3e, 0xcf,
    0x9f, 0xdf, 0x7f, 0xd7, 0xff, 0xae, 0xff, 0xa6, 0xdf, 0xa6, 0xdf, 0xa6, 0xdf, 0xa6, 0xdf, 0xa6, 0xdf, 0xa6, 0xdf,
    0xa6, 0xbf, 0xa6, 0xbf, 0xa6, 0xbf, 0xa6, 0xbf, 0x9e, 0xbf, 0x9e, 0x9f, 0x9e, 0xbf, 0x9e, 0x1f, 0xbf, 0x1f, 0xbf,
    0xdf, 0xae, 0xdf, 0xae, 0xdf, 0xae, 0xbf, 0xae, 0xbf, 0xae, 0xbf, 0xae, 0xbe, 0xa6, 0xbe, 0xa6, 0xbe, 0xa6, 0xbe,
    0xa6, 0x9e, 0xa6, 0x9e, 0xa6, 0x9e, 0xa6, 0x9e, 0xa6, 0x9e, 0xa6, 0x7e, 0xa6, 0x7e, 0x9e, 0x7e, 0x9e, 0x7e, 0x9e,
    0x7e, 0x9e, 0x7e, 0x9e, 0x7e, 0x9e, 0x5e, 0x9e, 0x5e, 0x9e, 0x5e, 0x9e, 0x5e, 0x9e, 0x5e, 0x9e, 0x5e, 0x96, 0x5e,
    0x96, 0x3d, 0x96, 0x3d, 0x96, 0x3d, 0x96, 0x3d, 0x96, 0x3d, 0x96, 0x3d, 0x96, 0x3d, 0x96, 0x1d, 0x96, 0x1d, 0x96,
    0x1d, 0x8e, 0x1d, 0x8e, 0x1d, 0x8e, 0x1d, 0x8e, 0xfd, 0x8d, 0xfd, 0x8d, 0xfd, 0x8d, 0xfd, 0x8d, 0xfd, 0x8d, 0xfd,
    0x8d, 0xfd, 0x85, 0xdd, 0x85, 0xdd, 0x85, 0xdd, 0x85, 0xdd, 0x85, 0xdd, 0x85, 0xdd, 0x85, 0xdc, 0x85, 0xdc, 0x85,
    0xbc, 0x85, 0xbc, 0x7d, 0xbc, 0x7d, 0xbc, 0x7d, 0xbc, 0x7d, 0xbc, 0x7d, 0x9c, 0x7d, 0x9c, 0x7d, 0x9c, 0x7d, 0x9c,
    0x7d, 0x9c, 0x7d, 0x7c, 0x7d, 0x7c, 0x7d, 0x7c, 0x75, 0x7c, 0x75, 0x7c, 0x75, 0x7c, 0x75, 0x7c, 0x75, 0x5c, 0x75,
    0x5c, 0x75, 0x5c, 0x75, 0x5c, 0x75, 0x5c, 0x75, 0x5b, 0x75, 0x5b, 0x6d, 0x3b, 0x6d, 0x3b, 0x6d, 0x3b, 0x6d, 0x3b,
    0x6d, 0x3b, 0x6d, 0x3b, 0x6d, 0x9c, 0x85, 0xdc, 0x8d, 0xdb, 0x54, 0x5a, 0x44, 0x7a, 0x44, 0x7a, 0x44, 0x5a, 0x44,
    0x5a, 0x44, 0x5a, 0x44, 0x5a, 0x3c, 0x5a, 0x3c, 0x5a, 0x3c, 0x3a, 0x3c, 0x3a, 0x3c, 0x3a, 0x3c, 0x39, 0x3c, 0x19,
    0x34, 0xbc, 0x8d, 0x5d, 0xae, 0x7e, 0xae, 0xcd, 0x42, 0x25, 0x11, 0x46, 0x19, 0x25, 0x11, 0x05, 0x11, 0xe4, 0x10,
    0xc4, 0x10, 0xc3, 0x08, 0xa3, 0x08, 0x82, 0x08, 0x82, 0x08, 0x62, 0x08, 0x61, 0x00, 0x41, 0x00, 0x41, 0x00, 0x21,
    0x00, 0x21, 0x00, 0x20, 0x00, 0x20, 0x00, 0x00, 0x00, 0x00, 0x00, 0x00, 0x00, 0x00, 0x00, 0x00, 0x00, 0x00, 0x00,
    0x00, 0x00, 0x00, 0x00, 0x00, 0x00, 0x00, 0x00, 0x00, 0x00, 0x00, 0x00, 0x00, 0x00, 0x00, 0x00, 0x00, 0x00, 0x00,
    0x00, 0x00, 0x00, 0x00, 0x00, 0x00, 0x00, 0x00, 0x00, 0x00, 0x00, 0x00, 0x00, 0x00, 0x00, 0x00, 0x00, 0x00, 0x00,
    0x00, 0x00, 0x00, 0x00, 0x00, 0x00, 0x00, 0x00, 0x00, 0x00, 0x00, 0x00, 0x00, 0x00, 0x00, 0x00, 0x00, 0x00, 0x20,
    0x00, 0x20, 0x00, 0x20, 0x00, 0x21, 0x00, 0x41, 0x00, 0x41, 0x00, 0x41, 0x00, 0x62, 0x08, 0x62, 0x08, 0x82, 0x08,
    0xa3, 0x08, 0xa3, 0x08, 0xc4, 0x10, 0xe4, 0x10, 0x05, 0x11, 0x25, 0x11, 0x46, 0x19, 0x46, 0x19, 0xe9, 0x29, 0x3e,
    0xcf, 0xbf, 0xdf, 0x7f, 0xd7, 0xff, 0xae, 0xdf, 0xa6, 0xdf, 0xa6, 0xdf, 0xa6, 0xdf, 0xa6, 0xdf, 0xa6, 0xdf, 0xa6,
    0xbf, 0xa6, 0xbf, 0xa6, 0xbf, 0xa6, 0xbf, 0x9e, 0xbf, 0x9e, 0x9f, 0x9e, 0x9f, 0x9e, 0x9f, 0x9e, 0x1f, 0xbf, 0x1f,
    0xbf, 0xdf, 0xae, 0xdf, 0xae, 0xbf, 0xae, 0xbf, 0xae, 0xbf, 0xae, 0xbe, 0xa6, 0xbe, 0xa6, 0xbe, 0xa6, 0xbe, 0xa6,
    0x9e, 0xa6, 0x9e, 0xa6, 0x9e, 0xa6, 0x9e, 0xa6, 0x9e, 0xa6, 0x7e, 0xa6, 0x7e, 0x9e, 0x7e, 0x9e, 0x7e, 0x9e, 0x7e,
    0x9e, 0x7e, 0x9e, 0x7e, 0x9e, 0x5e, 0x9e, 0x5e, 0x9e, 0x5e, 0x9e, 0x5e, 0x9e, 0x5e, 0x9e, 0x5e, 0x96, 0x5e, 0x96,
    0x3d, 0x96, 0x3d, 0x96, 0x3d, 0x96, 0x3d, 0x96, 0x3d, 0x96, 0x3d, 0x96, 0x3d, 0x96, 0x1d, 0x96, 0x1d, 0x96, 0x1d,
    0x8e, 0x1d, 0x8e, 0x1d, 0x8e, 0x1d, 0x8e, 0xfd, 0x8d, 0xfd, 0x8d, 0xfd, 0x8d, 0xfd, 0x8d, 0xfd, 0x8d, 0xfd, 0x8d,
    0xfd, 0x85, 0xdd, 0x85, 0xdd, 0x85, 0xdd, 0x85, 0xdd, 0x85, 0xdd, 0x85, 0xdd, 0x85, 0xdc, 0x85, 0xdc, 0x85, 0xbc,
    0x85, 0xbc, 0x7d, 0xbc, 0x7d, 0xbc, 0x7d, 0xbc, 0x7d, 0xbc, 0x7d, 0x9c, 0x7d, 0x9c, 0x7d, 0x9c, 0x7d, 0x9c, 0x7d,
    0x9c, 0x7d, 0x7c, 0x7d, 0x7c, 0x7d, 0x7c, 0x75, 0x7c, 0x75, 0x7c, 0x75, 0x7c, 0x75, 0x7c, 0x75, 0x5c, 0x75, 0x5c,
    0x75, 0x5c, 0x75, 0x5c, 0x75, 0x5c, 0x75, 0x5b, 0x75, 0x5b, 0x6d, 0x3b, 0x6d, 0x3b, 0x6d, 0x3b, 0x6d, 0x3b, 0x6d,
    0x3b, 0x6d, 0x3b, 0x6d, 0x1b, 0x6d, 0x9c, 0x7d, 0xdc, 0x8d, 0xbb, 0x54, 0x5a, 0x44, 0x7a, 0x44, 0x5a, 0x44, 0x5a,
    0x44, 0x5a, 0x44, 0x5a, 0x3c, 0x5a, 0x3c, 0x5a, 0x3c, 0x3a, 0x3c, 0x3a, 0x3c, 0x3a, 0x3c, 0x39, 0x3c, 0x39, 0x3c,
    0x19, 0x34, 0xbc, 0x8d, 0x5d, 0xae, 0x7d, 0xae, 0xad, 0x42, 0x25, 0x11, 0x46, 0x19, 0x25, 0x11, 0x05, 0x11, 0xe4,
    0x10, 0xc4, 0x10, 0xc3, 0x08, 0xa3, 0x08, 0x82, 0x08, 0x82, 0x08, 0x62, 0x08, 0x61, 0x00, 0x41, 0x00, 0x41, 0x00,
    0x21, 0x00, 0x21, 0x00, 0x20, 0x00, 0x20, 0x00, 0x00, 0x00, 0x00, 0x00, 0x00, 0x00, 0x00, 0x00, 0x00, 0x00, 0x00,
    0x00, 0x00, 0x00, 0x00, 0x00, 0x00, 0x00, 0x00, 0x00, 0x00, 0x00, 0x00, 0x00, 0x00, 0x00, 0x00, 0x00, 0x00, 0x00,
    0x00, 0x00, 0x00, 0x00, 0x00, 0x00, 0x00, 0x00, 0x00, 0x00, 0x00, 0x00, 0x00, 0x00, 0x00, 0x00, 0x00, 0x00, 0x00,
    0x00, 0x00, 0x00, 0x00, 0x00, 0x00, 0x00, 0x00, 0x00, 0x00, 0x00, 0x00, 0x00, 0x00, 0x00, 0x00, 0x00, 0x00, 0x00,
    0x20, 0x00, 0x20, 0x00, 0x20, 0x00, 0x21, 0x00, 0x41, 0x00, 0x41, 0x00, 0x41, 0x00, 0x62, 0x08, 0x62, 0x08, 0x82,
    0x08, 0xa3, 0x08, 0xa3, 0x08, 0xc4, 0x10, 0xe4, 0x10, 0x05, 0x11, 0x25, 0x11, 0x46, 0x19, 0x46, 0x19, 0xe9, 0x29,
    0x3e, 0xcf, 0xbf, 0xdf, 0x7f, 0xd7, 0xff, 0xae, 0xdf, 0xa6, 0xdf, 0xa6, 0xdf, 0xa6, 0xdf, 0xa6, 0xdf, 0xa6, 0xbf,
    0xa6, 0xbf, 0xa6, 0xbf, 0xa6, 0xbf, 0x9e, 0xbf, 0x9e, 0xbf, 0x9e, 0x9f, 0x9e, 0x9f, 0x9e, 0x9f, 0x9e, 0x1f, 0xbf,
    0x1f, 0xbf, 0xdf, 0xae, 0xbf, 0xae, 0xbf, 0xae, 0xbf, 0xae, 0xbe, 0xa6, 0xbe, 0xa6, 0xbe, 0xa6, 0xbe, 0xa6, 0x9e,
    0xa6, 0x9e, 0xa6, 0x9e, 0xa6, 0x9e, 0xa6, 0x9e, 0xa6, 0x7e, 0xa6, 0x7e, 0x9e, 0x7e, 0x9e, 0x7e, 0x9e, 0x7e, 0x9e,
    0x7e, 0x9e, 0x7e, 0x9e, 0x5e, 0x9e, 0x5e, 0x9e, 0x5e, 0x9e, 0x5e, 0x9e, 0x5e, 0x9e, 0x5e, 0x96, 0x5e, 0x96, 0x3d,
    0x96, 0x3d, 0x96, 0x3d, 0x96, 0x3d, 0x96, 0x3d, 0x96, 0x3d, 0x96, 0x3d, 0x96, 0x1d, 0x96, 0x1d, 0x96, 0x1d, 0x8e,
    0x1d, 0x8e, 0x1d, 0x8e, 0x1d, 0x8e, 0xfd, 0x8d, 0xfd, 0x8d, 0xfd, 0x8d, 0xfd, 0x8d, 0xfd, 0x8d, 0xfd, 0x8d, 0xfd,
    0x85, 0xdd, 0x85, 0xdd, 0x85, 0xdd, 0x85, 0xdd, 0x85, 0xdd, 0x85, 0xdd, 0x85, 0xdc, 0x85, 0xdc, 0x85, 0xbc, 0x85,
    0xbc, 0x7d, 0xbc, 0x7d, 0xbc, 0x7d, 0xbc, 0x7d, 0xbc, 0x7d, 0x9c, 0x7d, 0x9c, 0x7d, 0x9c, 0x7d, 0x9c, 0x7d, 0x9c,
    0x7d, 0x7c, 0x7d, 0x7c, 0x7d, 0x7c, 0x75, 0x7c, 0x75, 0x7c, 0x75, 0x7c, 0x75, 0x7c, 0x75, 0x5c, 0x75, 0x5c, 0x75,
    0x5c, 0x75, 0x5c, 0x75, 0x5c, 0x75, 0x5b, 0x75, 0x5b, 0x6d, 0x3b, 0x6d, 0x3b, 0x6d, 0x3b, 0x6d, 0x3b, 0x6d, 0x3b,
    0x6d, 0x3b, 0x6d, 0x3b, 0x6d, 0x1b, 0x65, 0x9c, 0x7d, 0xdc, 0x8d, 0xbb, 0x54, 0x5a, 0x44, 0x7a, 0x44, 0x5a, 0x44,
    0x5a, 0x44, 0x5a, 0x3c, 0x5a, 0x3c, 0x5a, 0x3c, 0x3a, 0x3c, 0x3a, 0x3c, 0x3a, 0x3c, 0x39, 0x3c, 0x39, 0x3c, 0x39,
    0x3c, 0xf9, 0x33, 0xbc, 0x8d, 0x5d, 0xae, 0x7d, 0xae, 0xad, 0x42, 0x26, 0x11, 0x46, 0x19, 0x25, 0x11, 0x05, 0x11,
    0xe4, 0x10, 0xc4, 0x10, 0xc3, 0x08, 0xa3, 0x08, 0x82, 0x08, 0x82, 0x08, 0x62, 0x08, 0x61, 0x00, 0x41, 0x00, 0x41,
    0x00, 0x21, 0x00, 0x21, 0x00, 0x20, 0x00, 0x20, 0x00, 0x00, 0x00, 0x00, 0x00, 0x00, 0x00, 0x00, 0x00, 0x00, 0x00,
    0x00, 0x00, 0x00, 0x00, 0x00, 0x00, 0x00, 0x00, 0x00, 0x00, 0x00, 0x00, 0x00, 0x00, 0x00, 0x00, 0x00, 0x00, 0x00,
    0x00, 0x00, 0x00, 0x00, 0x00, 0x00, 0x00, 0x00, 0x00, 0x00, 0x00, 0x00, 0x00, 0x00, 0x00, 0x00, 0x00, 0x00, 0x00,
    0x00, 0x00, 0x00, 0x00, 0x00, 0x00, 0x00, 0x00, 0x00, 0x00, 0x00, 0x00, 0x00, 0x00, 0x00, 0x00, 0x00, 0x00, 0x00,
    0x00, 0x20, 0x00, 0x20, 0x00, 0x20, 0x00, 0x21, 0x00, 0x41, 0x00, 0x41, 0x00, 0x41, 0x00, 0x62, 0x08, 0x62, 0x08,
    0x82, 0x08, 0xa3, 0x08, 0xa3, 0x08, 0xc4, 0x10, 0xe4, 0x10, 0x05, 0x11, 0x25, 0x11, 0x46, 0x19, 0x46, 0x19, 0xe9,
    0x29, 0x3e, 0xcf, 0x9f, 0xdf, 0x7f, 0xd7, 0xff, 0xae, 0xdf, 0xa6, 0xdf, 0xa6, 0xdf, 0xa6, 0xdf, 0xa6, 0xbf, 0xa6,
    0xbf, 0xa6, 0xbf, 0xa6, 0xbf, 0x9e, 0xbf, 0x9e, 0xbf, 0x9e, 0x9f, 0x9e, 0x9f, 0x9e, 0x9f, 0x9e, 0x9f, 0x9e, 0x1f,
    0xbf, 0x1f, 0xbf, 0xdf, 0xae, 0xbf, 0xae, 0xbf, 0xae, 0xbe, 0xa6, 0xbe, 0xa6, 0xbe, 0xa6, 0xbe, 0xa6, 0x9e, 0xa6,
    0x9e, 0xa6, 0x9e, 0xa6, 0x9e, 0xa6, 0x9e, 0xa6, 0x7e, 0xa6, 0x7e, 0x9e, 0x7e, 0x9e, 0x7e, 0x9e, 0x7e, 0x9e, 0x7e,
    0x9e, 0x7e, 0x9e, 0x5e, 0x9e, 0x5e, 0x9e, 0x5e, 0x9e, 0x5e, 0x9e, 0x5e, 0x9e, 0x5e, 0x96, 0x5e, 0x96, 0x3d, 0x96,
    0x3d, 0x96, 0x3d, 0x96, 0x3d, 0x96, 0x3d, 0x96, 0x3d, 0x96, 0x3d, 0x96, 0x1d, 0x96, 0x1d, 0x96, 0x1d, 0x8e, 0x1d,
    0x8e, 0x1d, 0x8e, 0x1d, 0x8e, 0xfd, 0x8d, 0xfd, 0x8d, 0xfd, 0x8d, 0xfd, 0x8d, 0xfd, 0x8d, 0xfd, 0x8d, 0xfd, 0x85,
    0xdd, 0x85, 0xdd, 0x85, 0xdd, 0x85, 0xdd, 0x85, 0xdd, 0x85, 0xdd, 0x85, 0xdc, 0x85, 0xdc, 0x85, 0xbc, 0x85, 0xbc,
    0x7d, 0xbc, 0x7d, 0xbc, 0x7d, 0xbc, 0x7d, 0xbc, 0x7d, 0x9c, 0x7d, 0x9c, 0x7d, 0x9c, 0x7d, 0x9c, 0x7d, 0x9c, 0x7d,
    0x7c, 0x7d, 0x7c, 0x7d, 0x7c, 0x75, 0x7c, 0x75, 0x7c, 0x75, 0x7c, 0x75, 0x7c, 0x75, 0x5c, 0x75, 0x5c, 0x75, 0x5c,
    0x75, 0x5c, 0x75, 0x5c, 0x75, 0x5b, 0x75, 0x5b, 0x6d, 0x3b, 0x6d, 0x3b, 0x6d, 0x3b, 0x6d, 0x3b, 0x6d, 0x3b, 0x6d,
    0x3b, 0x6d, 0x3b, 0x6d, 0x1b, 0x6d, 0x1b, 0x65, 0x9c, 0x7d, 0xdc, 0x8d, 0xba, 0x54, 0x5a, 0x3c, 0x5a, 0x44, 0x5a,
    0x44, 0x5a, 0x3c, 0x5a, 0x3c, 0x5a, 0x3c, 0x3a, 0x3c, 0x3a, 0x3c, 0x3a, 0x3c, 0x39, 0x3c, 0x39, 0x3c, 0x39, 0x3c,
    0x19, 0x3c, 0xf9, 0x33, 0xbc, 0x8d, 0x5d, 0xae, 0x7d, 0xae, 0xad, 0x42, 0x26, 0x11, 0x46, 0x19, 0x25, 0x11, 0x05,
    0x11, 0xe4, 0x10, 0xc4, 0x10, 0xc3, 0x08, 0xa3, 0x08, 0x82, 0x08, 0x82, 0x08, 0x62, 0x08, 0x61, 0x00, 0x41, 0x00,
    0x41, 0x00, 0x21, 0x00, 0x21, 0x00, 0x20, 0x00, 0x20, 0x00, 0x00, 0x00, 0x00, 0x00, 0x00, 0x00, 0x00, 0x00, 0x00,
    0x00, 0x00, 0x00, 0x00, 0x00, 0x00, 0x00, 0x00, 0x00, 0x00, 0x00, 0x00, 0x00, 0x00, 0x00, 0x00, 0x00, 0x00, 0x00,
    0x00, 0x00, 0x00, 0x00, 0x00, 0x00, 0x00, 0x00, 0x00, 0x00, 0x00, 0x00, 0x00, 0x00, 0x00, 0x00, 0x00, 0x00, 0x00,
    0x00, 0x00, 0x00, 0x00, 0x00, 0x00, 0x00, 0x00, 0x00, 0x00, 0x00, 0x00, 0x00, 0x00, 0x00, 0x00, 0x00, 0x00, 0x00,
    0x00, 0x00, 0x20, 0x00, 0x20, 0x00, 0x20, 0x00, 0x21, 0x00, 0x41, 0x00, 0x41, 0x00, 0x41, 0x00, 0x62, 0x08, 0x62,
    0x08, 0x82, 0x08, 0xa3, 0x08, 0xa3, 0x08, 0xc4, 0x10, 0xe4, 0x10, 0x05, 0x11, 0x25, 0x11, 0x46, 0x19, 0x46, 0x19,
    0xe9, 0x29, 0x1e, 0xcf, 0x9f, 0xdf, 0x7f, 0xd7, 0xdf, 0xae, 0xdf, 0xa6, 0xdf, 0xa6, 0xdf, 0xa6, 0xbf, 0xa6, 0xbf,
    0xa6, 0xbf, 0xa6, 0xbf, 0x9e, 0xbf, 0x9e, 0xbf, 0x9e, 0x9f, 0x9e, 0x9f, 0x9e, 0x9f, 0x9e, 0x9f, 0x9e, 0x9e, 0x9e,
    0xff, 0xbe, 0xff, 0xbe, 0xbf, 0xae, 0xbf, 0xa6, 0xbe, 0xa6, 0xbe, 0xa6, 0xbe, 0xa6, 0xbe, 0xa6, 0x9e, 0xa6, 0x9e,
    0xa6, 0x9e, 0xa6, 0x9e, 0xa6, 0x9e, 0xa6, 0x7e, 0xa6, 0x7e, 0x9e, 0x7e, 0x9e, 0x7e, 0x9e, 0x7e, 0x9e, 0x7e, 0x9e,
    0x7e, 0x9e, 0x5e, 0x9e, 0x5e, 0x9e, 0x5e, 0x9e, 0x5e, 0x9e, 0x5e, 0x9e, 0x5e, 0x96, 0x5e, 0x96, 0x3d, 0x96, 0x3d,
    0x96, 0x3d, 0x96, 0x3d, 0x96, 0x3d, 0x96, 0x3d, 0x96, 0x3d, 0x96, 0x1d, 0x96, 0x1d, 0x96, 0x1d, 0x8e, 0x1d, 0x8e,
    0x1d, 0x8e, 0x1d, 0x8e, 0xfd, 0x8d, 0xfd, 0x8d, 0xfd, 0x8d, 0xfd, 0x8d, 0xfd, 0x8d, 0xfd, 0x8d, 0xfd, 0x85, 0xdd,
    0x85, 0xdd, 0x85, 0xdd, 0x85, 0xdd, 0x85, 0xdd, 0x85, 0xdd, 0x85, 0xdc, 0x85, 0xdc, 0x85, 0xbc, 0x85, 0xbc, 0x7d,
    0xbc, 0x7d, 0xbc, 0x7d, 0xbc, 0x7d, 0xbc, 0x7d, 0x9c, 0x7d, 0x9c, 0x7d, 0x9c, 0x7d, 0x9c, 0x7d, 0x9c, 0x7d, 0x7c,
    0x7d, 0x7c, 0x7d, 0x7c, 0x75, 0x7c, 0x75, 0x7c, 0x75, 0x7c, 0x75, 0x7c, 0x75, 0x5c, 0x75, 0x5c, 0x75, 0x5c, 0x75,
    0x5c, 0x75, 0x5c, 0x75, 0x5b, 0x75, 0x5b, 0x6d, 0x3b, 0x6d, 0x3b, 0x6d, 0x3b, 0x6d, 0x3b, 0x6d, 0x3b, 0x6d, 0x3b,
    0x6d, 0x3b, 0x6d, 0x1b, 0x6d, 0x1b, 0x65, 0x1b, 0x65, 0x9c, 0x7d, 0xdc, 0x8d, 0xba, 0x54, 0x5a, 0x3c, 0x5a, 0x44,
    0x5a, 0x3c, 0x5a, 0x3c, 0x5a, 0x3c, 0x3a, 0x3c, 0x3a, 0x3c, 0x3a, 0x3c, 0x39, 0x3c, 0x39, 0x3c, 0x39, 0x3c, 0x19,
    0x3c, 0x19, 0x34, 0xf9, 0x33, 0xbc, 0x85, 0x5d, 0xae, 0x7d, 0xae, 0xad, 0x42, 0x25, 0x11, 0x46, 0x19, 0x25, 0x11,
    0x05, 0x11, 0xe4, 0x10, 0xc4, 0x10, 0xc3, 0x08, 0xa3, 0x08, 0x82, 0x08, 0x82, 0x08, 0x62, 0x08, 0x61, 0x00, 0x41,
    0x00, 0x41, 0x00, 0x21, 0x00, 0x21, 0x00, 0x20, 0x00, 0x20, 0x00, 0x00, 0x00, 0x00, 0x00, 0x00, 0x00, 0x00, 0x00,
    0x00, 0x00, 0x00, 0x00, 0x00, 0x00, 0x00, 0x00, 0x00, 0x00, 0x00, 0x00, 0x00, 0x00, 0x00, 0x00, 0x00, 0x00, 0x00,
    0x00, 0x00, 0x00, 0x00, 0x00, 0x00, 0x00, 0x00, 0x00, 0x00, 0x00, 0x00, 0x00, 0x00, 0x00, 0x00, 0x00, 0x00, 0x00,
    0x00, 0x00, 0x00, 0x00, 0x00, 0x00, 0x00, 0x00, 0x00, 0x00, 0x00, 0x00, 0x00, 0x00, 0x00, 0x00, 0x00, 0x00, 0x00,
    0x00, 0x00, 0x00, 0x20, 0x00, 0x20, 0x00, 0x20, 0x00, 0x21, 0x00, 0x41, 0x00, 0x41, 0x00, 0x41, 0x00, 0x62, 0x08,
    0x62, 0x08, 0x82, 0x08, 0xa3, 0x08, 0xa3, 0x08, 0xc4, 0x10, 0xe4, 0x10, 0x05, 0x11, 0x25, 0x11, 0x46, 0x19, 0x46,
    0x19, 0xe9, 0x29, 0x3e, 0xcf, 0x9f, 0xdf, 0x7f, 0xd7, 0xdf, 0xa6, 0xdf, 0xa6, 0xdf, 0xa6, 0xbf, 0xa6, 0xbf, 0xa6,
    0xbf, 0xa6, 0xbf, 0x9e, 0xbf, 0x9e, 0xbf, 0x9e, 0x9f, 0x9e, 0x9f, 0x9e, 0x9f, 0x9e, 0x9f, 0x9e, 0x7e, 0x96, 0x9e,
    0x9e, 0xff, 0xbe, 0xff, 0xbe, 0xbf, 0xae, 0xbe, 0xa6, 0xbe, 0xa6, 0xbe, 0xa6, 0xbe, 0xa6, 0x9e, 0xa6, 0x9e, 0xa6,
    0x9e, 0xa6, 0x9e, 0xa6, 0x9e, 0xa6, 0x7e, 0xa6, 0x7e, 0x9e, 0x7e, 0x9e, 0x7e, 0x9e, 0x7e, 0x9e, 0x7e, 0x9e, 0x7e,
    0x9e, 0x5e, 0x9e, 0x5e, 0x9e, 0x5e, 0x9e, 0x5e, 0x9e, 0x5e, 0x9e, 0x5e, 0x96, 0x5e, 0x96, 0x3d, 0x96, 0x3d, 0x96,
    0x3d, 0x96, 0x3d, 0x96, 0x3d, 0x96, 0x3d, 0x96, 0x3d, 0x96, 0x1d, 0x96, 0x1d, 0x96, 0x1d, 0x8e, 0x1d, 0x8e, 0x1d,
    0x8e, 0x1d, 0x8e, 0xfd, 0x8d, 0xfd, 0x8d, 0xfd, 0x8d, 0xfd, 0x8d, 0xfd, 0x8d, 0xfd, 0x8d, 0xfd, 0x85, 0xdd, 0x85,
    0xdd, 0x85, 0xdd, 0x85, 0xdd, 0x85, 0xdd, 0x85, 0xdd, 0x85, 0xdc, 0x85, 0xdc, 0x85, 0xbc, 0x85, 0xbc, 0x7d, 0xbc,
    0x7d, 0xbc, 0x7d, 0xbc, 0x7d, 0xbc, 0x7d, 0x9c, 0x7d, 0x9c, 0x7d, 0x9c, 0x7d, 0x9c, 0x7d, 0x9c, 0x7d, 0x7c, 0x7d,
    0x7c, 0x7d, 0x7c, 0x75, 0x7c, 0x75, 0x7c, 0x75, 0x7c, 0x75, 0x7c, 0x75, 0x5c, 0x75, 0x5c, 0x75, 0x5c, 0x75, 0x5c,
    0x75, 0x5c, 0x75, 0x5b, 0x75, 0x5b, 0x6d, 0x3b, 0x6d, 0x3b, 0x6d, 0x3b, 0x6d, 0x3b, 0x6d, 0x3b, 0x6d, 0x3b, 0x6d,
    0x3b, 0x6d, 0x1b, 0x6d, 0x1b, 0x65, 0x1b, 0x65, 0x1b, 0x65, 0x7c, 0x7d, 0xdc, 0x8d, 0xba, 0x54, 0x5a, 0x3c, 0x5a,
    0x44, 0x5a, 0x3c, 0x5a, 0x3c, 0x3a, 0x3c, 0x3a, 0x3c, 0x3a, 0x3c, 0x39, 0x3c, 0x39, 0x3c, 0x39, 0x3c, 0x19, 0x34,
    0x19, 0x34, 0x19, 0x34, 0xf9, 0x2b, 0xbc, 0x85, 0x5d, 0xae, 0x7d, 0xae, 0xad, 0x42, 0x25, 0x11, 0x46, 0x19, 0x25,
    0x11, 0x05, 0x11, 0xe4, 0x10, 0xc4, 0x10, 0xc3, 0x08, 0xa3, 0x08, 0x82, 0x08, 0x82, 0x08, 0x62, 0x08, 0x61, 0x00,
    0x41, 0x00, 0x41, 0x00, 0x21, 0x00, 0x21, 0x00, 0x20, 0x00, 0x20, 0x00, 0x00, 0x00, 0x00, 0x00, 0x00, 0x00, 0x00,
    0x00, 0x00, 0x00, 0x00, 0x00, 0x00, 0x00, 0x00, 0x00, 0x00, 0x00, 0x00, 0x00, 0x00, 0x00, 0x00, 0x00, 0x00, 0x00,
    0x00, 0x00, 0x00, 0x00, 0x00, 0x00, 0x00, 0x00, 0x00, 0x00, 0x00, 0x00, 0x00, 0x00, 0x00, 0x00, 0x00, 0x00, 0x00,
    0x00, 0x00, 0x00, 0x00, 0x00, 0x00, 0x00, 0x00, 0x00, 0x00, 0x00, 0x00, 0x00, 0x00, 0x00, 0x00, 0x00, 0x00, 0x00,
    0x00, 0x00, 0x00, 0x00, 0x20, 0x00, 0x20, 0x00, 0x20, 0x00, 0x21, 0x00, 0x41, 0x00, 0x41, 0x00, 0x41, 0x00, 0x62,
    0x08, 0x62, 0x08, 0x82, 0x08, 0xa3, 0x08, 0xa3, 0x08, 0xc4, 0x10, 0xe4, 0x10, 0x05, 0x11, 0x25, 0x11, 0x46, 0x19,
    0x46, 0x19, 0xc8, 0x29, 0x1e, 0xcf, 0x9f, 0xdf, 0x7f, 0xd7, 0xdf, 0xa6, 0xbf, 0xa6, 0xbf, 0xa6, 0xbf, 0xa6, 0xbf,
    0xa6, 0xbf, 0x9e, 0xbf, 0x9e, 0xbf, 0x9e, 0x9f, 0x9e, 0x9f, 0x9e, 0x9f, 0x9e, 0x9f, 0x9e, 0x9e, 0x9e, 0x7e, 0x96,
    0x7e, 0x96, 0xff, 0xb6, 0x1f, 0xbf, 0xbe, 0xae, 0xbe, 0xa6, 0xbe, 0xa6, 0xbe, 0xa6, 0x9e, 0xa6, 0x9e, 0xa6, 0x9e,
    0xa6, 0x9e, 0xa6, 0x9e, 0xa6, 0x7e, 0xa6, 0x7e, 0x9e, 0x7e, 0x9e, 0x7e, 0x9e, 0x7e, 0x9e, 0x7e, 0x9e, 0x7e, 0x9e,
    0x5e, 0x9e, 0x5e, 0x9e, 0x5e, 0x9e, 0x5e, 0x9e, 0x5e, 0x9e, 0x5e, 0x96, 0x5e, 0x96, 0x3d, 0x96, 0x3d, 0x96, 0x3d,
    0x96, 0x3d, 0x96, 0x3d, 0x96, 0x3d, 0x96, 0x3d, 0x96, 0x1d, 0x96, 0x1d, 0x96, 0x1d, 0x8e, 0x1d, 0x8e, 0x1d, 0x8e,
    0x1d, 0x8e, 0xfd, 0x8d, 0xfd, 0x8d, 0xfd, 0x8d, 0xfd, 0x8d, 0xfd, 0x8d, 0xfd, 0x8d, 0xfd, 0x85, 0xdd, 0x85, 0xdd,
    0x85, 0xdd, 0x85, 0xdd, 0x85, 0xdd, 0x85, 0xdd, 0x85, 0xdc, 0x85, 0xdc, 0x85, 0xbc, 0x85, 0xbc, 0x7d, 0xbc, 0x7d,
    0xbc, 0x7d, 0xbc, 0x7d, 0xbc, 0x7d, 0x9c, 0x7d, 0x9c, 0x7d, 0x9c, 0x7d, 0x9c, 0x7d, 0x9c, 0x7d, 0x7c, 0x7d, 0x7c,
    0x7d, 0x7c, 0x75, 0x7c, 0x75, 0x7c, 0x75, 0x7c, 0x75, 0x7c, 0x75, 0x5c, 0x75, 0x5c, 0x75, 0x5c, 0x75, 0x5c, 0x75,
    0x5c, 0x75, 0x5b, 0x75, 0x5b, 0x6d, 0x3b, 0x6d, 0x3b, 0x6d, 0x3b, 0x6d, 0x3b, 0x6d, 0x3b, 0x6d, 0x3b, 0x6d, 0x3b,
    0x6d, 0x1b, 0x6d, 0x1b, 0x65, 0x1b, 0x65, 0x1b, 0x65, 0x1b, 0x65, 0x9c, 0x85, 0xbc, 0x85, 0x9a, 0x4c, 0x5a, 0x3c,
    0x5a, 0x3c, 0x5a, 0x3c, 0x3a, 0x3c, 0x3a, 0x3c, 0x3a, 0x3c, 0x39, 0x3c, 0x39, 0x3c, 0x39, 0x3c, 0x19, 0x34, 0x19,
    0x34, 0x19, 0x34, 0x19, 0x34, 0xf9, 0x33, 0xbc, 0x8d, 0x5d, 0xae, 0x5d, 0xa6, 0xac, 0x3a, 0x25, 0x11, 0x46, 0x19,
    0x25, 0x11, 0x05, 0x11, 0xe4, 0x10, 0xc4, 0x10, 0xc3, 0x08, 0xa3, 0x08, 0x82, 0x08, 0x82, 0x08, 0x62, 0x08, 0x61,
    0x00, 0x41, 0x00, 0x41, 0x00, 0x21, 0x00, 0x21, 0x00, 0x20, 0x00, 0x20, 0x00, 0x00, 0x00, 0x00, 0x00, 0x00, 0x00,
    0x00, 0x00, 0x00, 0x00, 0x00, 0x00, 0x00, 0x00, 0x00, 0x00, 0x00, 0x00, 0x00, 0x00, 0x00, 0x00, 0x00, 0x00, 0x00,
    0x00, 0x00, 0x00, 0x00, 0x00, 0x00, 0x00, 0x00, 0x00, 0x00, 0x00, 0x00, 0x00, 0x00, 0x00, 0x00, 0x00, 0x00, 0x00,
    0x00, 0x00, 0x00, 0x00, 0x00, 0x00, 0x00, 0x00, 0x00, 0x00, 0x00, 0x00, 0x00, 0x00, 0x00, 0x00, 0x00, 0x00, 0x00,
    0x00, 0x00, 0x00, 0x00, 0x00, 0x20, 0x00, 0x20, 0x00, 0x20, 0x00, 0x21, 0x00, 0x41, 0x00, 0x41, 0x00, 0x41, 0x00,
    0x62, 0x08, 0x62, 0x08, 0x82, 0x08, 0xa3, 0x08, 0xa3, 0x08, 0xc4, 0x10, 0xe4, 0x10, 0x05, 0x11, 0x25, 0x11, 0x46,
    0x19, 0x67, 0x19, 0x46, 0x11, 0x19, 0xae, 0xdf, 0xdf, 0x7f, 0xd7, 0xff, 0xae, 0xbf, 0x9e, 0xbf, 0xa6, 0xbf, 0xa6,
    0xbf, 0x9e, 0xbf, 0x9e, 0xbf, 0x9e, 0x9f, 0x9e, 0x9f, 0x9e, 0x9f, 0x9e, 0x9f, 0x9e, 0x9e, 0x9e, 0x7e, 0x9e, 0x7e,
    0x96, 0x7e, 0x96, 0xdf, 0xb6, 0x1f, 0xbf, 0xbf, 0xae, 0xbe, 0xa6, 0xbe, 0xa6, 0x9e, 0xa6, 0x9e, 0xa6, 0x9e, 0xa6,
    0x9e, 0xa6, 0x9e, 0xa6, 0x7e, 0xa6, 0x7e, 0x9e, 0x7e, 0x9e, 0x7e, 0x9e, 0x7e, 0x9e, 0x7e, 0x9e, 0x7e, 0x9e, 0x5e,
    0x9e, 0x5e, 0x9e, 0x5e, 0x9e, 0x5e, 0x9e, 0x5e, 0x9e, 0x5e, 0x96, 0x5e, 0x96, 0x3d, 0x96, 0x3d, 0x96, 0x3d, 0x96,
    0x3d, 0x96, 0x3d, 0x96, 0x3d, 0x96, 0x3d, 0x96, 0x1d, 0x96, 0x1d, 0x96, 0x1d, 0x8e, 0x1d, 0x8e, 0x1d, 0x8e, 0x1d,
    0x8e, 0xfd, 0x8d, 0xfd, 0x8d, 0xfd, 0x8d, 0xfd, 0x8d, 0xfd, 0x8d, 0xfd, 0x8d, 0xfd, 0x85, 0xdd, 0x85, 0xdd, 0x85,
    0xdd, 0x85, 0xdd, 0x85, 0xdd, 0x85, 0xdd, 0x85, 0xdc, 0x85, 0xdc, 0x85, 0xbc, 0x85, 0xbc, 0x7d, 0xbc, 0x7d, 0xbc,
    0x7d, 0xbc, 0x7d, 0xbc, 0x7d, 0x9c, 0x7d, 0x9c, 0x7d, 0x9c, 0x7d, 0x9c, 0x7d, 0x9c, 0x7d, 0x7c, 0x7d, 0x7c, 0x7d,
    0x7c, 0x75, 0x7c, 0x75, 0x7c, 0x75, 0x7c, 0x75, 0x7c, 0x75, 0x5c, 0x75, 0x5c, 0x75, 0x5c, 0x75, 0x5c, 0x75, 0x5c,
    0x75, 0x5b, 0x75, 0x5b, 0x6d, 0x3b, 0x6d, 0x3b, 0x6d, 0x3b, 0x6d, 0x3b, 0x6d, 0x3b, 0x6d, 0x3b, 0x6d, 0x3b, 0x6d,
    0x1b, 0x6d, 0x1b, 0x65, 0x1b, 0x65, 0x1b, 0x65, 0x1b, 0x65, 0x1b, 0x65, 0x9c, 0x85, 0x9c, 0x7d, 0x5a, 0x44, 0x5a,
    0x3c, 0x5a, 0x3c, 0x3a, 0x3c, 0x3a, 0x3c, 0x3a, 0x3c, 0x39, 0x3c, 0x39, 0x3c, 0x39, 0x3c, 0x19, 0x34, 0x19, 0x34,
    0x19, 0x34, 0x19, 0x34, 0xf9, 0x33, 0x39, 0x3c, 0x1c, 0x9e, 0x5d, 0xa6, 0xfb, 0x9d, 0xe9, 0x29, 0x46, 0x19, 0x46,
    0x19, 0x25, 0x11, 0x05, 0x11, 0xe4, 0x10, 0xc4, 0x10, 0xc3, 0x08, 0xa3, 0x08, 0x82, 0x08, 0x82, 0x08, 0x62, 0x08,
    0x61, 0x00, 0x41, 0x00, 0x41, 0x00, 0x21, 0x00, 0x20, 0x00, 0x20, 0x00, 0x20, 0x00, 0x00, 0x00, 0x00, 0x00, 0x00,
    0x00, 0x00, 0x00, 0x00, 0x00, 0x00, 0x00, 0x00, 0x00, 0x00, 0x00, 0x00, 0x00, 0x00, 0x00, 0x00, 0x00, 0x00, 0x00,
    0x00, 0x00, 0x00, 0x00, 0x00, 0x00, 0x00, 0x00, 0x00, 0x00, 0x00, 0x00, 0x00, 0x00, 0x00, 0x00, 0x00, 0x00, 0x00,
    0x00, 0x00, 0x00, 0x00, 0x00, 0x00, 0x00, 0x00, 0x00, 0x00, 0x00, 0x00, 0x00, 0x00, 0x00, 0x00, 0x00, 0x00, 0x00,
    0x00, 0x00, 0x00, 0x00, 0x00, 0x00, 0x20, 0x00, 0x20, 0x00, 0x20, 0x00, 0x21, 0x00, 0x41, 0x00, 0x41, 0x00, 0x41,
    0x00, 0x62, 0x08, 0x62, 0x08, 0x82, 0x08, 0xa3, 0x08, 0xa3, 0x08, 0xc4, 0x10, 0xe4, 0x10, 0x05, 0x11, 0x25, 0x11,
    0x46, 0x19, 0x67, 0x19, 0x26, 0x11, 0xf9, 0xa5, 0xdf, 0xdf, 0x7f, 0xd7, 0xff, 0xae, 0xbf, 0x9e, 0xbf, 0xa6, 0xbf,
    0x9e, 0xbf, 0x9e, 0xbf, 0x9e, 0x9f, 0x9e, 0x9f, 0x9e, 0x9f, 0x9e, 0x9f, 0x9e, 0x9e, 0x9e, 0x7e, 0x9e, 0x7e, 0x96,
    0x7e, 0x96, 0x7e, 0x96, 0xdf, 0xae, 0xff, 0xbe, 0xbe, 0xae, 0x9e, 0xa6, 0x9e, 0xa6, 0x9e, 0xa6, 0x9e, 0xa6, 0x9e,
    0xa6, 0x9e, 0xa6, 0x7e, 0xa6, 0x7e, 0x9e, 0x7e, 0x9e, 0x7e, 0x9e, 0x7e, 0x9e, 0x7e, 0x9e, 0x7e, 0x9e, 0x5e, 0x9e,
    0x5e, 0x9e, 0x5e, 0x9e, 0x5e, 0x9e, 0x5e, 0x9e, 0x5e, 0x96, 0x5e, 0x96, 0x3d, 0x96, 0x3d, 0x96, 0x3d, 0x96, 0x3d,
    0x96, 0x3d, 0x96, 0x3d, 0x96, 0x3d, 0x96, 0x1d, 0x96, 0x1d, 0x96, 0x1d, 0x8e, 0x1d, 0x8e, 0x1d, 0x8e, 0x1d, 0x8e,
    0xfd, 0x8d, 0xfd, 0x8d, 0xfd, 0x8d, 0xfd, 0x8d, 0xfd, 0x8d, 0xfd, 0x8d, 0xfd, 0x85, 0xdd, 0x85, 0xdd, 0x85, 0xdd,
    0x85, 0xdd, 0x85, 0xdd, 0x85, 0xdd, 0x85, 0xdc, 0x85, 0xdc, 0x85, 0xbc, 0x85, 0xbc, 0x7d, 0xbc, 0x7d, 0xbc, 0x7d,
    0xbc, 0x7d, 0xbc, 0x7d, 0x9c, 0x7d, 0x9c, 0x7d, 0x9c, 0x7d, 0x9c, 0x7d, 0x9c, 0x7d, 0x7c, 0x7d, 0x7c, 0x7d, 0x7c,
    0x75, 0x7c, 0x75, 0x7c, 0x75, 0x7c, 0x75, 0x7c, 0x75, 0x5c, 0x75, 0x5c, 0x75, 0x5c, 0x75, 0x5c, 0x75, 0x5c, 0x75,
    0x5b, 0x75, 0x5b, 0x6d, 0x3b, 0x6d, 0x3b, 0x6d, 0x3b, 0x6d, 0x3b, 0x6d, 0x3b, 0x6d, 0x3b, 0x6d, 0x3b, 0x6d, 0x1b,
    0x6d, 0x1b, 0x65, 0x1b, 0x65, 0x1b, 0x65, 0x1b, 0x65, 0x1b, 0x65, 0x1b, 0x65, 0x9c, 0x85, 0x9c, 0x7d, 0x5a, 0x44,
    0x3a, 0x3c, 0x3a, 0x3c, 0x3a, 0x3c, 0x3a, 0x3c, 0x39, 0x3c, 0x39, 0x3c, 0x39, 0x3c, 0x19, 0x34, 0x19, 0x34, 0x19,
    0x34, 0x19, 0x34, 0x19, 0x34, 0xf9, 0x33, 0x39, 0x3c, 0x1c, 0x9e, 0x5d, 0xa6, 0xfb, 0x9d, 0xc8, 0x21, 0x46, 0x19,
    0x46, 0x19, 0x25, 0x11, 0x05, 0x11, 0xe4, 0x10, 0xc4, 0x10, 0xa3, 0x08, 0xa3, 0x08, 0x82, 0x08, 0x62, 0x08, 0x62,
    0x08, 0x61, 0x00, 0x41, 0x00, 0x41, 0x00, 0x21, 0x00, 0x20, 0x00, 0x20, 0x00, 0x20, 0x00, 0x00, 0x00, 0x00, 0x00,
    0x00, 0x00, 0x00, 0x00, 0x00, 0x00, 0x00, 0x00, 0x00, 0x00, 0x00, 0x00, 0x00, 0x00, 0x00, 0x00, 0x00, 0x00, 0x00,
    0x00, 0x00, 0x00, 0x00, 0x00, 0x00, 0x00, 0x00, 0x00, 0x00, 0x00, 0x00, 0x00, 0x00, 0x00, 0x00, 0x00, 0x00, 0x00,
    0x00, 0x00, 0x00, 0x00, 0x00, 0x00, 0x00, 0x00, 0x00, 0x00, 0x00, 0x00, 0x00, 0x00, 0x00, 0x00, 0x00, 0x00, 0x00,
    0x00, 0x00, 0x00, 0x00, 0x00, 0x00, 0x00, 0x20, 0x00, 0x20, 0x00, 0x20, 0x00, 0x21, 0x00, 0x41, 0x00, 0x41, 0x00,
    0x41, 0x00, 0x62, 0x08, 0x62, 0x08, 0x82, 0x08, 0xa3, 0x08, 0xa3, 0x08, 0xc3, 0x10, 0xe4, 0x10, 0x05, 0x11, 0x05,
    0x11, 0x26, 0x19, 0x66, 0x19, 0x26, 0x11, 0xd9, 0xa5, 0xbf, 0xdf, 0x7f, 0xd7, 0xff, 0xae, 0xbf, 0x9e, 0xbf, 0x9e,
    0xbf, 0x9e, 0xbf, 0x9e, 0x9f, 0x9e, 0x9f, 0x9e, 0x9f, 0x9e, 0x9f, 0x9e, 0x9e, 0x9e, 0x7e, 0x9e, 0x7e, 0x96, 0x7e,
    0x96, 0x7e, 0x96, 0x5e, 0x96, 0xbe, 0xa6, 0xff, 0xbe, 0xde, 0xae, 0x9e, 0xa6, 0x9e, 0xa6, 0x9e, 0xa6, 0x9e, 0xa6,
    0x9e, 0xa6, 0x7e, 0xa6, 0x7e, 0x9e, 0x7e, 0x9e, 0x7e, 0x9e, 0x7e, 0x9e, 0x7e, 0x9e, 0x7e, 0x9e, 0x5e, 0x9e, 0x5e,
    0x9e, 0x5e, 0x9e, 0x5e, 0x9e, 0x5e, 0x9e, 0x5e, 0x96, 0x5e, 0x96, 0x3d, 0x96, 0x3d, 0x96, 0x3d, 0x96, 0x3d, 0x96,
    0x3d, 0x96, 0x3d, 0x96, 0x3d, 0x96, 0x1d, 0x96, 0x1d, 0x96, 0x1d, 0x8e, 0x1d, 0x8e, 0x1d, 0x8e, 0x1d, 0x8e, 0xfd,
    0x8d, 0xfd, 0x8d, 0xfd, 0x8d, 0xfd, 0x8d, 0xfd, 0x8d, 0xfd, 0x8d, 0xfd, 0x85, 0xdd, 0x85, 0xdd, 0x85, 0xdd, 0x85,
    0xdd, 0x85, 0xdd, 0x85, 0xdd, 0x85, 0xdc, 0x85, 0xdc, 0x85, 0xbc, 0x85, 0xbc, 0x7d, 0xbc, 0x7d, 0xbc, 0x7d, 0xbc,
    0x7d, 0xbc, 0x7d, 0x9c, 0x7d, 0x9c, 0x7d, 0x9c, 0x7d, 0x9c, 0x7d, 0x9c, 0x7d, 0x7c, 0x7d, 0x7c, 0x7d, 0x7c, 0x75,
    0x7c, 0x75, 0x7c, 0x75, 0x7c, 0x75, 0x7c, 0x75, 0x5c, 0x75, 0x5c, 0x75, 0x5c, 0x75, 0x5c, 0x75, 0x5c, 0x75, 0x5b,
    0x75, 0x5b, 0x6d, 0x3b, 0x6d, 0x3b, 0x6d, 0x3b, 0x6d, 0x3b, 0x6d, 0x3b, 0x6d, 0x3b, 0x6d, 0x3b, 0x6d, 0x1b, 0x6d,
    0x1b, 0x65, 0x1b, 0x65, 0x1b, 0x65, 0x1b, 0x65, 0x1b, 0x65, 0xfb, 0x64, 0x3b, 0x6d, 0xbc, 0x8d, 0x5b, 0x75, 0x3a,
    0x3c, 0x3a, 0x3c, 0x3a, 0x3c, 0x3a, 0x3c, 0x39, 0x3c, 0x39, 0x3c, 0x39, 0x3c, 0x19, 0x34, 0x19, 0x34, 0x19, 0x34,
    0x19, 0x34, 0x19, 0x34, 0x19, 0x34, 0xf9, 0x33, 0x39, 0x3c, 0x1c, 0x9e, 0x5d, 0xa6, 0xdb, 0x9d, 0xc8, 0x21, 0x46,
    0x19, 0x46, 0x19, 0x25, 0x11, 0x05, 0x11, 0xe4, 0x10, 0xc4, 0x10, 0xa3, 0x08, 0xa3, 0x08, 0x82, 0x08, 0x62, 0x08,
    0x62, 0x08, 0x41, 0x00, 0x41, 0x00, 0x41, 0x00, 0x21, 0x00, 0x20, 0x00, 0x20, 0x00, 0x20, 0x00, 0x00, 0x00, 0x00,
    0x00, 0x00, 0x00, 0x00, 0x00, 0x00, 0x00, 0x00, 0x00, 0x00, 0x00, 0x00, 0x00, 0x00, 0x00, 0x00, 0x00, 0x00, 0x00,
    0x00, 0x00, 0x00, 0x00, 0x00, 0x00, 0x00, 0x00, 0x00, 0x00, 0x00, 0x00, 0x00, 0x00, 0x00, 0x00, 0x00, 0x00, 0x00,
    0x00, 0x00, 0x00, 0x00, 0x00, 0x00, 0x00, 0x00, 0x00, 0x00, 0x00, 0x00, 0x00, 0x00, 0x00, 0x00, 0x00, 0x00, 0x00,
    0x00, 0x00, 0x00, 0x00, 0x00, 0x00, 0x00, 0x00, 0x20, 0x00, 0x20, 0x00, 0x20, 0x00, 0x21, 0x00, 0x41, 0x00, 0x41,
    0x00, 0x41, 0x00, 0x62, 0x08, 0x62, 0x08, 0x82, 0x08, 0xa3, 0x08, 0xa3, 0x08, 0xc4, 0x10, 0xe4, 0x10, 0x04, 0x11,
    0x05, 0x11, 0x26, 0x19, 0x67, 0x19, 0x05, 0x11, 0x94, 0x7c, 0xdf, 0xe7, 0x7f, 0xd7, 0x1f, 0xbf, 0x9f, 0x9e, 0xbf,
    0x9e, 0xbf, 0x9e, 0x9f, 0x9e, 0x9f, 0x9e, 0x9f, 0x9e, 0x9f, 0x9e, 0x9e, 0x9e, 0x7e, 0x9e, 0x7e, 0x96, 0x7e, 0x96,
    0x7e, 0x96, 0x7e, 0x96, 0x5e, 0x96, 0x9e, 0xa6, 0xff, 0xbe, 0xde, 0xae, 0x9e, 0xa6, 0x9e, 0xa6, 0x9e, 0xa6, 0x9e,
    0xa6, 0x7e, 0xa6, 0x7e, 0x9e, 0x7e, 0x9e, 0x7e, 0x9e, 0x7e, 0x9e, 0x7e, 0x9e, 0x7e, 0x9e, 0x5e, 0x9e, 0x5e, 0x9e,
    0x5e, 0x9e, 0x5e, 0x9e, 0x5e, 0x9e, 0x5e, 0x96, 0x5e, 0x96, 0x3d, 0x96, 0x3d, 0x96, 0x3d, 0x96, 0x3d, 0x96, 0x3d,
    0x96, 0x3d, 0x96, 0x3d, 0x96, 0x1d, 0x96, 0x1d, 0x96, 0x1d, 0x8e, 0x1d, 0x8e, 0x1d, 0x8e, 0x1d, 0x8e, 0xfd, 0x8d,
    0xfd, 0x8d, 0xfd, 0x8d, 0xfd, 0x8d, 0xfd, 0x8d, 0xfd, 0x8d, 0xfd, 0x85, 0xdd, 0x85, 0xdd, 0x85, 0xdd, 0x85, 0xdd,
    0x85, 0xdd, 0x85, 0xdd, 0x85, 0xdc, 0x85, 0xdc, 0x85, 0xbc, 0x85, 0xbc, 0x7d, 0xbc, 0x7d, 0xbc, 0x7d, 0xbc, 0x7d,
    0xbc, 0x7d, 0x9c, 0x7d, 0x9c, 0x7d, 0x9c, 0x7d, 0x9c, 0x7d, 0x9c, 0x7d, 0x7c, 0x7d, 0x7c, 0x7d, 0x7c, 0x75, 0x7c,
    0x75, 0x7c, 0x75, 0x7c, 0x75, 0x7c, 0x75, 0x5c, 0x75, 0x5c, 0x75, 0x5c, 0x75, 0x5c, 0x75, 0x5c, 0x75, 0x5b, 0x75,
    0x5b, 0x6d, 0x3b, 0x6d, 0x3b, 0x6d, 0x3b, 0x6d, 0x3b, 0x6d, 0x3b, 0x6d, 0x3b, 0x6d, 0x3b, 0x6d, 0x1b, 0x6d, 0x1b,
    0x65, 0x1b, 0x65, 0x1b, 0x65, 0x1b, 0x65, 0x1b, 0x65, 0x1b, 0x65, 0xfb, 0x64, 0x3b, 0x6d, 0xbc, 0x8d, 0x3b, 0x6d,
    0x3a, 0x3c, 0x3a, 0x3c, 0x3a, 0x3c, 0x39, 0x3c, 0x39, 0x3c, 0x39, 0x3c, 0x19, 0x34, 0x19, 0x34, 0x19, 0x34, 0x19,
    0x34, 0x19, 0x34, 0x19, 0x34, 0x19, 0x34, 0xf9, 0x2b, 0x9a, 0x4c, 0x3c, 0xa6, 0x7e, 0xae, 0x18, 0x85, 0x46, 0x19,
    0x67, 0x19, 0x46, 0x19, 0x25, 0x11, 0x05, 0x11, 0xe4, 0x10, 0xc4, 0x10, 0xa3, 0x08, 0xa3, 0x08, 0x82, 0x08, 0x62,
    0x08, 0x62, 0x08, 0x41, 0x00, 0x41, 0x00, 0x41, 0x00, 0x21, 0x00, 0x20, 0x00, 0x20, 0x00, 0x20, 0x00, 0x00, 0x00,
    0x00, 0x00, 0x00, 0x00, 0x00, 0x00, 0x00, 0x00, 0x00, 0x00, 0x00, 0x00, 0x00, 0x00, 0x00, 0x00, 0x00, 0x00, 0x00,
    0x00, 0x00, 0x00, 0x00, 0x00, 0x00, 0x00, 0x00, 0x00, 0x00, 0x00, 0x00, 0x00, 0x00, 0x00, 0x00, 0x00, 0x00, 0x00,
    0x00, 0x00, 0x00, 0x00, 0x00, 0x00, 0x00, 0x00, 0x00, 0x00, 0x00, 0x00, 0x00, 0x00, 0x00, 0x00, 0x00, 0x00, 0x00,
    0x00, 0x00, 0x00, 0x00, 0x00, 0x00, 0x00, 0x00, 0x00, 0x00, 0x00, 0x20, 0x00, 0x20, 0x00, 0x21, 0x00, 0x21, 0x00,
    0x41, 0x00, 0x41, 0x00, 0x62, 0x08, 0x62, 0x08, 0x82, 0x08, 0x83, 0x08, 0xa3, 0x08, 0xc3, 0x08, 0xe4, 0x10, 0xe4,
    0x10, 0x05, 0x11, 0x26, 0x19, 0x67, 0x19, 0x05, 0x09, 0x53, 0x74, 0xdf, 0xe7, 0x5f, 0xd7, 0x1f, 0xbf, 0x9f, 0x9e,
    0xbf, 0x9e, 0x9f, 0x9e, 0x9f, 0x9e, 0x9f, 0x9e, 0x9f, 0x9e, 0x9e, 0x9e, 0x7e, 0x9e, 0x7e, 0x96, 0x7e, 0x96, 0x7e,
    0x96, 0x7e, 0x96, 0x7e, 0x96, 0x5e, 0x96, 0x7e, 0x9e, 0xff, 0xbe, 0xde, 0xb6, 0x9e, 0xa6, 0x9e, 0xa6, 0x9e, 0xa6,
    0x7e, 0xa6, 0x7e, 0x9e, 0x7e, 0x9e, 0x7e, 0x9e, 0x7e, 0x9e, 0x7e, 0x9e, 0x7e, 0x9e, 0x5e, 0x9e, 0x5e, 0x9e, 0x5e,
    0x9e, 0x5e, 0x9e, 0x5e, 0x9e, 0x5e, 0x96, 0x5e, 0x96, 0x3d, 0x96, 0x3d, 0x96, 0x3d, 0x96, 0x3d, 0x96, 0x3d, 0x96,
    0x3d, 0x96, 0x3d, 0x96, 0x1d, 0x96, 0x1d, 0x96, 0x1d, 0x8e, 0x1d, 0x8e, 0x1d, 0x8e, 0x1d, 0x8e, 0xfd, 0x8d, 0xfd,
    0x8d, 0xfd, 0x8d, 0xfd, 0x8d, 0xfd, 0x8d, 0xfd, 0x8d, 0xfd, 0x85, 0xdd, 0x85, 0xdd, 0x85, 0xdd, 0x85, 0xdd, 0x85,
    0xdd, 0x85, 0xdd, 0x85, 0xdc, 0x85, 0xdc, 0x85, 0xbc, 0x85, 0xbc, 0x7d, 0xbc, 0x7d, 0xbc, 0x7d, 0xbc, 0x7d, 0xbc,
    0x7d, 0x9c, 0x7d, 0x9c, 0x7d, 0x9c, 0x7d, 0x9c, 0x7d, 0x9c, 0x7d, 0x7c, 0x7d, 0x7c, 0x7d, 0x7c, 0x75, 0x7c, 0x75,
    0x7c, 0x75, 0x7c, 0x75, 0x7c, 0x75, 0x5c, 0x75, 0x5c, 0x75, 0x5c, 0x75, 0x5c, 0x75, 0x5c, 0x75, 0x5b, 0x75, 0x5b,
    0x6d, 0x3b, 0x6d, 0x3b, 0x6d, 0x3b, 0x6d, 0x3b, 0x6d, 0x3b, 0x6d, 0x3b, 0x6d, 0x3b, 0x6d, 0x1b, 0x6d, 0x1b, 0x65,
    0x1b, 0x65, 0x1b, 0x65, 0x1b, 0x65, 0x1b, 0x65, 0x1b, 0x65, 0xfb, 0x64, 0xfb, 0x64, 0x5b, 0x75, 0xbc, 0x8d, 0xdb,
    0x5c, 0x19, 0x34, 0x3a, 0x3c, 0x39, 0x3c, 0x39, 0x3c, 0x39, 0x3c, 0x19, 0x34, 0x19, 0x34, 0x19, 0x34, 0x19, 0x34,
    0x19, 0x34, 0x19, 0x34, 0x19, 0x34, 0x19, 0x34, 0xf9, 0x2b, 0xba, 0x5c, 0x5c, 0xa6, 0x7e, 0xae, 0xf7, 0x7c, 0x46,
    0x11, 0x66, 0x19, 0x26, 0x19, 0x05, 0x11, 0x05, 0x11, 0xe4, 0x10, 0xc4, 0x10, 0xa3, 0x08, 0xa3, 0x08, 0x82, 0x08,
    0x62, 0x08, 0x62, 0x08, 0x41, 0x00, 0x41, 0x00, 0x41, 0x00, 0x21, 0x00, 0x20, 0x00, 0x20, 0x00, 0x20, 0x00, 0x00,
    0x00, 0x00, 0x00, 0x00, 0x00, 0x00, 0x00, 0x00, 0x00, 0x00, 0x00, 0x00, 0x00, 0x00, 0x00, 0x00, 0x00, 0x00, 0x00,
    0x00, 0x00, 0x00, 0x00, 0x00, 0x00, 0x00, 0x00, 0x00, 0x00, 0x00, 0x00, 0x00, 0x00, 0x00, 0x00, 0x00, 0x00, 0x00,
    0x00, 0x00, 0x00, 0x00, 0x00, 0x00, 0x00, 0x00, 0x00, 0x00, 0x00, 0x00, 0x00, 0x00, 0x00, 0x00, 0x00, 0x00, 0x00,
    0x00, 0x00, 0x00, 0x00, 0x00, 0x00, 0x00, 0x00, 0x00, 0x00, 0x20, 0x00, 0x20, 0x00, 0x20, 0x00, 0x21, 0x00, 0x21,
    0x00, 0x41, 0x00, 0x41, 0x00, 0x61, 0x08, 0x62, 0x08, 0x82, 0x08, 0x82, 0x08, 0xa3, 0x08, 0xc3, 0x08, 0xc4, 0x10,
    0xe4, 0x10, 0x05, 0x11, 0x25, 0x11, 0x66, 0x19, 0x05, 0x11, 0x2e, 0x53, 0xbf, 0xdf, 0x5f, 0xd7, 0x3f, 0xc7, 0x9f,
    0x9e, 0x9f, 0x9e, 0x9f, 0x9e, 0x9f, 0x9e, 0x9f, 0x9e, 0x9e, 0x9e, 0x7e, 0x9e, 0x7e, 0x96, 0x7e, 0x96, 0x7e, 0x96,
    0x7e, 0x96, 0x7e, 0x96, 0x5e, 0x96, 0x5e, 0x96, 0x5e, 0x96, 0xde, 0xb6, 0xde, 0xb6, 0x9e, 0xa6, 0x9e, 0xa6, 0x7e,
    0xa6, 0x7e, 0x9e, 0x7e, 0x9e, 0x7e, 0x9e, 0x7e, 0x9e, 0x7e, 0x9e, 0x7e, 0x9e, 0x5e, 0x9e, 0x5e, 0x9e, 0x5e, 0x9e,
    0x5e, 0x9e, 0x5e, 0x9e, 0x5e, 0x96, 0x5e, 0x96, 0x3d, 0x96, 0x3d, 0x96, 0x3d, 0x96, 0x3d, 0x96, 0x3d, 0x96, 0x3d,
    0x96, 0x3d, 0x96, 0x1d, 0x96, 0x1d, 0x96, 0x1d, 0x8e, 0x1d, 0x8e, 0x1d, 0x8e, 0x1d, 0x8e, 0xfd, 0x8d, 0xfd, 0x8d,
    0xfd, 0x8d, 0xfd, 0x8d, 0xfd, 0x8d, 0xfd, 0x8d, 0xfd, 0x85, 0xdd, 0x85, 0xdd, 0x85, 0xdd, 0x85, 0xdd, 0x85, 0xdd,
    0x85, 0xdd, 0x85, 0xdc, 0x85, 0xdc, 0x85, 0xbc, 0x85, 0xbc, 0x7d, 0xbc, 0x7d, 0xbc, 0x7d, 0xbc, 0x7d, 0xbc, 0x7d,
    0x9c, 0x7d, 0x9c, 0x7d, 0x9c, 0x7d, 0x9c, 0x7d, 0x9c, 0x7d, 0x7c, 0x7d, 0x7c, 0x7d, 0x7c, 0x75, 0x7c, 0x75, 0x7c,
    0x75, 0x7c, 0x75, 0x7c, 0x75, 0x5c, 0x75, 0x5c, 0x75, 0x5c, 0x75, 0x5c, 0x75, 0x5c, 0x75, 0x5b, 0x75, 0x5b, 0x6d,
    0x3b, 0x6d, 0x3b, 0x6d, 0x3b, 0x6d, 0x3b, 0x6d, 0x3b, 0x6d, 0x3b, 0x6d, 0x3b, 0x6d, 0x1b, 0x6d, 0x1b, 0x65, 0x1b,
    0x65, 0x1b, 0x65, 0x1b, 0x65, 0x1b, 0x65, 0x1b, 0x65, 0xfb, 0x64, 0xfb, 0x64, 0xfb, 0x64, 0x7b, 0x7d, 0xbc, 0x85,
    0x9a, 0x4c, 0x19, 0x34, 0x39, 0x3c, 0x39, 0x3c, 0x39, 0x3c, 0x19, 0x34, 0x19, 0x34, 0x19, 0x34, 0x19, 0x34, 0x19,
    0x34, 0x19, 0x34, 0x19, 0x34, 0x19, 0x34, 0x19, 0x34, 0xd9, 0x2b, 0x1b, 0x6d, 0x5c, 0xae, 0x9e, 0xae, 0x13, 0x64,
    0x05, 0x11, 0x67, 0x19, 0x26, 0x19, 0x05, 0x11, 0x04, 0x11, 0xe4, 0x10, 0xc3, 0x10, 0xa3, 0x08, 0x83, 0x08, 0x82,
    0x08, 0x62, 0x08, 0x62, 0x08, 0x41, 0x00, 0x41, 0x00, 0x41, 0x00, 0x21, 0x00, 0x20, 0x00, 0x20, 0x00, 0x20, 0x00,
    0x00, 0x00, 0x00, 0x00, 0x00, 0x00, 0x00, 0x00, 0x00, 0x00, 0x00, 0x00, 0x00, 0x00, 0x00, 0x00, 0x00, 0x00, 0x00,
    0x00, 0x00, 0x00, 0x00, 0x00, 0x00, 0x00, 0x00, 0x00, 0x00, 0x00, 0x00, 0x00, 0x00, 0x00, 0x00, 0x00, 0x00, 0x00,
    0x00, 0x00, 0x00, 0x00, 0x00, 0x00, 0x00, 0x00, 0x00, 0x00, 0x00, 0x00, 0x00, 0x00, 0x00, 0x00, 0x00, 0x00, 0x00,
    0x00, 0x00, 0x00, 0x00, 0x00, 0x00, 0x00, 0x20, 0x00, 0x00, 0x00, 0x00, 0x00, 0x00, 0x00, 0x41, 0x00, 0x21, 0x00,
    0x21, 0x00, 0x41, 0x00, 0x41, 0x00, 0x61, 0x00, 0x62, 0x08, 0x82, 0x08, 0x82, 0x08, 0xa3, 0x08, 0xc3, 0x08, 0xc4,
    0x10, 0xe4, 0x10, 0x05, 0x11, 0x25, 0x11, 0x46, 0x19, 0x25, 0x11, 0xac, 0x42, 0x7f, 0xd7, 0x7f, 0xd7, 0x3f, 0xcf,
    0x9f, 0x9e, 0x9f, 0x9e, 0x9f, 0x9e, 0x9f, 0x9e, 0x9e, 0x9e, 0x7e, 0x9e, 0x7e, 0x96, 0x7e, 0x96, 0x7e, 0x96, 0x7e,
    0x96, 0x7e, 0x96, 0x5e, 0x96, 0x5e, 0x96, 0x5e, 0x96, 0x5e, 0x8e, 0xbe, 0xae, 0xfe, 0xbe, 0x9e, 0xa6, 0x7e, 0x9e,
    0x7e, 0x9e, 0x7e, 0x9e, 0x7e, 0x9e, 0x7e, 0x9e, 0x7e, 0x9e, 0x7e, 0x9e, 0x5e, 0x9e, 0x5e, 0x9e, 0x5e, 0x9e, 0x5e,
    0x9e, 0x5e, 0x9e, 0x5e, 0x96, 0x5e, 0x96, 0x3d, 0x96, 0x3d, 0x96, 0x3d, 0x96, 0x3d, 0x96, 0x3d, 0x96, 0x3d, 0x96,
    0x3d, 0x96, 0x1d, 0x96, 0x1d, 0x96, 0x1d, 0x8e, 0x1d, 0x8e, 0x1d, 0x8e, 0x1d, 0x8e, 0xfd, 0x8d, 0xfd, 0x8d, 0xfd,
    0x8d, 0xfd, 0x8d, 0xfd, 0x8d, 0xfd, 0x8d, 0xfd, 0x85, 0xdd, 0x85, 0xdd, 0x85, 0xdd, 0x85, 0xdd, 0x85, 0xdd, 0x85,
    0xdd, 0x85, 0xdc, 0x85, 0xdc, 0x85, 0xbc, 0x85, 0xbc, 0x7d, 0xbc, 0x7d, 0xbc, 0x7d, 0xbc, 0x7d, 0xbc, 0x7d, 0x9c,
    0x7d, 0x9c, 0x7d, 0x9c, 0x7d, 0x9c, 0x7d, 0x9c, 0x7d, 0x7c, 0x7d, 0x7c, 0x7d, 0x7c, 0x75, 0x7c, 0x75, 0x7c, 0x75,
    0x7c, 0x75, 0x7c, 0x75, 0x5c, 0x75, 0x5c, 0x75, 0x5c, 0x75, 0x5c, 0x75, 0x5c, 0x75, 0x5b, 0x75, 0x5b, 0x6d, 0x3b,
    0x6d, 0x3b, 0x6d, 0x3b, 0x6d, 0x3b, 0x6d, 0x3b, 0x6d, 0x3b, 0x6d, 0x3b, 0x6d, 0x1b, 0x6d, 0x1b, 0x65, 0x1b, 0x65,
    0x1b, 0x65, 0x1b, 0x65, 0x1b, 0x65, 0x1b, 0x65, 0xfb, 0x64, 0xfb, 0x64, 0xfb, 0x64, 0xfb, 0x64, 0x9c, 0x7d, 0x9c,
    0x7d, 0x5a, 0x44, 0x39, 0x3c, 0x39, 0x3c, 0x39, 0x3c, 0x19, 0x34, 0x19, 0x34, 0x19, 0x34, 0x19, 0x34, 0x19, 0x34,
    0x19, 0x34, 0x19, 0x34, 0x19, 0x34, 0x19, 0x34, 0x19, 0x34, 0xf9, 0x2b, 0x5b, 0x7d, 0x5c, 0xae, 0x7e, 0xae, 0x91,
    0x5b, 0x05, 0x11, 0x66, 0x19, 0x26, 0x19, 0x05, 0x11, 0xe4, 0x10, 0xe4, 0x10, 0xc3, 0x08, 0xa3, 0x08, 0x83, 0x08,
    0x82, 0x08, 0x62, 0x08, 0x62, 0x08, 0x41, 0x00, 0x41, 0x00, 0x21, 0x00, 0x21, 0x00, 0x20, 0x00, 0x20, 0x00, 0x20,
    0x00, 0x00, 0x00, 0x00, 0x00, 0x00, 0x00, 0x00, 0x00, 0x00, 0x00, 0x00, 0x00, 0x00, 0x00, 0x00, 0x00, 0x00, 0x00,
    0x00, 0x00, 0x00, 0x00, 0x00, 0x00, 0x00, 0x00, 0x00, 0x00, 0x00, 0x00, 0x00, 0x00, 0x00, 0x00, 0x00, 0x00, 0x00,
    0x00, 0x00, 0x00, 0x00, 0x00, 0x00, 0x00, 0x00, 0x00, 0x00, 0x00, 0x00, 0x00, 0x00, 0x00, 0x00, 0x00, 0x00, 0x00,
    0x00, 0x00, 0x00, 0x00, 0x00, 0x00, 0x00, 0x00, 0x00, 0x00, 0x20, 0x00, 0xa2, 0x10, 0x61, 0x08, 0x00, 0x00, 0x20,
    0x00, 0x41, 0x00, 0x41, 0x00, 0x41, 0x00, 0x61, 0x00, 0x62, 0x08, 0x82, 0x08, 0x82, 0x08, 0xa3, 0x08, 0xa3, 0x08,
    0xc4, 0x10, 0xe4, 0x10, 0x05, 0x11, 0x25, 0x11, 0x46, 0x19, 0x46, 0x19, 0xc8, 0x21, 0xfd, 0xc6, 0x7f, 0xd7, 0x5f,
    0xd7, 0xbf, 0xa6, 0x9f, 0x9e, 0x9f, 0x9e, 0x9e, 0x9e, 0x7e, 0x9e, 0x7e, 0x96, 0x7e, 0x96, 0x7e, 0x96, 0x7e, 0x96,
    0x7e, 0x96, 0x5e, 0x96, 0x5e, 0x96, 0x5e, 0x96, 0x5e, 0x96, 0x3e, 0x8e, 0x9e, 0xa6, 0xff, 0xbe, 0xbe, 0xae, 0x7e,
    0x9e, 0x7e, 0x9e, 0x7e, 0x9e, 0x7e, 0x9e, 0x7e, 0x9e, 0x7e, 0x9e, 0x5e, 0x9e, 0x5e, 0x9e, 0x5e, 0x9e, 0x5e, 0x9e,
    0x5e, 0x9e, 0x5e, 0x96, 0x5e, 0x96, 0x3d, 0x96, 0x3d, 0x96, 0x3d, 0x96, 0x3d, 0x96, 0x3d, 0x96, 0x3d, 0x96, 0x3d,
    0x96, 0x1d, 0x96, 0x1d, 0x96, 0x1d, 0x8e, 0x1d, 0x8e, 0x1d, 0x8e, 0x1d, 0x8e, 0xfd, 0x8d, 0xfd, 0x8d, 0xfd, 0x8d,
    0xfd, 0x8d, 0xfd, 0x8d, 0xfd, 0x8d, 0xfd, 0x85, 0xdd, 0x85, 0xdd, 0x85, 0xdd, 0x85, 0xdd, 0x85, 0xdd, 0x85, 0xdd,
    0x85, 0xdc, 0x85, 0xdc, 0x85, 0xbc, 0x85, 0xbc, 0x7d, 0xbc, 0x7d, 0xbc, 0x7d, 0xbc, 0x7d, 0xbc, 0x7d, 0x9c, 0x7d,
    0x9c, 0x7d, 0x9c, 0x7d, 0x9c, 0x7d, 0x9c, 0x7d, 0x7c, 0x7d, 0x7c, 0x7d, 0x7c, 0x75, 0x7c, 0x75, 0x7c, 0x75, 0x7c,
    0x75, 0x7c, 0x75, 0x5c, 0x75, 0x5c, 0x75, 0x5c, 0x75, 0x5c, 0x75, 0x5c, 0x75, 0x5b, 0x75, 0x5b, 0x6d, 0x3b, 0x6d,
    0x3b, 0x6d, 0x3b, 0x6d, 0x3b, 0x6d, 0x3b, 0x6d, 0x3b, 0x6d, 0x3b, 0x6d, 0x1b, 0x6d, 0x1b, 0x65, 0x1b, 0x65, 0x1b,
    0x65, 0x1b, 0x65, 0x1b, 0x65, 0x1b, 0x65, 0xfb, 0x64, 0xfb, 0x64, 0xfb, 0x64, 0xfb, 0x5c, 0x1b, 0x6d, 0xbc, 0x85,
    0x5b, 0x75, 0x39, 0x3c, 0x39, 0x3c, 0x39, 0x3c, 0x19, 0x34, 0x19, 0x34, 0x19, 0x34, 0x19, 0x34, 0x19, 0x34, 0x19,
    0x34, 0x19, 0x34, 0x19, 0x34, 0x19, 0x34, 0x19, 0x34, 0x19, 0x34, 0xf9, 0x33, 0xdc, 0x8d, 0x5d, 0xa6, 0x5d, 0xa6,
    0x8c, 0x3a, 0x26, 0x11, 0x46, 0x19, 0x25, 0x11, 0x05, 0x11, 0xe4, 0x10, 0xc4, 0x10, 0xc3, 0x08, 0xa3, 0x08, 0x82,
    0x08, 0x82, 0x08, 0x62, 0x08, 0x61, 0x08, 0x41, 0x00, 0x41, 0x00, 0x21, 0x00, 0x21, 0x00, 0x20, 0x00, 0x20, 0x00,
    0x00, 0x00, 0x00, 0x00, 0x00, 0x00, 0x00, 0x00, 0x00, 0x00, 0x00, 0x00, 0x00, 0x00, 0x00, 0x00, 0x00, 0x00, 0x00,
    0x00, 0x00, 0x00, 0x00, 0x00, 0x00, 0x00, 0x00, 0x00, 0x00, 0x00, 0x00, 0x00, 0x00, 0x00, 0x00, 0x00, 0x00, 0x00,
    0x00, 0x00, 0x00, 0x00, 0x00, 0x00, 0x00, 0x00, 0x00, 0x00, 0x00, 0x00, 0x00, 0x00, 0x00, 0x00, 0x00, 0x00, 0x00,
    0x00, 0x00, 0x00, 0x00, 0x00, 0x00, 0x00, 0x00, 0x00, 0xab, 0x4a, 0xd8, 0xa5, 0x9b, 0xbe, 0x3a, 0xae, 0x8f, 0x63,
    0x61, 0x08, 0x20, 0x00, 0x41, 0x00, 0x41, 0x00, 0x41, 0x00, 0x62, 0x08, 0x62, 0x08, 0x82, 0x08, 0xa3, 0x08, 0xa3,
    0x08, 0xc4, 0x10, 0xe4, 0x10, 0x05, 0x11, 0x05, 0x11, 0x46, 0x19, 0x67, 0x19, 0x46, 0x19, 0x19, 0xae, 0xbf, 0xdf,
    0x5f, 0xd7, 0xdf, 0xae, 0x7f, 0x96, 0x9e, 0x9e, 0x7e, 0x9e, 0x7e, 0x96, 0x7e, 0x96, 0x7e, 0x96, 0x7e, 0x96, 0x7e,
    0x96, 0x5e, 0x96, 0x5e, 0x96, 0x5e, 0x96, 0x5e, 0x8e, 0x5e, 0x8e, 0x3e, 0x8e, 0x7e, 0x9e, 0xde, 0xb6, 0xbe, 0xae,
    0x7e, 0x9e, 0x7e, 0x9e, 0x7e, 0x9e, 0x7e, 0x9e, 0x7e, 0x9e, 0x5e, 0x9e, 0x5e, 0x9e, 0x5e, 0x9e, 0x5e, 0x9e, 0x5e,
    0x9e, 0x5e, 0x96, 0x5e, 0x96, 0x3d, 0x96, 0x3d, 0x96, 0x3d, 0x96, 0x3d, 0x96, 0x3d, 0x96, 0x3d, 0x96, 0x3d, 0x96,
    0x1d, 0x96, 0x1d, 0x96, 0x1d, 0x8e, 0x1d, 0x8e, 0x1d, 0x8e, 0x1d, 0x8e, 0xfd, 0x8d, 0xfd, 0x8d, 0xfd, 0x8d, 0xfd,
    0x8d, 0xfd, 0x8d, 0xfd, 0x8d, 0xfd, 0x85, 0xdd, 0x85, 0xdd, 0x85, 0xdd, 0x85, 0xdd, 0x85, 0xdd, 0x85, 0xdd, 0x85,
    0xdc, 0x85, 0xdc, 0x85, 0xbc, 0x85, 0xbc, 0x7d, 0xbc, 0x7d, 0xbc, 0x7d, 0xbc, 0x7d, 0xbc, 0x7d, 0x9c, 0x7d, 0x9c,
    0x7d, 0x9c, 0x7d, 0x9c, 0x7d, 0x9c, 0x7d, 0x7c, 0x7d, 0x7c, 0x7d, 0x7c, 0x75, 0x7c, 0x75, 0x7c, 0x75, 0x7c, 0x75,
    0x7c, 0x75, 0x5c, 0x75, 0x5c, 0x75, 0x5c, 0x75, 0x5c, 0x75, 0x5c, 0x75, 0x5b, 0x75, 0x5b, 0x6d, 0x3b, 0x6d, 0x3b,
    0x6d, 0x3b, 0x6d, 0x3b, 0x6d, 0x3b, 0x6d, 0x3b, 0x6d, 0x3b, 0x6d, 0x1b, 0x6d, 0x1b, 0x65, 0x1b, 0x65, 0x1b, 0x65,
    0x1b, 0x65, 0x1b, 0x65, 0x1b, 0x65, 0xfb, 0x64, 0xfb, 0x64, 0xfb, 0x64, 0xfb, 0x64, 0xdb, 0x5c, 0x3b, 0x75, 0xbc,
    0x85, 0xfb, 0x5c, 0x19, 0x34, 0x39, 0x3c, 0x19, 0x34, 0x19, 0x34, 0x19, 0x34, 0x19, 0x34, 0x19, 0x34, 0x19, 0x34,
    0x19, 0x34, 0x19, 0x34, 0x19, 0x34, 0x19, 0x34, 0x19, 0x34, 0xf9, 0x33, 0x3a, 0x3c, 0x1c, 0x9e, 0x5d, 0xa6, 0xfb,
    0x9d, 0xe9, 0x29, 0x46, 0x19, 0x46, 0x19, 0x25, 0x11, 0x05, 0x11, 0xe4, 0x10, 0xc4, 0x10, 0xc3, 0x08, 0xa3, 0x08,
    0x82, 0x08, 0x82, 0x08, 0x62, 0x08, 0x61, 0x00, 0x41, 0x00, 0x41, 0x00, 0x21, 0x00, 0x21, 0x00, 0x00, 0x00, 0x20,
    0x00, 0x41, 0x08, 0x00, 0x00, 0x00, 0x00, 0x00, 0x00, 0x00, 0x00, 0x00, 0x00, 0x00, 0x00, 0x00, 0x00, 0x00, 0x00,
    0x00, 0x00, 0x00, 0x00, 0x00, 0x00, 0x00, 0x00, 0x00, 0x00, 0x00, 0x00, 0x00, 0x00, 0x00, 0x00, 0x00, 0x00, 0x00,
    0x00, 0x00, 0x00, 0x00, 0x00, 0x00, 0x00, 0x00, 0x00, 0x00, 0x00, 0x00, 0x00, 0x00, 0x00, 0x00, 0x00, 0x00, 0x00,
    0x00, 0x00, 0x00, 0x00, 0x00, 0x00, 0x00, 0x00, 0x11, 0x74, 0x7f, 0xd7, 0x1e, 0xcf, 0xfd, 0xc6, 0xfd, 0xc6, 0x7f,
    0xd7, 0x97, 0x9d, 0x62, 0x08, 0x21, 0x00, 0x41, 0x00, 0x41, 0x00, 0x62, 0x08, 0x62, 0x08, 0x82, 0x08, 0xa3, 0x08,
    0xa3, 0x08, 0xc4, 0x10, 0xe4, 0x10, 0x05, 0x11, 0x05, 0x11, 0x26, 0x19, 0x67, 0x19, 0x05, 0x11, 0xf5, 0x84, 0xdf,
    0xdf, 0x5f, 0xd7, 0xff, 0xb6, 0x7e, 0x96, 0x9e, 0x9e, 0x7e, 0x96, 0x7e, 0x96, 0x7e, 0x96, 0x7e, 0x96, 0x7e, 0x96,
    0x5e, 0x96, 0x5e, 0x96, 0x5e, 0x96, 0x5e, 0x8e, 0x3e, 0x8e, 0x3e, 0x8e, 0x3e, 0x8e, 0x3e, 0x8e, 0xde, 0xb6, 0xde,
    0xb6, 0x7e, 0xa6, 0x7e, 0x9e, 0x7e, 0x9e, 0x7e, 0x9e, 0x5e, 0x9e, 0x5e, 0x9e, 0x5e, 0x9e, 0x5e, 0x9e, 0x5e, 0x9e,
    0x5e, 0x96, 0x5e, 0x96, 0x3d, 0x96, 0x3d, 0x96, 0x3d, 0x96, 0x3d, 0x96, 0x3d, 0x96, 0x3d, 0x96, 0x3d, 0x96, 0x1d,
    0x96, 0x1d, 0x96, 0x1d, 0x8e, 0x1d, 0x8e, 0x1d, 0x8e, 0x1d, 0x8e, 0xfd, 0x8d, 0xfd, 0x8d, 0xfd, 0x8d, 0xfd, 0x8d,
    0xfd, 0x8d, 0xfd, 0x8d, 0xfd, 0x85, 0xdd, 0x85, 0xdd, 0x85, 0xdd, 0x85, 0xdd, 0x85, 0xdd, 0x85, 0xdd, 0x85, 0xdc,
    0x85, 0xdc, 0x85, 0xbc, 0x85, 0xbc, 0x7d, 0xbc, 0x7d, 0xbc, 0x7d, 0xbc, 0x7d, 0xbc, 0x7d, 0x9c, 0x7d, 0x9c, 0x7d,
    0x9c, 0x7d, 0x9c, 0x7d, 0x9c, 0x7d, 0x7c, 0x7d, 0x7c, 0x7d, 0x7c, 0x75, 0x7c, 0x75, 0x7c, 0x75, 0x7c, 0x75, 0x7c,
    0x75, 0x5c, 0x75, 0x5c, 0x75, 0x5c, 0x75, 0x5c, 0x75, 0x5c, 0x75, 0x5b, 0x75, 0x5b, 0x6d, 0x3b, 0x6d, 0x3b, 0x6d,
    0x3b, 0x6d, 0x3b, 0x6d, 0x3b, 0x6d, 0x3b, 0x6d, 0x3b, 0x6d, 0x1b, 0x6d, 0x1b, 0x65, 0x1b, 0x65, 0x1b, 0x65, 0x1b,
    0x65, 0x1b, 0x65, 0x1b, 0x65, 0xfb, 0x64, 0xfb, 0x64, 0xfb, 0x64, 0xfb, 0x64, 0xfb, 0x64, 0xfb, 0x5c, 0x7b, 0x7d,
    0x9c, 0x85, 0x7a, 0x4c, 0x19, 0x34, 0x19, 0x3c, 0x19, 0x34, 0x19, 0x34, 0x19, 0x34, 0x19, 0x34, 0x19, 0x34, 0x19,
    0x34, 0x19, 0x34, 0x19, 0x34, 0x19, 0x34, 0x19, 0x34, 0x19, 0x34, 0xf9, 0x2b, 0x9a, 0x4c, 0x3c, 0xa6, 0x7d, 0xae,
    0x58, 0x8d, 0x67, 0x19, 0x66, 0x19, 0x46, 0x19, 0x25, 0x11, 0x05, 0x11, 0xe4, 0x10, 0xc4, 0x10, 0xa3, 0x08, 0xa3,
    0x08, 0x82, 0x08, 0x82, 0x08, 0x62, 0x08, 0x61, 0x00, 0x41, 0x00, 0x41, 0x00, 0x41, 0x00, 0x00, 0x00, 0x04, 0x21,
    0x49, 0x4a, 0x69, 0x4a, 0x08, 0x42, 0x82, 0x10, 0x00, 0x00, 0x00, 0x00, 0x00, 0x00, 0x00, 0x00, 0x00, 0x00, 0x00,
    0x00, 0x00, 0x00, 0x00, 0x00, 0x00, 0x00, 0x00, 0x00, 0x00, 0x00, 0x00, 0x00, 0x00, 0x00, 0x00, 0x00, 0x00, 0x00,
    0x00, 0x00, 0x00, 0x00, 0x00, 0x00, 0x00, 0x00, 0x00, 0x00, 0x00, 0x00, 0x00, 0x00, 0x00, 0x00, 0x00, 0x00, 0x00,
    0x00, 0x00, 0x00, 0x20, 0x00, 0x00, 0x00, 0xc7, 0x31, 0x5f, 0xd7, 0xbc, 0xbe, 0xdd, 0xc6, 0xdd, 0xc6, 0xdd, 0xc6,
    0x9c, 0xbe, 0x7f, 0xd7, 0x8f, 0x63, 0x00, 0x00, 0x61, 0x08, 0x41, 0x00, 0x62, 0x08, 0x62, 0x08, 0x82, 0x08, 0x83,
    0x08, 0xa3, 0x08, 0xc3, 0x08, 0xe4, 0x10, 0xe4, 0x10, 0x05, 0x11, 0x26, 0x11, 0x66, 0x19, 0x05, 0x11, 0xb0, 0x63,
    0xbf, 0xdf, 0x5f, 0xd7, 0x1f, 0xbf, 0x7e, 0x96, 0x7e, 0x96, 0x7e, 0x96, 0x7e, 0x96, 0x7e, 0x96, 0x7e, 0x96, 0x5e,
    0x96, 0x5e, 0x96, 0x5e, 0x96, 0x5e, 0x8e, 0x3e, 0x8e, 0x3e, 0x8e, 0x3e, 0x8e, 0x3e, 0x8e, 0x3e, 0x8e, 0x9e, 0xa6,
    0xde, 0xb6, 0x9e, 0xa6, 0x7e, 0x9e, 0x7e, 0x9e, 0x5e, 0x9e, 0x5e, 0x9e, 0x5e, 0x9e, 0x5e, 0x9e, 0x5e, 0x9e, 0x5e,
    0x96, 0x5e, 0x96, 0x3d, 0x96, 0x3d, 0x96, 0x3d, 0x96, 0x3d, 0x96, 0x3d, 0x96, 0x3d, 0x96, 0x3d, 0x96, 0x1d, 0x96,
    0x1d, 0x96, 0x1d, 0x8e, 0x1d, 0x8e, 0x1d, 0x8e, 0x1d, 0x8e, 0xfd, 0x8d, 0xfd, 0x8d, 0xfd, 0x8d, 0xfd, 0x8d, 0xfd,
    0x8d, 0xfd, 0x8d, 0xfd, 0x85, 0xdd, 0x85, 0xdd, 0x85, 0xdd, 0x85, 0xdd, 0x85, 0xdd, 0x85, 0xdd, 0x85, 0xdc, 0x85,
    0xdc, 0x85, 0xbc, 0x85, 0xbc, 0x7d, 0xbc, 0x7d, 0xbc, 0x7d, 0xbc, 0x7d, 0xbc, 0x7d, 0x9c, 0x7d, 0x9c, 0x7d, 0x9c,
    0x7d, 0x9c, 0x7d, 0x9c, 0x7d, 0x7c, 0x7d, 0x7c, 0x7d, 0x7c, 0x75, 0x7c, 0x75, 0x7c, 0x75, 0x7c, 0x75, 0x7c, 0x75,
    0x5c, 0x75, 0x5c, 0x75, 0x5c, 0x75, 0x5c, 0x75, 0x5c, 0x75, 0x5b, 0x75, 0x5b, 0x6d, 0x3b, 0x6d, 0x3b, 0x6d, 0x3b,
    0x6d, 0x3b, 0x6d, 0x3b, 0x6d, 0x3b, 0x6d, 0x3b, 0x6d, 0x1b, 0x6d, 0x1b, 0x65, 0x1b, 0x65, 0x1b, 0x65, 0x1b, 0x65,
    0x1b, 0x65, 0x1b, 0x65, 0xfb, 0x64, 0xfb, 0x64, 0xfb, 0x64, 0xfb, 0x64, 0xfb, 0x64, 0xfb, 0x5c, 0xfb, 0x64, 0x9c,
    0x85, 0x5b, 0x7d, 0x39, 0x3c, 0x19, 0x34, 0x19, 0x34, 0x19, 0x34, 0x19, 0x34, 0x19, 0x34, 0x19, 0x34, 0x19, 0x34,
    0x19, 0x34, 0x19, 0x34, 0x19, 0x34, 0x19, 0x34, 0x19, 0x34, 0x19, 0x34, 0xd9, 0x2b, 0xfb, 0x64, 0x5c, 0xae, 0x7e,
    0xae, 0x75, 0x74, 0x25, 0x11, 0x67, 0x19, 0x26, 0x19, 0x05, 0x11, 0x05, 0x11, 0xe4, 0x10, 0xc4, 0x10, 0xa3, 0x08,
    0xa3, 0x08, 0x82, 0x08, 0x62, 0x08, 0x62, 0x08, 0x41, 0x00, 0x41, 0x00, 0x41, 0x00, 0x00, 0x00, 0x04, 0x21, 0xcb,
    0x52, 0xaa, 0x52, 0x8a, 0x52, 0xaa, 0x52, 0x69, 0x4a, 0x82, 0x10, 0x00, 0x00, 0x00, 0x00, 0x00, 0x00, 0x00, 0x00,
    0x00, 0x00, 0x00, 0x00, 0x00, 0x00, 0x00, 0x00, 0x00, 0x00, 0x00, 0x00, 0x00, 0x00, 0x00, 0x00, 0x00, 0x00, 0x00,
    0x00, 0x00, 0x00, 0x00, 0x00, 0x00, 0x00, 0x00, 0x00, 0x00, 0x00, 0x00, 0x00, 0x00, 0x00, 0x00, 0x00, 0x00, 0x00,
    0x00, 0x00, 0x00, 0x00, 0x20, 0x00, 0x00, 0x00, 0xd4, 0x8c, 0x3f, 0xcf, 0xbc, 0xbe, 0xdd, 0xc6, 0xdd, 0xc6, 0xdd,
    0xc6, 0xdd, 0xc6, 0xfe, 0xc6, 0x3a, 0xb6, 0x62, 0x08, 0x21, 0x00, 0x41, 0x00, 0x61, 0x08, 0x62, 0x08, 0x82, 0x08,
    0x82, 0x08, 0xa3, 0x08, 0xc3, 0x08, 0xc4, 0x10, 0xe4, 0x10, 0x05, 0x11, 0x25, 0x11, 0x46, 0x19, 0x26, 0x11, 0x6b,
    0x3a, 0x5f, 0xd7, 0x5f, 0xd7, 0x3f, 0xcf, 0x9e, 0x9e, 0x7e, 0x96, 0x7e, 0x96, 0x7e, 0x96, 0x7e, 0x96, 0x5e, 0x96,
    0x5e, 0x96, 0x5e, 0x96, 0x5e, 0x8e, 0x3e, 0x8e, 0x3e, 0x8e, 0x3e, 0x8e, 0x3e, 0x8e, 0x3e, 0x8e, 0x1e, 0x86, 0x5e,
    0x9e, 0xde, 0xb6, 0xbe, 0xae, 0x7e, 0x9e, 0x5e, 0x9e, 0x5e, 0x9e, 0x5e, 0x9e, 0x5e, 0x9e, 0x5e, 0x9e, 0x5e, 0x96,
    0x5e, 0x96, 0x3d, 0x96, 0x3d, 0x96, 0x3d, 0x96, 0x3d, 0x96, 0x3d, 0x96, 0x3d, 0x96, 0x3d, 0x96, 0x1d, 0x96, 0x1d,
    0x96, 0x1d, 0x8e, 0x1d, 0x8e, 0x1d, 0x8e, 0x1d, 0x8e, 0xfd, 0x8d, 0xfd, 0x8d, 0xfd, 0x8d, 0xfd, 0x8d, 0xfd, 0x8d,
    0xfd, 0x8d, 0xfd, 0x85, 0xdd, 0x85, 0xdd, 0x85, 0xdd, 0x85, 0xdd, 0x85, 0xdd, 0x85, 0xdd, 0x85, 0xdc, 0x85, 0xdc,
    0x85, 0xbc, 0x85, 0xbc, 0x7d, 0xbc, 0x7d, 0xbc, 0x7d, 0xbc, 0x7d, 0xbc, 0x7d, 0x9c, 0x7d, 0x9c, 0x7d, 0x9c, 0x7d,
    0x9c, 0x7d, 0x9c, 0x7d, 0x7c, 0x7d, 0x7c, 0x7d, 0x7c, 0x75, 0x7c, 0x75, 0x7c, 0x75, 0x7c, 0x75, 0x7c, 0x75, 0x5c,
    0x75, 0x5c, 0x75, 0x5c, 0x75, 0x5c, 0x75, 0x5c, 0x75, 0x5b, 0x75, 0x5b, 0x6d, 0x3b, 0x6d, 0x3b, 0x6d, 0x3b, 0x6d,
    0x3b, 0x6d, 0x3b, 0x6d, 0x3b, 0x6d, 0x3b, 0x6d, 0x1b, 0x6d, 0x1b, 0x65, 0x1b, 0x65, 0x1b, 0x65, 0x1b, 0x65, 0x1b,
    0x65, 0x1b, 0x65, 0xfb, 0x64, 0xfb, 0x64, 0xfb, 0x64, 0xfb, 0x64, 0xfb, 0x64, 0xfb, 0x64, 0xda, 0x5c, 0x3b, 0x6d,
    0xbc, 0x85, 0xfb, 0x64, 0x19, 0x34, 0x19, 0x34, 0x19, 0x34, 0x19, 0x34, 0x19, 0x34, 0x19, 0x34, 0x19, 0x34, 0x19,
    0x34, 0x19, 0x34, 0x19, 0x34, 0x19, 0x34, 0x19, 0x34, 0x19, 0x34, 0x19, 0x34, 0xf9, 0x2b, 0x9c, 0x85, 0x5c, 0xae,
    0x7e, 0xae, 0x4f, 0x53, 0x25, 0x11, 0x66, 0x19, 0x26, 0x11, 0x05, 0x11, 0xe4, 0x10, 0xe4, 0x10, 0xc3, 0x08, 0xa3,
    0x08, 0xa3, 0x08, 0x82, 0x08, 0x62, 0x08, 0x62, 0x08, 0x41, 0x00, 0x41, 0x00, 0x41, 0x00, 0x21, 0x00, 0x49, 0x4a,
    0xaa, 0x52, 0x8a, 0x52, 0x8a, 0x52, 0x6a, 0x4a, 0xaa, 0x52, 0xa6, 0x31, 0x00, 0x00, 0x00, 0x00, 0x00, 0x00, 0x00,
    0x00, 0x00, 0x00, 0x00, 0x00, 0x00, 0x00, 0x00, 0x00, 0x00, 0x00, 0x00, 0x00, 0x00, 0x00, 0x00, 0x00, 0x00, 0x00,
    0x00, 0x00, 0x00, 0x00, 0x00, 0x00, 0x00, 0x00, 0x00, 0x00, 0x00, 0x00, 0x00, 0x00, 0x00, 0x00, 0x00, 0x00, 0x00,
    0x00, 0x00, 0x00, 0x00, 0x00, 0x00, 0x00, 0x00, 0x00, 0x56, 0x95, 0x3e, 0xcf, 0xbd, 0xc6, 0xdd, 0xc6, 0xdd, 0xc6,
    0xdd, 0xc6, 0xdd, 0xc6, 0xfd, 0xc6, 0x9c, 0xbe, 0xc3, 0x10, 0x20, 0x00, 0x41, 0x00, 0x61, 0x00, 0x62, 0x08, 0x82,
    0x08, 0x82, 0x08, 0xa3, 0x08, 0xc3, 0x08, 0xc4, 0x10, 0xe4, 0x10, 0x05, 0x11, 0x25, 0x11, 0x46, 0x19, 0x46, 0x19,
    0x87, 0x19, 0x7b, 0xb6, 0x7f, 0xd7, 0x5f, 0xd7, 0xbe, 0xa6, 0x5e, 0x96, 0x7e, 0x96, 0x7e, 0x96, 0x5e, 0x96, 0x5e,
    0x96, 0x5e, 0x96, 0x5e, 0x8e, 0x3e, 0x8e, 0x3e, 0x8e, 0x3e, 0x8e, 0x3e, 0x8e, 0x3e, 0x8e, 0x3e, 0x8e, 0x1e, 0x8e,
    0x3e, 0x8e, 0xbe, 0xae, 0xbe, 0xb6, 0x7e, 0x9e, 0x5e, 0x9e, 0x5e, 0x9e, 0x5e, 0x9e, 0x5e, 0x9e, 0x5e, 0x96, 0x5e,
    0x96, 0x3d, 0x96, 0x3d, 0x96, 0x3d, 0x96, 0x3d, 0x96, 0x3d, 0x96, 0x3d, 0x96, 0x3d, 0x96, 0x1d, 0x96, 0x1d, 0x96,
    0x1d, 0x8e, 0x1d, 0x8e, 0x1d, 0x8e, 0x1d, 0x8e, 0xfd, 0x8d, 0xfd, 0x8d, 0xfd, 0x8d, 0xfd, 0x8d, 0xfd, 0x8d, 0xfd,
    0x8d, 0xfd, 0x85, 0xdd, 0x85, 0xdd, 0x85, 0xdd, 0x85, 0xdd, 0x85, 0xdd, 0x85, 0xdd, 0x85, 0xdc, 0x85, 0xdc, 0x85,
    0xbc, 0x85, 0xbc, 0x7d, 0xbc, 0x7d, 0xbc, 0x7d, 0xbc, 0x7d, 0xbc, 0x7d, 0x9c, 0x7d, 0x9c, 0x7d, 0x9c, 0x7d, 0x9c,
    0x7d, 0x9c, 0x7d, 0x7c, 0x7d, 0x7c, 0x7d, 0x7c, 0x75, 0x7c, 0x75, 0x7c, 0x75, 0x7c, 0x75, 0x7c, 0x75, 0x5c, 0x75,
    0x5c, 0x75, 0x5c, 0x75, 0x5c, 0x75, 0x5c, 0x75, 0x5b, 0x75, 0x5b, 0x6d, 0x3b, 0x6d, 0x3b, 0x6d, 0x3b, 0x6d, 0x3b,
    0x6d, 0x3b, 0x6d, 0x3b, 0x6d, 0x3b, 0x6d, 0x1b, 0x6d, 0x1b, 0x65, 0x1b, 0x65, 0x1b, 0x65, 0x1b, 0x65, 0x1b, 0x65,
    0x1b, 0x65, 0xfb, 0x64, 0xfb, 0x64, 0xfb, 0x64, 0xfb, 0x64, 0xfb, 0x64, 0xfb, 0x5c, 0xdb, 0x5c, 0xdb, 0x5c, 0x7b,
    0x7d, 0x9c, 0x85, 0x7a, 0x4c, 0x19, 0x34, 0x19, 0x34, 0x19, 0x34, 0x19, 0x34, 0x19, 0x34, 0x19, 0x34, 0x19, 0x34,
    0x19, 0x34, 0x19, 0x34, 0x19, 0x34, 0x19, 0x34, 0x19, 0x34, 0x19, 0x34, 0xf9, 0x33, 0x39, 0x3c, 0x1c, 0x9e, 0x5d,
    0xa6, 0x3d, 0xa6, 0x4a, 0x32, 0x46, 0x11, 0x46, 0x19, 0x25, 0x11, 0x05, 0x11, 0xe4, 0x10, 0xc4, 0x10, 0xc3, 0x08,
    0xa3, 0x08, 0x83, 0x08, 0x82, 0x08, 0x62, 0x08, 0x61, 0x08, 0x41, 0x00, 0x41, 0x00, 0x21, 0x00, 0x61, 0x08, 0x6a,
    0x4a, 0x8a, 0x52, 0x8a, 0x52, 0x8a, 0x52, 0x8a, 0x52, 0xaa, 0x52, 0xe7, 0x39, 0x00, 0x00, 0x00, 0x00, 0x00, 0x00,
    0x00, 0x00, 0x00, 0x00, 0x00, 0x00, 0x00, 0x00, 0x00, 0x00, 0x00, 0x00, 0x00, 0x00, 0x00, 0x00, 0x00, 0x00, 0x00,
    0x00, 0x00, 0x00, 0x00, 0x00, 0x00, 0x00, 0x00, 0x00, 0x00, 0x00, 0x00, 0x00, 0x00, 0x00, 0x00, 0x00, 0x00, 0x00,
    0x00, 0x00, 0x00, 0x00, 0x00, 0x00, 0x20, 0x00, 0x00, 0x00, 0x32, 0x7c, 0x5f, 0xcf, 0xbc, 0xbe, 0xdd, 0xc6, 0xdd,
    0xc6, 0xdd, 0xc6, 0xbd, 0xc6, 0x1e, 0xcf, 0xd9, 0xa5, 0x41, 0x08, 0x41, 0x00, 0x41, 0x00, 0x41, 0x00, 0x62, 0x08,
    0x62, 0x08, 0x82, 0x08, 0xa3, 0x08, 0xa3, 0x08, 0xc4, 0x10, 0xe4, 0x10, 0x05, 0x11, 0x05, 0x11, 0x26, 0x19, 0x67,
    0x19, 0x05, 0x11, 0x36, 0x8d, 0xbf, 0xdf, 0x5f, 0xd7, 0xdf, 0xb6, 0x5e, 0x96, 0x7e, 0x96, 0x5e, 0x96, 0x5e, 0x96,
    0x5e, 0x96, 0x5e, 0x8e, 0x3e, 0x8e, 0x3e, 0x8e, 0x3e, 0x8e, 0x3e, 0x8e, 0x3e, 0x8e, 0x3e, 0x8e, 0x1e, 0x8e, 0x1e,
    0x8e, 0x1e, 0x86, 0x7e, 0xa6, 0xde, 0xb6, 0x9e, 0xa6, 0x5e, 0x96, 0x5e, 0x9e, 0x5e, 0x9e, 0x5e, 0x96, 0x5e, 0x96,
    0x3d, 0x96, 0x3d, 0x96, 0x3d, 0x96, 0x3d, 0x96, 0x3d, 0x96, 0x3d, 0x96, 0x3d, 0x96, 0x1d, 0x96, 0x1d, 0x96, 0x1d,
    0x8e, 0x1d, 0x8e, 0x1d, 0x8e, 0x1d, 0x8e, 0xfd, 0x8d, 0xfd, 0x8d, 0xfd, 0x8d, 0xfd, 0x8d, 0xfd, 0x8d, 0xfd, 0x8d,
    0xfd, 0x85, 0xdd, 0x85, 0xdd, 0x85, 0xdd, 0x85, 0xdd, 0x85, 0xdd, 0x85, 0xdd, 0x85, 0xdc, 0x85, 0xdc, 0x85, 0xbc,
    0x85, 0xbc, 0x7d, 0xbc, 0x7d, 0xbc, 0x7d, 0xbc, 0x7d, 0xbc, 0x7d, 0x9c, 0x7d, 0x9c, 0x7d, 0x9c, 0x7d, 0x9c, 0x7d,
    0x9c, 0x7d, 0x7c, 0x7d, 0x7c, 0x7d, 0x7c, 0x75, 0x7c, 0x75, 0x7c, 0x75, 0x7c, 0x75, 0x7c, 0x75, 0x5c, 0x75, 0x5c,
    0x75, 0x5c, 0x75, 0x5c, 0x75, 0x5c, 0x75, 0x5b, 0x75, 0x5b, 0x6d, 0x3b, 0x6d, 0x3b, 0x6d, 0x3b, 0x6d, 0x3b, 0x6d,
    0x3b, 0x6d, 0x3b, 0x6d, 0x3b, 0x6d, 0x1b, 0x6d, 0x1b, 0x65, 0x1b, 0x65, 0x1b, 0x65, 0x1b, 0x65, 0x1b, 0x65, 0x1b,
    0x65, 0xfb, 0x64, 0xfb, 0x64, 0xfb, 0x64, 0xfb, 0x64, 0xfb, 0x64, 0xfb, 0x5c, 0xfb, 0x5c, 0xdb, 0x5c, 0x1b, 0x65,
    0x9c, 0x85, 0x3b, 0x75, 0x19, 0x34, 0x19, 0x34, 0x19, 0x34, 0x19, 0x34, 0x19, 0x34, 0x19, 0x34, 0x19, 0x34, 0x19,
    0x34, 0x19, 0x34, 0x19, 0x34, 0x19, 0x34, 0x19, 0x34, 0x19, 0x34, 0x19, 0x34, 0xf9, 0x2b, 0xba, 0x54, 0x5d, 0xa6,
    0x5d, 0xa6, 0x79, 0x8d, 0x87, 0x19, 0x46, 0x19, 0x46, 0x19, 0x25, 0x11, 0x05, 0x11, 0xe4, 0x10, 0xc4, 0x10, 0xc3,
    0x08, 0xa3, 0x08, 0x82, 0x08, 0x82, 0x08, 0x62, 0x08, 0x61, 0x00, 0x41, 0x00, 0x41, 0x00, 0x41, 0x00, 0x20, 0x00,
    0x28, 0x42, 0xcb, 0x52, 0x8a, 0x4a, 0x8a, 0x52, 0x69, 0x4a, 0xcb, 0x5a, 0x65, 0x29, 0x00, 0x00, 0x00, 0x00, 0x00,
    0x00, 0x00, 0x00, 0x00, 0x00, 0x00, 0x00, 0x00, 0x00, 0x00, 0x00, 0x00, 0x00, 0x00, 0x00, 0x00, 0x00, 0x00, 0x00,
    0x00, 0x00, 0x00, 0x00, 0x00, 0x00, 0x00, 0x00, 0x00, 0x00, 0x00, 0x00, 0x00, 0x00, 0x00, 0x00, 0x00, 0x00, 0x00,
    0x00, 0x00, 0x00, 0x00, 0x00, 0x00, 0x00, 0x00, 0x00, 0x00, 0x00, 0x04, 0x19, 0xfe, 0xc6, 0xfd, 0xc6, 0xbc, 0xbe,
    0xdd, 0xc6, 0xbc, 0xbe, 0xbc, 0xbe, 0x7f, 0xd7, 0xab, 0x4a, 0x00, 0x00, 0x41, 0x08, 0x41, 0x00, 0x41, 0x00, 0x62,
    0x08, 0x62, 0x08, 0x82, 0x08, 0xa3, 0x08, 0xa3, 0x08, 0xc3, 0x08, 0xe4, 0x10, 0xe4, 0x10, 0x05, 0x11, 0x26, 0x19,
    0x66, 0x19, 0x05, 0x11, 0x2e, 0x53, 0x9f, 0xd7, 0x3f, 0xd7, 0x1f, 0xc7, 0x5e, 0x96, 0x5e, 0x96, 0x5e, 0x96, 0x5e,
    0x96, 0x5e, 0x8e, 0x3e, 0x8e, 0x3e, 0x8e, 0x3e, 0x8e, 0x3e, 0x8e, 0x3e, 0x8e, 0x3e, 0x8e, 0x1e, 0x8e, 0x1e, 0x8e,
    0x1e, 0x86, 0x1d, 0x86, 0x3e, 0x8e, 0xbe, 0xb6, 0xbe, 0xae, 0x5e, 0x9e, 0x5e, 0x9e, 0x5e, 0x96, 0x5e, 0x96, 0x3d,
    0x96, 0x3d, 0x96, 0x3d, 0x96, 0x3d, 0x96, 0x3d, 0x96, 0x3d, 0x96, 0x3d, 0x96, 0x1d, 0x96, 0x1d, 0x96, 0x1d, 0x8e,
    0x1d, 0x8e, 0x1d, 0x8e, 0x1d, 0x8e, 0xfd, 0x8d, 0xfd, 0x8d, 0xfd, 0x8d, 0xfd, 0x8d, 0xfd, 0x8d, 0xfd, 0x8d, 0xfd,
    0x85, 0xdd, 0x85, 0xdd, 0x85, 0xdd, 0x85, 0xdd, 0x85, 0xdd, 0x85, 0xdd, 0x85, 0xdc, 0x85, 0xdc, 0x85, 0xbc, 0x85,
    0xbc, 0x7d, 0xbc, 0x7d, 0xbc, 0x7d, 0xbc, 0x7d, 0xbc, 0x7d, 0x9c, 0x7d, 0x9c, 0x7d, 0x9c, 0x7d, 0x9c, 0x7d, 0x9c,
    0x7d, 0x7c, 0x7d, 0x7c, 0x7d, 0x7c, 0x75, 0x7c, 0x75, 0x7c, 0x75, 0x7c, 0x75, 0x7c, 0x75, 0x5c, 0x75, 0x5c, 0x75,
    0x5c, 0x75, 0x5c, 0x75, 0x5c, 0x75, 0x5b, 0x75, 0x5b, 0x6d, 0x3b, 0x6d, 0x3b, 0x6d, 0x3b, 0x6d, 0x3b, 0x6d, 0x3b,
    0x6d, 0x3b, 0x6d, 0x3b, 0x6d, 0x1b, 0x6d, 0x1b, 0x65, 0x1b, 0x65, 0x1b, 0x65, 0x1b, 0x65, 0x1b, 0x65, 0x1b, 0x65,
    0xfb, 0x64, 0xfb, 0x64, 0xfb, 0x64, 0xfb, 0x64, 0xfb, 0x64, 0xfb, 0x5c, 0xfb, 0x5c, 0xdb, 0x5c, 0xdb, 0x5c, 0x5b,
    0x75, 0x9c, 0x85, 0x9a, 0x54, 0xf9, 0x33, 0x19, 0x34, 0x19, 0x34, 0x19, 0x34, 0x19, 0x34, 0x19, 0x34, 0x19, 0x34,
    0x19, 0x34, 0x19, 0x34, 0x19, 0x34, 0x19, 0x34, 0x19, 0x34, 0x19, 0x34, 0x19, 0x34, 0xd9, 0x2b, 0x3b, 0x75, 0x5c,
    0xae, 0x7e, 0xae, 0x13, 0x64, 0x25, 0x11, 0x67, 0x19, 0x26, 0x19, 0x05, 0x11, 0x05, 0x11, 0xe4, 0x10, 0xc4, 0x10,
    0xa3, 0x08, 0xa3, 0x08, 0x82, 0x08, 0x62, 0x08, 0x62, 0x08, 0x41, 0x00, 0x41, 0x00, 0x41, 0x00, 0x41, 0x00, 0x00,
    0x00, 0xa2, 0x10, 0x8a, 0x4a, 0xcb, 0x52, 0xaa, 0x52, 0xcb, 0x5a, 0x08, 0x42, 0x20, 0x00, 0x00, 0x00, 0x00, 0x00,
    0x00, 0x00, 0x00, 0x00, 0x00, 0x00, 0x00, 0x00, 0x00, 0x00, 0x00, 0x00, 0x00, 0x00, 0x00, 0x00, 0x00, 0x00, 0x00,
    0x00, 0x00, 0x00, 0x00, 0x00, 0x00, 0x00, 0x00, 0x00, 0x00, 0x00, 0x00, 0x00, 0x00, 0x00, 0x00, 0x00, 0x00, 0x00,
    0x00, 0x00, 0x00, 0x00, 0x00, 0x00, 0x00, 0x00, 0x00, 0x00, 0x00, 0x00, 0x00, 0x00, 0xab, 0x4a, 0xfe, 0xc6, 0x5f,
    0xcf, 0x3e, 0xcf, 0x3f, 0xcf, 0x5f, 0xcf, 0x11, 0x74, 0x20, 0x00, 0x41, 0x00, 0x41, 0x00, 0x41, 0x00, 0x41, 0x00,
    0x62, 0x08, 0x62, 0x08, 0x82, 0x08, 0x82, 0x08, 0xa3, 0x08, 0xc3, 0x08, 0xc4, 0x10, 0xe4, 0x10, 0x05, 0x11, 0x25,
    0x11, 0x46, 0x19, 0x46, 0x19, 0xe9, 0x29, 0xfd, 0xc6, 0x5f, 0xd7, 0x3f, 0xcf, 0x7e, 0x9e, 0x5e, 0x8e, 0x5e, 0x96,
    0x5e, 0x8e, 0x3e, 0x8e, 0x3e, 0x8e, 0x3e, 0x8e, 0x3e, 0x8e, 0x3e, 0x8e, 0x3e, 0x8e, 0x1e, 0x8e, 0x1e, 0x8e, 0x1e,
    0x86, 0x1d, 0x86, 0x1d, 0x86, 0xfd, 0x85, 0x9e, 0xa6, 0xbe, 0xb6, 0x7e, 0xa6, 0x5e, 0x96, 0x5e, 0x96, 0x3d, 0x96,
    0x3d, 0x96, 0x3d, 0x96, 0x3d, 0x96, 0x3d, 0x96, 0x3d, 0x96, 0x3d, 0x96, 0x1d, 0x96, 0x1d, 0x96, 0x1d, 0x8e, 0x1d,
    0x8e, 0x1d, 0x8e, 0x1d, 0x8e, 0xfd, 0x8d, 0xfd, 0x8d, 0xfd, 0x8d, 0xfd, 0x8d, 0xfd, 0x8d, 0xfd, 0x8d, 0xfd, 0x85,
    0xdd, 0x85, 0xdd, 0x85, 0xdd, 0x85, 0xdd, 0x85, 0xdd, 0x85, 0xdd, 0x85, 0xdc, 0x85, 0xdc, 0x85, 0xbc, 0x85, 0xbc,
    0x7d, 0xbc, 0x7d, 0xbc, 0x7d, 0xbc, 0x7d, 0xbc, 0x7d, 0x9c, 0x7d, 0x9c, 0x7d, 0x9c, 0x7d, 0x9c, 0x7d, 0x9c, 0x7d,
    0x7c, 0x7d, 0x7c, 0x7d, 0x7c, 0x75, 0x7c, 0x75, 0x7c, 0x75, 0x7c, 0x75, 0x7c, 0x75, 0x5c, 0x75, 0x5c, 0x75, 0x5c,
    0x75, 0x5c, 0x75, 0x5c, 0x75, 0x5b, 0x75, 0x5b, 0x6d, 0x3b, 0x6d, 0x3b, 0x6d, 0x3b, 0x6d, 0x3b, 0x6d, 0x3b, 0x6d,
    0x3b, 0x6d, 0x3b, 0x6d, 0x1b, 0x6d, 0x1b, 0x65, 0x1b, 0x65, 0x1b, 0x65, 0x1b, 0x65, 0x1b, 0x65, 0x1b, 0x65, 0xfb,
    0x64, 0xfb, 0x64, 0xfb, 0x64, 0xfb, 0x64, 0xfb, 0x64, 0xfb, 0x5c, 0xfb, 0x5c, 0xdb, 0x5c, 0xdb, 0x5c, 0xfb, 0x64,
    0x9c, 0x85, 0x5b, 0x7d, 0x39, 0x3c, 0xf9, 0x33, 0x19, 0x34, 0x19, 0x34, 0x19, 0x34, 0x19, 0x34, 0x19, 0x34, 0x19,
    0x34, 0x19, 0x34, 0x19, 0x34, 0x19, 0x34, 0x19, 0x34, 0x19, 0x34, 0x19, 0x34, 0x19, 0x34, 0x19, 0x34, 0xdc, 0x95,
    0x3c, 0xa6, 0x7e, 0xae, 0xad, 0x42, 0x26, 0x11, 0x46, 0x19, 0x26, 0x11, 0x05, 0x11, 0xe4, 0x10, 0xe4, 0x10, 0xc3,
    0x08, 0xa3, 0x08, 0x83, 0x08, 0x82, 0x08, 0x62, 0x08, 0x62, 0x08, 0x41, 0x00, 0x41, 0x00, 0x41, 0x00, 0x21, 0x00,
    0x21, 0x00, 0x00, 0x00, 0x82, 0x10, 0xa6, 0x31, 0xe8, 0x39, 0x65, 0x29, 0x20, 0x00, 0x00, 0x00, 0x00, 0x00, 0x00,
    0x00, 0x00, 0x00, 0x00, 0x00, 0x00, 0x00, 0x00, 0x00, 0x00, 0x00, 0x00, 0x00, 0x00, 0x00, 0x00, 0x00, 0x00, 0x00,
    0x00, 0x00, 0x00, 0x00, 0x00, 0x00, 0x00, 0x00, 0x00, 0x00, 0x00, 0x00, 0x00, 0x00, 0x00, 0x00, 0x00, 0x00, 0x00,
    0x00, 0x00, 0x00, 0x00, 0x00, 0x00, 0x00, 0x00, 0x00, 0x00, 0x00, 0x00, 0x00, 0x00, 0x00, 0x00, 0x00, 0x25, 0x21,
    0x52, 0x7c, 0x56, 0x95, 0xd4, 0x84, 0xe8, 0x31, 0x00, 0x00, 0x20, 0x00, 0x21, 0x00, 0x21, 0x00, 0x41, 0x00, 0x41,
    0x00, 0x61, 0x00, 0x62, 0x08, 0x82, 0x08, 0x82, 0x08, 0xa3, 0x08, 0xa3, 0x08, 0xc4, 0x10, 0xe4, 0x10, 0x05, 0x11,
    0x25, 0x11, 0x46, 0x19, 0x67, 0x19, 0x26, 0x11, 0x98, 0x9d, 0x9f, 0xd7, 0x5f, 0xd7, 0xbe, 0xae, 0x3e, 0x8e, 0x5e,
    0x96, 0x3e, 0x8e, 0x3e, 0x8e, 0x3e, 0x8e, 0x3e, 0x8e, 0x3e, 0x8e, 0x3e, 0x8e, 0x1e, 0x8e, 0x1e, 0x8e, 0x1e, 0x86,
    0x1d, 0x86, 0x1d, 0x86, 0x1d, 0x86, 0xfd, 0x85, 0x3e, 0x8e, 0xbe, 0xae, 0x9e, 0xae, 0x5e, 0x9e, 0x3d, 0x96, 0x3d,
    0x96, 0x3d, 0x96, 0x3d, 0x96, 0x3d, 0x96, 0x3d, 0x96, 0x3d, 0x96, 0x1d, 0x96, 0x1d, 0x96, 0x1d, 0x8e, 0x1d, 0x8e,
    0x1d, 0x8e, 0x1d, 0x8e, 0xfd, 0x8d, 0xfd, 0x8d, 0xfd, 0x8d, 0xfd, 0x8d, 0xfd, 0x8d, 0xfd, 0x8d, 0xfd, 0x85, 0xdd,
    0x85, 0xdd, 0x85, 0xdd, 0x85, 0xdd, 0x85, 0xdd, 0x85, 0xdd, 0x85, 0xdc, 0x85, 0xdc, 0x85, 0xbc, 0x85, 0xbc, 0x7d,
    0xbc, 0x7d, 0xbc, 0x7d, 0xbc, 0x7d, 0xbc, 0x7d, 0x9c, 0x7d, 0x9c, 0x7d, 0x9c, 0x7d, 0x9c, 0x7d, 0x9c, 0x7d, 0x7c,
    0x7d, 0x7c, 0x7d, 0x7c, 0x75, 0x7c, 0x75, 0x7c, 0x75, 0x7c, 0x75, 0x7c, 0x75, 0x5c, 0x75, 0x5c, 0x75, 0x5c, 0x75,
    0x5c, 0x75, 0x5c, 0x75, 0x5b, 0x75, 0x5b, 0x6d, 0x3b, 0x6d, 0x3b, 0x6d, 0x3b, 0x6d, 0x3b, 0x6d, 0x3b, 0x6d, 0x3b,
    0x6d, 0x3b, 0x6d, 0x1b, 0x6d, 0x1b, 0x65, 0x1b, 0x65, 0x1b, 0x65, 0x1b, 0x65, 0x1b, 0x65, 0x1b, 0x65, 0xfb, 0x64,
    0xfb, 0x64, 0xfb, 0x64, 0xfb, 0x64, 0xfb, 0x64, 0xfb, 0x5c, 0xfb, 0x5c, 0xdb, 0x5c, 0xdb, 0x5c, 0xda, 0x5c, 0x5b,
    0x75, 0x9c, 0x85, 0xba, 0x5c, 0xf9, 0x2b, 0x19, 0x34, 0x19, 0x34, 0x19, 0x34, 0x19, 0x34, 0x19, 0x34, 0x19, 0x34,
    0x19, 0x34, 0x19, 0x34, 0x19, 0x34, 0x19, 0x34, 0x19, 0x34, 0x19, 0x34, 0x19, 0x34, 0xf9, 0x2b, 0x7a, 0x4c, 0x3d,
    0xa6, 0x5d, 0xa6, 0xdb, 0x95, 0xa8, 0x21, 0x46, 0x19, 0x46, 0x19, 0x25, 0x11, 0x05, 0x11, 0xe4, 0x10, 0xc4, 0x10,
    0xc3, 0x08, 0xa3, 0x08, 0x82, 0x08, 0x82, 0x08, 0x62, 0x08, 0x61, 0x08, 0x41, 0x00, 0x41, 0x00, 0x41, 0x00, 0x21,
    0x00, 0x20, 0x00, 0x20, 0x00, 0x00, 0x00, 0x00, 0x00, 0x00, 0x00, 0x00, 0x00, 0x00, 0x00, 0x00, 0x00, 0x00, 0x00,
    0x00, 0x00, 0x00, 0x00, 0x00, 0x00, 0x00, 0x00, 0x00, 0x00, 0x00, 0x00, 0x00, 0x00, 0x00, 0x00, 0x00, 0x00, 0x00,
    0x00, 0x00, 0x00, 0x00, 0x00, 0x00, 0x00, 0x00, 0x00, 0x00, 0x00, 0x00, 0x00, 0x00, 0x00, 0x00, 0x00, 0x00, 0x00,
    0x00, 0x00, 0x00, 0x00, 0x00, 0x00, 0x00, 0x00, 0x00, 0x00, 0x00, 0x00, 0x00, 0x00, 0x00, 0x00, 0x00, 0x00, 0x00,
    0x00, 0x00, 0x00, 0x00, 0x00, 0x00, 0x00, 0x00, 0x00, 0x20, 0x00, 0x20, 0x00, 0x20, 0x00, 0x21, 0x00, 0x41, 0x00,
    0x41, 0x00, 0x41, 0x00, 0x62, 0x08, 0x62, 0x08, 0x82, 0x08, 0x83, 0x08, 0xa3, 0x08, 0xc4, 0x08, 0xe4, 0x10, 0xe4,
    0x10, 0x05, 0x11, 0x26, 0x19, 0x66, 0x19, 0x05, 0x11, 0x4e, 0x53, 0x9f, 0xd7, 0x3f, 0xcf, 0x1f, 0xc7, 0x5e, 0x8e,
    0x5e, 0x8e, 0x3e, 0x8e, 0x3e, 0x8e, 0x3e, 0x8e, 0x3e, 0x8e, 0x3e, 0x8e, 0x1e, 0x8e, 0x1e, 0x8e, 0x1e, 0x86, 0x1d,
    0x86, 0x1d, 0x86, 0x1d, 0x86, 0xfd, 0x85, 0xfd, 0x85, 0xfd, 0x7d, 0x7e, 0xa6, 0xbe, 0xb6, 0x7e, 0xa6, 0x3d, 0x96,
    0x3d, 0x96, 0x3d, 0x96, 0x3d, 0x96, 0x3d, 0x96, 0x3d, 0x96, 0x1d, 0x96, 0x1d, 0x96, 0x1d, 0x8e, 0x1d, 0x8e, 0x1d,
    0x8e, 0x1d, 0x8e, 0xfd, 0x8d, 0xfd, 0x8d, 0xfd, 0x8d, 0xfd, 0x8d, 0xfd, 0x8d, 0xfd, 0x8d, 0xfd, 0x85, 0xdd, 0x85,
    0xdd, 0x85, 0xdd, 0x85, 0xdd, 0x85, 0xdd, 0x85, 0xdd, 0x85, 0xdc, 0x85, 0xdc, 0x85, 0xbc, 0x85, 0xbc, 0x7d, 0xbc,
    0x7d, 0xbc, 0x7d, 0xbc, 0x7d, 0xbc, 0x7d, 0x9c, 0x7d, 0x9c, 0x7d, 0x9c, 0x7d, 0x9c, 0x7d, 0x9c, 0x7d, 0x7c, 0x7d,
    0x7c, 0x7d, 0x7c, 0x75, 0x7c, 0x75, 0x7c, 0x75, 0x7c, 0x75, 0x7c, 0x75, 0x5c, 0x75, 0x5c, 0x75, 0x5c, 0x75, 0x5c,
    0x75, 0x5c, 0x75, 0x5b, 0x75, 0x5b, 0x6d, 0x3b, 0x6d, 0x3b, 0x6d, 0x3b, 0x6d, 0x3b, 0x6d, 0x3b, 0x6d, 0x3b, 0x6d,
    0x3b, 0x6d, 0x1b, 0x6d, 0x1b, 0x65, 0x1b, 0x65, 0x1b, 0x65, 0x1b, 0x65, 0x1b, 0x65, 0x1b, 0x65, 0xfb, 0x64, 0xfb,
    0x64, 0xfb, 0x64, 0xfb, 0x64, 0xfb, 0x64, 0xfb, 0x5c, 0xfb, 0x5c, 0xdb, 0x5c, 0xdb, 0x5c, 0xda, 0x5c, 0xfb, 0x64,
    0x9c, 0x85, 0x5b, 0x7d, 0x19, 0x3c, 0xf9, 0x33, 0x19, 0x34, 0x19, 0x34, 0x19, 0x34, 0x19, 0x34, 0x19, 0x34, 0x19,
    0x34, 0x19, 0x34, 0x19, 0x34, 0x19, 0x34, 0x19, 0x34, 0x19, 0x34, 0x19, 0x34, 0x19, 0x34, 0xd9, 0x2b, 0x5b, 0x75,
    0x5c, 0xae, 0x7e, 0xae, 0x13, 0x64, 0x05, 0x11, 0x67, 0x19, 0x26, 0x19, 0x05, 0x11, 0x05, 0x11, 0xe4, 0x10, 0xc4,
    0x10, 0xa3, 0x08, 0xa3, 0x08, 0x82, 0x08, 0x82, 0x08, 0x62, 0x08, 0x61, 0x00, 0x41, 0x00, 0x41, 0x00, 0x21, 0x00,
    0x21, 0x00, 0x20, 0x00, 0x20, 0x00, 0x20, 0x00, 0x20, 0x00, 0x00, 0x00, 0x00, 0x00, 0x00, 0x00, 0x00, 0x00, 0x00,
    0x00, 0x00, 0x00, 0x00, 0x00, 0x00, 0x00, 0x00, 0x00, 0x00, 0x00, 0x00, 0x00, 0x00, 0x00, 0x00, 0x00, 0x00, 0x00,
    0x00, 0x00, 0x00, 0x00, 0x00, 0x00, 0x00, 0x00, 0x00, 0x00, 0x00, 0x00, 0x00, 0x00, 0x00, 0x00, 0x00, 0x00, 0x00,
    0x00, 0x00, 0x00, 0x00, 0x00, 0x00, 0x00, 0x00, 0x00, 0x00, 0x00, 0x00, 0x00, 0x00, 0x00, 0x00, 0x00, 0x00, 0x00,
    0x00, 0x00, 0x20, 0x00, 0x20, 0x00, 0x20, 0x00, 0x20, 0x00, 0x20, 0x00, 0x20, 0x00, 0x20, 0x00, 0x21, 0x00, 0x41,
    0x00, 0x41, 0x00, 0x41, 0x00, 0x62, 0x08, 0x62, 0x08, 0x82, 0x08, 0x82, 0x08, 0xa3, 0x08, 0xc3, 0x08, 0xc4, 0x10,
    0xe4, 0x10, 0x05, 0x11, 0x25, 0x11, 0x46, 0x19, 0x46, 0x19, 0xc8, 0x21, 0xbd, 0xbe, 0x5f, 0xd7, 0x3f, 0xcf, 0x7e,
    0x9e, 0x3e, 0x8e, 0x3e, 0x8e, 0x3e, 0x8e, 0x3e, 0x8e, 0x3e, 0x8e, 0x1e, 0x8e, 0x1e, 0x8e, 0x1e, 0x86, 0x1d, 0x86,
    0x1d, 0x86, 0x1d, 0x86, 0xfd, 0x85, 0xfd, 0x85, 0xfd, 0x85, 0xdd, 0x7d, 0x1d, 0x8e, 0x9e, 0xae, 0x9e, 0xae, 0x3d,
    0x96, 0x3d, 0x96, 0x3d, 0x96, 0x3d, 0x96, 0x3d, 0x96, 0x1d, 0x96, 0x1d, 0x96, 0x1d, 0x8e, 0x1d, 0x8e, 0x1d, 0x8e,
    0x1d, 0x8e, 0xfd, 0x8d, 0xfd, 0x8d, 0xfd, 0x8d, 0xfd, 0x8d, 0xfd, 0x8d, 0xfd, 0x8d, 0xfd, 0x85, 0xdd, 0x85, 0xdd,
    0x85, 0xdd, 0x85, 0xdd, 0x85, 0xdd, 0x85, 0xdd, 0x85, 0xdc, 0x85, 0xdc, 0x85, 0xbc, 0x85, 0xbc, 0x7d, 0xbc, 0x7d,
    0xbc, 0x7d, 0xbc, 0x7d, 0xbc, 0x7d, 0x9c, 0x7d, 0x9c, 0x7d, 0x9c, 0x7d, 0x9c, 0x7d, 0x9c, 0x7d, 0x7c, 0x7d, 0x7c,
    0x7d, 0x7c, 0x75, 0x7c, 0x75, 0x7c, 0x75, 0x7c, 0x75, 0x7c, 0x75, 0x5c, 0x75, 0x5c, 0x75, 0x5c, 0x75, 0x5c, 0x75,
    0x5c, 0x75, 0x5b, 0x75, 0x5b, 0x6d, 0x3b, 0x6d, 0x3b, 0x6d, 0x3b, 0x6d, 0x3b, 0x6d, 0x3b, 0x6d, 0x3b, 0x6d, 0x3b,
    0x6d, 0x1b, 0x6d, 0x1b, 0x65, 0x1b, 0x65, 0x1b, 0x65, 0x1b, 0x65, 0x1b, 0x65, 0x1b, 0x65, 0xfb, 0x64, 0xfb, 0x64,
    0xfb, 0x64, 0xfb, 0x64, 0xfb, 0x64, 0xfb, 0x5c, 0xfb, 0x5c, 0xdb, 0x5c, 0xdb, 0x5c, 0xdb, 0x5c, 0xda, 0x5c, 0x5b,
    0x75, 0x9c, 0x85, 0x9a, 0x54, 0xf9, 0x2b, 0x19, 0x34, 0x19, 0x34, 0x19, 0x34, 0x19, 0x34, 0x19, 0x34, 0x19, 0x34,
    0x19, 0x34, 0x19, 0x34, 0x19, 0x34, 0x19, 0x34, 0x19, 0x34, 0x19, 0x34, 0x19, 0x34, 0xf9, 0x33, 0x39, 0x3c, 0x1c,
    0x9e, 0x3d, 0xa6, 0x5d, 0xa6, 0x8c, 0x3a, 0x26, 0x11, 0x46, 0x19, 0x25, 0x11, 0x05, 0x11, 0xe4, 0x10, 0xe4, 0x10,
    0xc3, 0x08, 0xa3, 0x08, 0xa3, 0x08, 0x82, 0x08, 0x62, 0x08, 0x62, 0x08, 0x41, 0x00, 0x41, 0x00, 0x41, 0x00, 0x21,
    0x00, 0x20, 0x00, 0x20, 0x00, 0x20, 0x00, 0x00, 0x00, 0x00, 0x00, 0x00, 0x00, 0x00, 0x00, 0x00, 0x00, 0x00, 0x00,
    0x00, 0x00, 0x00, 0x00, 0x00, 0x00, 0x00, 0x00, 0x00, 0x00, 0x00, 0x00, 0x00, 0x00, 0x00, 0x00, 0x00, 0x00, 0x00,
    0x00, 0x00, 0x00, 0x00, 0x00, 0x00, 0x00, 0x00, 0x00, 0x00, 0x00, 0x00, 0x00, 0x00, 0x00, 0x00, 0x00, 0x00, 0x00,
    0x00, 0x00, 0x00, 0x00, 0x00, 0x00, 0x00, 0x00, 0x00, 0x00, 0x00, 0x00, 0x00, 0x00, 0x00, 0x00, 0x00, 0x00, 0x00,
    0x00, 0x00, 0x00, 0x00, 0x00, 0x00, 0x00, 0x00, 0x00, 0x00, 0x00, 0x20, 0x00, 0x20, 0x00, 0x20, 0x00, 0x21, 0x00,
    0x21, 0x00, 0x41, 0x00, 0x41, 0x00, 0x61, 0x00, 0x62, 0x08, 0x82, 0x08, 0x82, 0x08, 0xa3, 0x08, 0xa3, 0x08, 0xc4,
    0x10, 0xe4, 0x10, 0x05, 0x11, 0x25, 0x11, 0x26, 0x19, 0x67, 0x19, 0x05, 0x11, 0x16, 0x8d, 0x9f, 0xd7, 0x3e, 0xcf,
    0xde, 0xb6, 0x3e, 0x8e, 0x3e, 0x8e, 0x3e, 0x8e, 0x3e, 0x8e, 0x1e, 0x8e, 0x1e, 0x8e, 0x1e, 0x86, 0x1d, 0x86, 0x1d,
    0x86, 0x1d, 0x86, 0xfd, 0x85, 0xfd, 0x85, 0xfd, 0x85, 0xfd, 0x85, 0xfd, 0x85, 0xdd, 0x7d, 0x5e, 0x9e, 0xbe, 0xb6,
    0x7e, 0xa6, 0x3d, 0x96, 0x3d, 0x96, 0x3d, 0x96, 0x1d, 0x96, 0x1d, 0x96, 0x1d, 0x8e, 0x1d, 0x8e, 0x1d, 0x8e, 0x1d,
    0x8e, 0xfd, 0x8d, 0xfd, 0x8d, 0xfd, 0x8d, 0xfd, 0x8d, 0xfd, 0x8d, 0xfd, 0x8d, 0xfd, 0x85, 0xdd, 0x85, 0xdd, 0x85,
    0xdd, 0x85, 0xdd, 0x85, 0xdd, 0x85, 0xdd, 0x85, 0xdc, 0x85, 0xdc, 0x85, 0xbc, 0x85, 0xbc, 0x7d, 0xbc, 0x7d, 0xbc,
    0x7d, 0xbc, 0x7d, 0xbc, 0x7d, 0x9c, 0x7d, 0x9c, 0x7d, 0x9c, 0x7d, 0x9c, 0x7d, 0x9c, 0x7d, 0x7c, 0x7d, 0x7c, 0x7d,
    0x7c, 0x75, 0x7c, 0x75, 0x7c, 0x75, 0x7c, 0x75, 0x7c, 0x75, 0x5c, 0x75, 0x5c, 0x75, 0x5c, 0x75, 0x5c, 0x75, 0x5c,
    0x75, 0x5b, 0x75, 0x5b, 0x6d, 0x3b, 0x6d, 0x3b, 0x6d, 0x3b, 0x6d, 0x3b, 0x6d, 0x3b, 0x6d, 0x3b, 0x6d, 0x3b, 0x6d,
    0x1b, 0x6d, 0x1b, 0x65, 0x1b, 0x65, 0x1b, 0x65, 0x1b, 0x65, 0x1b, 0x65, 0x1b, 0x65, 0xfb, 0x64, 0xfb, 0x64, 0xfb,
    0x64, 0xfb, 0x64, 0xfb, 0x64, 0xfb, 0x5c, 0xfb, 0x5c, 0xdb, 0x5c, 0xdb, 0x5c, 0xdb, 0x5c, 0xba, 0x5c, 0x1b, 0x6d,
    0x9c, 0x85, 0x3b, 0x75, 0x19, 0x34, 0x19, 0x34, 0x19, 0x34, 0x19, 0x34, 0x19, 0x34, 0x19, 0x34, 0x19, 0x34, 0x19,
    0x34, 0x19, 0x34, 0x19, 0x34, 0x19, 0x34, 0x19, 0x34, 0x19, 0x34, 0x19, 0x34, 0x19, 0x34, 0xd9, 0x2b, 0xfb, 0x64,
    0x5d, 0xae, 0x5d, 0xa6, 0x79, 0x8d, 0x67, 0x19, 0x66, 0x19, 0x46, 0x19, 0x25, 0x11, 0x05, 0x11, 0xe4, 0x10, 0xc4,
    0x10, 0xc3, 0x08, 0xa3, 0x08, 0x82, 0x08, 0x82, 0x08, 0x62, 0x08, 0x61, 0x08, 0x41, 0x00, 0x41, 0x00, 0x41, 0x00,
    0x21, 0x00, 0x20, 0x00, 0x20, 0x00, 0x20, 0x00, 0x00, 0x00, 0x00, 0x00, 0x00, 0x00, 0x00, 0x00, 0x00, 0x00, 0x00,
    0x00, 0x00, 0x00, 0x00, 0x00, 0x00, 0x00, 0x00, 0x00, 0x00, 0x00, 0x00, 0x00, 0x00, 0x00, 0x00, 0x00, 0x00, 0x00,
    0x00, 0x00, 0x00, 0x00, 0x00, 0x00, 0x00, 0x00, 0x00, 0x00, 0x00, 0x00, 0x00, 0x00, 0x00, 0x00, 0x00, 0x00, 0x00,
    0x00, 0x00, 0x00, 0x00, 0x00, 0x00, 0x00, 0x00, 0x00, 0x00, 0x00, 0x00, 0x00, 0x00, 0x00, 0x00, 0x00, 0x00, 0x00,
    0x00, 0x00, 0x00, 0x00, 0x00, 0x00, 0x00, 0x00, 0x00, 0x00, 0x00, 0x00, 0x00, 0x00, 0x20, 0x00, 0x20, 0x00, 0x20,
    0x00, 0x21, 0x00, 0x41, 0x00, 0x41, 0x00, 0x41, 0x00, 0x62, 0x08, 0x62, 0x08, 0x82, 0x08, 0xa3, 0x08, 0xa3, 0x08,
    0xc3, 0x08, 0xe4, 0x10, 0xe4, 0x10, 0x05, 0x11, 0x25, 0x11, 0x46, 0x19, 0x26, 0x11, 0x6b, 0x3a, 0x5f, 0xcf, 0x3f,
    0xcf, 0x3f, 0xcf, 0x5e, 0x96, 0x3e, 0x8e, 0x3e, 0x8e, 0x1e, 0x8e, 0x1e, 0x8e, 0x1e, 0x86, 0x1d, 0x86, 0x1d, 0x86,
    0x1d, 0x86, 0xfd, 0x85, 0xfd, 0x85, 0xfd, 0x85, 0xfd, 0x85, 0xfd, 0x85, 0xdd, 0x7d, 0xdd, 0x7d, 0xdd, 0x85, 0x9e,
    0xa6, 0x9e, 0xae, 0x5d, 0x9e, 0x1d, 0x8e, 0x1d, 0x96, 0x1d, 0x96, 0x1d, 0x8e, 0x1d, 0x8e, 0x1d, 0x8e, 0x1d, 0x8e,
    0xfd, 0x8d, 0xfd, 0x8d, 0xfd, 0x8d, 0xfd, 0x8d, 0xfd, 0x8d, 0xfd, 0x8d, 0xfd, 0x85, 0xdd, 0x85, 0xdd, 0x85, 0xdd,
    0x85, 0xdd, 0x85, 0xdd, 0x85, 0xdd, 0x85, 0xdc, 0x85, 0xdc, 0x85, 0xbc, 0x85, 0xbc, 0x7d, 0xbc, 0x7d, 0xbc, 0x7d,
    0xbc, 0x7d, 0xbc, 0x7d, 0x9c, 0x7d, 0x9c, 0x7d, 0x9c, 0x7d, 0x9c, 0x7d, 0x9c, 0x7d, 0x7c, 0x7d, 0x7c, 0x7d, 0x7c,
    0x75, 0x7c, 0x75, 0x7c, 0x75, 0x7c, 0x75, 0x7c, 0x75, 0x5c, 0x75, 0x5c, 0x75, 0x5c, 0x75, 0x5c, 0x75, 0x5c, 0x75,
    0x5b, 0x75, 0x5b, 0x6d, 0x3b, 0x6d, 0x3b, 0x6d, 0x3b, 0x6d, 0x3b, 0x6d, 0x3b, 0x6d, 0x3b, 0x6d, 0x3b, 0x6d, 0x1b,
    0x6d, 0x1b, 0x65, 0x1b, 0x65, 0x1b, 0x65, 0x1b, 0x65, 0x1b, 0x65, 0x1b, 0x65, 0xfb, 0x64, 0xfb, 0x64, 0xfb, 0x64,
    0xfb, 0x64, 0xfb, 0x64, 0xfb, 0x5c, 0xfb, 0x5c, 0xdb, 0x5c, 0xdb, 0x5c, 0xdb, 0x5c, 0xda, 0x5c, 0xdb, 0x5c, 0x7b,
    0x7d, 0x7c, 0x7d, 0x7a, 0x44, 0xf9, 0x33, 0x19, 0x34, 0x19, 0x34, 0x19, 0x34, 0x19, 0x34, 0x19, 0x34, 0x19, 0x34,
    0x19, 0x34, 0x19, 0x34, 0x19, 0x34, 0x19, 0x34, 0x19, 0x34, 0x19, 0x34, 0x19, 0x34, 0x19, 0x34, 0xf9, 0x33, 0xbc,
    0x8d, 0x3c, 0xa6, 0x9e, 0xae, 0x70, 0x53, 0x05, 0x11, 0x67, 0x19, 0x26, 0x19, 0x05, 0x11, 0x05, 0x11, 0xe4, 0x10,
    0xc4, 0x10, 0xa3, 0x08, 0xa3, 0x08, 0x82, 0x08, 0x82, 0x08, 0x62, 0x08, 0x61, 0x00, 0x41, 0x00, 0x41, 0x00, 0x21,
    0x00, 0x21, 0x00, 0x20, 0x00, 0x20, 0x00, 0x20, 0x00, 0x00, 0x00, 0x00, 0x00, 0x00, 0x00, 0x00, 0x00, 0x00, 0x00,
    0x00, 0x00, 0x00, 0x00, 0x00, 0x00, 0x00, 0x00, 0x00, 0x00, 0x00, 0x00, 0x00, 0x00, 0x00, 0x00, 0x00, 0x00, 0x00,
    0x00, 0x00, 0x00, 0x00, 0x00, 0x00, 0x00, 0x00, 0x00, 0x00, 0x00, 0x00, 0x00, 0x00, 0x00, 0x00, 0x00, 0x00, 0x00,
    0x00, 0x00, 0x00, 0x00, 0x00, 0x00, 0x00, 0x00, 0x00, 0x00, 0x00, 0x00, 0x00, 0x00, 0x00, 0x00, 0x00, 0x00, 0x00,
    0x00, 0x00, 0x00, 0x00, 0x00, 0x00, 0x00, 0x00, 0x00, 0x00, 0x00, 0x00, 0x00, 0x00, 0x00, 0x20, 0x00, 0x20, 0x00,
    0x20, 0x00, 0x21, 0x00, 0x41, 0x00, 0x41, 0x00, 0x41, 0x00, 0x62, 0x08, 0x62, 0x08, 0x82, 0x08, 0x82, 0x08, 0xa3,
    0x08, 0xc3, 0x08, 0xc4, 0x10, 0xe4, 0x10, 0x05, 0x11, 0x25, 0x11, 0x46, 0x19, 0x67, 0x19, 0x46, 0x11, 0xb9, 0x9d,
    0x7f, 0xd7, 0x3e, 0xcf, 0xbe, 0xae, 0x1e, 0x86, 0x3e, 0x8e, 0x1e, 0x8e, 0x1e, 0x86, 0x1d, 0x86, 0x1d, 0x86, 0x1d,
    0x86, 0xfd, 0x85, 0xfd, 0x85, 0xfd, 0x85, 0xfd, 0x85, 0xfd, 0x85, 0xdd, 0x7d, 0xdd, 0x7d, 0xdd, 0x7d, 0xbd, 0x7d,
    0x1d, 0x8e, 0x9e, 0xae, 0x7e, 0xa6, 0x3d, 0x96, 0x1d, 0x8e, 0x1d, 0x8e, 0x1d, 0x8e, 0x1d, 0x8e, 0x1d, 0x8e, 0xfd,
    0x8d, 0xfd, 0x8d, 0xfd, 0x8d, 0xfd, 0x8d, 0xfd, 0x8d, 0xfd, 0x8d, 0xfd, 0x85, 0xdd, 0x85, 0xdd, 0x85, 0xdd, 0x85,
    0xdd, 0x85, 0xdd, 0x85, 0xdd, 0x85, 0xdc, 0x85, 0xdc, 0x85, 0xbc, 0x85, 0xbc, 0x7d, 0xbc, 0x7d, 0xbc, 0x7d, 0xbc,
    0x7d, 0xbc, 0x7d, 0x9c, 0x7d, 0x9c, 0x7d, 0x9c, 0x7d, 0x9c, 0x7d, 0x9c, 0x7d, 0x7c, 0x7d, 0x7c, 0x7d, 0x7c, 0x75,
    0x7c, 0x75, 0x7c, 0x75, 0x7c, 0x75, 0x7c, 0x75, 0x5c, 0x75, 0x5c, 0x75, 0x5c, 0x75, 0x5c, 0x75, 0x5c, 0x75, 0x5b,
    0x75, 0x5b, 0x6d, 0x3b, 0x6d, 0x3b, 0x6d, 0x3b, 0x6d, 0x3b, 0x6d, 0x3b, 0x6d, 0x3b, 0x6d, 0x3b, 0x6d, 0x1b, 0x6d,
    0x1b, 0x65, 0x1b, 0x65, 0x1b, 0x65, 0x1b, 0x65, 0x1b, 0x65, 0x1b, 0x65, 0xfb, 0x64, 0xfb, 0x64, 0xfb, 0x64, 0xfb,
    0x64, 0xfb, 0x64, 0xfb, 0x5c, 0xfb, 0x5c, 0xdb, 0x5c, 0xdb, 0x5c, 0xda, 0x5c, 0xda, 0x5c, 0xda, 0x5c, 0x3b, 0x75,
    0x9c, 0x85, 0xda, 0x5c, 0xf9, 0x2b, 0x19, 0x34, 0x19, 0x34, 0x19, 0x34, 0x19, 0x34, 0x19, 0x34, 0x19, 0x34, 0x19,
    0x34, 0x19, 0x34, 0x19, 0x34, 0x19, 0x34, 0x19, 0x34, 0x19, 0x34, 0x19, 0x34, 0x19, 0x34, 0xf9, 0x2b, 0x9a, 0x54,
    0x5d, 0xa6, 0x5d, 0xa6, 0xdb, 0x9d, 0xc9, 0x21, 0x46, 0x19, 0x46, 0x19, 0x25, 0x11, 0x05, 0x11, 0xe4, 0x10, 0xe4,
    0x10, 0xc3, 0x08, 0xa3, 0x08, 0xa3, 0x08, 0x82, 0x08, 0x62, 0x08, 0x62, 0x08, 0x41, 0x00, 0x41, 0x00, 0x41, 0x00,
    0x21, 0x00, 0x20, 0x00, 0x20, 0x00, 0x20, 0x00, 0x00, 0x00, 0x00, 0x00, 0x00, 0x00, 0x00, 0x00, 0x00, 0x00, 0x00,
    0x00, 0x00, 0x00, 0x00, 0x00, 0x00, 0x00, 0x00, 0x00, 0x00, 0x00, 0x00, 0x00, 0x00, 0x00, 0x00, 0x00, 0x00, 0x00,
    0x00, 0x00, 0x00, 0x00, 0x00, 0x00, 0x00, 0x00, 0x00, 0x00, 0x00, 0x00, 0x00, 0x00, 0x00, 0x00, 0x00, 0x00, 0x00,
    0x00, 0x00, 0x00, 0x00, 0x00, 0x00, 0x00, 0x00, 0x00, 0x00, 0x00, 0x00, 0x00, 0x00, 0x00, 0x00, 0x00, 0x00, 0x00,
    0x00, 0x00, 0x00, 0x00, 0x00, 0x00, 0x00, 0x00, 0x00, 0x00, 0x00, 0x00, 0x00, 0x00, 0x00, 0x00, 0x20, 0x00, 0x20,
    0x00, 0x20, 0x00, 0x21, 0x00, 0x21, 0x00, 0x41, 0x00, 0x41, 0x00, 0x61, 0x00, 0x62, 0x08, 0x82, 0x08, 0x82, 0x08,
    0xa3, 0x08, 0xa3, 0x08, 0xc4, 0x10, 0xe4, 0x10, 0x04, 0x11, 0x05, 0x11, 0x26, 0x19, 0x66, 0x19, 0x05, 0x11, 0x2e,
    0x53, 0x9f, 0xd7, 0x1e, 0xcf, 0x1f, 0xc7, 0x3e, 0x8e, 0x1e, 0x86, 0x1e, 0x86, 0x1d, 0x86, 0x1d, 0x86, 0x1d, 0x86,
    0xfd, 0x85, 0xfd, 0x85, 0xfd, 0x85, 0xfd, 0x85, 0xfd, 0x85, 0xdd, 0x7d, 0xdd, 0x7d, 0xdd, 0x7d, 0xdd, 0x7d, 0xdd,
    0x7d, 0xbd, 0x75, 0x3d, 0x9e, 0x9e, 0xae, 0x5e, 0xa6, 0x1d, 0x8e, 0x1d, 0x8e, 0x1d, 0x8e, 0x1d, 0x8e, 0xfd, 0x8d,
    0xfd, 0x8d, 0xfd, 0x8d, 0xfd, 0x8d, 0xfd, 0x8d, 0xfd, 0x8d, 0xfd, 0x85, 0xdd, 0x85, 0xdd, 0x85, 0xdd, 0x85, 0xdd,
    0x85, 0xdd, 0x85, 0xdd, 0x85, 0xdc, 0x85, 0xdc, 0x85, 0xbc, 0x85, 0xbc, 0x7d, 0xbc, 0x7d, 0xbc, 0x7d, 0xbc, 0x7d,
    0xbc, 0x7d, 0x9c, 0x7d, 0x9c, 0x7d, 0x9c, 0x7d, 0x9c, 0x7d, 0x9c, 0x7d, 0x7c, 0x7d, 0x7c, 0x7d, 0x7c, 0x75, 0x7c,
    0x75, 0x7c, 0x75, 0x7c, 0x75, 0x7c, 0x75, 0x5c, 0x75, 0x5c, 0x75, 0x5c, 0x75, 0x5c, 0x75, 0x5c, 0x75, 0x5b, 0x75,
    0x5b, 0x6d, 0x3b, 0x6d, 0x3b, 0x6d, 0x3b, 0x6d, 0x3b, 0x6d, 0x3b, 0x6d, 0x3b, 0x6d, 0x3b, 0x6d, 0x1b, 0x6d, 0x1b,
    0x65, 0x1b, 0x65, 0x1b, 0x65, 0x1b, 0x65, 0x1b, 0x65, 0x1b, 0x65, 0xfb, 0x64, 0xfb, 0x64, 0xfb, 0x64, 0xfb, 0x64,
    0xfb, 0x64, 0xfb, 0x5c, 0xfb, 0x5c, 0xdb, 0x5c, 0xdb, 0x5c, 0xda, 0x5c, 0xda, 0x5c, 0xba, 0x5c, 0x1b, 0x6d, 0x9c,
    0x85, 0x3b, 0x75, 0x19, 0x34, 0x19, 0x34, 0x19, 0x34, 0x19, 0x34, 0x19, 0x34, 0x19, 0x34, 0x19, 0x34, 0x19, 0x34,
    0x19, 0x34, 0x19, 0x34, 0x19, 0x34, 0x19, 0x34, 0x19, 0x34, 0x19, 0x34, 0x19, 0x34, 0x19, 0x34, 0xf9, 0x2b, 0xbc,
    0x85, 0x3c, 0xa6, 0x9e, 0xae, 0x13, 0x64, 0x05, 0x11, 0x67, 0x19, 0x26, 0x19, 0x25, 0x11, 0x05, 0x11, 0xe4, 0x10,
    0xc4, 0x10, 0xa3, 0x08, 0xa3, 0x08, 0x82, 0x08, 0x82, 0x08, 0x62, 0x08, 0x61, 0x08, 0x41, 0x00, 0x41, 0x00, 0x41,
    0x00, 0x21, 0x00, 0x20, 0x00, 0x20, 0x00, 0x20, 0x00, 0x00, 0x00, 0x00, 0x00, 0x00, 0x00, 0x00, 0x00, 0x00, 0x00,
    0x00, 0x00, 0x00, 0x00, 0x00, 0x00, 0x00, 0x00, 0x00, 0x00, 0x00, 0x00, 0x00, 0x00, 0x00, 0x00, 0x00, 0x00, 0x00,
    0x00, 0x00, 0x00, 0x00, 0x00, 0x00, 0x00, 0x00, 0x00, 0x00, 0x00, 0x00, 0x00, 0x00, 0x00, 0x00, 0x00, 0x00, 0x00,
    0x00, 0x00, 0x00, 0x00, 0x00, 0x00, 0x00, 0x00, 0x00, 0x00, 0x00, 0x00, 0x00, 0x00, 0x00, 0x00, 0x00, 0x00, 0x00,
    0x00, 0x00, 0x00, 0x00, 0x00, 0x00, 0x00, 0x00, 0x00, 0x00, 0x00, 0x00, 0x00, 0x00, 0x00, 0x00, 0x00, 0x00, 0x00,
    0x20, 0x00, 0x20, 0x00, 0x20, 0x00, 0x21, 0x00, 0x41, 0x00, 0x41, 0x00, 0x41, 0x00, 0x62, 0x08, 0x62, 0x08, 0x82,
    0x08, 0x83, 0x08, 0xa3, 0x08, 0xc3, 0x08, 0xe4, 0x10, 0xe4, 0x10, 0x05, 0x11, 0x25, 0x11, 0x46, 0x19, 0x46, 0x19,
    0x87, 0x21, 0x5b, 0xb6, 0x5f, 0xcf, 0x3e, 0xcf, 0x9e, 0xae, 0xfd, 0x85, 0x1d, 0x86, 0x1d, 0x86, 0x1d, 0x86, 0xfd,
    0x85, 0xfd, 0x85, 0xfd, 0x85, 0xfd, 0x85, 0xfd, 0x85, 0xdd, 0x7d, 0xdd, 0x7d, 0xdd, 0x7d, 0xdd, 0x7d, 0xdd, 0x7d,
    0xdd, 0x7d, 0xbd, 0x7d, 0xbd, 0x7d, 0x7e, 0xa6, 0x9e, 0xae, 0x3d, 0x9e, 0x1d, 0x8e, 0x1d, 0x8e, 0xfd, 0x8d, 0xfd,
    0x8d, 0xfd, 0x8d, 0xfd, 0x8d, 0xfd, 0x8d, 0xfd, 0x8d, 0xfd, 0x85, 0xdd, 0x85, 0xdd, 0x85, 0xdd, 0x85, 0xdd, 0x85,
    0xdd, 0x85, 0xdd, 0x85, 0xdc, 0x85, 0xdc, 0x85, 0xbc, 0x85, 0xbc, 0x7d, 0xbc, 0x7d, 0xbc, 0x7d, 0xbc, 0x7d, 0xbc,
    0x7d, 0x9c, 0x7d, 0x9c, 0x7d, 0x9c, 0x7d, 0x9c, 0x7d, 0x9c, 0x7d, 0x7c, 0x7d, 0x7c, 0x7d, 0x7c, 0x75, 0x7c, 0x75,
    0x7c, 0x75, 0x7c, 0x75, 0x7c, 0x75, 0x5c, 0x75, 0x5c, 0x75, 0x5c, 0x75, 0x5c, 0x75, 0x5c, 0x75, 0x5b, 0x75, 0x5b,
    0x6d, 0x3b, 0x6d, 0x3b, 0x6d, 0x3b, 0x6d, 0x3b, 0x6d, 0x3b, 0x6d, 0x3b, 0x6d, 0x3b, 0x6d, 0x1b, 0x6d, 0x1b, 0x65,
    0x1b, 0x65, 0x1b, 0x65, 0x1b, 0x65, 0x1b, 0x65, 0x1b, 0x65, 0xfb, 0x64, 0xfb, 0x64, 0xfb, 0x64, 0xfb, 0x64, 0xfb,
    0x64, 0xfb, 0x5c, 0xfb, 0x5c, 0xdb, 0x5c, 0xdb, 0x5c, 0xda, 0x5c, 0xda, 0x5c, 0xda, 0x5c, 0xfb, 0x64, 0x7b, 0x7d,
    0x7c, 0x7d, 0x5a, 0x44, 0xf9, 0x33, 0x19, 0x34, 0x19, 0x34, 0x19, 0x34, 0x19, 0x34, 0x19, 0x34, 0x19, 0x34, 0x19,
    0x34, 0x19, 0x34, 0x19, 0x34, 0x19, 0x34, 0x19, 0x34, 0x19, 0x34, 0x19, 0x34, 0x19, 0x34, 0xf9, 0x2b, 0x9a, 0x54,
    0x5d, 0xae, 0x3d, 0xa6, 0x3d, 0xa6, 0x4b, 0x32, 0x46, 0x11, 0x46, 0x19, 0x25, 0x11, 0x05, 0x11, 0xe4, 0x10, 0xe4,
    0x10, 0xc3, 0x10, 0xa3, 0x08, 0xa3, 0x08, 0x82, 0x08, 0x82, 0x08, 0x62, 0x08, 0x61, 0x00, 0x41, 0x00, 0x41, 0x00,
    0x21, 0x00, 0x21, 0x00, 0x20, 0x00, 0x20, 0x00, 0x20, 0x00, 0x00, 0x00, 0x00, 0x00, 0x00, 0x00, 0x00, 0x00, 0x00,
    0x00, 0x00, 0x00, 0x00, 0x00, 0x00, 0x00, 0x00, 0x00, 0x00, 0x00, 0x00, 0x00, 0x00, 0x00, 0x00, 0x00, 0x00, 0x00,
    0x00, 0x00, 0x00, 0x00, 0x00, 0x00, 0x00, 0x00, 0x00, 0x00, 0x00, 0x00, 0x00, 0x00, 0x00, 0x00, 0x00, 0x00, 0x00,
    0x00, 0x00, 0x00, 0x00, 0x00, 0x00, 0x00, 0x00, 0x00, 0x00, 0x00, 0x00, 0x00, 0x00, 0x00, 0x00, 0x00, 0x00, 0x00,
    0x00, 0x00, 0x00, 0x00, 0x00, 0x00, 0x00, 0x00, 0x00, 0x00, 0x00, 0x00, 0x00, 0x00, 0x00, 0x00, 0x00, 0x00, 0x00,
    0x00, 0x20, 0x00, 0x20, 0x00, 0x20, 0x00, 0x21, 0x00, 0x41, 0x00, 0x41, 0x00, 0x41, 0x00, 0x61, 0x08, 0x62, 0x08,
    0x82, 0x08, 0x82, 0x08, 0xa3, 0x08, 0xa3, 0x08, 0xc4, 0x10, 0xe4, 0x10, 0x05, 0x11, 0x05, 0x11, 0x26, 0x19, 0x67,
    0x19, 0x05, 0x11, 0xb0, 0x5b, 0x9f, 0xd7, 0x1e, 0xc7, 0x1f, 0xc7, 0x1e, 0x8e, 0x1d, 0x86, 0x1d, 0x86, 0xfd, 0x85,
    0xfd, 0x85, 0xfd, 0x85, 0xfd, 0x85, 0xfd, 0x85, 0xdd, 0x7d, 0xdd, 0x7d, 0xdd, 0x7d, 0xdd, 0x7d, 0xdd, 0x7d, 0xbd,
    0x7d, 0xbd, 0x7d, 0xbd, 0x7d, 0xbd, 0x75, 0xdd, 0x85, 0x7e, 0xa6, 0x7e, 0xa6, 0x3d, 0x96, 0xfd, 0x8d, 0xfd, 0x8d,
    0xfd, 0x8d, 0xfd, 0x8d, 0xfd, 0x8d, 0xfd, 0x8d, 0xfd, 0x85, 0xdd, 0x85, 0xdd, 0x85, 0xdd, 0x85, 0xdd, 0x85, 0xdd,
    0x85, 0xdd, 0x85, 0xdc, 0x85, 0xdc, 0x85, 0xbc, 0x85, 0xbc, 0x7d, 0xbc, 0x7d, 0xbc, 0x7d, 0xbc, 0x7d, 0xbc, 0x7d,
    0x9c, 0x7d, 0x9c, 0x7d, 0x9c, 0x7d, 0x9c, 0x7d, 0x9c, 0x7d, 0x7c, 0x7d, 0x7c, 0x7d, 0x7c, 0x75, 0x7c, 0x75, 0x7c,
    0x75, 0x7c, 0x75, 0x7c, 0x75, 0x5c, 0x75, 0x5c, 0x75, 0x5c, 0x75, 0x5c, 0x75, 0x5c, 0x75, 0x5b, 0x75, 0x5b, 0x6d,
    0x3b, 0x6d, 0x3b, 0x6d, 0x3b, 0x6d, 0x3b, 0x6d, 0x3b, 0x6d, 0x3b, 0x6d, 0x3b, 0x6d, 0x1b, 0x6d, 0x1b, 0x65, 0x1b,
    0x65, 0x1b, 0x65, 0x1b, 0x65, 0x1b, 0x65, 0x1b, 0x65, 0xfb, 0x64, 0xfb, 0x64, 0xfb, 0x64, 0xfb, 0x64, 0xfb, 0x64,
    0xfb, 0x5c, 0xfb, 0x5c, 0xdb, 0x5c, 0xdb, 0x5c, 0xda, 0x5c, 0xda, 0x5c, 0xda, 0x5c, 0xda, 0x5c, 0x5b, 0x7d, 0x9c,
    0x85, 0xba, 0x54, 0xf9, 0x2b, 0x19, 0x34, 0x19, 0x34, 0x19, 0x34, 0x19, 0x34, 0x19, 0x34, 0x19, 0x34, 0x19, 0x34,
    0x19, 0x34, 0x19, 0x34, 0x19, 0x34, 0x19, 0x34, 0x19, 0x34, 0x19, 0x34, 0x19, 0x34, 0x19, 0x34, 0xf9, 0x2b, 0xbc,
    0x85, 0x3c, 0xa6, 0x7e, 0xae, 0x75, 0x74, 0x25, 0x11, 0x67, 0x19, 0x46, 0x19, 0x25, 0x11, 0x05, 0x11, 0xe4, 0x10,
    0xc4, 0x10, 0xc3, 0x08, 0xa3, 0x08, 0x82, 0x08, 0x82, 0x08, 0x62, 0x08, 0x62, 0x08, 0x41, 0x00, 0x41, 0x00, 0x41,
    0x00, 0x21, 0x00, 0x20, 0x00, 0x20, 0x00, 0x20, 0x00, 0x00, 0x00, 0x00, 0x00, 0x00, 0x00, 0x00, 0x00, 0x00, 0x00,
    0x00, 0x00, 0x00, 0x00, 0x00, 0x00, 0x00, 0x00, 0x00, 0x00, 0x00, 0x00, 0x00, 0x00, 0x00, 0x00, 0x00, 0x00, 0x00,
    0x00, 0x00, 0x00, 0x00, 0x00, 0x00, 0x00, 0x00, 0x00, 0x00, 0x00, 0x00, 0x00, 0x00, 0x00, 0x00, 0x00, 0x00, 0x00,
    0x00, 0x00, 0x00, 0x00, 0x00, 0x00, 0x00, 0x00, 0x00, 0x00, 0x00, 0x00, 0x00, 0x00, 0x00, 0x00, 0x00, 0x00, 0x00,
    0x00, 0x00, 0x00, 0x00, 0x00, 0x00, 0x00, 0x00, 0x00, 0x00, 0x00, 0x00, 0x00, 0x00, 0x00, 0x00, 0x00, 0x00, 0x00,
    0x00, 0x00, 0x20, 0x00, 0x20, 0x00, 0x20, 0x00, 0x21, 0x00, 0x21, 0x00, 0x41, 0x00, 0x41, 0x00, 0x41, 0x00, 0x62,
    0x08, 0x62, 0x08, 0x82, 0x08, 0xa3, 0x08, 0xa3, 0x08, 0xc3, 0x08, 0xe4, 0x10, 0xe4, 0x10, 0x05, 0x11, 0x25, 0x11,
    0x46, 0x19, 0x66, 0x19, 0x87, 0x19, 0x5b, 0xae, 0x5f, 0xcf, 0x3e, 0xcf, 0x9e, 0xa6, 0xfd, 0x7d, 0xfd, 0x85, 0xfd,
    0x85, 0xfd, 0x85, 0xfd, 0x85, 0xfd, 0x85, 0xdd, 0x7d, 0xdd, 0x7d, 0xdd, 0x7d, 0xdd, 0x7d, 0xdd, 0x7d, 0xbd, 0x7d,
    0xbd, 0x7d, 0xbd, 0x7d, 0xbd, 0x75, 0xbd, 0x75, 0x9d, 0x75, 0xfd, 0x85, 0x7e, 0xa6, 0x7d, 0xa6, 0x1d, 0x8e, 0xfd,
    0x8d, 0xfd, 0x8d, 0xfd, 0x8d, 0xfd, 0x8d, 0xfd, 0x85, 0xdd, 0x85, 0xdd, 0x85, 0xdd, 0x85, 0xdd, 0x85, 0xdd, 0x85,
    0xdd, 0x85, 0xdc, 0x85, 0xdc, 0x85, 0xbc, 0x85, 0xbc, 0x7d, 0xbc, 0x7d, 0xbc, 0x7d, 0xbc, 0x7d, 0xbc, 0x7d, 0x9c,
    0x7d, 0x9c, 0x7d, 0x9c, 0x7d, 0x9c, 0x7d, 0x9c, 0x7d, 0x7c, 0x7d, 0x7c, 0x7d, 0x7c, 0x75, 0x7c, 0x75, 0x7c, 0x75,
    0x7c, 0x75, 0x7c, 0x75, 0x5c, 0x75, 0x5c, 0x75, 0x5c, 0x75, 0x5c, 0x75, 0x5c, 0x75, 0x5b, 0x75, 0x5b, 0x6d, 0x3b,
    0x6d, 0x3b, 0x6d, 0x3b, 0x6d, 0x3b, 0x6d, 0x3b, 0x6d, 0x3b, 0x6d, 0x3b, 0x6d, 0x1b, 0x6d, 0x1b, 0x65, 0x1b, 0x65,
    0x1b, 0x65, 0x1b, 0x65, 0x1b, 0x65, 0x1b, 0x65, 0xfb, 0x64, 0xfb, 0x64, 0xfb, 0x64, 0xfb, 0x64, 0xfb, 0x64, 0xfb,
    0x5c, 0xfb, 0x5c, 0xdb, 0x5c, 0xdb, 0x5c, 0xda, 0x5c, 0xda, 0x5c, 0xda, 0x5c, 0xda, 0x5c, 0x5b, 0x75, 0x9c, 0x85,
    0xdb, 0x64, 0xf9, 0x33, 0x19, 0x34, 0x19, 0x34, 0x19, 0x34, 0x19, 0x34, 0x19, 0x34, 0x19, 0x34, 0x19, 0x34, 0x19,
    0x34, 0x19, 0x34, 0x19, 0x34, 0x19, 0x34, 0x19, 0x34, 0x19, 0x34, 0x19, 0x34, 0x19, 0x34, 0xf9, 0x2b, 0x9a, 0x54,
    0x5d, 0xae, 0x3d, 0xa6, 0x3d, 0xa6, 0x2a, 0x32, 0x46, 0x19, 0x46, 0x19, 0x25, 0x11, 0x05, 0x11, 0xe4, 0x10, 0xe4,
    0x10, 0xc4, 0x10, 0xa3, 0x08, 0xa3, 0x08, 0x82, 0x08, 0x82, 0x08, 0x62, 0x08, 0x61, 0x00, 0x41, 0x00, 0x41, 0x00,
    0x21, 0x00, 0x21, 0x00, 0x20, 0x00, 0x20, 0x00, 0x20, 0x00, 0x00, 0x00, 0x00, 0x00, 0x00, 0x00, 0x00, 0x00, 0x00,
    0x00, 0x00, 0x00, 0x00, 0x00, 0x00, 0x00, 0x00, 0x00, 0x00, 0x00, 0x00, 0x00, 0x00, 0x00, 0x00, 0x00, 0x00, 0x00,
    0x00, 0x00, 0x00, 0x00, 0x00, 0x00, 0x00, 0x00, 0x00, 0x00, 0x00, 0x00, 0x00, 0x00, 0x00, 0x00, 0x00, 0x00, 0x00,
    0x00, 0x00, 0x00, 0x00, 0x00, 0x00, 0x00, 0x00, 0x00, 0x00, 0x00, 0x00, 0x00, 0x00, 0x00, 0x00, 0x00, 0x00, 0x00,
    0x00, 0x00, 0x00, 0x00, 0x00, 0x00, 0x00, 0x00, 0x00, 0x00, 0x00, 0x00, 0x00, 0x00, 0x00, 0x00, 0x00, 0x00, 0x00,
    0x00, 0x00, 0x00, 0x00, 0x00, 0x20, 0x00, 0x20, 0x00, 0x20, 0x00, 0x21, 0x00, 0x41, 0x00, 0x41, 0x00, 0x41, 0x00,
    0x62, 0x08, 0x62, 0x08, 0x82, 0x08, 0x82, 0x08, 0xa3, 0x08, 0xa3, 0x08, 0xc4, 0x10, 0xe4, 0x10, 0x05, 0x11, 0x05,
    0x11, 0x26, 0x19, 0x67, 0x19, 0x05, 0x11, 0x90, 0x5b, 0x9f, 0xd7, 0x1e, 0xc7, 0x1f, 0xc7, 0x1d, 0x8e, 0xfd, 0x85,
    0xfd, 0x85, 0xfd, 0x85, 0xfd, 0x85, 0xdd, 0x7d, 0xdd, 0x7d, 0xdd, 0x7d, 0xdd, 0x7d, 0xdd, 0x7d, 0xbd, 0x7d, 0xbd,
    0x7d, 0xbd, 0x7d, 0xbd, 0x75, 0xbd, 0x75, 0xbd, 0x75, 0x9d, 0x75, 0x9c, 0x6d, 0x1d, 0x8e, 0x9e, 0xae, 0x5d, 0xa6,
    0x1d, 0x8e, 0xfd, 0x85, 0xfd, 0x8d, 0xfd, 0x85, 0xdd, 0x85, 0xdd, 0x85, 0xdd, 0x85, 0xdd, 0x85, 0xdd, 0x85, 0xdd,
    0x85, 0xdc, 0x85, 0xdc, 0x85, 0xbc, 0x85, 0xbc, 0x7d, 0xbc, 0x7d, 0xbc, 0x7d, 0xbc, 0x7d, 0xbc, 0x7d, 0x9c, 0x7d,
    0x9c, 0x7d, 0x9c, 0x7d, 0x9c, 0x7d, 0x9c, 0x7d, 0x7c, 0x7d, 0x7c, 0x7d, 0x7c, 0x75, 0x7c, 0x75, 0x7c, 0x75, 0x7c,
    0x75, 0x7c, 0x75, 0x5c, 0x75, 0x5c, 0x75, 0x5c, 0x75, 0x5c, 0x75, 0x5c, 0x75, 0x5b, 0x75, 0x5b, 0x6d, 0x3b, 0x6d,
    0x3b, 0x6d, 0x3b, 0x6d, 0x3b, 0x6d, 0x3b, 0x6d, 0x3b, 0x6d, 0x3b, 0x6d, 0x1b, 0x6d, 0x1b, 0x65, 0x1b, 0x65, 0x1b,
    0x65, 0x1b, 0x65, 0x1b, 0x65, 0x1b, 0x65, 0xfb, 0x64, 0xfb, 0x64, 0xfb, 0x64, 0xfb, 0x64, 0xfb, 0x64, 0xfb, 0x5c,
    0xfb, 0x5c, 0xdb, 0x5c, 0xdb, 0x5c, 0xda, 0x5c, 0xda, 0x5c, 0xda, 0x5c, 0xda, 0x5c, 0x5b, 0x75, 0x9c, 0x85, 0x1b,
    0x6d, 0xf9, 0x33, 0x19, 0x34, 0x19, 0x34, 0x19, 0x34, 0x19, 0x34, 0x19, 0x34, 0x19, 0x34, 0x19, 0x34, 0x19, 0x34,
    0x19, 0x34, 0x19, 0x34, 0x19, 0x34, 0x19, 0x34, 0x19, 0x34, 0x19, 0x34, 0x19, 0x34, 0x19, 0x34, 0x19, 0x34, 0xdc,
    0x8d, 0x3c, 0xa6, 0x9e, 0xae, 0x75, 0x74, 0x25, 0x11, 0x67, 0x19, 0x46, 0x19, 0x25, 0x11, 0x05, 0x11, 0xe4, 0x10,
    0xc4, 0x10, 0xc3, 0x08, 0xa3, 0x08, 0x83, 0x08, 0x82, 0x08, 0x62, 0x08, 0x62, 0x08, 0x41, 0x00, 0x41, 0x00, 0x41,
    0x00, 0x21, 0x00, 0x21, 0x00, 0x20, 0x00, 0x20, 0x00, 0x00, 0x00, 0x00, 0x00, 0x00, 0x00, 0x00, 0x00, 0x00, 0x00,
    0x00, 0x00, 0x00, 0x00, 0x00, 0x00, 0x00, 0x00, 0x00, 0x00, 0x00, 0x00, 0x00, 0x00, 0x00, 0x00, 0x00, 0x00, 0x00,
    0x00, 0x00, 0x00, 0x00, 0x00, 0x00, 0x00, 0x00, 0x00, 0x00, 0x00, 0x00, 0x00, 0x00, 0x00, 0x00, 0x00, 0x00, 0x00,
    0x00, 0x00, 0x00, 0x00, 0x00, 0x00, 0x00, 0x00, 0x00, 0x00, 0x00, 0x00, 0x00, 0x00, 0x00, 0x00, 0x00, 0x00, 0x00,
    0x00, 0x00, 0x00, 0x00, 0x00, 0x00, 0x00, 0x00, 0x00, 0x00, 0x00, 0x00, 0x00, 0x00, 0x00, 0x00, 0x00, 0x00, 0x00,
    0x00, 0x00, 0x00, 0x00, 0x00, 0x00, 0x20, 0x00, 0x20, 0x00, 0x20, 0x00, 0x21, 0x00, 0x21, 0x00, 0x41, 0x00, 0x41,
    0x00, 0x61, 0x00, 0x62, 0x08, 0x62, 0x08, 0x82, 0x08, 0xa3, 0x08, 0xa3, 0x08, 0xc3, 0x10, 0xe4, 0x10, 0xe4, 0x10,
    0x05, 0x11, 0x25, 0x11, 0x46, 0x19, 0x67, 0x19, 0x46, 0x19, 0xd9, 0x9d, 0x7f, 0xd7, 0x1e, 0xcf, 0xbe, 0xae, 0xdd,
    0x7d, 0xfd, 0x85, 0xfd, 0x7d, 0xdd, 0x7d, 0xdd, 0x7d, 0xdd, 0x7d, 0xdd, 0x7d, 0xdd, 0x7d, 0xbd, 0x7d, 0xbd, 0x7d,
    0xbd, 0x7d, 0xbd, 0x75, 0xbd, 0x75, 0xbd, 0x75, 0x9d, 0x75, 0x9d, 0x75, 0x9c, 0x75, 0x9c, 0x6d, 0x1d, 0x8e, 0x7e,
    0xa6, 0x5d, 0xa6, 0x1d, 0x8e, 0xdd, 0x85, 0xfd, 0x85, 0xdd, 0x85, 0xdd, 0x85, 0xdd, 0x85, 0xdd, 0x85, 0xdd, 0x85,
    0xdc, 0x85, 0xdc, 0x85, 0xbc, 0x85, 0xbc, 0x7d, 0xbc, 0x7d, 0xbc, 0x7d, 0xbc, 0x7d, 0xbc, 0x7d, 0x9c, 0x7d, 0x9c,
    0x7d, 0x9c, 0x7d, 0x9c, 0x7d, 0x9c, 0x7d, 0x7c, 0x7d, 0x7c, 0x7d, 0x7c, 0x75, 0x7c, 0x75, 0x7c, 0x75, 0x7c, 0x75,
    0x7c, 0x75, 0x5c, 0x75, 0x5c, 0x75, 0x5c, 0x75, 0x5c, 0x75, 0x5c, 0x75, 0x5b, 0x75, 0x5b, 0x6d, 0x3b, 0x6d, 0x3b,
    0x6d, 0x3b, 0x6d, 0x3b, 0x6d, 0x3b, 0x6d, 0x3b, 0x6d, 0x3b, 0x6d, 0x1b, 0x6d, 0x1b, 0x65, 0x1b, 0x65, 0x1b, 0x65,
    0x1b, 0x65, 0x1b, 0x65, 0x1b, 0x65, 0xfb, 0x64, 0xfb, 0x64, 0xfb, 0x64, 0xfb, 0x64, 0xfb, 0x64, 0xfb, 0x5c, 0xfb,
    0x5c, 0xdb, 0x5c, 0xdb, 0x5c, 0xda, 0x5c, 0xda, 0x5c, 0xda, 0x5c, 0xda, 0x5c, 0x5b, 0x75, 0x9c, 0x85, 0x3b, 0x6d,
    0x19, 0x34, 0xf9, 0x33, 0x19, 0x34, 0x19, 0x34, 0x19, 0x34, 0x19, 0x34, 0x19, 0x34, 0x19, 0x34, 0x19, 0x34, 0x19,
    0x34, 0x19, 0x34, 0x19, 0x34, 0x19, 0x34, 0x19, 0x34, 0x19, 0x34, 0x19, 0x34, 0x19, 0x34, 0xd9, 0x2b, 0xda, 0x5c,
    0x5d, 0xae, 0x3d, 0xa6, 0xfb, 0x9d, 0xe9, 0x29, 0x46, 0x19, 0x46, 0x19, 0x25, 0x11, 0x05, 0x11, 0x04, 0x11, 0xe4,
    0x10, 0xc4, 0x10, 0xa3, 0x08, 0xa3, 0x08, 0x82, 0x08, 0x82, 0x08, 0x62, 0x08, 0x61, 0x00, 0x41, 0x00, 0x41, 0x00,
    0x41, 0x00, 0x21, 0x00, 0x20, 0x00, 0x20, 0x00, 0x20, 0x00, 0x00, 0x00, 0x00, 0x00, 0x00, 0x00, 0x00, 0x00, 0x00,
    0x00, 0x00, 0x00, 0x00, 0x00, 0x00, 0x00, 0x00, 0x00, 0x00, 0x00, 0x00, 0x00, 0x00, 0x00, 0x00, 0x00, 0x00, 0x00,
    0x00, 0x00, 0x00, 0x00, 0x00, 0x00, 0x00, 0x00, 0x00, 0x00, 0x00, 0x00, 0x00, 0x00, 0x00, 0x00, 0x00, 0x00, 0x00,
    0x00, 0x00, 0x00, 0x00, 0x00, 0x00, 0x00, 0x00, 0x00, 0x00, 0x00, 0x00, 0x00, 0x00, 0x00, 0x00, 0x00, 0x00, 0x00,
    0x00, 0x00, 0x00, 0x00, 0x00, 0x00, 0x00, 0x00, 0x00, 0x00, 0x00, 0x00, 0x00, 0x00, 0x00, 0x00, 0x00, 0x00, 0x00,
    0x00, 0x00, 0x00, 0x00, 0x00, 0x00, 0x00, 0x00, 0x00, 0x20, 0x00, 0x20, 0x00, 0x20, 0x00, 0x21, 0x00, 0x41, 0x00,
    0x41, 0x00, 0x41, 0x00, 0x62, 0x08, 0x62, 0x08, 0x82, 0x08, 0x82, 0x08, 0xa3, 0x08, 0xa3, 0x08, 0xc4, 0x10, 0xe4,
    0x10, 0x05, 0x11, 0x05, 0x11, 0x26, 0x19, 0x66, 0x19, 0x25, 0x11, 0xed, 0x4a, 0x5f, 0xcf, 0x1e, 0xc7, 0x1e, 0xcf,
    0x3e, 0x96, 0xdd, 0x7d, 0xfd, 0x7d, 0xdd, 0x7d, 0xdd, 0x7d, 0xdd, 0x7d, 0xdd, 0x7d, 0xbd, 0x7d, 0xbd, 0x7d, 0xbd,
    0x7d, 0xbd, 0x75, 0xbd, 0x75, 0xbd, 0x75, 0x9d, 0x75, 0x9d, 0x75, 0x9c, 0x75, 0x9c, 0x75, 0x9c, 0x75, 0x7c, 0x6d,
    0x1d, 0x8e, 0x7d, 0xa6, 0x5d, 0x9e, 0xfd, 0x8d, 0xdd, 0x85, 0xdd, 0x85, 0xdd, 0x85, 0xdd, 0x85, 0xdd, 0x85, 0xdc,
    0x85, 0xdc, 0x85, 0xbc, 0x85, 0xbc, 0x7d, 0xbc, 0x7d, 0xbc, 0x7d, 0xbc, 0x7d, 0xbc, 0x7d, 0x9c, 0x7d, 0x9c, 0x7d,
    0x9c, 0x7d, 0x9c, 0x7d, 0x9c, 0x7d, 0x7c, 0x7d, 0x7c, 0x7d, 0x7c, 0x75, 0x7c, 0x75, 0x7c, 0x75, 0x7c, 0x75, 0x7c,
    0x75, 0x5c, 0x75, 0x5c, 0x75, 0x5c, 0x75, 0x5c, 0x75, 0x5c, 0x75, 0x5b, 0x75, 0x5b, 0x6d, 0x3b, 0x6d, 0x3b, 0x6d,
    0x3b, 0x6d, 0x3b, 0x6d, 0x3b, 0x6d, 0x3b, 0x6d, 0x3b, 0x6d, 0x1b, 0x6d, 0x1b, 0x65, 0x1b, 0x65, 0x1b, 0x65, 0x1b,
    0x65, 0x1b, 0x65, 0x1b, 0x65, 0xfb, 0x64, 0xfb, 0x64, 0xfb, 0x64, 0xfb, 0x64, 0xfb, 0x64, 0xfb, 0x5c, 0xfb, 0x5c,
    0xdb, 0x5c, 0xdb, 0x5c, 0xda, 0x5c, 0xda, 0x5c, 0xda, 0x5c, 0xda, 0x5c, 0x5b, 0x75, 0x9c, 0x85, 0x3b, 0x6d, 0x19,
    0x34, 0xf9, 0x33, 0x19, 0x34, 0x19, 0x34, 0x19, 0x34, 0x19, 0x34, 0x19, 0x34, 0x19, 0x34, 0x19, 0x34, 0x19, 0x34,
    0x19, 0x34, 0x19, 0x34, 0x19, 0x34, 0x19, 0x34, 0x19, 0x34, 0x19, 0x34, 0x19, 0x34, 0xf9, 0x33, 0x39, 0x3c, 0x1c,
    0x9e, 0x3c, 0xa6, 0x9e, 0xae, 0xd2, 0x5b, 0x05, 0x11, 0x67, 0x19, 0x26, 0x19, 0x25, 0x11, 0x05, 0x11, 0xe4, 0x10,
    0xc4, 0x10, 0xc3, 0x08, 0xa3, 0x08, 0x83, 0x08, 0x82, 0x08, 0x62, 0x08, 0x62, 0x08, 0x41, 0x00, 0x41, 0x00, 0x41,
    0x00, 0x21, 0x00, 0x21, 0x00, 0x20, 0x00, 0x20, 0x00, 0x20, 0x00, 0x00, 0x00, 0x00, 0x00, 0x00, 0x00, 0x00, 0x00,
    0x00, 0x00, 0x00, 0x00, 0x00, 0x00, 0x00, 0x00, 0x00, 0x00, 0x00, 0x00, 0x00, 0x00, 0x00, 0x00, 0x00, 0x00, 0x00,
    0x00, 0x00, 0x00, 0x00, 0x00, 0x00, 0x00, 0x00, 0x00, 0x00, 0x00, 0x00, 0x00, 0x00, 0x00, 0x00, 0x00, 0x00, 0x00,
    0x00, 0x00, 0x00, 0x00, 0x00, 0x00, 0x00, 0x00, 0x00, 0x00, 0x00, 0x00, 0x00, 0x00, 0x00, 0x00, 0x00, 0x00, 0x00,
    0x00, 0x00, 0x00, 0x00, 0x00, 0x00, 0x00, 0x00, 0x00, 0x00, 0x00, 0x00, 0x00, 0x00, 0x00, 0x00, 0x00, 0x00, 0x00,
    0x00, 0x00, 0x00, 0x00, 0x00, 0x00, 0x00, 0x00, 0x00, 0x00, 0x20, 0x00, 0x20, 0x00, 0x20, 0x00, 0x21, 0x00, 0x41,
    0x00, 0x41, 0x00, 0x41, 0x00, 0x61, 0x00, 0x62, 0x08, 0x62, 0x08, 0x82, 0x08, 0xa3, 0x08, 0xa3, 0x08, 0xc3, 0x10,
    0xe4, 0x10, 0xe4, 0x10, 0x05, 0x11, 0x25, 0x11, 0x46, 0x19, 0x67, 0x19, 0x05, 0x11, 0x16, 0x8d, 0x7f, 0xd7, 0xfe,
    0xc6, 0xfe, 0xbe, 0xfd, 0x85, 0xdd, 0x7d, 0xdd, 0x7d, 0xdd, 0x7d, 0xdd, 0x7d, 0xbd, 0x7d, 0xbd, 0x7d, 0xbd, 0x7d,
    0xbd, 0x75, 0xbd, 0x75, 0xbd, 0x75, 0x9d, 0x75, 0x9d, 0x75, 0x9c, 0x75, 0x9c, 0x75, 0x9c, 0x75, 0x7c, 0x75, 0x7c,
    0x6d, 0x7c, 0x6d, 0xfd, 0x8d, 0x7d, 0xa6, 0x5d, 0x9e, 0xfd, 0x8d, 0xdd, 0x85, 0xdd, 0x85, 0xdd, 0x85, 0xdc, 0x85,
    0xdc, 0x85, 0xbc, 0x85, 0xbc, 0x7d, 0xbc, 0x7d, 0xbc, 0x7d, 0xbc, 0x7d, 0xbc, 0x7d, 0x9c, 0x7d, 0x9c, 0x7d, 0x9c,
    0x7d, 0x9c, 0x7d, 0x9c, 0x7d, 0x7c, 0x7d, 0x7c, 0x7d, 0x7c, 0x75, 0x7c, 0x75, 0x7c, 0x75, 0x7c, 0x75, 0x7c, 0x75,
    0x5c, 0x75, 0x5c, 0x75, 0x5c, 0x75, 0x5c, 0x75, 0x5c, 0x75, 0x5b, 0x75, 0x5b, 0x6d, 0x3b, 0x6d, 0x3b, 0x6d, 0x3b,
    0x6d, 0x3b, 0x6d, 0x3b, 0x6d, 0x3b, 0x6d, 0x3b, 0x6d, 0x1b, 0x6d, 0x1b, 0x65, 0x1b, 0x65, 0x1b, 0x65, 0x1b, 0x65,
    0x1b, 0x65, 0x1b, 0x65, 0xfb, 0x64, 0xfb, 0x64, 0xfb, 0x64, 0xfb, 0x64, 0xfb, 0x64, 0xfb, 0x5c, 0xfb, 0x5c, 0xdb,
    0x5c, 0xdb, 0x5c, 0xdb, 0x5c, 0xda, 0x5c, 0xda, 0x5c, 0xda, 0x5c, 0x5b, 0x75, 0x9c, 0x85, 0x3b, 0x6d, 0x19, 0x34,
    0xf9, 0x33, 0x19, 0x34, 0x19, 0x34, 0x19, 0x34, 0x19, 0x34, 0x19, 0x34, 0x19, 0x34, 0x19, 0x34, 0x19, 0x34, 0x19,
    0x34, 0x19, 0x34, 0x19, 0x34, 0x19, 0x34, 0x19, 0x34, 0x19, 0x34, 0x19, 0x34, 0x19, 0x34, 0xf9, 0x2b, 0x7b, 0x7d,
    0x5d, 0xae, 0x5d, 0xa6, 0x99, 0x95, 0x67, 0x19, 0x66, 0x19, 0x46, 0x19, 0x25, 0x11, 0x05, 0x11, 0xe4, 0x10, 0xe4,
    0x10, 0xc4, 0x10, 0xa3, 0x08, 0xa3, 0x08, 0x82, 0x08, 0x82, 0x08, 0x62, 0x08, 0x61, 0x08, 0x41, 0x00, 0x41, 0x00,
    0x41, 0x00, 0x21, 0x00, 0x20, 0x00, 0x20, 0x00, 0x20, 0x00, 0x00, 0x00, 0x00, 0x00, 0x00, 0x00, 0x00, 0x00, 0x00,
    0x00, 0x00, 0x00, 0x00, 0x00, 0x00, 0x00, 0x00, 0x00, 0x00, 0x00, 0x00, 0x00, 0x00, 0x00, 0x00, 0x00, 0x00, 0x00,
    0x00, 0x00, 0x00, 0x00, 0x00, 0x00, 0x00, 0x00, 0x00, 0x00, 0x00, 0x00, 0x00, 0x00, 0x00, 0x00, 0x00, 0x00, 0x00,
    0x00, 0x00, 0x00, 0x00, 0x00, 0x00, 0x00, 0x00, 0x00, 0x00, 0x00, 0x00, 0x00, 0x00, 0x00, 0x00, 0x00, 0x00, 0x00,
    0x00, 0x00, 0x00, 0x00, 0x00, 0x00, 0x00, 0x00, 0x00, 0x00, 0x00, 0x00, 0x00, 0x00, 0x00, 0x00, 0x00, 0x00, 0x00,
    0x00, 0x00, 0x00, 0x00, 0x00, 0x00, 0x00, 0x00, 0x00, 0x00, 0x00, 0x00, 0x00, 0x20, 0x00, 0x20, 0x00, 0x20, 0x00,
    0x21, 0x00, 0x41, 0x00, 0x41, 0x00, 0x41, 0x00, 0x62, 0x08, 0x62, 0x08, 0x82, 0x08, 0x82, 0x08, 0xa3, 0x08, 0xa3,
    0x08, 0xc4, 0x10, 0xe4, 0x10, 0x04, 0x11, 0x05, 0x11, 0x26, 0x11, 0x46, 0x19, 0x46, 0x19, 0xe9, 0x29, 0xbd, 0xbe,
    0x3f, 0xc7, 0x1e, 0xcf, 0x9e, 0xa6, 0xbd, 0x75, 0xdd, 0x7d, 0xdd, 0x7d, 0xbd, 0x7d, 0xbd, 0x7d, 0xbd, 0x7d, 0xbd,
    0x75, 0xbd, 0x75, 0xbd, 0x75, 0x9d, 0x75, 0x9d, 0x75, 0x9c, 0x75, 0x9c, 0x75, 0x9c, 0x75, 0x7c, 0x6d, 0x7c, 0x6d,
    0x7c, 0x6d, 0x7c, 0x6d, 0x5c, 0x6d, 0xfd, 0x8d, 0x5d, 0xa6, 0x5d, 0x9e, 0xfd, 0x8d, 0xdc, 0x85, 0xdc, 0x85, 0xdc,
    0x85, 0xbc, 0x85, 0xbc, 0x7d, 0xbc, 0x7d, 0xbc, 0x7d, 0xbc, 0x7d, 0xbc, 0x7d, 0x9c, 0x7d, 0x9c, 0x7d, 0x9c, 0x7d,
    0x9c, 0x7d, 0x9c, 0x7d, 0x7c, 0x7d, 0x7c, 0x7d, 0x7c, 0x75, 0x7c, 0x75, 0x7c, 0x75, 0x7c, 0x75, 0x7c, 0x75, 0x5c,
    0x75, 0x5c, 0x75, 0x5c, 0x75, 0x5c, 0x75, 0x5c, 0x75, 0x5b, 0x75, 0x5b, 0x6d, 0x3b, 0x6d, 0x3b, 0x6d, 0x3b, 0x6d,
    0x3b, 0x6d, 0x3b, 0x6d, 0x3b, 0x6d, 0x3b, 0x6d, 0x1b, 0x6d, 0x1b, 0x65, 0x1b, 0x65, 0x1b, 0x65, 0x1b, 0x65, 0x1b,
    0x65, 0x1b, 0x65, 0xfb, 0x64, 0xfb, 0x64, 0xfb, 0x64, 0xfb, 0x64, 0xfb, 0x64, 0xfb, 0x5c, 0xfb, 0x5c, 0xdb, 0x5c,
    0xdb, 0x5c, 0xdb, 0x5c, 0xda, 0x5c, 0xba, 0x5c, 0xfb, 0x64, 0x5b, 0x7d, 0x9c, 0x85, 0x1b, 0x6d, 0x19, 0x34, 0xf9,
    0x33, 0x19, 0x34, 0x19, 0x34, 0x19, 0x34, 0x19, 0x34, 0x19, 0x34, 0x19, 0x34, 0x19, 0x34, 0x19, 0x34, 0x19, 0x34,
    0x19, 0x34, 0x19, 0x34, 0x19, 0x34, 0x19, 0x34, 0x19, 0x34, 0x19, 0x34, 0x19, 0x34, 0xd9, 0x2b, 0xda, 0x5c, 0x5d,
    0xae, 0x3c, 0xa6, 0x7d, 0xae, 0xcd, 0x42, 0x26, 0x11, 0x66, 0x19, 0x26, 0x19, 0x05, 0x11, 0x05, 0x11, 0xe4, 0x10,
    0xc4, 0x10, 0xc3, 0x08, 0xa3, 0x08, 0x83, 0x08, 0x82, 0x08, 0x62, 0x08, 0x62, 0x08, 0x61, 0x00, 0x41, 0x00, 0x41,
    0x00, 0x21, 0x00, 0x21, 0x00, 0x20, 0x00, 0x20, 0x00, 0x20, 0x00, 0x00, 0x00, 0x00, 0x00, 0x00, 0x00, 0x00, 0x00,
    0x00, 0x00, 0x00, 0x00, 0x00, 0x00, 0x00, 0x00, 0x00, 0x00, 0x00, 0x00, 0x00, 0x00, 0x00, 0x00, 0x00, 0x00, 0x00,
    0x00, 0x00, 0x00, 0x00, 0x00, 0x00, 0x00, 0x00, 0x00, 0x00, 0x00, 0x00, 0x00, 0x00, 0x00, 0x00, 0x00, 0x00, 0x00,
    0x00, 0x00, 0x00, 0x00, 0x00, 0x00, 0x00, 0x00, 0x00, 0x00, 0x00, 0x00, 0x00, 0x00, 0x00, 0x00, 0x00, 0x00, 0x00,
    0x00, 0x00, 0x00, 0x00, 0x00, 0x00, 0x00, 0x00, 0x00, 0x00, 0x00, 0x00, 0x00, 0x00, 0x00, 0x00, 0x00, 0x00, 0x00,
    0x00, 0x00, 0x00, 0x00, 0x00, 0x00, 0x00, 0x00, 0x00, 0x00, 0x00, 0x00, 0x00, 0x00, 0x20, 0x00, 0x20, 0x00, 0x20,
    0x00, 0x21, 0x00, 0x41, 0x00, 0x41, 0x00, 0x41, 0x00, 0x61, 0x00, 0x62, 0x08, 0x62, 0x08, 0x82, 0x08, 0xa3, 0x08,
    0xa3, 0x08, 0xc3, 0x08, 0xc4, 0x10, 0xe4, 0x10, 0x05, 0x11, 0x25, 0x11, 0x26, 0x19, 0x67, 0x19, 0x05, 0x11, 0x6f,
    0x53, 0x5f, 0xcf, 0xfe, 0xc6, 0x1e, 0xc7, 0x1d, 0x8e, 0xbd, 0x75, 0xdd, 0x7d, 0xbd, 0x7d, 0xbd, 0x7d, 0xbd, 0x75,
    0xbd, 0x75, 0xbd, 0x75, 0x9d, 0x75, 0x9d, 0x75, 0x9c, 0x75, 0x9c, 0x75, 0x9c, 0x75, 0x7c, 0x6d, 0x7c, 0x6d, 0x7c,
    0x6d, 0x7c, 0x6d, 0x7c, 0x6d, 0x7c, 0x6d, 0x5c, 0x65, 0xbc, 0x7d, 0x5d, 0xa6, 0x5d, 0xa6, 0x1d, 0x96, 0xdc, 0x85,
    0xbc, 0x7d, 0xbc, 0x85, 0xbc, 0x7d, 0xbc, 0x7d, 0xbc, 0x7d, 0xbc, 0x7d, 0x9c, 0x7d, 0x9c, 0x7d, 0x9c, 0x7d, 0x9c,
    0x7d, 0x9c, 0x7d, 0x7c, 0x7d, 0x7c, 0x7d, 0x7c, 0x75, 0x7c, 0x75, 0x7c, 0x75, 0x7c, 0x75, 0x7c, 0x75, 0x5c, 0x75,
    0x5c, 0x75, 0x5c, 0x75, 0x5c, 0x75, 0x5c, 0x75, 0x5b, 0x75, 0x5b, 0x6d, 0x3b, 0x6d, 0x3b, 0x6d, 0x3b, 0x6d, 0x3b,
    0x6d, 0x3b, 0x6d, 0x3b, 0x6d, 0x3b, 0x6d, 0x1b, 0x6d, 0x1b, 0x65, 0x1b, 0x65, 0x1b, 0x65, 0x1b, 0x65, 0x1b, 0x65,
    0x1b, 0x65, 0xfb, 0x64, 0xfb, 0x64, 0xfb, 0x64, 0xfb, 0x64, 0xfb, 0x64, 0xfb, 0x5c, 0xfb, 0x5c, 0xdb, 0x5c, 0xdb,
    0x5c, 0xdb, 0x5c, 0xda, 0x5c, 0xda, 0x5c, 0x1b, 0x6d, 0x7b, 0x7d, 0x9c, 0x85, 0xdb, 0x64, 0xf9, 0x33, 0xf9, 0x33,
    0x19, 0x34, 0x19, 0x34, 0x19, 0x34, 0x19, 0x34, 0x19, 0x34, 0x19, 0x34, 0x19, 0x34, 0x19, 0x34, 0x19, 0x34, 0x19,
    0x34, 0x19, 0x34, 0x19, 0x34, 0x19, 0x34, 0x19, 0x34, 0x19, 0x34, 0x19, 0x34, 0xf9, 0x33, 0x39, 0x3c, 0x1c, 0x9e,
    0x3c, 0xa6, 0x9e, 0xae, 0x54, 0x6c, 0x25, 0x11, 0x67, 0x19, 0x46, 0x19, 0x25, 0x11, 0x05, 0x11, 0xe4, 0x10, 0xe4,
    0x10, 0xc3, 0x10, 0xa3, 0x08, 0xa3, 0x08, 0x82, 0x08, 0x82, 0x08, 0x62, 0x08, 0x61, 0x08, 0x41, 0x00, 0x41, 0x00,
    0x41, 0x00, 0x21, 0x00, 0x20, 0x00, 0x20, 0x00, 0x20, 0x00, 0x00, 0x00, 0x00, 0x00, 0x00, 0x00, 0x00, 0x00, 0x00,
    0x00, 0x00, 0x00, 0x00, 0x00, 0x00, 0x00, 0x00, 0x00, 0x00, 0x00, 0x00, 0x00, 0x00, 0x00, 0x00, 0x00, 0x00, 0x00,
    0x00, 0x00, 0x00, 0x00, 0x00, 0x00, 0x00, 0x00, 0x00, 0x00, 0x00, 0x00, 0x00, 0x00, 0x00, 0x00, 0x00, 0x00, 0x00,
    0x00, 0x00, 0x00, 0x00, 0x00, 0x00, 0x00, 0x00, 0x00, 0x00, 0x00, 0x00, 0x00, 0x00, 0x00, 0x00, 0x00, 0x00, 0x00,
    0x00, 0x00, 0x00, 0x00, 0x00, 0x00, 0x00, 0x00, 0x00, 0x00, 0x00, 0x00, 0x00, 0x00, 0x00, 0x00, 0x00, 0x00, 0x00,
    0x00, 0x00, 0x00, 0x00, 0x00, 0x00, 0x00, 0x00, 0x00, 0x00, 0x00, 0x00, 0x00, 0x00, 0x00, 0x20, 0x00, 0x20, 0x00,
    0x20, 0x00, 0x20, 0x00, 0x21, 0x00, 0x41, 0x00, 0x41, 0x00, 0x41, 0x00, 0x62, 0x08, 0x62, 0x08, 0x82, 0x08, 0x82,
    0x08, 0xa3, 0x08, 0xa3, 0x08, 0xc4, 0x10, 0xe4, 0x10, 0xe4, 0x10, 0x05, 0x11, 0x25, 0x11, 0x46, 0x19, 0x67, 0x19,
    0x25, 0x11, 0x37, 0x8d, 0x7f, 0xcf, 0xfe, 0xc6, 0xfe, 0xbe, 0xdd, 0x7d, 0xbd, 0x7d, 0xbd, 0x7d, 0xbd, 0x75, 0xbd,
    0x75, 0xbd, 0x75, 0x9d, 0x75, 0x9d, 0x75, 0x9c, 0x75, 0x9c, 0x75, 0x9c, 0x75, 0x7c, 0x6d, 0x7c, 0x6d, 0x7c, 0x6d,
    0x7c, 0x6d, 0x7c, 0x6d, 0x7c, 0x6d, 0x5c, 0x6d, 0x5c, 0x6d, 0x5c, 0x65, 0x9c, 0x75, 0x3d, 0x9e, 0x5d, 0xa6, 0x1d,
    0x96, 0xdd, 0x85, 0xbc, 0x7d, 0xbc, 0x7d, 0xbc, 0x7d, 0xbc, 0x7d, 0x9c, 0x7d, 0x9c, 0x7d, 0x9c, 0x7d, 0x9c, 0x7d,
    0x9c, 0x7d, 0x7c, 0x7d, 0x7c, 0x7d, 0x7c, 0x75, 0x7c, 0x75, 0x7c, 0x75, 0x7c, 0x75, 0x7c, 0x75, 0x5c, 0x75, 0x5c,
    0x75, 0x5c, 0x75, 0x5c, 0x75, 0x5c, 0x75, 0x5b, 0x75, 0x5b, 0x6d, 0x3b, 0x6d, 0x3b, 0x6d, 0x3b, 0x6d, 0x3b, 0x6d,
    0x3b, 0x6d, 0x3b, 0x6d, 0x3b, 0x6d, 0x1b, 0x6d, 0x1b, 0x65, 0x1b, 0x65, 0x1b, 0x65, 0x1b, 0x65, 0x1b, 0x65, 0x1b,
    0x65, 0xfb, 0x64, 0xfb, 0x64, 0xfb, 0x64, 0xfb, 0x64, 0xfb, 0x64, 0xfb, 0x5c, 0xfb, 0x5c, 0xdb, 0x5c, 0xdb, 0x5c,
    0xdb, 0x5c, 0xba, 0x5c, 0xdb, 0x5c, 0x3b, 0x75, 0x9c, 0x85, 0x7b, 0x7d, 0xba, 0x54, 0xf9, 0x33, 0x19, 0x34, 0x19,
    0x34, 0x19, 0x34, 0x19, 0x34, 0x19, 0x34, 0x19, 0x34, 0x19, 0x34, 0x19, 0x34, 0x19, 0x34, 0x19, 0x34, 0x19, 0x34,
    0x19, 0x34, 0x19, 0x34, 0x19, 0x34, 0x19, 0x34, 0x19, 0x34, 0x19, 0x34, 0x19, 0x34, 0xf9, 0x2b, 0xbc, 0x85, 0x5d,
    0xae, 0x5d, 0xa6, 0xba, 0x95, 0x88, 0x21, 0x46, 0x19, 0x46, 0x19, 0x26, 0x19, 0x05, 0x11, 0x04, 0x11, 0xe4, 0x10,
    0xc4, 0x10, 0xa3, 0x08, 0xa3, 0x08, 0x83, 0x08, 0x82, 0x08, 0x62, 0x08, 0x62, 0x08, 0x41, 0x00, 0x41, 0x00, 0x41,
    0x00, 0x21, 0x00, 0x21, 0x00, 0x20, 0x00, 0x20, 0x00, 0x20, 0x00, 0x00, 0x00, 0x00, 0x00, 0x00, 0x00, 0x00, 0x00,
    0x00, 0x00, 0x00, 0x00, 0x00, 0x00, 0x00, 0x00, 0x00, 0x00, 0x00, 0x00, 0x00, 0x00, 0x00, 0x00, 0x00, 0x00, 0x00,
    0x00, 0x00, 0x00, 0x00, 0x00, 0x00, 0x00, 0x00, 0x00, 0x00, 0x00, 0x00, 0x00, 0x00, 0x00, 0x00, 0x00, 0x00, 0x00,
    0x00, 0x00, 0x00, 0x00, 0x00, 0x00, 0x00, 0x00, 0x00, 0x00, 0x00, 0x00, 0x00, 0x00, 0x00, 0x00, 0x00, 0x00, 0x00,
    0x00, 0x00, 0x00, 0x00, 0x00, 0x00, 0x00, 0x00, 0x00, 0x00, 0x00, 0x00, 0x00, 0x00, 0x00, 0x00, 0x00, 0x00, 0x00,
    0x00, 0x00, 0x00, 0x00, 0x00, 0x00, 0x00, 0x00, 0x00, 0x00, 0x00, 0x00, 0x00, 0x00, 0x00, 0x00, 0x00, 0x00, 0x20,
    0x00, 0x20, 0x00, 0x20, 0x00, 0x21, 0x00, 0x41, 0x00, 0x41, 0x00, 0x41, 0x00, 0x41, 0x00, 0x62, 0x08, 0x62, 0x08,
    0x82, 0x08, 0x83, 0x08, 0xa3, 0x08, 0xc3, 0x08, 0xc4, 0x10, 0xe4, 0x10, 0x05, 0x11, 0x05, 0x11, 0x26, 0x19, 0x46,
    0x19, 0x46, 0x19, 0xc8, 0x21, 0x5c, 0xb6, 0x3f, 0xc7, 0x1e, 0xc7, 0xbe, 0xb6, 0xbd, 0x75, 0xbd, 0x7d, 0xbd, 0x75,
    0xbd, 0x75, 0x9d, 0x75, 0x9d, 0x75, 0x9c, 0x75, 0x9c, 0x75, 0x9c, 0x75, 0x7c, 0x6d, 0x7c, 0x6d, 0x7c, 0x6d, 0x7c,
    0x6d, 0x7c, 0x6d, 0x7c, 0x6d, 0x5c, 0x6d, 0x5c, 0x6d, 0x5c, 0x6d, 0x5c, 0x6d, 0x3c, 0x65, 0x5c, 0x6d, 0xfd, 0x8d,
    0x5d, 0xa6, 0x3d, 0x9e, 0xfd, 0x8d, 0xbc, 0x7d, 0x9c, 0x7d, 0x9c, 0x7d, 0x9c, 0x7d, 0x9c, 0x7d, 0x9c, 0x7d, 0x9c,
    0x7d, 0x7c, 0x7d, 0x7c, 0x7d, 0x7c, 0x75, 0x7c, 0x75, 0x7c, 0x75, 0x7c, 0x75, 0x7c, 0x75, 0x5c, 0x75, 0x5c, 0x75,
    0x5c, 0x75, 0x5c, 0x75, 0x5c, 0x75, 0x5b, 0x75, 0x5b, 0x6d, 0x3b, 0x6d, 0x3b, 0x6d, 0x3b, 0x6d, 0x3b, 0x6d, 0x3b,
    0x6d, 0x3b, 0x6d, 0x3b, 0x6d, 0x1b, 0x6d, 0x1b, 0x65, 0x1b, 0x65, 0x1b, 0x65, 0x1b, 0x65, 0x1b, 0x65, 0x1b, 0x65,
    0xfb, 0x64, 0xfb, 0x64, 0xfb, 0x64, 0xfb, 0x64, 0xfb, 0x64, 0xfb, 0x5c, 0xfb, 0x5c, 0xdb, 0x5c, 0xdb, 0x5c, 0xda,
    0x5c, 0xda, 0x5c, 0x1b, 0x6d, 0x7b, 0x7d, 0x9c, 0x85, 0x3b, 0x75, 0x5a, 0x44, 0xf9, 0x2b, 0x19, 0x34, 0x19, 0x34,
    0x19, 0x34, 0x19, 0x34, 0x19, 0x34, 0x19, 0x34, 0x19, 0x34, 0x19, 0x34, 0x19, 0x34, 0x19, 0x34, 0x19, 0x34, 0x19,
    0x34, 0x19, 0x34, 0x19, 0x34, 0x19, 0x34, 0x19, 0x34, 0x19, 0x34, 0x19, 0x34, 0xd9, 0x2b, 0x1b, 0x6d, 0x5d, 0xae,
    0x3c, 0xa6, 0x5d, 0xa6, 0x8c, 0x3a, 0x26, 0x11, 0x66, 0x19, 0x26, 0x19, 0x25, 0x11, 0x05, 0x11, 0xe4, 0x10, 0xc4,
    0x10, 0xc3, 0x08, 0xa3, 0x08, 0xa3, 0x08, 0x82, 0x08, 0x82, 0x08, 0x62, 0x08, 0x61, 0x08, 0x41, 0x00, 0x41, 0x00,
    0x41, 0x00, 0x21, 0x00, 0x20, 0x00, 0x20, 0x00, 0x20, 0x00, 0x00, 0x00, 0x00, 0x00, 0x00, 0x00, 0x00, 0x00, 0x00,
    0x00, 0x00, 0x00, 0x00, 0x00, 0x00, 0x00, 0x00, 0x00, 0x00, 0x00, 0x00, 0x00, 0x00, 0x00, 0x00, 0x00, 0x00, 0x00,
    0x00, 0x00, 0x00, 0x00, 0x00, 0x00, 0x00, 0x00, 0x00, 0x00, 0x00, 0x00, 0x00, 0x00, 0x00, 0x00, 0x00, 0x00, 0x00,
    0x00, 0x00, 0x00, 0x00, 0x00, 0x00, 0x00, 0x00, 0x00, 0x00, 0x00, 0x00, 0x00, 0x00, 0x00, 0x00, 0x00, 0x00, 0x00,
    0x00, 0x00, 0x00, 0x00, 0x00, 0x00, 0x00, 0x00, 0x00, 0x00, 0x00, 0x00, 0x00, 0x00, 0x00, 0x00, 0x00, 0x00, 0x00,
    0x00, 0x00, 0x00, 0x00, 0x00, 0x00, 0x00, 0x00, 0x00, 0x00, 0x00, 0x00, 0x00, 0x00, 0x00, 0x00, 0x00, 0x00, 0x00,
    0x00, 0x00, 0x20, 0x00, 0x20, 0x00, 0x20, 0x00, 0x21, 0x00, 0x41, 0x00, 0x41, 0x00, 0x41, 0x00, 0x61, 0x08, 0x62,
    0x08, 0x82, 0x08, 0x82, 0x08, 0xa3, 0x08, 0xa3, 0x08, 0xc3, 0x08, 0xc4, 0x10, 0xe4, 0x10, 0x05, 0x11, 0x25, 0x11,
    0x26, 0x19, 0x67, 0x19, 0x26, 0x11, 0xac, 0x42, 0x1f, 0xc7, 0xfe, 0xc6, 0x1e, 0xc7, 0x5d, 0x9e, 0x9d, 0x6d, 0xbd,
    0x75, 0x9d, 0x75, 0x9d, 0x75, 0x9c, 0x75, 0x9c, 0x75, 0x9c, 0x75, 0x7c, 0x6d, 0x7c, 0x6d, 0x7c, 0x6d, 0x7c, 0x6d,
    0x7c, 0x6d, 0x7c, 0x6d, 0x5c, 0x6d, 0x5c, 0x6d, 0x5c, 0x6d, 0x5c, 0x65, 0x5c, 0x65, 0x5c, 0x65, 0x3c, 0x65, 0x3c,
    0x65, 0x9c, 0x7d, 0x3d, 0x9e, 0x3d, 0x9e, 0x1d, 0x96, 0xdc, 0x85, 0x9c, 0x7d, 0x9c, 0x7d, 0x9c, 0x7d, 0x9c, 0x7d,
    0x9c, 0x7d, 0x7c, 0x7d, 0x7c, 0x75, 0x7c, 0x75, 0x7c, 0x75, 0x7c, 0x75, 0x7c, 0x75, 0x5c, 0x75, 0x5c, 0x75, 0x5c,
    0x75, 0x5c, 0x75, 0x5c, 0x75, 0x5b, 0x75, 0x5b, 0x6d, 0x3b, 0x6d, 0x3b, 0x6d, 0x3b, 0x6d, 0x3b, 0x6d, 0x3b, 0x6d,
    0x3b, 0x6d, 0x3b, 0x6d, 0x1b, 0x6d, 0x1b, 0x65, 0x1b, 0x65, 0x1b, 0x65, 0x1b, 0x65, 0x1b, 0x65, 0x1b, 0x65, 0xfb,
    0x64, 0xfb, 0x64, 0xfb, 0x64, 0xfb, 0x64, 0xfb, 0x64, 0xfb, 0x5c, 0xfb, 0x5c, 0xdb, 0x5c, 0xdb, 0x5c, 0xda, 0x5c,
    0xfb, 0x64, 0x5b, 0x75, 0x9c, 0x85, 0x7c, 0x7d, 0xda, 0x5c, 0x19, 0x34, 0xf9, 0x33, 0x19, 0x34, 0x19, 0x34, 0x19,
    0x34, 0x19, 0x34, 0x19, 0x34, 0x19, 0x34, 0x19, 0x34, 0x19, 0x34, 0x19, 0x34, 0x19, 0x34, 0x19, 0x34, 0x19, 0x34,
    0x19, 0x34, 0x19, 0x34, 0x19, 0x34, 0x19, 0x34, 0x19, 0x34, 0x19, 0x34, 0xd9, 0x2b, 0x9a, 0x54, 0x5d, 0xae, 0x1c,
    0xa6, 0x9e, 0xae, 0x91, 0x5b, 0x05, 0x11, 0x67, 0x19, 0x46, 0x19, 0x25, 0x11, 0x05, 0x11, 0xe4, 0x10, 0xe4, 0x10,
    0xc4, 0x10, 0xa3, 0x08, 0xa3, 0x08, 0x82, 0x08, 0x82, 0x08, 0x62, 0x08, 0x62, 0x08, 0x41, 0x00, 0x41, 0x00, 0x41,
    0x00, 0x21, 0x00, 0x21, 0x00, 0x20, 0x00, 0x20, 0x00, 0x20, 0x00, 0x00, 0x00, 0x00, 0x00, 0x00, 0x00, 0x00, 0x00,
    0x00, 0x00, 0x00, 0x00, 0x00, 0x00, 0x00, 0x00, 0x00, 0x00, 0x00, 0x00, 0x00, 0x00, 0x00, 0x00, 0x00, 0x00, 0x00,
    0x00, 0x00, 0x00, 0x00, 0x00, 0x00, 0x00, 0x00, 0x00, 0x00, 0x00, 0x00, 0x00, 0x00, 0x00, 0x00, 0x00, 0x00, 0x00,
    0x00, 0x00, 0x00, 0x00, 0x00, 0x00, 0x00, 0x00, 0x00, 0x00, 0x00, 0x00, 0x00, 0x00, 0x00, 0x00, 0x00, 0x00, 0x00,
    0x00, 0x00, 0x00, 0x00, 0x00, 0x00, 0x00, 0x00, 0x00, 0x00, 0x00, 0x00, 0x00, 0x00, 0x00, 0x00, 0x00, 0x00, 0x00,
    0x00, 0x00, 0x00, 0x00, 0x00, 0x00, 0x00, 0x00, 0x00, 0x00, 0x00, 0x00, 0x00, 0x00, 0x00, 0x00, 0x00, 0x00, 0x00,
    0x00, 0x00, 0x00, 0x20, 0x00, 0x20, 0x00, 0x20, 0x00, 0x21, 0x00, 0x21, 0x00, 0x41, 0x00, 0x41, 0x00, 0x41, 0x00,
    0x62, 0x08, 0x62, 0x08, 0x82, 0x08, 0x82, 0x08, 0xa3, 0x08, 0xa3, 0x08, 0xc4, 0x10, 0xe4, 0x10, 0xe4, 0x10, 0x05,
    0x11, 0x25, 0x11, 0x46, 0x19, 0x67, 0x19, 0x05, 0x11, 0xf1, 0x63, 0x7f, 0xcf, 0xde, 0xbe, 0x1e, 0xc7, 0x1d, 0x96,
    0x9c, 0x6d, 0x9d, 0x75, 0x9c, 0x75, 0x9c, 0x75, 0x9c, 0x75, 0x7c, 0x6d, 0x7c, 0x6d, 0x7c, 0x6d, 0x7c, 0x6d, 0x7c,
    0x6d, 0x7c, 0x6d, 0x5c, 0x6d, 0x5c, 0x6d, 0x5c, 0x6d, 0x5c, 0x65, 0x5c, 0x65, 0x5c, 0x65, 0x3c, 0x65, 0x3c, 0x65,
    0x3c, 0x65, 0x1b, 0x5d, 0x5c, 0x6d, 0xdc, 0x8d, 0x3d, 0x9e, 0x3d, 0x9e, 0xfd, 0x95, 0xbc, 0x85, 0x9c, 0x7d, 0x7c,
    0x75, 0x7c, 0x75, 0x7c, 0x75, 0x7c, 0x75, 0x7c, 0x75, 0x7c, 0x75, 0x7c, 0x75, 0x5c, 0x75, 0x5c, 0x75, 0x5c, 0x75,
    0x5c, 0x75, 0x5c, 0x75, 0x5b, 0x75, 0x5b, 0x6d, 0x3b, 0x6d, 0x3b, 0x6d, 0x3b, 0x6d, 0x3b, 0x6d, 0x3b, 0x6d, 0x3b,
    0x6d, 0x3b, 0x6d, 0x1b, 0x6d, 0x1b, 0x65, 0x1b, 0x65, 0x1b, 0x65, 0x1b, 0x65, 0x1b, 0x65, 0x1b, 0x65, 0xfb, 0x64,
    0xfb, 0x64, 0xfb, 0x64, 0xfb, 0x64, 0xfb, 0x64, 0xfb, 0x5c, 0xfb, 0x5c, 0xda, 0x5c, 0xdb, 0x5c, 0xfb, 0x64, 0x5b,
    0x75, 0x9c, 0x85, 0x9c, 0x85, 0x3b, 0x75, 0x7a, 0x44, 0xf9, 0x2b, 0x19, 0x34, 0x19, 0x34, 0x19, 0x34, 0x19, 0x34,
    0x19, 0x34, 0x19, 0x34, 0x19, 0x34, 0x19, 0x34, 0x19, 0x34, 0x19, 0x34, 0x19, 0x34, 0x19, 0x34, 0x19, 0x34, 0x19,
    0x34, 0x19, 0x34, 0x19, 0x34, 0x19, 0x34, 0x19, 0x34, 0x19, 0x34, 0xf9, 0x2b, 0x5a, 0x44, 0x1c, 0x9e, 0x3c, 0xa6,
    0x9e, 0xae, 0xb6, 0x7c, 0x26, 0x11, 0x67, 0x19, 0x46, 0x19, 0x26, 0x19, 0x05, 0x11, 0x05, 0x11, 0xe4, 0x10, 0xc4,
    0x10, 0xc3, 0x08, 0xa3, 0x08, 0x83, 0x08, 0x82, 0x08, 0x62, 0x08, 0x62, 0x08, 0x61, 0x00, 0x41, 0x00, 0x41, 0x00,
    0x21, 0x00, 0x21, 0x00, 0x20, 0x00, 0x20, 0x00, 0x20, 0x00, 0x00, 0x00, 0x00, 0x00, 0x00, 0x00, 0x00, 0x00, 0x00,
    0x00, 0x00, 0x00, 0x00, 0x00, 0x00, 0x00, 0x00, 0x00, 0x00, 0x00, 0x00, 0x00, 0x00, 0x00, 0x00, 0x00, 0x00, 0x00,
    0x00, 0x00, 0x00, 0x00, 0x00, 0x00, 0x00, 0x00, 0x00, 0x00, 0x00, 0x00, 0x00, 0x00, 0x00, 0x00, 0x00, 0x00, 0x00,
    0x00, 0x00, 0x00, 0x00, 0x00, 0x00, 0x00, 0x00, 0x00, 0x00, 0x00, 0x00, 0x00, 0x00, 0x00, 0x00, 0x00, 0x00, 0x00,
    0x00, 0x00, 0x00, 0x00, 0x00, 0x00, 0x00, 0x00, 0x00, 0x00, 0x00, 0x00, 0x00, 0x00, 0x00, 0x00, 0x00, 0x00, 0x00,
    0x00, 0x00, 0x00, 0x00, 0x00, 0x00, 0x00, 0x00, 0x00, 0x00, 0x00, 0x00, 0x00, 0x00, 0x00, 0x00, 0x00, 0x00, 0x00,
    0x00, 0x00, 0x00, 0x00, 0x00, 0x00, 0x20, 0x00, 0x20, 0x00, 0x20, 0x00, 0x21, 0x00, 0x41, 0x00, 0x41, 0x00, 0x41,
    0x00, 0x61, 0x08, 0x62, 0x08, 0x62, 0x08, 0x82, 0x08, 0xa3, 0x08, 0xa3, 0x08, 0xc3, 0x08, 0xc4, 0x10, 0xe4, 0x10,
    0x05, 0x11, 0x05, 0x11, 0x26, 0x19, 0x46, 0x19, 0x67, 0x19, 0x26, 0x11, 0xf6, 0x84, 0x5f, 0xcf, 0xde, 0xbe, 0xfe,
    0xc6, 0xdd, 0x85, 0x7c, 0x6d, 0x9c, 0x75, 0x9c, 0x75, 0x7c, 0x6d, 0x7c, 0x6d, 0x7c, 0x6d, 0x7c, 0x6d, 0x7c, 0x6d,
    0x7c, 0x6d, 0x5c, 0x6d, 0x5c, 0x6d, 0x5c, 0x6d, 0x5c, 0x65, 0x5c, 0x65, 0x5c, 0x65, 0x3c, 0x65, 0x3c, 0x65, 0x3c,
    0x65, 0x3c, 0x65, 0x3c, 0x65, 0x1b, 0x5d, 0x1b, 0x5d, 0x5c, 0x6d, 0xfd, 0x8d, 0x3d, 0x9e, 0x3d, 0x9e, 0xfd, 0x8d,
    0xbc, 0x85, 0x9c, 0x7d, 0x7c, 0x75, 0x7c, 0x75, 0x7c, 0x75, 0x7c, 0x75, 0x7c, 0x75, 0x5c, 0x75, 0x5c, 0x75, 0x5c,
    0x75, 0x5c, 0x75, 0x5b, 0x75, 0x5b, 0x6d, 0x3b, 0x6d, 0x3b, 0x6d, 0x3b, 0x6d, 0x3b, 0x6d, 0x3b, 0x6d, 0x3b, 0x6d,
    0x3b, 0x6d, 0x1b, 0x6d, 0x1b, 0x65, 0x1b, 0x65, 0x1b, 0x65, 0x1b, 0x65, 0x1b, 0x65, 0x1b, 0x65, 0xfb, 0x64, 0xfb,
    0x64, 0xfb, 0x64, 0xfb, 0x64, 0xfb, 0x64, 0xdb, 0x5c, 0xda, 0x5c, 0xdb, 0x5c, 0x1b, 0x65, 0x5b, 0x75, 0x9c, 0x85,
    0x9c, 0x85, 0x5b, 0x7d, 0x9a, 0x54, 0x19, 0x34, 0xf9, 0x33, 0x19, 0x34, 0x19, 0x34, 0x19, 0x34, 0x19, 0x34, 0x19,
    0x34, 0x19, 0x34, 0x19, 0x34, 0x19, 0x34, 0x19, 0x34, 0x19, 0x34, 0x19, 0x34, 0x19, 0x34, 0x19, 0x34, 0x19, 0x34,
    0x19, 0x34, 0x19, 0x34, 0x19, 0x34, 0x19, 0x34, 0x19, 0x34, 0xf9, 0x33, 0x19, 0x34, 0xdc, 0x95, 0x3c, 0xa6, 0x7e,
    0xae, 0x79, 0x8d, 0xa8, 0x21, 0x46, 0x19, 0x46, 0x19, 0x26, 0x19, 0x25, 0x11, 0x05, 0x11, 0xe4, 0x10, 0xc4, 0x10,
    0xc3, 0x08, 0xa3, 0x08, 0xa3, 0x08, 0x82, 0x08, 0x82, 0x08, 0x62, 0x08, 0x61, 0x08, 0x41, 0x00, 0x41, 0x00, 0x41,
    0x00, 0x21, 0x00, 0x21, 0x00, 0x20, 0x00, 0x20, 0x00, 0x20, 0x00, 0x00, 0x00, 0x00, 0x00, 0x00, 0x00, 0x00, 0x00,
    0x00, 0x00, 0x00, 0x00, 0x00, 0x00, 0x00, 0x00, 0x00, 0x00, 0x00, 0x00, 0x00, 0x00, 0x00, 0x00, 0x00, 0x00, 0x00,
    0x00, 0x00, 0x00, 0x00, 0x00, 0x00, 0x00, 0x00, 0x00, 0x00, 0x00, 0x00, 0x00, 0x00, 0x00, 0x00, 0x00, 0x00, 0x00,
    0x00, 0x00, 0x00, 0x00, 0x00, 0x00, 0x00, 0x00, 0x00, 0x00, 0x00, 0x00, 0x00, 0x00, 0x00, 0x00, 0x00, 0x00, 0x00,
    0x00, 0x00, 0x00, 0x00, 0x00, 0x00, 0x00, 0x00, 0x00, 0x00, 0x00, 0x00, 0x00, 0x00, 0x00, 0x00, 0x00, 0x00, 0x00,
    0x00, 0x00, 0x00, 0x00, 0x00, 0x00, 0x00, 0x00, 0x00, 0x00, 0x00, 0x00, 0x00, 0x00, 0x00, 0x00, 0x00, 0x00, 0x00,
    0x00, 0x00, 0x00, 0x00, 0x00, 0x00, 0x00, 0x20, 0x00, 0x20, 0x00, 0x20, 0x00, 0x21, 0x00, 0x21, 0x00, 0x41, 0x00,
    0x41, 0x00, 0x41, 0x00, 0x62, 0x08, 0x62, 0x08, 0x82, 0x08, 0x82, 0x08, 0xa3, 0x08, 0xa3, 0x08, 0xc3, 0x08, 0xc4,
    0x10, 0xe4, 0x10, 0x05, 0x11, 0x25, 0x11, 0x26, 0x19, 0x46, 0x19, 0x46, 0x19, 0x87, 0x19, 0xfa, 0xa5, 0x3f, 0xc7,
    0xde, 0xbe, 0xde, 0xbe, 0xdd, 0x7d, 0x7c, 0x6d, 0x9c, 0x75, 0x7c, 0x6d, 0x7c, 0x6d, 0x7c, 0x6d, 0x7c, 0x6d, 0x7c,
    0x6d, 0x5c, 0x6d, 0x5c, 0x6d, 0x5c, 0x6d, 0x5c, 0x65, 0x5c, 0x65, 0x5c, 0x65, 0x3c, 0x65, 0x3c, 0x65, 0x3c, 0x65,
    0x3c, 0x65, 0x1c, 0x65, 0x1b, 0x65, 0x1b, 0x65, 0x1b, 0x5d, 0xfb, 0x5c, 0x1b, 0x5d, 0x7c, 0x75, 0xdc, 0x8d, 0x1d,
    0x9e, 0x1d, 0x9e, 0xfd, 0x95, 0xbc, 0x85, 0x9c, 0x7d, 0x7c, 0x75, 0x5c, 0x75, 0x5c, 0x75, 0x5c, 0x75, 0x5c, 0x75,
    0x5c, 0x75, 0x5b, 0x75, 0x5b, 0x6d, 0x3b, 0x6d, 0x3b, 0x6d, 0x3b, 0x6d, 0x3b, 0x6d, 0x3b, 0x6d, 0x3b, 0x6d, 0x3b,
    0x6d, 0x1b, 0x6d, 0x1b, 0x65, 0x1b, 0x65, 0x1b, 0x65, 0x1b, 0x65, 0x1b, 0x65, 0x1b, 0x65, 0xfb, 0x64, 0xfb, 0x64,
    0xfb, 0x64, 0xfb, 0x5c, 0xdb, 0x5c, 0xfb, 0x5c, 0xfb, 0x64, 0x3b, 0x6d, 0x7b, 0x7d, 0x9c, 0x85, 0x9c, 0x85, 0x5b,
    0x7d, 0xba, 0x5c, 0x19, 0x3c, 0xf9, 0x2b, 0x19, 0x34, 0x19, 0x34, 0x19, 0x34, 0x19, 0x34, 0x19, 0x34, 0x19, 0x34,
    0x19, 0x34, 0x19, 0x34, 0x19, 0x34, 0x19, 0x34, 0x19, 0x34, 0x19, 0x34, 0x19, 0x34, 0x19, 0x34, 0x19, 0x34, 0x19,
    0x34, 0x19, 0x34, 0x19, 0x34, 0x19, 0x34, 0x19, 0x34, 0xf9, 0x33, 0x19, 0x34, 0xdc, 0x8d, 0x5d, 0xae, 0x3d, 0xa6,
    0x1c, 0x9e, 0x4b, 0x32, 0x26, 0x11, 0x67, 0x19, 0x26, 0x19, 0x25, 0x11, 0x05, 0x11, 0xe4, 0x10, 0xe4, 0x10, 0xc4,
    0x10, 0xa3, 0x08, 0xa3, 0x08, 0x82, 0x08, 0x82, 0x08, 0x62, 0x08, 0x62, 0x08, 0x41, 0x00, 0x41, 0x00, 0x41, 0x00,
    0x21, 0x00, 0x21, 0x00, 0x20, 0x00, 0x20, 0x00, 0x20, 0x00, 0x00, 0x00, 0x00, 0x00, 0x00, 0x00, 0x00, 0x00, 0x00,
    0x00, 0x00, 0x00, 0x00, 0x00, 0x00, 0x00, 0x00, 0x00, 0x00, 0x00, 0x00, 0x00, 0x00, 0x00, 0x00, 0x00, 0x00, 0x00,
    0x00, 0x00, 0x00, 0x00, 0x00, 0x00, 0x00, 0x00, 0x00, 0x00, 0x00, 0x00, 0x00, 0x00, 0x00, 0x00, 0x00, 0x00, 0x00,
    0x00, 0x00, 0x00, 0x00, 0x00, 0x00, 0x00, 0x00, 0x00, 0x00, 0x00, 0x00, 0x00, 0x00, 0x00, 0x00, 0x00, 0x00, 0x00,
    0x00, 0x00, 0x00, 0x00, 0x00, 0x00, 0x00, 0x00, 0x00, 0x00, 0x00, 0x00, 0x00, 0x00, 0x00, 0x00, 0x00, 0x00, 0x00,
    0x00, 0x00, 0x00, 0x00, 0x00, 0x00, 0x00, 0x00, 0x00, 0x00, 0x00, 0x00, 0x00, 0x00, 0x00, 0x00, 0x00, 0x00, 0x00,
    0x00, 0x00, 0x00, 0x00, 0x00, 0x00, 0x00, 0x00, 0x00, 0x00, 0x20, 0x00, 0x20, 0x00, 0x20, 0x00, 0x21, 0x00, 0x21,
    0x00, 0x41, 0x00, 0x41, 0x00, 0x41, 0x00, 0x62, 0x08, 0x62, 0x08, 0x82, 0x08, 0x82, 0x08, 0xa3, 0x08, 0xa3, 0x08,
    0xc4, 0x10, 0xe4, 0x10, 0xe4, 0x10, 0x05, 0x11, 0x25, 0x11, 0x26, 0x19, 0x66, 0x19, 0x46, 0x19, 0xa8, 0x21, 0x5c,
    0xae, 0x1f, 0xc7, 0xde, 0xbe, 0xde, 0xbe, 0xbd, 0x7d, 0x7c, 0x6d, 0x7c, 0x75, 0x7c, 0x6d, 0x7c, 0x6d, 0x7c, 0x6d,
    0x5c, 0x6d, 0x5c, 0x6d, 0x5c, 0x6d, 0x5c, 0x65, 0x5c, 0x65, 0x5c, 0x65, 0x3c, 0x65, 0x3c, 0x65, 0x3c, 0x65, 0x3c,
    0x65, 0x1c, 0x65, 0x1b, 0x65, 0x1b, 0x5d, 0x1b, 0x5d, 0x1b, 0x5d, 0x1b, 0x5d, 0xfb, 0x5c, 0xfb, 0x54, 0xfb, 0x5c,
    0x3b, 0x6d, 0xbc, 0x85, 0xfd, 0x95, 0x1d, 0x9e, 0x1d, 0x96, 0xdc, 0x8d, 0xbc, 0x85, 0x9c, 0x7d, 0x7c, 0x75, 0x5c,
    0x6d, 0x5b, 0x6d, 0x3b, 0x6d, 0x3b, 0x6d, 0x3b, 0x6d, 0x3b, 0x6d, 0x3b, 0x6d, 0x3b, 0x6d, 0x3b, 0x6d, 0x3b, 0x6d,
    0x1b, 0x6d, 0x1b, 0x65, 0x1b, 0x65, 0x1b, 0x65, 0x1b, 0x65, 0x1b, 0x65, 0xfb, 0x64, 0xfb, 0x64, 0xfb, 0x5c, 0xfb,
    0x64, 0xfb, 0x64, 0x1b, 0x6d, 0x3b, 0x75, 0x7b, 0x7d, 0x9c, 0x85, 0xbc, 0x85, 0x9c, 0x85, 0x3b, 0x75, 0x9a, 0x54,
    0x39, 0x3c, 0xf9, 0x2b, 0xf9, 0x33, 0x19, 0x34, 0x19, 0x34, 0x19, 0x34, 0x19, 0x34, 0x19, 0x34, 0x19, 0x34, 0x19,
    0x34, 0x19, 0x34, 0x19, 0x34, 0x19, 0x34, 0x19, 0x34, 0x19, 0x34, 0x19, 0x34, 0x19, 0x34, 0x19, 0x34, 0x19, 0x34,
    0x19, 0x34, 0x19, 0x34, 0x19, 0x34, 0x19, 0x34, 0xf9, 0x33, 0x19, 0x34, 0xdc, 0x8d, 0x5d, 0xae, 0x3d, 0xa6, 0x5d,
    0xa6, 0x8c, 0x3a, 0x25, 0x11, 0x67, 0x19, 0x46, 0x19, 0x25, 0x11, 0x05, 0x11, 0xe4, 0x10, 0xe4, 0x10, 0xc4, 0x10,
    0xa3, 0x08, 0xa3, 0x08, 0x83, 0x08, 0x82, 0x08, 0x62, 0x08, 0x62, 0x08, 0x61, 0x08, 0x41, 0x00, 0x41, 0x00, 0x41,
    0x00, 0x21, 0x00, 0x20, 0x00, 0x20, 0x00, 0x20, 0x00, 0x00, 0x00, 0x00, 0x00, 0x00, 0x00, 0x00, 0x00, 0x00, 0x00,
    0x00, 0x00, 0x00, 0x00, 0x00, 0x00, 0x00, 0x00, 0x00, 0x00, 0x00, 0x00, 0x00, 0x00, 0x00, 0x00, 0x00, 0x00, 0x00,
    0x00, 0x00, 0x00, 0x00, 0x00, 0x00, 0x00, 0x00, 0x00, 0x00, 0x00, 0x00, 0x00, 0x00, 0x00, 0x00, 0x00, 0x00, 0x00,
    0x00, 0x00, 0x00, 0x00, 0x00, 0x00, 0x00, 0x00, 0x00, 0x00, 0x00, 0x00, 0x00, 0x00, 0x00, 0x00, 0x00, 0x00, 0x00,
    0x00, 0x00, 0x00, 0x00, 0x00, 0x00, 0x00, 0x00, 0x00, 0x00, 0x00, 0x00, 0x00, 0x00, 0x00, 0x00, 0x00, 0x00, 0x00,
    0x00, 0x00, 0x00, 0x00, 0x00, 0x00, 0x00, 0x00, 0x00, 0x00, 0x00, 0x00, 0x00, 0x00, 0x00, 0x00, 0x00, 0x00, 0x00,
    0x00, 0x00, 0x00, 0x00, 0x00, 0x00, 0x00, 0x00, 0x00, 0x00, 0x00, 0x00, 0x00, 0x20, 0x00, 0x20, 0x00, 0x20, 0x00,
    0x21, 0x00, 0x41, 0x00, 0x41, 0x00, 0x41, 0x00, 0x61, 0x08, 0x62, 0x08, 0x62, 0x08, 0x82, 0x08, 0x83, 0x08, 0xa3,
    0x08, 0xa3, 0x08, 0xc4, 0x10, 0xe4, 0x10, 0xe4, 0x10, 0x05, 0x11, 0x25, 0x11, 0x26, 0x19, 0x67, 0x19, 0x26, 0x11,
    0x8b, 0x3a, 0xbd, 0xbe, 0xff, 0xc6, 0xde, 0xbe, 0xde, 0xbe, 0xbd, 0x7d, 0x5c, 0x6d, 0x7c, 0x6d, 0x7c, 0x6d, 0x5c,
    0x6d, 0x5c, 0x6d, 0x5c, 0x6d, 0x5c, 0x65, 0x5c, 0x65, 0x5c, 0x65, 0x3c, 0x65, 0x3c, 0x65, 0x3c, 0x65, 0x3c, 0x65,
    0x1c, 0x65, 0x1b, 0x65, 0x1b, 0x5d, 0x1b, 0x5d, 0x1b, 0x5d, 0x1b, 0x5d, 0xfb, 0x5c, 0xfb, 0x5c, 0xfb, 0x5c, 0xfb,
    0x5c, 0xdb, 0x54, 0xdb, 0x54, 0x1b, 0x65, 0x7c, 0x75, 0xdc, 0x85, 0xfd, 0x95, 0x1d, 0x96, 0xfc, 0x95, 0xdc, 0x8d,
    0xbc, 0x85, 0x9c, 0x7d, 0x7c, 0x7d, 0x5c, 0x75, 0x5b, 0x75, 0x3b, 0x6d, 0x3b, 0x6d, 0x3b, 0x6d, 0x1b, 0x6d, 0x1b,
    0x65, 0x1b, 0x65, 0x1b, 0x65, 0x1b, 0x65, 0x1b, 0x65, 0x1b, 0x65, 0x1b, 0x65, 0x1b, 0x6d, 0x3b, 0x6d, 0x5b, 0x75,
    0x7b, 0x7d, 0x9c, 0x85, 0xbc, 0x85, 0xbc, 0x85, 0x9c, 0x85, 0x5b, 0x7d, 0xfb, 0x64, 0x7a, 0x4c, 0x19, 0x34, 0xf9,
    0x33, 0x19, 0x34, 0x19, 0x34, 0x19, 0x34, 0x19, 0x34, 0x19, 0x34, 0x19, 0x34, 0x19, 0x34, 0x19, 0x34, 0x19, 0x34,
    0x19, 0x34, 0x19, 0x34, 0x19, 0x34, 0x19, 0x34, 0x19, 0x34, 0x19, 0x34, 0x19, 0x34, 0x19, 0x34, 0x19, 0x34, 0x19,
    0x34, 0x19, 0x34, 0x19, 0x34, 0x19, 0x34, 0xf9, 0x33, 0x19, 0x34, 0xdc, 0x8d, 0x5d, 0xae, 0x3c, 0xa6, 0x7e, 0xae,
    0x4f, 0x53, 0x25, 0x11, 0x67, 0x19, 0x46, 0x19, 0x25, 0x19, 0x05, 0x11, 0x05, 0x11, 0xe4, 0x10, 0xc4, 0x10, 0xc3,
    0x08, 0xa3, 0x08, 0xa3, 0x08, 0x82, 0x08, 0x82, 0x08, 0x62, 0x08, 0x61, 0x08, 0x41, 0x00, 0x41, 0x00, 0x41, 0x00,
    0x21, 0x00, 0x21, 0x00, 0x20, 0x00, 0x20, 0x00, 0x20, 0x00, 0x00, 0x00, 0x00, 0x00, 0x00, 0x00, 0x00, 0x00, 0x00,
    0x00, 0x00, 0x00, 0x00, 0x00, 0x00, 0x00, 0x00, 0x00, 0x00, 0x00, 0x00, 0x00, 0x00, 0x00, 0x00, 0x00, 0x00, 0x00,
    0x00, 0x00, 0x00, 0x00, 0x00, 0x00, 0x00, 0x00, 0x00, 0x00, 0x00, 0x00, 0x00, 0x00, 0x00, 0x00, 0x00, 0x00, 0x00,
    0x00, 0x00, 0x00, 0x00, 0x00, 0x00, 0x00, 0x00, 0x00, 0x00, 0x00, 0x00, 0x00, 0x00, 0x00, 0x00, 0x00, 0x00, 0x00,
    0x00, 0x00, 0x00, 0x00, 0x00, 0x00, 0x00, 0x00, 0x00, 0x00, 0x00, 0x00, 0x00, 0x00, 0x00, 0x00, 0x00, 0x00, 0x00,
    0x00, 0x00, 0x00, 0x00, 0x00, 0x00, 0x00, 0x00, 0x00, 0x00, 0x00, 0x00, 0x00, 0x00, 0x00, 0x00, 0x00, 0x00, 0x00,
    0x00, 0x00, 0x00, 0x00, 0x00, 0x00, 0x00, 0x00, 0x00, 0x00, 0x00, 0x00, 0x00, 0x00, 0x20, 0x00, 0x20, 0x00, 0x20,
    0x00, 0x21, 0x00, 0x21, 0x00, 0x41, 0x00, 0x41, 0x00, 0x41, 0x00, 0x61, 0x08, 0x62, 0x08, 0x62, 0x08, 0x82, 0x08,
    0xa3, 0x08, 0xa3, 0x08, 0xc3, 0x08, 0xc4, 0x10, 0xe4, 0x10, 0xe4, 0x10, 0x05, 0x11, 0x25, 0x11, 0x46, 0x19, 0x67,
    0x19, 0x05, 0x11, 0x8b, 0x3a, 0xbd, 0xbe, 0xff, 0xc6, 0xde, 0xbe, 0xde, 0xbe, 0xbc, 0x7d, 0x5c, 0x65, 0x7c, 0x6d,
    0x5c, 0x6d, 0x5c, 0x6d, 0x5c, 0x65, 0x5c, 0x65, 0x5c, 0x65, 0x3c, 0x65, 0x3c, 0x65, 0x3c, 0x65, 0x3c, 0x65, 0x1c,
    0x65, 0x1b, 0x65, 0x1b, 0x5d, 0x1b, 0x5d, 0x1b, 0x5d, 0x1b, 0x5d, 0xfb, 0x5c, 0xfb, 0x5c, 0xfb, 0x5c, 0xfb, 0x5c,
    0xfb, 0x5c, 0xfb, 0x5c, 0xdb, 0x54, 0xdb, 0x54, 0xbb, 0x54, 0xdb, 0x54, 0xfb, 0x5c, 0x5b, 0x6d, 0x9c, 0x7d, 0xdc,
    0x8d, 0xfc, 0x95, 0xfc, 0x95, 0xfc, 0x95, 0xfc, 0x95, 0xdc, 0x8d, 0xbc, 0x8d, 0xbc, 0x85, 0x9c, 0x85, 0x9c, 0x7d,
    0x9c, 0x7d, 0x9c, 0x7d, 0x9c, 0x7d, 0x7c, 0x7d, 0x9c, 0x85, 0x9c, 0x85, 0x9c, 0x85, 0xbc, 0x8d, 0xbc, 0x8d, 0xbc,
    0x8d, 0xbc, 0x85, 0x9c, 0x7d, 0x5b, 0x75, 0xfb, 0x5c, 0x7a, 0x4c, 0x39, 0x3c, 0xf9, 0x33, 0x19, 0x34, 0x19, 0x34,
    0x19, 0x34, 0x19, 0x34, 0x19, 0x34, 0x19, 0x34, 0x19, 0x34, 0x19, 0x34, 0x19, 0x34, 0x19, 0x34, 0x19, 0x34, 0x19,
    0x34, 0x19, 0x34, 0x19, 0x34, 0x19, 0x34, 0x19, 0x34, 0x19, 0x34, 0x19, 0x34, 0x19, 0x34, 0x19, 0x34, 0x19, 0x34,
    0x19, 0x34, 0x19, 0x34, 0x19, 0x34, 0xf9, 0x33, 0x19, 0x34, 0xdc, 0x8d, 0x5d, 0xae, 0x3c, 0xa6, 0x7e, 0xae, 0x50,
    0x53, 0x05, 0x11, 0x67, 0x19, 0x46, 0x19, 0x26, 0x11, 0x05, 0x11, 0x05, 0x11, 0xe4, 0x10, 0xc4, 0x10, 0xc3, 0x08,
    0xa3, 0x08, 0xa3, 0x08, 0x82, 0x08, 0x82, 0x08, 0x62, 0x08, 0x62, 0x08, 0x41, 0x00, 0x41, 0x00, 0x41, 0x00, 0x21,
    0x00, 0x21, 0x00, 0x20, 0x00, 0x20, 0x00, 0x20, 0x00, 0x00, 0x00, 0x00, 0x00, 0x00, 0x00, 0x00, 0x00, 0x00, 0x00,
    0x00, 0x00, 0x00, 0x00, 0x00, 0x00, 0x00, 0x00, 0x00, 0x00, 0x00, 0x00, 0x00, 0x00, 0x00, 0x00, 0x00, 0x00, 0x00,
    0x00, 0x00, 0x00, 0x00, 0x00, 0x00, 0x00, 0x00, 0x00, 0x00, 0x00, 0x00, 0x00, 0x00, 0x00, 0x00, 0x00, 0x00, 0x00,
    0x00, 0x00, 0x00, 0x00, 0x00, 0x00, 0x00, 0x00, 0x00, 0x00, 0x00, 0x00, 0x00, 0x00, 0x00, 0x00, 0x00, 0x00, 0x00,
    0x00, 0x00, 0x00, 0x00, 0x00, 0x00, 0x00, 0x00, 0x00, 0x00, 0x00, 0x00, 0x00, 0x00, 0x00, 0x00, 0x00, 0x00, 0x00,
    0x00, 0x00, 0x00, 0x00, 0x00, 0x00, 0x00, 0x00, 0x00, 0x00, 0x00, 0x00, 0x00, 0x00, 0x00, 0x00, 0x00, 0x00, 0x00,
    0x00, 0x00, 0x00, 0x00, 0x00, 0x00, 0x00, 0x00, 0x00, 0x00, 0x00, 0x00, 0x00, 0x00, 0x00, 0x00, 0x00, 0x20, 0x00,
    0x20, 0x00, 0x20, 0x00, 0x21, 0x00, 0x21, 0x00, 0x41, 0x00, 0x41, 0x00, 0x41, 0x00, 0x62, 0x08, 0x62, 0x08, 0x82,
    0x08, 0x82, 0x08, 0xa3, 0x08, 0xa3, 0x08, 0xc3, 0x08, 0xc4, 0x10, 0xe4, 0x10, 0x05, 0x11, 0x05, 0x11, 0x25, 0x11,
    0x46, 0x19, 0x67, 0x19, 0x05, 0x11, 0x8b, 0x3a, 0xbd, 0xbe, 0xff, 0xc6, 0xde, 0xbe, 0xde, 0xbe, 0xbc, 0x7d, 0x3c,
    0x65, 0x5c, 0x6d, 0x5c, 0x6d, 0x5c, 0x65, 0x5c, 0x65, 0x3c, 0x65, 0x3c, 0x65, 0x3c, 0x65, 0x3c, 0x65, 0x1c, 0x65,
    0x1b, 0x65, 0x1b, 0x5d, 0x1b, 0x5d, 0x1b, 0x5d, 0x1b, 0x5d, 0xfb, 0x5c, 0xfb, 0x5c, 0xfb, 0x5c, 0xfb, 0x5c, 0xfb,
    0x54, 0xfb, 0x54, 0xdb, 0x54, 0xdb, 0x54, 0xdb, 0x54, 0xdb, 0x54, 0xdb, 0x54, 0xbb, 0x4c, 0xbb, 0x4c, 0xbb, 0x4c,
    0xdb, 0x54, 0xfb, 0x5c, 0x1b, 0x65, 0x5c, 0x75, 0x7c, 0x7d, 0x9c, 0x85, 0xbc, 0x85, 0xbc, 0x85, 0xdc, 0x8d, 0xdc,
    0x8d, 0xdc, 0x8d, 0xdc, 0x8d, 0xdc, 0x8d, 0xdc, 0x8d, 0xbc, 0x85, 0x9c, 0x7d, 0x9c, 0x7d, 0x5b, 0x75, 0x3b, 0x6d,
    0xdb, 0x5c, 0x9a, 0x4c, 0x5a, 0x44, 0x39, 0x3c, 0x19, 0x34, 0x19, 0x34, 0x19, 0x34, 0x19, 0x34, 0x19, 0x34, 0x19,
    0x34, 0x19, 0x34, 0x19, 0x34, 0x19, 0x34, 0x19, 0x34, 0x19, 0x34, 0x19, 0x34, 0x19, 0x34, 0x19, 0x34, 0x19, 0x34,
    0x19, 0x34, 0x19, 0x34, 0x19, 0x34, 0x19, 0x34, 0x19, 0x34, 0x19, 0x34, 0x19, 0x34, 0x19, 0x34, 0x19, 0x34, 0x19,
    0x34, 0x19, 0x34, 0x19, 0x34, 0xf9, 0x2b, 0x19, 0x34, 0xdc, 0x8d, 0x5d, 0xae, 0x3c, 0xa6, 0x7e, 0xae, 0x50, 0x53,
    0x05, 0x11, 0x67, 0x19, 0x46, 0x19, 0x26, 0x19, 0x25, 0x11, 0x05, 0x11, 0xe4, 0x10, 0xe4, 0x10, 0xc3, 0x08, 0xa3,
    0x08, 0xa3, 0x08, 0x82, 0x08, 0x82, 0x08, 0x62, 0x08, 0x62, 0x08, 0x41, 0x00, 0x41, 0x00, 0x41, 0x00, 0x41, 0x00,
    0x21, 0x00, 0x20, 0x00, 0x20, 0x00, 0x20, 0x00, 0x20, 0x00, 0x00, 0x00, 0x00, 0x00, 0x00, 0x00, 0x00, 0x00, 0x00,
    0x00, 0x00, 0x00, 0x00, 0x00, 0x00, 0x00, 0x00, 0x00, 0x00, 0x00, 0x00, 0x00, 0x00, 0x00, 0x00, 0x00, 0x00, 0x00,
    0x00, 0x00, 0x00, 0x00, 0x00, 0x00, 0x00, 0x00, 0x00, 0x00, 0x00, 0x00, 0x00, 0x00, 0x00, 0x00, 0x00, 0x00, 0x00,
    0x00, 0x00, 0x00, 0x00, 0x00, 0x00, 0x00, 0x00, 0x00, 0x00, 0x00, 0x00, 0x00, 0x00, 0x00, 0x00, 0x00, 0x00, 0x00,
    0x00, 0x00, 0x00, 0x00, 0x00, 0x00, 0x00, 0x00, 0x00, 0x00, 0x00, 0x00, 0x00, 0x00, 0x00, 0x00, 0x00, 0x00, 0x00,
    0x00, 0x00, 0x00, 0x00, 0x00, 0x00, 0x00, 0x00, 0x00, 0x00, 0x00, 0x00, 0x00, 0x00, 0x00, 0x00, 0x00, 0x00, 0x00,
    0x00, 0x00, 0x00, 0x00, 0x00, 0x00, 0x00, 0x00, 0x00, 0x00, 0x00, 0x00, 0x00, 0x00, 0x00, 0x00, 0x00, 0x00, 0x20,
    0x00, 0x20, 0x00, 0x20, 0x00, 0x20, 0x00, 0x21, 0x00, 0x41, 0x00, 0x41, 0x00, 0x41, 0x00, 0x41, 0x00, 0x62, 0x08,
    0x62, 0x08, 0x82, 0x08, 0x82, 0x08, 0xa3, 0x08, 0xa3, 0x08, 0xc3, 0x08, 0xe4, 0x10, 0xe4, 0x10, 0x05, 0x11, 0x05,
    0x11, 0x25, 0x11, 0x46, 0x19, 0x67, 0x19, 0x25, 0x11, 0x8b, 0x3a, 0xbd, 0xbe, 0x1f, 0xc7, 0xbe, 0xbe, 0xde, 0xbe,
    0xdd, 0x85, 0x3c, 0x65, 0x5c, 0x65, 0x5c, 0x65, 0x3c, 0x65, 0x3c, 0x65, 0x3c, 0x65, 0x3c, 0x65, 0x1c, 0x65, 0x1b,
    0x65, 0x1b, 0x5d, 0x1b, 0x5d, 0x1b, 0x5d, 0x1b, 0x5d, 0xfb, 0x5c, 0xfb, 0x5c, 0xfb, 0x5c, 0xfb, 0x5c, 0xfb, 0x54,
    0xfb, 0x54, 0xdb, 0x54, 0xdb, 0x54, 0xdb, 0x54, 0xdb, 0x54, 0xdb, 0x54, 0xbb, 0x54, 0xbb, 0x54, 0xbb, 0x54, 0xbb,
    0x4c, 0x9a, 0x4c, 0x9a, 0x4c, 0x9a, 0x44, 0x9a, 0x44, 0x7a, 0x44, 0x9a, 0x4c, 0x9a, 0x4c, 0xba, 0x4c, 0xdb, 0x54,
    0xbb, 0x54, 0xbb, 0x54, 0xba, 0x54, 0xba, 0x54, 0xba, 0x54, 0x9a, 0x4c, 0x5a, 0x44, 0x5a, 0x44, 0x3a, 0x3c, 0x3a,
    0x3c, 0x19, 0x34, 0x19, 0x34, 0x39, 0x3c, 0x39, 0x3c, 0x39, 0x3c, 0x19, 0x3c, 0x19, 0x34, 0x19, 0x34, 0x19, 0x34,
    0x19, 0x34, 0x19, 0x34, 0x19, 0x34, 0x19, 0x34, 0x19, 0x34, 0x19, 0x34, 0x19, 0x34, 0x19, 0x34, 0x19, 0x34, 0x19,
    0x34, 0x19, 0x34, 0x19, 0x34, 0x19, 0x34, 0x19, 0x34, 0x19, 0x34, 0x19, 0x34, 0x19, 0x34, 0x19, 0x34, 0x19, 0x34,
    0x19, 0x34, 0x19, 0x34, 0xd9, 0x2b, 0x5a, 0x44, 0xdc, 0x95, 0x5d, 0xae, 0x3d, 0xa6, 0x7e, 0xae, 0x50, 0x53, 0x05,
    0x11, 0x67, 0x19, 0x46, 0x19, 0x26, 0x19, 0x05, 0x11, 0x05, 0x11, 0xe4, 0x10, 0xe4, 0x10, 0xc4, 0x10, 0xa3, 0x08,
    0xa3, 0x08, 0x82, 0x08, 0x82, 0x08, 0x62, 0x08, 0x62, 0x08, 0x61, 0x08, 0x41, 0x00, 0x41, 0x00, 0x41, 0x00, 0x21,
    0x00, 0x21, 0x00, 0x20, 0x00, 0x20, 0x00, 0x20, 0x00, 0x00, 0x00, 0x00, 0x00, 0x00, 0x00, 0x00, 0x00, 0x00, 0x00,
    0x00, 0x00, 0x00, 0x00, 0x00, 0x00, 0x00, 0x00, 0x00, 0x00, 0x00, 0x00, 0x00, 0x00, 0x00, 0x00, 0x00, 0x00, 0x00,
    0x00, 0x00, 0x00, 0x00, 0x00, 0x00, 0x00, 0x00, 0x00, 0x00, 0x00, 0x00, 0x00, 0x00, 0x00, 0x00, 0x00, 0x00, 0x00,
    0x00, 0x00, 0x00, 0x00, 0x00, 0x00, 0x00, 0x00, 0x00, 0x00, 0x00, 0x00, 0x00, 0x00, 0x00, 0x00, 0x00, 0x00, 0x00,
    0x00, 0x00, 0x00, 0x00, 0x00, 0x00, 0x00, 0x00, 0x00, 0x00, 0x00, 0x00, 0x00, 0x00, 0x00, 0x00, 0x00, 0x00, 0x00,
    0x00, 0x00, 0x00, 0x00, 0x00, 0x00, 0x00, 0x00, 0x00, 0x00, 0x00, 0x00, 0x00, 0x00, 0x00, 0x00, 0x00, 0x00, 0x00,
    0x00, 0x00, 0x00, 0x00, 0x00, 0x00, 0x00, 0x00, 0x00, 0x00, 0x00, 0x00, 0x00, 0x00, 0x00, 0x00, 0x00, 0x00, 0x00,
    0x00, 0x00, 0x20, 0x00, 0x20, 0x00, 0x20, 0x00, 0x21, 0x00, 0x21, 0x00, 0x41, 0x00, 0x41, 0x00, 0x41, 0x00, 0x61,
    0x08, 0x62, 0x08, 0x62, 0x08, 0x82, 0x08, 0x82, 0x08, 0xa3, 0x08, 0xa3, 0x08, 0xc3, 0x10, 0xe4, 0x10, 0xe4, 0x10,
    0x05, 0x11, 0x05, 0x11, 0x25, 0x19, 0x46, 0x19, 0x67, 0x19, 0x05, 0x11, 0x8b, 0x3a, 0x7d, 0xb6, 0x1f, 0xc7, 0xbd,
    0xbe, 0xde, 0xbe, 0xfd, 0x8d, 0x3c, 0x65, 0x3c, 0x65, 0x3c, 0x65, 0x3c, 0x65, 0x3c, 0x65, 0x1c, 0x65, 0x1b, 0x65,
    0x1b, 0x5d, 0x1b, 0x5d, 0x1b, 0x5d, 0x1b, 0x5d, 0xfb, 0x5c, 0xfb, 0x5c, 0xfb, 0x5c, 0xfb, 0x5c, 0xfb, 0x54, 0xfb,
    0x54, 0xdb, 0x54, 0xdb, 0x54, 0xdb, 0x54, 0xdb, 0x54, 0xdb, 0x54, 0xbb, 0x54, 0xbb, 0x54, 0xbb, 0x4c, 0xbb, 0x4c,
    0xbb, 0x4c, 0xba, 0x4c, 0x9a, 0x4c, 0x9a, 0x4c, 0x9a, 0x4c, 0x9a, 0x4c, 0x7a, 0x44, 0x7a, 0x44, 0x7a, 0x44, 0x5a,
    0x44, 0x5a, 0x44, 0x5a, 0x44, 0x5a, 0x3c, 0x5a, 0x3c, 0x5a, 0x3c, 0x5a, 0x3c, 0x5a, 0x3c, 0x3a, 0x3c, 0x3a, 0x3c,
    0x3a, 0x3c, 0x3a, 0x3c, 0x39, 0x3c, 0x39, 0x3c, 0x39, 0x3c, 0x19, 0x34, 0x19, 0x34, 0x19, 0x34, 0x19, 0x34, 0x19,
    0x34, 0x19, 0x34, 0x19, 0x34, 0x19, 0x34, 0x19, 0x34, 0x19, 0x34, 0x19, 0x34, 0x19, 0x34, 0x19, 0x34, 0x19, 0x34,
    0x19, 0x34, 0x19, 0x34, 0x19, 0x34, 0x19, 0x34, 0x19, 0x34, 0x19, 0x34, 0x19, 0x34, 0x19, 0x34, 0x19, 0x34, 0x19,
    0x34, 0x19, 0x34, 0xd9, 0x2b, 0x9a, 0x54, 0x1c, 0x9e, 0x3c, 0xa6, 0x3d, 0xa6, 0x5d, 0xa6, 0x4f, 0x53, 0x05, 0x11,
    0x67, 0x19, 0x46, 0x19, 0x26, 0x19, 0x05, 0x11, 0x05, 0x11, 0xe4, 0x10, 0xe4, 0x10, 0xc4, 0x10, 0xc3, 0x08, 0xa3,
    0x08, 0x83, 0x08, 0x82, 0x08, 0x62, 0x08, 0x62, 0x08, 0x61, 0x00, 0x41, 0x00, 0x41, 0x00, 0x41, 0x00, 0x21, 0x00,
    0x21, 0x00, 0x20, 0x00, 0x20, 0x00, 0x20, 0x00, 0x00, 0x00, 0x00, 0x00, 0x00, 0x00, 0x00, 0x00, 0x00, 0x00, 0x00,
    0x00, 0x00, 0x00, 0x00, 0x00, 0x00, 0x00, 0x00, 0x00, 0x00, 0x00, 0x00, 0x00, 0x00, 0x00, 0x00, 0x00, 0x00, 0x00,
    0x00, 0x00, 0x00, 0x00, 0x00, 0x00, 0x00, 0x00, 0x00, 0x00, 0x00, 0x00, 0x00, 0x00, 0x00, 0x00, 0x00, 0x00, 0x00,
    0x00, 0x00, 0x00, 0x00, 0x00, 0x00, 0x00, 0x00, 0x00, 0x00, 0x00, 0x00, 0x00, 0x00, 0x00, 0x00, 0x00, 0x00, 0x00,
    0x00, 0x00, 0x00, 0x00, 0x00, 0x00, 0x00, 0x00, 0x00, 0x00, 0x00, 0x00, 0x00, 0x00, 0x00, 0x00, 0x00, 0x00, 0x00,
    0x00, 0x00, 0x00, 0x00, 0x00, 0x00, 0x00, 0x00, 0x00, 0x00, 0x00, 0x00, 0x00, 0x00, 0x00, 0x00, 0x00, 0x00, 0x00,
    0x00, 0x00, 0x00, 0x00, 0x00, 0x00, 0x00, 0x00, 0x00, 0x00, 0x00, 0x00, 0x00, 0x00, 0x00, 0x00, 0x00, 0x00, 0x00,
    0x00, 0x00, 0x00, 0x00, 0x00, 0x20, 0x00, 0x20, 0x00, 0x20, 0x00, 0x21, 0x00, 0x21, 0x00, 0x41, 0x00, 0x41, 0x00,
    0x41, 0x00, 0x61, 0x08, 0x62, 0x08, 0x62, 0x08, 0x82, 0x08, 0x83, 0x08, 0xa3, 0x08, 0xa3, 0x08, 0xc4, 0x10, 0xe4,
    0x10, 0xe4, 0x10, 0x05, 0x11, 0x05, 0x11, 0x25, 0x11, 0x46, 0x19, 0x67, 0x19, 0x26, 0x11, 0xc9, 0x29, 0xda, 0x9d,
    0x3f, 0xc7, 0xbd, 0xb6, 0xde, 0xc6, 0x5d, 0x9e, 0x5c, 0x65, 0x1c, 0x5d, 0x3c, 0x65, 0x3c, 0x65, 0x1b, 0x65, 0x1b,
    0x5d, 0x1b, 0x5d, 0x1b, 0x5d, 0x1b, 0x5d, 0xfb, 0x5c, 0xfb, 0x5c, 0xfb, 0x5c, 0xfb, 0x5c, 0xfb, 0x54, 0xfb, 0x54,
    0xdb, 0x54, 0xdb, 0x54, 0xdb, 0x54, 0xdb, 0x54, 0xdb, 0x54, 0xbb, 0x54, 0xbb, 0x54, 0xbb, 0x4c, 0xbb, 0x4c, 0xbb,
    0x4c, 0xba, 0x4c, 0x9a, 0x4c, 0x9a, 0x4c, 0x9a, 0x4c, 0x9a, 0x4c, 0x9a, 0x4c, 0x7a, 0x4c, 0x7a, 0x44, 0x7a, 0x44,
    0x7a, 0x44, 0x7a, 0x44, 0x7a, 0x44, 0x5a, 0x44, 0x5a, 0x44, 0x5a, 0x44, 0x5a, 0x3c, 0x5a, 0x3c, 0x3a, 0x3c, 0x3a,
    0x3c, 0x3a, 0x3c, 0x39, 0x3c, 0x39, 0x3c, 0x39, 0x3c, 0x19, 0x34, 0x19, 0x34, 0x19, 0x34, 0x19, 0x34, 0x19, 0x34,
    0x19, 0x34, 0x19, 0x34, 0x19, 0x34, 0x19, 0x34, 0x19, 0x34, 0x19, 0x34, 0x19, 0x34, 0x19, 0x34, 0x19, 0x34, 0x19,
    0x34, 0x19, 0x34, 0x19, 0x34, 0x19, 0x34, 0x19, 0x34, 0x19, 0x34, 0x19, 0x34, 0x19, 0x34, 0x19, 0x34, 0x19, 0x34,
    0xf9, 0x33, 0xf9, 0x2b, 0x1b, 0x6d, 0x5d, 0xae, 0x3c, 0xa6, 0x7e, 0xae, 0x1c, 0x9e, 0x8c, 0x3a, 0x25, 0x11, 0x67,
    0x19, 0x46, 0x19, 0x26, 0x19, 0x05, 0x11, 0x05, 0x11, 0xe4, 0x10, 0xe4, 0x10, 0xc4, 0x10, 0xa3, 0x08, 0xa3, 0x08,
    0xa3, 0x08, 0x82, 0x08, 0x82, 0x08, 0x62, 0x08, 0x61, 0x08, 0x41, 0x00, 0x41, 0x00, 0x41, 0x00, 0x21, 0x00, 0x21,
    0x00, 0x20, 0x00, 0x20, 0x00, 0x20, 0x00, 0x20, 0x00, 0x00, 0x00, 0x00, 0x00, 0x00, 0x00, 0x00, 0x00, 0x00, 0x00,
    0x00, 0x00, 0x00, 0x00, 0x00, 0x00, 0x00, 0x00, 0x00, 0x00, 0x00, 0x00, 0x00, 0x00, 0x00, 0x00, 0x00, 0x00, 0x00,
    0x00, 0x00, 0x00, 0x00, 0x00, 0x00, 0x00, 0x00, 0x00, 0x00, 0x00, 0x00, 0x00, 0x00, 0x00, 0x00, 0x00, 0x00, 0x00,
    0x00, 0x00, 0x00, 0x00, 0x00, 0x00, 0x00, 0x00, 0x00, 0x00, 0x00, 0x00, 0x00, 0x00, 0x00, 0x00, 0x00, 0x00, 0x00,
    0x00, 0x00, 0x00, 0x00, 0x00, 0x00, 0x00, 0x00, 0x00, 0x00, 0x00, 0x00, 0x00, 0x00, 0x00, 0x00, 0x00, 0x00, 0x00,
    0x00, 0x00, 0x00, 0x00, 0x00, 0x00, 0x00, 0x00, 0x00, 0x00, 0x00, 0x00, 0x00, 0x00, 0x00, 0x00, 0x00, 0x00, 0x00,
    0x00, 0x00, 0x00, 0x00, 0x00, 0x00, 0x00, 0x00, 0x00, 0x00, 0x00, 0x00, 0x00, 0x00, 0x00, 0x00, 0x00, 0x00, 0x00,
    0x00, 0x00, 0x00, 0x00, 0x00, 0x00, 0x20, 0x00, 0x20, 0x00, 0x20, 0x00, 0x20, 0x00, 0x21, 0x00, 0x21, 0x00, 0x41,
    0x00, 0x41, 0x00, 0x41, 0x00, 0x62, 0x08, 0x62, 0x08, 0x62, 0x08, 0x82, 0x08, 0x83, 0x08, 0xa3, 0x08, 0xa3, 0x08,
    0xc4, 0x10, 0xe4, 0x10, 0xe4, 0x10, 0x05, 0x11, 0x05, 0x11, 0x25, 0x11, 0x46, 0x19, 0x67, 0x19, 0x26, 0x11, 0xa8,
    0x21, 0x17, 0x8d, 0x3f, 0xc7, 0xbd, 0xb6, 0xde, 0xbe, 0x9d, 0xae, 0x7c, 0x75, 0x1b, 0x5d, 0x1b, 0x65, 0x1b, 0x65,
    0x1b, 0x5d, 0x1b, 0x5d, 0x1b, 0x5d, 0xfb, 0x5c, 0xfb, 0x5c, 0xfb, 0x5c, 0xfb, 0x5c, 0xfb, 0x54, 0xfb, 0x54, 0xdb,
    0x54, 0xdb, 0x54, 0xdb, 0x54, 0xdb, 0x54, 0xdb, 0x54, 0xbb, 0x54, 0xbb, 0x54, 0xbb, 0x4c, 0xbb, 0x4c, 0xbb, 0x4c,
    0xba, 0x4c, 0x9a, 0x4c, 0x9a, 0x4c, 0x9a, 0x4c, 0x9a, 0x4c, 0x9a, 0x4c, 0x7a, 0x44, 0x7a, 0x44, 0x7a, 0x44, 0x7a,
    0x44, 0x7a, 0x44, 0x5a, 0x44, 0x5a, 0x44, 0x5a, 0x44, 0x5a, 0x3c, 0x5a, 0x3c, 0x5a, 0x3c, 0x3a, 0x3c, 0x3a, 0x3c,
    0x3a, 0x3c, 0x39, 0x3c, 0x39, 0x3c, 0x39, 0x3c, 0x19, 0x34, 0x19, 0x34, 0x19, 0x34, 0x19, 0x34, 0x19, 0x34, 0x19,
    0x34, 0x19, 0x34, 0x19, 0x34, 0x19, 0x34, 0x19, 0x34, 0x19, 0x34, 0x19, 0x34, 0x19, 0x34, 0x19, 0x34, 0x19, 0x34,
    0x19, 0x34, 0x19, 0x34, 0x19, 0x34, 0x19, 0x34, 0x19, 0x34, 0x19, 0x34, 0x19, 0x34, 0x19, 0x34, 0x19, 0x34, 0xd9,
    0x2b, 0x39, 0x3c, 0xbc, 0x85, 0x5d, 0xae, 0x1c, 0xa6, 0x9e, 0xae, 0x79, 0x8d, 0x4a, 0x32, 0x25, 0x11, 0x67, 0x19,
    0x46, 0x19, 0x26, 0x19, 0x25, 0x11, 0x05, 0x11, 0xe4, 0x10, 0xe4, 0x10, 0xc4, 0x10, 0xc3, 0x08, 0xa3, 0x08, 0xa3,
    0x08, 0x82, 0x08, 0x82, 0x08, 0x62, 0x08, 0x62, 0x08, 0x41, 0x00, 0x41, 0x00, 0x41, 0x00, 0x41, 0x00, 0x21, 0x00,
    0x20, 0x00, 0x20, 0x00, 0x20, 0x00, 0x20, 0x00, 0x00, 0x00, 0x00, 0x00, 0x00, 0x00, 0x00, 0x00, 0x00, 0x00, 0x00,
    0x00, 0x00, 0x00, 0x00, 0x00, 0x00, 0x00, 0x00, 0x00, 0x00, 0x00, 0x00, 0x00, 0x00, 0x00, 0x00, 0x00, 0x00, 0x00,
    0x00, 0x00, 0x00, 0x00, 0x00, 0x00, 0x00, 0x00, 0x00, 0x00, 0x00, 0x00, 0x00, 0x00, 0x00, 0x00, 0x00, 0x00, 0x00,
    0x00, 0x00, 0x00, 0x00, 0x00, 0x00, 0x00, 0x00, 0x00, 0x00, 0x00, 0x00, 0x00, 0x00, 0x00, 0x00, 0x00, 0x00, 0x00,
    0x00, 0x00, 0x00, 0x00, 0x00, 0x00, 0x00, 0x00, 0x00, 0x00, 0x00, 0x00, 0x00, 0x00, 0x00, 0x00, 0x00, 0x00, 0x00,
    0x00, 0x00, 0x00, 0x00, 0x00, 0x00, 0x00, 0x00, 0x00, 0x00, 0x00, 0x00, 0x00, 0x00, 0x00, 0x00, 0x00, 0x00, 0x00,
    0x00, 0x00, 0x00, 0x00, 0x00, 0x00, 0x00, 0x00, 0x00, 0x00, 0x00, 0x00, 0x00, 0x00, 0x00, 0x00, 0x00, 0x00, 0x00,
    0x00, 0x00, 0x00, 0x00, 0x00, 0x00, 0x00, 0x00, 0x00, 0x20, 0x00, 0x20, 0x00, 0x20, 0x00, 0x20, 0x00, 0x21, 0x00,
    0x21, 0x00, 0x41, 0x00, 0x41, 0x00, 0x41, 0x00, 0x62, 0x08, 0x62, 0x08, 0x82, 0x08, 0x82, 0x08, 0xa3, 0x08, 0xa3,
    0x08, 0xa3, 0x08, 0xc4, 0x10, 0xe4, 0x10, 0xe4, 0x10, 0x05, 0x11, 0x05, 0x11, 0x25, 0x11, 0x26, 0x19, 0x66, 0x19,
    0x46, 0x19, 0x46, 0x11, 0x33, 0x6c, 0xff, 0xbe, 0xde, 0xbe, 0xbd, 0xbe, 0xbe, 0xbe, 0xfd, 0x8d, 0x1b, 0x5d, 0xfb,
    0x5c, 0x1b, 0x5d, 0x1b, 0x5d, 0xfb, 0x5c, 0xfb, 0x5c, 0xfb, 0x5c, 0xfb, 0x5c, 0xfb, 0x54, 0xfb, 0x54, 0xdb, 0x54,
    0xdb, 0x54, 0xdb, 0x54, 0xdb, 0x54, 0xdb, 0x54, 0xbb, 0x54, 0xbb, 0x54, 0xbb, 0x4c, 0xbb, 0x4c, 0xbb, 0x4c, 0xba,
    0x4c, 0x9a, 0x4c, 0x9a, 0x4c, 0x9a, 0x4c, 0x9a, 0x4c, 0x9a, 0x4c, 0x7a, 0x44, 0x7a, 0x44, 0x7a, 0x44, 0x7a, 0x44,
    0x7a, 0x44, 0x5a, 0x44, 0x5a, 0x44, 0x5a, 0x44, 0x5a, 0x3c, 0x5a, 0x3c, 0x5a, 0x3c, 0x3a, 0x3c, 0x3a, 0x3c, 0x3a,
    0x3c, 0x39, 0x3c, 0x39, 0x3c, 0x39, 0x3c, 0x19, 0x34, 0x19, 0x34, 0x19, 0x34, 0x19, 0x34, 0x19, 0x34, 0x19, 0x34,
    0x19, 0x34, 0x19, 0x34, 0x19, 0x34, 0x19, 0x34, 0x19, 0x34, 0x19, 0x34, 0x19, 0x34, 0x19, 0x34, 0x19, 0x34, 0x19,
    0x34, 0x19, 0x34, 0x19, 0x34, 0x19, 0x34, 0x19, 0x34, 0x19, 0x34, 0x19, 0x34, 0x19, 0x34, 0xf9, 0x33, 0xf9, 0x2b,
    0xda, 0x5c, 0x1c, 0x9e, 0x5d, 0xae, 0x3c, 0xa6, 0x9e, 0xae, 0xb6, 0x7c, 0xa8, 0x21, 0x26, 0x11, 0x67, 0x19, 0x46,
    0x19, 0x26, 0x19, 0x25, 0x11, 0x05, 0x11, 0xe4, 0x10, 0xe4, 0x10, 0xc4, 0x10, 0xc3, 0x08, 0xa3, 0x08, 0xa3, 0x08,
    0x82, 0x08, 0x82, 0x08, 0x62, 0x08, 0x62, 0x08, 0x61, 0x00, 0x41, 0x00, 0x41, 0x00, 0x41, 0x00, 0x21, 0x00, 0x21,
    0x00, 0x20, 0x00, 0x20, 0x00, 0x20, 0x00, 0x00, 0x00, 0x00, 0x00, 0x00, 0x00, 0x00, 0x00, 0x00, 0x00, 0x00, 0x00,
    0x00, 0x00, 0x00, 0x00, 0x00, 0x00, 0x00, 0x00, 0x00, 0x00, 0x00, 0x00, 0x00, 0x00, 0x00, 0x00, 0x00, 0x00, 0x00,
    0x00, 0x00, 0x00, 0x00, 0x00, 0x00, 0x00, 0x00, 0x00, 0x00, 0x00, 0x00, 0x00, 0x00, 0x00, 0x00, 0x00, 0x00, 0x00,
    0x00, 0x00, 0x00, 0x00, 0x00, 0x00, 0x00, 0x00, 0x00, 0x00, 0x00, 0x00, 0x00, 0x00, 0x00, 0x00, 0x00, 0x00, 0x00,
    0x00, 0x00, 0x00, 0x00, 0x00, 0x00, 0x00, 0x00, 0x00, 0x00, 0x00, 0x00, 0x00, 0x00, 0x00, 0x00, 0x00, 0x00, 0x00,
    0x00, 0x00, 0x00, 0x00, 0x00, 0x00, 0x00, 0x00, 0x00, 0x00, 0x00, 0x00, 0x00, 0x00, 0x00, 0x00, 0x00, 0x00, 0x00,
    0x00, 0x00, 0x00, 0x00, 0x00, 0x00, 0x00, 0x00, 0x00, 0x00, 0x00, 0x00, 0x00, 0x00, 0x00, 0x00, 0x00, 0x00, 0x00,
    0x00, 0x00, 0x00, 0x00, 0x00, 0x00, 0x00, 0x00, 0x00, 0x00, 0x00, 0x00, 0x20, 0x00, 0x20, 0x00, 0x20, 0x00, 0x21,
    0x00, 0x21, 0x00, 0x41, 0x00, 0x41, 0x00, 0x41, 0x00, 0x41, 0x00, 0x62, 0x08, 0x62, 0x08, 0x82, 0x08, 0x82, 0x08,
    0x83, 0x08, 0xa3, 0x08, 0xa3, 0x08, 0xc4, 0x10, 0xc4, 0x10, 0xe4, 0x10, 0x05, 0x11, 0x05, 0x11, 0x25, 0x11, 0x26,
    0x19, 0x46, 0x19, 0x67, 0x19, 0x05, 0x11, 0xed, 0x42, 0x5c, 0xae, 0xff, 0xc6, 0x9d, 0xb6, 0xde, 0xbe, 0x5d, 0xa6,
    0x5c, 0x6d, 0xfb, 0x54, 0xfb, 0x5c, 0x1b, 0x5d, 0xfb, 0x5c, 0xfb, 0x5c, 0xfb, 0x54, 0xfb, 0x54, 0xdb, 0x54, 0xdb,
    0x54, 0xdb, 0x54, 0xdb, 0x54, 0xdb, 0x54, 0xbb, 0x54, 0xbb, 0x54, 0xbb, 0x4c, 0xbb, 0x4c, 0xbb, 0x4c, 0xba, 0x4c,
    0x9a, 0x4c, 0x9a, 0x4c, 0x9a, 0x4c, 0x9a, 0x4c, 0x9a, 0x4c, 0x7a, 0x44, 0x7a, 0x44, 0x7a, 0x44, 0x7a, 0x44, 0x7a,
    0x44, 0x5a, 0x44, 0x5a, 0x44, 0x5a, 0x44, 0x5a, 0x3c, 0x5a, 0x3c, 0x5a, 0x3c, 0x3a, 0x3c, 0x3a, 0x3c, 0x3a, 0x3c,
    0x39, 0x3c, 0x39, 0x3c, 0x39, 0x3c, 0x19, 0x34, 0x19, 0x34, 0x19, 0x34, 0x19, 0x34, 0x19, 0x34, 0x19, 0x34, 0x19,
    0x34, 0x19, 0x34, 0x19, 0x34, 0x19, 0x34, 0x19, 0x34, 0x19, 0x34, 0x19, 0x34, 0x19, 0x34, 0x19, 0x34, 0x19, 0x34,
    0x19, 0x34, 0x19, 0x34, 0x19, 0x34, 0x19, 0x34, 0x19, 0x34, 0x19, 0x34, 0x19, 0x34, 0xd9, 0x2b, 0x39, 0x3c, 0x7b,
    0x7d, 0x5d, 0xae, 0x3c, 0xa6, 0x5d, 0xa6, 0x5d, 0xa6, 0x91, 0x5b, 0x46, 0x11, 0x46, 0x19, 0x67, 0x19, 0x46, 0x19,
    0x25, 0x11, 0x05, 0x11, 0x05, 0x11, 0xe4, 0x10, 0xe4, 0x10, 0xc4, 0x10, 0xa3, 0x08, 0xa3, 0x08, 0xa3, 0x08, 0x82,
    0x08, 0x82, 0x08, 0x62, 0x08, 0x62, 0x08, 0x61, 0x00, 0x41, 0x00, 0x41, 0x00, 0x41, 0x00, 0x21, 0x00, 0x21, 0x00,
    0x20, 0x00, 0x20, 0x00, 0x20, 0x00, 0x00, 0x00, 0x00, 0x00, 0x00, 0x00, 0x00, 0x00, 0x00, 0x00, 0x00, 0x00, 0x00,
    0x00, 0x00, 0x00, 0x00, 0x00, 0x00, 0x00, 0x00, 0x00, 0x00, 0x00, 0x00, 0x00, 0x00, 0x00, 0x00, 0x00, 0x00, 0x00,
    0x00, 0x00, 0x00, 0x00, 0x00, 0x00, 0x00, 0x00, 0x00, 0x00, 0x00, 0x00, 0x00, 0x00, 0x00, 0x00, 0x00, 0x00, 0x00,
    0x00, 0x00, 0x00, 0x00, 0x00, 0x00, 0x00, 0x00, 0x00, 0x00, 0x00, 0x00, 0x00, 0x00, 0x00, 0x00, 0x00, 0x00, 0x00,
    0x00, 0x00, 0x00, 0x00, 0x00, 0x00, 0x00, 0x00, 0x00, 0x00, 0x00, 0x00, 0x00, 0x00, 0x00, 0x00, 0x00, 0x00, 0x00,
    0x00, 0x00, 0x00, 0x00, 0x00, 0x00, 0x00, 0x00, 0x00, 0x00, 0x00, 0x00, 0x00, 0x00, 0x00, 0x00, 0x00, 0x00, 0x00,
    0x00, 0x00, 0x00, 0x00, 0x00, 0x00, 0x00, 0x00, 0x00, 0x00, 0x00, 0x00, 0x00, 0x00, 0x00, 0x00, 0x00, 0x00, 0x00,
    0x00, 0x00, 0x00, 0x00, 0x00, 0x00, 0x00, 0x00, 0x00, 0x00, 0x00, 0x00, 0x00, 0x00, 0x00, 0x20, 0x00, 0x20, 0x00,
    0x20, 0x00, 0x21, 0x00, 0x41, 0x00, 0x41, 0x00, 0x41, 0x00, 0x41, 0x00, 0x41, 0x00, 0x62, 0x08, 0x62, 0x08, 0x82,
    0x08, 0x82, 0x08, 0x83, 0x08, 0xa3, 0x08, 0xa3, 0x08, 0xc4, 0x10, 0xe4, 0x10, 0xe4, 0x10, 0x05, 0x11, 0x05, 0x11,
    0x25, 0x11, 0x26, 0x19, 0x46, 0x19, 0x67, 0x19, 0x25, 0x11, 0xe9, 0x29, 0x58, 0x8d, 0x1f, 0xc7, 0xbe, 0xb6, 0xbd,
    0xbe, 0xbe, 0xb6, 0xdc, 0x8d, 0x1b, 0x5d, 0xdb, 0x54, 0xfb, 0x5c, 0xfb, 0x5c, 0xfb, 0x54, 0xdb, 0x54, 0xdb, 0x54,
    0xdb, 0x54, 0xdb, 0x54, 0xdb, 0x54, 0xbb, 0x54, 0xbb, 0x54, 0xbb, 0x4c, 0xbb, 0x4c, 0xbb, 0x4c, 0xba, 0x4c, 0x9a,
    0x4c, 0x9a, 0x4c, 0x9a, 0x4c, 0x9a, 0x4c, 0x9a, 0x4c, 0x7a, 0x44, 0x7a, 0x44, 0x7a, 0x44, 0x7a, 0x44, 0x7a, 0x44,
    0x5a, 0x44, 0x5a, 0x44, 0x5a, 0x44, 0x5a, 0x3c, 0x5a, 0x3c, 0x5a, 0x3c, 0x3a, 0x3c, 0x3a, 0x3c, 0x3a, 0x3c, 0x39,
    0x3c, 0x39, 0x3c, 0x39, 0x3c, 0x19, 0x34, 0x19, 0x34, 0x19, 0x34, 0x19, 0x34, 0x19, 0x34, 0x19, 0x34, 0x19, 0x34,
    0x19, 0x34, 0x19, 0x34, 0x19, 0x34, 0x19, 0x34, 0x19, 0x34, 0x19, 0x34, 0x19, 0x34, 0x19, 0x34, 0x19, 0x34, 0x19,
    0x34, 0x19, 0x34, 0x19, 0x34, 0x19, 0x34, 0x19, 0x34, 0x19, 0x34, 0xf9, 0x2b, 0x19, 0x34, 0xda, 0x5c, 0x1c, 0x9e,
    0x5d, 0xae, 0x3c, 0xa6, 0x9e, 0xae, 0xba, 0x95, 0x8c, 0x3a, 0x25, 0x11, 0x67, 0x19, 0x46, 0x19, 0x26, 0x19, 0x25,
    0x11, 0x05, 0x11, 0x05, 0x11, 0xe4, 0x10, 0xe4, 0x10, 0xc4, 0x10, 0xa3, 0x08, 0xa3, 0x08, 0xa3, 0x08, 0x82, 0x08,
    0x82, 0x08, 0x62, 0x08, 0x62, 0x08, 0x61, 0x00, 0x41, 0x00, 0x41, 0x00, 0x41, 0x00, 0x21, 0x00, 0x21, 0x00, 0x20,
    0x00, 0x20, 0x00, 0x20, 0x00, 0x00, 0x00, 0x00, 0x00, 0x00, 0x00, 0x00, 0x00, 0x00, 0x00, 0x00, 0x00, 0x00, 0x00,
    0x00, 0x00, 0x00, 0x00, 0x00, 0x00, 0x00, 0x00, 0x00, 0x00, 0x00, 0x00, 0x00, 0x00, 0x00, 0x00, 0x00, 0x00, 0x00,
    0x00, 0x00, 0x00, 0x00, 0x00, 0x00, 0x00, 0x00, 0x00, 0x00, 0x00, 0x00, 0x00, 0x00, 0x00, 0x00, 0x00, 0x00, 0x00,
    0x00, 0x00, 0x00, 0x00, 0x00, 0x00, 0x00, 0x00, 0x00, 0x00, 0x00, 0x00, 0x00, 0x00, 0x00, 0x00, 0x00, 0x00, 0x00,
    0x00, 0x00, 0x00, 0x00, 0x00, 0x00, 0x00, 0x00, 0x00, 0x00, 0x00, 0x00, 0x00, 0x00, 0x00, 0x00, 0x00, 0x00, 0x00,
    0x00, 0x00, 0x00, 0x00, 0x00, 0x00, 0x00, 0x00, 0x00, 0x00, 0x00, 0x00, 0x00, 0x00, 0x00, 0x00, 0x00, 0x00, 0x00,
    0x00, 0x00, 0x00, 0x00, 0x00, 0x00, 0x00, 0x00, 0x00, 0x00, 0x00, 0x00, 0x00, 0x00, 0x00, 0x00, 0x00, 0x00, 0x00,
    0x00, 0x00, 0x00, 0x00, 0x00, 0x00, 0x00, 0x00, 0x00, 0x00, 0x00, 0x00, 0x00, 0x00, 0x00, 0x00, 0x00, 0x00, 0x20,
    0x00, 0x41, 0x00, 0x20, 0x00, 0x00, 0x00, 0x20, 0x00, 0x41, 0x08, 0x41, 0x00, 0x41, 0x00, 0x41, 0x00, 0x62, 0x08,
    0x62, 0x08, 0x82, 0x08, 0x82, 0x08, 0x83, 0x08, 0xa3, 0x08, 0xa3, 0x08, 0xc3, 0x08, 0xc4, 0x10, 0xe4, 0x10, 0xe4,
    0x10, 0x05, 0x11, 0x25, 0x11, 0x25, 0x19, 0x46, 0x19, 0x67, 0x19, 0x46, 0x19, 0x46, 0x11, 0xb1, 0x5b, 0x9d, 0xb6,
    0xff, 0xbe, 0x9d, 0xb6, 0xbe, 0xbe, 0x7d, 0xae, 0x9c, 0x7d, 0xfb, 0x5c, 0xdb, 0x54, 0xdb, 0x54, 0xdb, 0x54, 0xdb,
    0x54, 0xdb, 0x54, 0xdb, 0x54, 0xbb, 0x54, 0xbb, 0x54, 0xbb, 0x4c, 0xbb, 0x4c, 0xbb, 0x4c, 0xba, 0x4c, 0x9a, 0x4c,
    0x9a, 0x4c, 0x9a, 0x4c, 0x9a, 0x4c, 0x9a, 0x4c, 0x7a, 0x44, 0x7a, 0x44, 0x7a, 0x44, 0x7a, 0x44, 0x7a, 0x44, 0x5a,
    0x44, 0x5a, 0x44, 0x5a, 0x44, 0x5a, 0x3c, 0x5a, 0x3c, 0x5a, 0x3c, 0x3a, 0x3c, 0x3a, 0x3c, 0x3a, 0x3c, 0x39, 0x3c,
    0x39, 0x3c, 0x39, 0x3c, 0x19, 0x34, 0x19, 0x34, 0x19, 0x34, 0x19, 0x34, 0x19, 0x34, 0x19, 0x34, 0x19, 0x34, 0x19,
    0x34, 0x19, 0x34, 0x19, 0x34, 0x19, 0x34, 0x19, 0x34, 0x19, 0x34, 0x19, 0x34, 0x19, 0x34, 0x19, 0x34, 0x19, 0x34,
    0x19, 0x34, 0x19, 0x34, 0x19, 0x34, 0x19, 0x34, 0xf9, 0x2b, 0xf9, 0x2b, 0x9a, 0x54, 0xdc, 0x8d, 0x5d, 0xae, 0x3c,
    0xa6, 0x5d, 0xa6, 0x7d, 0xae, 0x54, 0x6c, 0x88, 0x21, 0x26, 0x11, 0x67, 0x19, 0x46, 0x19, 0x26, 0x19, 0x25, 0x11,
    0x05, 0x11, 0x04, 0x11, 0xe4, 0x10, 0xc4, 0x10, 0xc4, 0x10, 0xa3, 0x08, 0xa3, 0x08, 0xa3, 0x08, 0x82, 0x08, 0x82,
    0x08, 0x62, 0x08, 0x62, 0x08, 0x61, 0x08, 0x41, 0x00, 0x41, 0x00, 0x41, 0x00, 0x41, 0x00, 0x21, 0x00, 0x20, 0x00,
    0x20, 0x00, 0x20, 0x00, 0x20, 0x00, 0x00, 0x00, 0x00, 0x00, 0x00, 0x00, 0x00, 0x00, 0x00, 0x00, 0x00, 0x00, 0x00,
    0x00, 0x00, 0x00, 0x00, 0x00, 0x00, 0x00, 0x00, 0x00, 0x00, 0x00, 0x00, 0x00, 0x00, 0x00, 0x00, 0x00, 0x00, 0x00,
    0x00, 0x00, 0x00, 0x00, 0x00, 0x00, 0x00, 0x00, 0x00, 0x00, 0x00, 0x00, 0x00, 0x00, 0x00, 0x00, 0x00, 0x00, 0x00,
    0x00, 0x00, 0x00, 0x00, 0x00, 0x00, 0x00, 0x00, 0x00, 0x00, 0x00, 0x00, 0x00, 0x00, 0x00, 0x00, 0x00, 0x00, 0x00,
    0x00, 0x00, 0x00, 0x00, 0x00, 0x00, 0x00, 0x00, 0x00, 0x00, 0x00, 0x00, 0x00, 0x00, 0x00, 0x00, 0x00, 0x00, 0x00,
    0x00, 0x00, 0x00, 0x00, 0x00, 0x00, 0x00, 0x00, 0x00, 0x00, 0x00, 0x00, 0x00, 0x00, 0x00, 0x00, 0x00, 0x00, 0x00,
    0x00, 0x00, 0x00, 0x00, 0x00, 0x00, 0x00, 0x00, 0x00, 0x00, 0x00, 0x00, 0x00, 0x00, 0x00, 0x00, 0x00, 0x00, 0x00,
    0x00, 0x00, 0x00, 0x00, 0x00, 0x00, 0x00, 0x00, 0x00, 0x00, 0x00, 0x00, 0x00, 0x00, 0x00, 0x00, 0x00, 0x00, 0x00,
    0x20, 0x00, 0x00, 0x00, 0x20, 0x00, 0xa3, 0x10, 0x62, 0x08, 0x00, 0x00, 0x20, 0x00, 0x41, 0x00, 0x41, 0x00, 0x41,
    0x00, 0x62, 0x08, 0x62, 0x08, 0x82, 0x08, 0x82, 0x08, 0x83, 0x08, 0xa3, 0x08, 0xa3, 0x08, 0xc3, 0x08, 0xc4, 0x10,
    0xe4, 0x10, 0xe4, 0x10, 0x05, 0x11, 0x05, 0x11, 0x25, 0x19, 0x26, 0x19, 0x46, 0x19, 0x67, 0x19, 0x05, 0x11, 0x2a,
    0x32, 0x58, 0x8d, 0xff, 0xbe, 0xde, 0xbe, 0x9d, 0xb6, 0xbd, 0xbe, 0x5d, 0xa6, 0x7c, 0x7d, 0xdb, 0x54, 0xbb, 0x4c,
    0xdb, 0x54, 0xdb, 0x54, 0xdb, 0x54, 0xbb, 0x54, 0xbb, 0x4c, 0xbb, 0x4c, 0xbb, 0x4c, 0xba, 0x4c, 0x9a, 0x4c, 0x9a,
    0x4c, 0x9a, 0x4c, 0x9a, 0x4c, 0x9a, 0x4c, 0x7a, 0x44, 0x7a, 0x44, 0x7a, 0x44, 0x7a, 0x44, 0x7a, 0x44, 0x5a, 0x44,
    0x5a, 0x44, 0x5a, 0x44, 0x5a, 0x3c, 0x5a, 0x3c, 0x5a, 0x3c, 0x3a, 0x3c, 0x3a, 0x3c, 0x3a, 0x3c, 0x39, 0x3c, 0x39,
    0x3c, 0x39, 0x3c, 0x19, 0x34, 0x19, 0x34, 0x19, 0x34, 0x19, 0x34, 0x19, 0x34, 0x19, 0x34, 0x19, 0x34, 0x19, 0x34,
    0x19, 0x34, 0x19, 0x34, 0x19, 0x34, 0x19, 0x34, 0x19, 0x34, 0x19, 0x34, 0x19, 0x34, 0x19, 0x34, 0x19, 0x34, 0x19,
    0x34, 0x19, 0x34, 0x19, 0x34, 0xf9, 0x2b, 0xf9, 0x2b, 0x9a, 0x54, 0xbc, 0x85, 0x5d, 0xae, 0x3c, 0xa6, 0x3d, 0xa6,
    0x9e, 0xae, 0x99, 0x95, 0xcd, 0x42, 0x25, 0x11, 0x46, 0x19, 0x66, 0x19, 0x46, 0x19, 0x26, 0x19, 0x25, 0x11, 0x05,
    0x11, 0xe4, 0x10, 0xe4, 0x10, 0xc4, 0x10, 0xc4, 0x10, 0xa3, 0x08, 0xa3, 0x08, 0xa3, 0x08, 0x82, 0x08, 0x82, 0x08,
    0x62, 0x08, 0x62, 0x08, 0x61, 0x08, 0x41, 0x00, 0x41, 0x00, 0x41, 0x00, 0x41, 0x00, 0x21, 0x00, 0x20, 0x00, 0x20,
    0x00, 0x20, 0x00, 0x20, 0x00, 0x00, 0x00, 0x00, 0x00, 0x00, 0x00, 0x00, 0x00, 0x00, 0x00, 0x00, 0x00, 0x00, 0x00,
    0x00, 0x00, 0x00, 0x00, 0x00, 0x00, 0x00, 0x00, 0x00, 0x00, 0x00, 0x00, 0x00, 0x00, 0x00, 0x00, 0x00, 0x00, 0x00,
    0x00, 0x00, 0x00, 0x00, 0x00, 0x00, 0x00, 0x00, 0x00, 0x00, 0x00, 0x00, 0x00, 0x00, 0x00, 0x00, 0x00, 0x00, 0x00,
    0x00, 0x00, 0x00, 0x00, 0x00, 0x00, 0x00, 0x00, 0x00, 0x00, 0x00, 0x00, 0x00, 0x00, 0x00, 0x00, 0x00, 0x00, 0x00,
    0x00, 0x00, 0x00, 0x00, 0x00, 0x00, 0x00, 0x00, 0x00, 0x00, 0x00, 0x00, 0x00, 0x00, 0x00, 0x00, 0x00, 0x00, 0x00,
    0x00, 0x00, 0x00, 0x00, 0x00, 0x00, 0x00, 0x00, 0x00, 0x00, 0x00, 0x00, 0x00, 0x00, 0x00, 0x00, 0x00, 0x00, 0x00,
    0x00, 0x00, 0x00, 0x00, 0x00, 0x00, 0x00, 0x00, 0x00, 0x00, 0x00, 0x00, 0x00, 0x00, 0x00, 0x00, 0x00, 0x00, 0x00,
    0x00, 0x00, 0x00, 0x00, 0x00, 0x00, 0x00, 0x00, 0x00, 0x00, 0x00, 0x00, 0x00, 0x00, 0x00, 0x00, 0x00, 0x00, 0x00,
    0x00, 0x00, 0x00, 0xab, 0x4a, 0xd8, 0xa5, 0x9b, 0xbe, 0x3a, 0xae, 0x8f, 0x63, 0x62, 0x08, 0x20, 0x00, 0x41, 0x00,
    0x41, 0x00, 0x61, 0x00, 0x62, 0x08, 0x62, 0x08, 0x82, 0x08, 0x82, 0x08, 0x83, 0x08, 0xa3, 0x08, 0xa3, 0x08, 0xc3,
    0x08, 0xc4, 0x10, 0xe4, 0x10, 0xe4, 0x10, 0x05, 0x11, 0x05, 0x11, 0x25, 0x11, 0x26, 0x19, 0x46, 0x19, 0x67, 0x19,
    0x46, 0x19, 0x26, 0x11, 0x4f, 0x53, 0xfa, 0x9d, 0xff, 0xbe, 0xbe, 0xb6, 0x9d, 0xb6, 0xbd, 0xbe, 0x5d, 0xa6, 0x7c,
    0x75, 0xdb, 0x54, 0x9a, 0x4c, 0xbb, 0x4c, 0xbb, 0x54, 0xbb, 0x54, 0xbb, 0x4c, 0xba, 0x4c, 0x9a, 0x4c, 0x9a, 0x4c,
    0x9a, 0x4c, 0x9a, 0x4c, 0x9a, 0x4c, 0x7a, 0x44, 0x7a, 0x44, 0x7a, 0x44, 0x7a, 0x44, 0x7a, 0x44, 0x5a, 0x44, 0x5a,
    0x44, 0x5a, 0x44, 0x5a, 0x3c, 0x5a, 0x3c, 0x5a, 0x3c, 0x3a, 0x3c, 0x3a, 0x3c, 0x3a, 0x3c, 0x39, 0x3c, 0x39, 0x3c,
    0x39, 0x3c, 0x19, 0x34, 0x19, 0x34, 0x19, 0x34, 0x19, 0x34, 0x19, 0x34, 0x19, 0x34, 0x19, 0x34, 0x19, 0x34, 0x19,
    0x34, 0x19, 0x34, 0x19, 0x34, 0x19, 0x34, 0x19, 0x34, 0x19, 0x34, 0x19, 0x34, 0x19, 0x34, 0x19, 0x34, 0x19, 0x34,
    0xf9, 0x33, 0xd9, 0x2b, 0xf9, 0x33, 0x9a, 0x54, 0xbc, 0x85, 0x5d, 0xae, 0x3c, 0xa6, 0x3d, 0xa6, 0x9e, 0xae, 0xfb,
    0x9d, 0xd2, 0x5b, 0x87, 0x19, 0x26, 0x11, 0x67, 0x19, 0x46, 0x19, 0x26, 0x19, 0x25, 0x11, 0x05, 0x11, 0x05, 0x11,
    0xe4, 0x10, 0xe4, 0x10, 0xc4, 0x10, 0xc3, 0x08, 0xa3, 0x08, 0xa3, 0x08, 0x83, 0x08, 0x82, 0x08, 0x82, 0x08, 0x62,
    0x08, 0x62, 0x08, 0x61, 0x08, 0x41, 0x00, 0x41, 0x00, 0x41, 0x00, 0x41, 0x00, 0x00, 0x00, 0x21, 0x00, 0x41, 0x08,
    0x00, 0x00, 0x00, 0x00, 0x20, 0x00, 0x00, 0x00, 0x00, 0x00, 0x00, 0x00, 0x00, 0x00, 0x00, 0x00, 0x00, 0x00, 0x00,
    0x00, 0x00, 0x00, 0x00, 0x00, 0x00, 0x00, 0x00, 0x00, 0x00, 0x00, 0x00, 0x00, 0x00, 0x00, 0x00, 0x00, 0x00, 0x00,
    0x00, 0x00, 0x00, 0x00, 0x00, 0x00, 0x00, 0x00, 0x00, 0x00, 0x00, 0x00, 0x00, 0x00, 0x00, 0x00, 0x00, 0x00, 0x00,
    0x00, 0x00, 0x00, 0x00, 0x00, 0x00, 0x00, 0x00, 0x00, 0x00, 0x00, 0x00, 0x00, 0x00, 0x00, 0x00, 0x00, 0x00, 0x00,
    0x00, 0x00, 0x00, 0x00, 0x00, 0x00, 0x00, 0x00, 0x00, 0x00, 0x00, 0x00, 0x00, 0x00, 0x00, 0x00, 0x00, 0x00, 0x00,
    0x00, 0x00, 0x00, 0x00, 0x00, 0x00, 0x00, 0x00, 0x00, 0x00, 0x00, 0x00, 0x00, 0x00, 0x00, 0x00, 0x00, 0x00, 0x00,
    0x00, 0x00, 0x00, 0x00, 0x00, 0x00, 0x00, 0x00, 0x00, 0x00, 0x00, 0x00, 0x00, 0x00, 0x00, 0x00, 0x00, 0x00, 0x00,
    0x00, 0x00, 0x00, 0x00, 0x00, 0x00, 0x00, 0x00, 0x00, 0x00, 0x00, 0x00, 0x00, 0x00, 0x00, 0x00, 0x00, 0x20, 0x00,
    0x00, 0x00, 0x11, 0x74, 0x7f, 0xd7, 0x1e, 0xcf, 0xfd, 0xc6, 0xfd, 0xc6, 0x7f, 0xd7, 0x97, 0x9d, 0x82, 0x08, 0x21,
    0x00, 0x41, 0x00, 0x41, 0x00, 0x41, 0x00, 0x62, 0x08, 0x62, 0x08, 0x82, 0x08, 0x82, 0x08, 0x82, 0x08, 0xa3, 0x08,
    0xa3, 0x08, 0xa3, 0x08, 0xc4, 0x10, 0xe4, 0x10, 0xe4, 0x10, 0xe5, 0x10, 0x05, 0x11, 0x05, 0x11, 0x25, 0x11, 0x26,
    0x19, 0x46, 0x19, 0x67, 0x19, 0x25, 0x11, 0x67, 0x19, 0xf2, 0x63, 0x5c, 0xae, 0xff, 0xbe, 0x9e, 0xb6, 0x9d, 0xb6,
    0x9d, 0xb6, 0x5d, 0xa6, 0x9c, 0x85, 0xfb, 0x5c, 0x9a, 0x4c, 0x9a, 0x4c, 0x9a, 0x4c, 0xba, 0x4c, 0x9a, 0x4c, 0x9a,
    0x4c, 0x9a, 0x4c, 0x9a, 0x4c, 0x7a, 0x44, 0x7a, 0x44, 0x7a, 0x44, 0x7a, 0x44, 0x7a, 0x44, 0x5a, 0x44, 0x5a, 0x44,
    0x5a, 0x44, 0x5a, 0x3c, 0x5a, 0x3c, 0x5a, 0x3c, 0x3a, 0x3c, 0x3a, 0x3c, 0x3a, 0x3c, 0x39, 0x3c, 0x39, 0x3c, 0x39,
    0x3c, 0x19, 0x34, 0x19, 0x34, 0x19, 0x34, 0x19, 0x34, 0x19, 0x34, 0x19, 0x34, 0x19, 0x34, 0x19, 0x34, 0x19, 0x34,
    0x19, 0x34, 0x19, 0x34, 0x19, 0x34, 0x19, 0x34, 0x19, 0x34, 0x19, 0x34, 0x19, 0x34, 0x19, 0x34, 0xf9, 0x2b, 0xd9,
    0x2b, 0x39, 0x3c, 0xfb, 0x64, 0xbc, 0x8d, 0x5d, 0xa6, 0x3c, 0xa6, 0x3d, 0xa6, 0x7e, 0xae, 0x3d, 0xa6, 0x75, 0x74,
    0xe9, 0x29, 0x05, 0x11, 0x66, 0x19, 0x66, 0x19, 0x46, 0x19, 0x26, 0x19, 0x25, 0x11, 0x05, 0x11, 0x05, 0x11, 0xe4,
    0x10, 0xe4, 0x10, 0xc4, 0x10, 0xc3, 0x08, 0xa3, 0x08, 0xa3, 0x08, 0x82, 0x08, 0x82, 0x08, 0x82, 0x08, 0x62, 0x08,
    0x62, 0x08, 0x61, 0x00, 0x41, 0x00, 0x41, 0x00, 0x41, 0x00, 0x41, 0x00, 0x00, 0x00, 0x04, 0x21, 0x49, 0x4a, 0x69,
    0x4a, 0x08, 0x42, 0x82, 0x10, 0x00, 0x00, 0x00, 0x00, 0x00, 0x00, 0x00, 0x00, 0x00, 0x00, 0x00, 0x00, 0x00, 0x00,
    0x00, 0x00, 0x00, 0x00, 0x00, 0x00, 0x00, 0x00, 0x00, 0x00, 0x00, 0x00, 0x00, 0x00, 0x00, 0x00, 0x00, 0x00, 0x00,
    0x00, 0x00, 0x00, 0x00, 0x00, 0x00, 0x00, 0x00, 0x00, 0x00, 0x00, 0x00, 0x00, 0x00, 0x00, 0x00, 0x00, 0x00, 0x00,
    0x00, 0x00, 0x00, 0x00, 0x00, 0x00, 0x00, 0x00, 0x00, 0x00, 0x00, 0x00, 0x00, 0x00, 0x00, 0x00, 0x00, 0x00, 0x00,
    0x00, 0x00, 0x00, 0x00, 0x00, 0x00, 0x00, 0x00, 0x00, 0x00, 0x00, 0x00, 0x00, 0x00, 0x00, 0x00, 0x00, 0x00, 0x00,
    0x00, 0x00, 0x00, 0x00, 0x00, 0x00, 0x00, 0x00, 0x00, 0x00, 0x00, 0x00, 0x00, 0x00, 0x00, 0x00, 0x00, 0x00, 0x00,
    0x00, 0x00, 0x00, 0x00, 0x00, 0x00, 0x00, 0x00, 0x00, 0x00, 0x00, 0x00, 0x00, 0x00, 0x00, 0x00, 0x00, 0x00, 0x00,
    0x00, 0x00, 0x00, 0x00, 0x00, 0x00, 0x00, 0x00, 0x00, 0x00, 0x00, 0x00, 0x00, 0x00, 0x00, 0x00, 0x20, 0x00, 0x00,
    0x00, 0xc7, 0x31, 0x5f, 0xd7, 0xbc, 0xbe, 0xdd, 0xc6, 0xdd, 0xc6, 0xdd, 0xc6, 0x9c, 0xbe, 0x7f, 0xd7, 0x8f, 0x63,
    0x00, 0x00, 0x61, 0x08, 0x41, 0x00, 0x41, 0x00, 0x41, 0x00, 0x61, 0x08, 0x62, 0x08, 0x62, 0x08, 0x82, 0x08, 0x82,
    0x08, 0xa3, 0x08, 0xa3, 0x08, 0xa3, 0x08, 0xc3, 0x08, 0xc4, 0x10, 0xe4, 0x10, 0xe4, 0x10, 0x05, 0x11, 0x05, 0x11,
    0x25, 0x11, 0x26, 0x19, 0x46, 0x19, 0x67, 0x19, 0x66, 0x19, 0x05, 0x11, 0xc9, 0x29, 0x12, 0x6c, 0x3c, 0xae, 0xff,
    0xbe, 0xbe, 0xb6, 0x9d, 0xb6, 0x9d, 0xb6, 0x7d, 0xae, 0xfc, 0x95, 0x3b, 0x6d, 0xbb, 0x54, 0x7a, 0x44, 0x7a, 0x44,
    0x7a, 0x44, 0x9a, 0x4c, 0x9a, 0x4c, 0x7a, 0x44, 0x7a, 0x44, 0x7a, 0x44, 0x7a, 0x44, 0x5a, 0x44, 0x5a, 0x44, 0x5a,
    0x44, 0x5a, 0x3c, 0x5a, 0x3c, 0x5a, 0x3c, 0x3a, 0x3c, 0x3a, 0x3c, 0x3a, 0x3c, 0x39, 0x3c, 0x39, 0x3c, 0x39, 0x3c,
    0x19, 0x34, 0x19, 0x34, 0x19, 0x34, 0x19, 0x34, 0x19, 0x34, 0x19, 0x34, 0x19, 0x34, 0x19, 0x34, 0x19, 0x34, 0x19,
    0x34, 0x19, 0x34, 0x19, 0x34, 0x19, 0x34, 0x19, 0x34, 0xf9, 0x33, 0xf9, 0x2b, 0xd9, 0x2b, 0x19, 0x34, 0x7a, 0x4c,
    0x5b, 0x75, 0x1c, 0x9e, 0x5d, 0xae, 0x3c, 0xa6, 0x5d, 0xa6, 0x9e, 0xae, 0x3d, 0xa6, 0x75, 0x74, 0x2a, 0x32, 0x25,
    0x11, 0x46, 0x19, 0x67, 0x19, 0x46, 0x19, 0x26, 0x19, 0x25, 0x11, 0x05, 0x11, 0x05, 0x11, 0xe4, 0x10, 0xe4, 0x10,
    0xc4, 0x10, 0xc4, 0x10, 0xa3, 0x08, 0xa3, 0x08, 0xa3, 0x08, 0x82, 0x08, 0x82, 0x08, 0x82, 0x08, 0x62, 0x08, 0x62,
    0x08, 0x61, 0x00, 0x41, 0x00, 0x41, 0x00, 0x41, 0x00, 0x41, 0x00, 0x00, 0x00, 0x04, 0x21, 0xcb, 0x52, 0xaa, 0x52,
    0x8a, 0x52, 0xab, 0x52, 0x69, 0x4a, 0x82, 0x10, 0x00, 0x00, 0x00, 0x00, 0x00, 0x00, 0x00, 0x00, 0x00, 0x00, 0x00,
    0x00, 0x00, 0x00, 0x00, 0x00, 0x00, 0x00, 0x00, 0x00, 0x00, 0x00, 0x00, 0x00, 0x00, 0x00, 0x00, 0x00, 0x00, 0x00,
    0x00, 0x00, 0x00, 0x00, 0x00, 0x00, 0x00, 0x00, 0x00, 0x00, 0x00, 0x00, 0x00, 0x00, 0x00, 0x00, 0x00, 0x00, 0x00,
    0x00, 0x00, 0x00, 0x00, 0x00, 0x00, 0x00, 0x00, 0x00, 0x00, 0x00, 0x00, 0x00, 0x00, 0x00, 0x00, 0x00, 0x00, 0x00,
    0x00, 0x00, 0x00, 0x00, 0x00, 0x00, 0x00, 0x00, 0x00, 0x00, 0x00, 0x00, 0x00, 0x00, 0x00, 0x00, 0x00, 0x00, 0x00,
    0x00, 0x00, 0x00, 0x00, 0x00, 0x00, 0x00, 0x00, 0x00, 0x00, 0x00, 0x00, 0x00, 0x00, 0x00, 0x00, 0x00, 0x00, 0x00,
    0x00, 0x00, 0x00, 0x00, 0x00, 0x00, 0x00, 0x00, 0x00, 0x00, 0x00, 0x00, 0x00, 0x00, 0x00, 0x00, 0x00, 0x00, 0x00,
    0x00, 0x00, 0x00, 0x00, 0x00, 0x00, 0x00, 0x00, 0x00, 0x00, 0x00, 0x00, 0x00, 0x00, 0x00, 0x00, 0x00, 0x20, 0x00,
    0x00, 0x00, 0xd4, 0x8c, 0x3f, 0xcf, 0xbc, 0xbe, 0xdd, 0xc6, 0xdd, 0xc6, 0xdd, 0xc6, 0xdd, 0xc6, 0xfe, 0xc6, 0x3a,
    0xb6, 0x62, 0x08, 0x20, 0x00, 0x41, 0x00, 0x41, 0x00, 0x41, 0x00, 0x41, 0x00, 0x61, 0x08, 0x62, 0x08, 0x62, 0x08,
    0x82, 0x08, 0x82, 0x08, 0x83, 0x08, 0xa3, 0x08, 0xa3, 0x08, 0xc3, 0x08, 0xc4, 0x10, 0xe4, 0x10, 0xe4, 0x10, 0xe4,
    0x10, 0x05, 0x11, 0x05, 0x11, 0x25, 0x11, 0x26, 0x19, 0x46, 0x19, 0x67, 0x19, 0x46, 0x19, 0x05, 0x11, 0xe9, 0x29,
    0xd1, 0x63, 0xba, 0x9d, 0xdf, 0xbe, 0xbe, 0xb6, 0x7d, 0xae, 0x7d, 0xb6, 0x9d, 0xb6, 0x5d, 0xa6, 0xbc, 0x8d, 0x3b,
    0x6d, 0xba, 0x54, 0x7a, 0x44, 0x5a, 0x3c, 0x5a, 0x3c, 0x5a, 0x44, 0x7a, 0x44, 0x7a, 0x44, 0x7a, 0x44, 0x5a, 0x44,
    0x5a, 0x44, 0x5a, 0x44, 0x5a, 0x3c, 0x3a, 0x3c, 0x3a, 0x3c, 0x3a, 0x3c, 0x39, 0x3c, 0x39, 0x3c, 0x39, 0x3c, 0x19,
    0x3c, 0x19, 0x34, 0x19, 0x34, 0x19, 0x34, 0x19, 0x34, 0x19, 0x34, 0x19, 0x34, 0x19, 0x34, 0x19, 0x34, 0x19, 0x34,
    0x19, 0x34, 0xf9, 0x33, 0xf9, 0x2b, 0xd9, 0x2b, 0xf9, 0x2b, 0x39, 0x3c, 0xba, 0x54, 0x3b, 0x75, 0xdc, 0x95, 0x3d,
    0xa6, 0x5c, 0xae, 0x3c, 0xa6, 0x5d, 0xa6, 0x9e, 0xae, 0xdb, 0x9d, 0x13, 0x64, 0x4b, 0x32, 0x25, 0x11, 0x46, 0x11,
    0x67, 0x19, 0x46, 0x19, 0x26, 0x19, 0x25, 0x11, 0x25, 0x11, 0x05, 0x11, 0x05, 0x11, 0xe4, 0x10, 0xe4, 0x10, 0xc4,
    0x10, 0xc3, 0x08, 0xa3, 0x08, 0xa3, 0x08, 0xa3, 0x08, 0x82, 0x08, 0x82, 0x08, 0x62, 0x08, 0x62, 0x08, 0x62, 0x08,
    0x41, 0x00, 0x41, 0x00, 0x41, 0x00, 0x41, 0x00, 0x21, 0x00, 0x21, 0x00, 0x21, 0x00, 0x49, 0x4a, 0xaa, 0x52, 0x8a,
    0x52, 0x8a, 0x52, 0x8a, 0x4a, 0xab, 0x52, 0xa6, 0x31, 0x00, 0x00, 0x00, 0x00, 0x00, 0x00, 0x00, 0x00, 0x00, 0x00,
    0x00, 0x00, 0x00, 0x00, 0x00, 0x00, 0x00, 0x00, 0x00, 0x00, 0x00, 0x00, 0x00, 0x00, 0x00, 0x00, 0x00, 0x00, 0x00,
    0x00, 0x00, 0x00, 0x00, 0x00, 0x00, 0x00, 0x00, 0x00, 0x00, 0x00, 0x00, 0x00, 0x00, 0x00, 0x00, 0x00, 0x00, 0x00,
    0x00, 0x00, 0x00, 0x00, 0x00, 0x00, 0x00, 0x00, 0x00, 0x00, 0x00, 0x00, 0x00, 0x00, 0x00, 0x00, 0x00, 0x00, 0x00,
    0x00, 0x00, 0x00, 0x00, 0x00, 0x00, 0x00, 0x00, 0x00, 0x00, 0x00, 0x00, 0x00, 0x00, 0x00, 0x00, 0x00, 0x00, 0x00,
    0x00, 0x00, 0x00, 0x00, 0x00, 0x00, 0x00, 0x00, 0x00, 0x00, 0x00, 0x00, 0x00, 0x00, 0x00, 0x00, 0x00, 0x00, 0x00,
    0x00, 0x00, 0x00, 0x00, 0x00, 0x00, 0x00, 0x00, 0x00, 0x00, 0x00, 0x00, 0x00, 0x00, 0x00, 0x00, 0x00, 0x00, 0x00,
    0x00, 0x00, 0x00, 0x00, 0x00, 0x00, 0x00, 0x00, 0x00, 0x00, 0x00, 0x00, 0x00, 0x00, 0x00, 0x00, 0x00, 0x00, 0x00,
    0x00, 0x00, 0x00, 0x56, 0x95, 0x3e, 0xcf, 0xbd, 0xc6, 0xdd, 0xc6, 0xdd, 0xc6, 0xdd, 0xc6, 0xdd, 0xc6, 0xfd, 0xc6,
    0x9c, 0xbe, 0xa3, 0x10, 0x00, 0x00, 0x41, 0x00, 0x41, 0x00, 0x41, 0x00, 0x41, 0x00, 0x41, 0x00, 0x61, 0x00, 0x62,
    0x08, 0x62, 0x08, 0x62, 0x08, 0x82, 0x08, 0x82, 0x08, 0xa3, 0x08, 0xa3, 0x08, 0xa3, 0x08, 0xc3, 0x10, 0xc4, 0x10,
    0xe4, 0x10, 0xe4, 0x10, 0x05, 0x11, 0x05, 0x11, 0x25, 0x11, 0x25, 0x19, 0x26, 0x19, 0x46, 0x19, 0x67, 0x19, 0x46,
    0x19, 0x05, 0x11, 0x87, 0x21, 0x0e, 0x4b, 0x37, 0x8d, 0x9d, 0xae, 0xdf, 0xb6, 0x9e, 0xb6, 0x7d, 0xae, 0x7d, 0xb6,
    0x7d, 0xb6, 0x5d, 0xae, 0xfc, 0x95, 0x7c, 0x75, 0xfb, 0x64, 0xba, 0x4c, 0x7a, 0x44, 0x3a, 0x3c, 0x3a, 0x3c, 0x3a,
    0x3c, 0x3a, 0x3c, 0x3a, 0x3c, 0x3a, 0x3c, 0x39, 0x3c, 0x3a, 0x3c, 0x3a, 0x3c, 0x39, 0x3c, 0x39, 0x3c, 0x19, 0x3c,
    0x19, 0x34, 0x19, 0x34, 0x19, 0x34, 0xf9, 0x33, 0xf9, 0x33, 0xf9, 0x33, 0xf9, 0x2b, 0xf9, 0x2b, 0xd9, 0x2b, 0xd9,
    0x2b, 0xf9, 0x33, 0x39, 0x3c, 0x9a, 0x4c, 0xfb, 0x64, 0x9c, 0x85, 0x1c, 0x9e, 0x5d, 0xa6, 0x5c, 0xae, 0x3c, 0xa6,
    0x5d, 0xa6, 0x7e, 0xae, 0x5d, 0xa6, 0x79, 0x8d, 0x70, 0x53, 0xc9, 0x21, 0x05, 0x11, 0x46, 0x19, 0x67, 0x19, 0x46,
    0x19, 0x26, 0x19, 0x26, 0x19, 0x25, 0x11, 0x05, 0x11, 0x05, 0x11, 0xe4, 0x10, 0xe4, 0x10, 0xc4, 0x10, 0xc4, 0x10,
    0xc3, 0x08, 0xa3, 0x08, 0xa3, 0x08, 0x83, 0x08, 0x82, 0x08, 0x82, 0x08, 0x62, 0x08, 0x62, 0x08, 0x61, 0x08, 0x41,
    0x00, 0x41, 0x00, 0x41, 0x00, 0x41, 0x00, 0x21, 0x00, 0x21, 0x00, 0x20, 0x00, 0x41, 0x08, 0x69, 0x4a, 0x8a, 0x52,
    0x8a, 0x52, 0x8a, 0x52, 0x8a, 0x52, 0xaa, 0x52, 0xe7, 0x39, 0x00, 0x00, 0x00, 0x00, 0x00, 0x00, 0x00, 0x00, 0x00,
    0x00, 0x00, 0x00, 0x00, 0x00, 0x00, 0x00, 0x00, 0x00, 0x00, 0x00, 0x00, 0x00, 0x00, 0x00, 0x00, 0x00, 0x00, 0x00,
    0x00, 0x00, 0x00, 0x00, 0x00, 0x00, 0x00, 0x00, 0x00, 0x00, 0x00, 0x00, 0x00, 0x00, 0x00, 0x00, 0x00, 0x00, 0x00,
    0x00, 0x00, 0x00, 0x00, 0x00, 0x00, 0x00, 0x00, 0x00, 0x00, 0x00, 0x00, 0x00, 0x00, 0x00, 0x00, 0x00, 0x00, 0x00,
    0x00, 0x00, 0x00, 0x00, 0x00, 0x00, 0x00, 0x00, 0x00, 0x00, 0x00, 0x00, 0x00, 0x00, 0x00, 0x00, 0x00, 0x00, 0x00,
    0x00, 0x00, 0x00, 0x00, 0x00, 0x00, 0x00, 0x00, 0x00, 0x00, 0x00, 0x00, 0x00, 0x00, 0x00, 0x00, 0x00, 0x00, 0x00,
    0x00, 0x00, 0x00, 0x00, 0x00, 0x00, 0x00, 0x00, 0x00, 0x00, 0x00, 0x00, 0x00, 0x00, 0x00, 0x00, 0x00, 0x00, 0x00,
    0x00, 0x00, 0x00, 0x00, 0x00, 0x00, 0x00, 0x00, 0x00, 0x00, 0x00, 0x00, 0x00, 0x00, 0x00, 0x00, 0x00, 0x00, 0x00,
    0x20, 0x00, 0x00, 0x00, 0x32, 0x7c, 0x5f, 0xcf, 0xbc, 0xbe, 0xdd, 0xc6, 0xdd, 0xc6, 0xdd, 0xc6, 0xbd, 0xc6, 0x1e,
    0xcf, 0xd8, 0xa5, 0x41, 0x00, 0x20, 0x00, 0x21, 0x00, 0x21, 0x00, 0x41, 0x00, 0x41, 0x00, 0x41, 0x00, 0x41, 0x00,
    0x41, 0x00, 0x62, 0x08, 0x62, 0x08, 0x62, 0x08, 0x82, 0x08, 0x82, 0x08, 0xa3, 0x08, 0xa3, 0x08, 0xa3, 0x08, 0xc3,
    0x08, 0xc4, 0x10, 0xe4, 0x10, 0xe4, 0x10, 0xe4, 0x10, 0x05, 0x11, 0x05, 0x11, 0x25, 0x11, 0x25, 0x11, 0x26, 0x19,
    0x46, 0x19, 0x67, 0x19, 0x66, 0x19, 0x25, 0x11, 0x46, 0x19, 0x4b, 0x32, 0xd1, 0x63, 0x99, 0x95, 0x9e, 0xb6, 0xbf,
    0xb6, 0x9e, 0xb6, 0x7d, 0xae, 0x7d, 0xae, 0x7d, 0xb6, 0x7d, 0xae, 0x5d, 0xa6, 0x1c, 0x9e, 0xbc, 0x85, 0x5b, 0x75,
    0x1b, 0x65, 0xda, 0x5c, 0x7a, 0x4c, 0x5a, 0x44, 0x5a, 0x44, 0x19, 0x3c, 0x19, 0x34, 0x19, 0x34, 0xf9, 0x33, 0xf9,
    0x33, 0xf9, 0x33, 0xf9, 0x2b, 0xf9, 0x33, 0x39, 0x3c, 0x39, 0x3c, 0x39, 0x3c, 0x9a, 0x4c, 0xba, 0x5c, 0x1b, 0x6d,
    0x5b, 0x7d, 0xdc, 0x8d, 0x1c, 0x9e, 0x3c, 0xa6, 0x5c, 0xae, 0x5c, 0xae, 0x3d, 0xa6, 0x5d, 0xa6, 0x7e, 0xae, 0x7e,
    0xae, 0xdb, 0x95, 0x13, 0x64, 0x8c, 0x3a, 0x67, 0x19, 0x25, 0x11, 0x46, 0x19, 0x67, 0x19, 0x46, 0x19, 0x26, 0x19,
    0x25, 0x11, 0x25, 0x11, 0x05, 0x11, 0x05, 0x11, 0xe4, 0x10, 0xe4, 0x10, 0xe4, 0x10, 0xc4, 0x10, 0xc3, 0x08, 0xa3,
    0x08, 0xa3, 0x08, 0xa3, 0x08, 0x82, 0x08, 0x82, 0x08, 0x82, 0x08, 0x62, 0x08, 0x62, 0x08, 0x61, 0x00, 0x41, 0x00,
    0x41, 0x00, 0x41, 0x00, 0x41, 0x00, 0x21, 0x00, 0x21, 0x00, 0x20, 0x00, 0x20, 0x00, 0x00, 0x00, 0x08, 0x42, 0xab,
    0x52, 0x8a, 0x4a, 0x8a, 0x52, 0x69, 0x4a, 0xcb, 0x5a, 0x65, 0x29, 0x00, 0x00, 0x00, 0x00, 0x00, 0x00, 0x00, 0x00,
    0x00, 0x00, 0x00, 0x00, 0x00, 0x00, 0x00, 0x00, 0x00, 0x00, 0x00, 0x00, 0x00, 0x00, 0x00, 0x00, 0x00, 0x00, 0x00,
    0x00, 0x00, 0x00, 0x00, 0x00, 0x00, 0x00, 0x00, 0x00, 0x00, 0x00, 0x00, 0x00, 0x00, 0x00, 0x00, 0x00, 0x00, 0x00,
    0x00, 0x00, 0x00, 0x00, 0x00, 0x00, 0x00, 0x00, 0x00, 0x00, 0x00, 0x00, 0x00, 0x00, 0x00, 0x00, 0x00, 0x00, 0x00,
    0x00, 0x00, 0x00, 0x00, 0x00, 0x00, 0x00, 0x00, 0x00, 0x00, 0x00, 0x00, 0x00, 0x00, 0x00, 0x00, 0x00, 0x00, 0x00,
    0x00, 0x00, 0x00, 0x00, 0x00, 0x00, 0x00, 0x00, 0x00, 0x00, 0x00, 0x00, 0x00, 0x00, 0x00, 0x00, 0x00, 0x00, 0x00,
    0x00, 0x00, 0x00, 0x00, 0x00, 0x00, 0x00, 0x00, 0x00, 0x00, 0x00, 0x00, 0x00, 0x00, 0x00, 0x00, 0x00, 0x00, 0x00,
    0x00, 0x00, 0x00, 0x00, 0x00, 0x00, 0x00, 0x00, 0x00, 0x00, 0x00, 0x00, 0x00, 0x00, 0x00, 0x00, 0x00, 0x00, 0x00,
    0x00, 0x00, 0x00, 0x00, 0x00, 0x04, 0x19, 0xfe, 0xc6, 0xfd, 0xc6, 0xbc, 0xbe, 0xdd, 0xc6, 0xbc, 0xbe, 0xbc, 0xbe,
    0x7f, 0xd7, 0x8b, 0x4a, 0x00, 0x00, 0x41, 0x00, 0x20, 0x00, 0x20, 0x00, 0x21, 0x00, 0x21, 0x00, 0x41, 0x00, 0x41,
    0x00, 0x41, 0x00, 0x41, 0x00, 0x61, 0x08, 0x62, 0x08, 0x62, 0x08, 0x82, 0x08, 0x82, 0x08, 0x82, 0x08, 0xa3, 0x08,
    0xa3, 0x08, 0xa3, 0x08, 0xc3, 0x08, 0xc4, 0x10, 0xe4, 0x10, 0xe4, 0x10, 0xe4, 0x10, 0x05, 0x11, 0x05, 0x11, 0x25,
    0x11, 0x25, 0x11, 0x26, 0x19, 0x46, 0x19, 0x66, 0x19, 0x66, 0x19, 0x26, 0x11, 0x05, 0x11, 0x87, 0x19, 0x8c, 0x3a,
    0xd1, 0x5b, 0x58, 0x8d, 0x5c, 0xa6, 0xbe, 0xb6, 0xbe, 0xb6, 0x9e, 0xb6, 0x7d, 0xae, 0x7d, 0xae, 0x7d, 0xae, 0x7d,
    0xae, 0x5d, 0xae, 0x5d, 0xae, 0x3d, 0xa6, 0x1d, 0x9e, 0x3c, 0x9e, 0xdc, 0x8d, 0xbc, 0x8d, 0xbc, 0x8d, 0xbc, 0x8d,
    0xbc, 0x8d, 0xbc, 0x85, 0xbc, 0x85, 0xbc, 0x8d, 0x1c, 0x9e, 0x1c, 0x9e, 0x1c, 0x9e, 0x3c, 0xa6, 0x5c, 0xa6, 0x5c,
    0xae, 0x5c, 0xae, 0x5d, 0xa6, 0x5d, 0xa6, 0x7d, 0xae, 0x7e, 0xae, 0x7e, 0xae, 0x3d, 0xa6, 0x79, 0x8d, 0x13, 0x64,
    0xad, 0x42, 0xa8, 0x21, 0x25, 0x11, 0x26, 0x11, 0x46, 0x19, 0x67, 0x19, 0x46, 0x19, 0x26, 0x19, 0x25, 0x19, 0x25,
    0x11, 0x05, 0x11, 0x05, 0x11, 0x05, 0x11, 0xe4, 0x10, 0xe4, 0x10, 0xc4, 0x10, 0xc3, 0x10, 0xa3, 0x08, 0xa3, 0x08,
    0xa3, 0x08, 0x83, 0x08, 0x82, 0x08, 0x82, 0x08, 0x62, 0x08, 0x62, 0x08, 0x62, 0x08, 0x41, 0x00, 0x41, 0x00, 0x41,
    0x00, 0x41, 0x00, 0x21, 0x00, 0x21, 0x00, 0x21, 0x00, 0x20, 0x00, 0x20, 0x00, 0x20, 0x00, 0x00, 0x00, 0x82, 0x10,
    0x6a, 0x4a, 0xcb, 0x52, 0xaa, 0x52, 0xcb, 0x5a, 0x08, 0x42, 0x20, 0x00, 0x00, 0x00, 0x00, 0x00, 0x00, 0x00, 0x00,
    0x00, 0x00, 0x00, 0x00, 0x00, 0x00, 0x00, 0x00, 0x00, 0x00, 0x00, 0x00, 0x00, 0x00, 0x00, 0x00, 0x00, 0x00, 0x00,
    0x00, 0x00, 0x00, 0x00, 0x00, 0x00, 0x00, 0x00, 0x00, 0x00, 0x00, 0x00, 0x00, 0x00, 0x00, 0x00, 0x00, 0x00, 0x00,
    0x00, 0x00, 0x00, 0x00, 0x00, 0x00, 0x00, 0x00, 0x00, 0x00, 0x00, 0x00, 0x00, 0x00, 0x00, 0x00, 0x00, 0x00, 0x00,
    0x00, 0x00, 0x00, 0x00, 0x00, 0x00, 0x00, 0x00, 0x00, 0x00, 0x00, 0x00, 0x00, 0x00, 0x00, 0x00, 0x00, 0x00, 0x00,
    0x00, 0x00, 0x00, 0x00, 0x00, 0x00, 0x00, 0x00, 0x00, 0x00, 0x00, 0x00, 0x00, 0x00, 0x00, 0x00, 0x00, 0x00, 0x00,
    0x00, 0x00, 0x00, 0x00, 0x00, 0x00, 0x00, 0x00, 0x00, 0x00, 0x00, 0x00, 0x00, 0x00, 0x00, 0x00, 0x00, 0x00, 0x00,
    0x00, 0x00, 0x00, 0x00, 0x00, 0x00, 0x00, 0x00, 0x00, 0x00, 0x00, 0x00, 0x00, 0x00, 0x00, 0x00, 0x00, 0x00, 0x00,
    0x00, 0x00, 0x00, 0x00, 0x00, 0x00, 0x00, 0x00, 0xab, 0x4a, 0xfe, 0xc6, 0x5f, 0xcf, 0x3e, 0xcf, 0x3f, 0xcf, 0x5f,
    0xcf, 0x11, 0x74, 0x00, 0x00, 0x20, 0x00, 0x20, 0x00, 0x20, 0x00, 0x20, 0x00, 0x20, 0x00, 0x21, 0x00, 0x41, 0x00,
    0x41, 0x00, 0x41, 0x00, 0x41, 0x00, 0x41, 0x00, 0x61, 0x08, 0x62, 0x08, 0x62, 0x08, 0x62, 0x08, 0x82, 0x08, 0x82,
    0x08, 0xa3, 0x08, 0xa3, 0x08, 0xa3, 0x08, 0xa3, 0x08, 0xc3, 0x10, 0xc4, 0x10, 0xe4, 0x10, 0xe4, 0x10, 0xe4, 0x10,
    0x05, 0x11, 0x05, 0x11, 0x05, 0x11, 0x25, 0x11, 0x26, 0x19, 0x46, 0x19, 0x46, 0x19, 0x67, 0x19, 0x46, 0x19, 0x26,
    0x11, 0x05, 0x11, 0x66, 0x19, 0x0a, 0x2a, 0x0e, 0x4b, 0x54, 0x6c, 0x38, 0x8d, 0xfb, 0x9d, 0x7d, 0xae, 0x9e, 0xae,
    0x9e, 0xb6, 0x9e, 0xae, 0x9e, 0xae, 0x7d, 0xae, 0x5d, 0xae, 0x7d, 0xae, 0x5d, 0xae, 0x5d, 0xae, 0x5d, 0xae, 0x5d,
    0xae, 0x5d, 0xae, 0x5d, 0xae, 0x5d, 0xae, 0x5d, 0xae, 0x5d, 0xa6, 0x5d, 0xa6, 0x5d, 0xa6, 0x7e, 0xae, 0x7e, 0xae,
    0x9e, 0xae, 0x7e, 0xae, 0x5d, 0xa6, 0xfb, 0x9d, 0x58, 0x8d, 0x75, 0x74, 0x4f, 0x53, 0x4a, 0x32, 0x87, 0x19, 0x25,
    0x11, 0x26, 0x11, 0x46, 0x19, 0x67, 0x19, 0x46, 0x19, 0x46, 0x19, 0x26, 0x19, 0x25, 0x19, 0x25, 0x11, 0x05, 0x11,
    0x05, 0x11, 0xe5, 0x10, 0xe4, 0x10, 0xe4, 0x10, 0xc4, 0x10, 0xc4, 0x10, 0xc3, 0x08, 0xa3, 0x08, 0xa3, 0x08, 0xa3,
    0x08, 0x82, 0x08, 0x82, 0x08, 0x82, 0x08, 0x62, 0x08, 0x62, 0x08, 0x61, 0x08, 0x41, 0x00, 0x41, 0x00, 0x41, 0x00,
    0x41, 0x00, 0x41, 0x00, 0x21, 0x00, 0x20, 0x00, 0x20, 0x00, 0x20, 0x00, 0x20, 0x00, 0x20, 0x00, 0x20, 0x00, 0x00,
    0x00, 0x82, 0x10, 0xa6, 0x31, 0xe7, 0x39, 0x65, 0x29, 0x20, 0x00, 0x00, 0x00, 0x00, 0x00, 0x00, 0x00, 0x00, 0x00,
    0x00, 0x00, 0x00, 0x00, 0x00, 0x00, 0x00, 0x00, 0x00, 0x00, 0x00, 0x00, 0x00, 0x00, 0x00, 0x00, 0x00, 0x00, 0x00,
    0x00, 0x00, 0x00, 0x00, 0x00, 0x00, 0x00, 0x00, 0x00, 0x00, 0x00, 0x00, 0x00, 0x00, 0x00, 0x00, 0x00, 0x00, 0x00,
    0x00, 0x00, 0x00, 0x00, 0x00, 0x00, 0x00, 0x00, 0x00, 0x00, 0x00, 0x00, 0x00, 0x00, 0x00, 0x00, 0x00, 0x00, 0x00,
    0x00, 0x00, 0x00, 0x00, 0x00, 0x00, 0x00, 0x00, 0x00, 0x00, 0x00, 0x00, 0x00, 0x00, 0x00, 0x00, 0x00, 0x00, 0x00,
    0x00, 0x00, 0x00, 0x00, 0x00, 0x00, 0x00, 0x00, 0x00, 0x00, 0x00, 0x00, 0x00, 0x00, 0x00, 0x00, 0x00, 0x00, 0x00,
    0x00, 0x00, 0x00, 0x00, 0x00, 0x00, 0x00, 0x00, 0x00, 0x00, 0x00, 0x00, 0x00, 0x00, 0x00, 0x00, 0x00, 0x00, 0x00,
    0x00, 0x00, 0x00, 0x00, 0x00, 0x00, 0x00, 0x00, 0x00, 0x00, 0x00, 0x00, 0x00, 0x00, 0x00, 0x00, 0x00, 0x00, 0x00,
    0x00, 0x00, 0x00, 0x00, 0x00, 0x00, 0x00, 0x00, 0x00, 0x00, 0x00, 0x25, 0x21, 0x52, 0x7c, 0x56, 0x95, 0xd4, 0x84,
    0xe8, 0x31, 0x00, 0x00, 0x00, 0x00, 0x20, 0x00, 0x00, 0x00, 0x20, 0x00, 0x20, 0x00, 0x20, 0x00, 0x20, 0x00, 0x21,
    0x00, 0x21, 0x00, 0x41, 0x00, 0x41, 0x00, 0x41, 0x00, 0x41, 0x00, 0x41, 0x00, 0x62, 0x08, 0x62, 0x08, 0x62, 0x08,
    0x82, 0x08, 0x82, 0x08, 0x82, 0x08, 0xa3, 0x08, 0xa3, 0x08, 0xa3, 0x08, 0xc3, 0x08, 0xc4, 0x10, 0xc4, 0x10, 0xe4,
    0x10, 0xe4, 0x10, 0xe4, 0x10, 0x05, 0x11, 0x05, 0x11, 0x05, 0x11, 0x25, 0x11, 0x25, 0x11, 0x26, 0x19, 0x46, 0x19,
    0x46, 0x19, 0x67, 0x19, 0x66, 0x19, 0x46, 0x19, 0x25, 0x11, 0x25, 0x11, 0x46, 0x19, 0xc8, 0x21, 0x6b, 0x3a, 0x70,
    0x53, 0xf2, 0x63, 0xd6, 0x7c, 0x17, 0x85, 0xba, 0x95, 0x1c, 0x9e, 0xfb, 0x9d, 0x5d, 0xa6, 0x7e, 0xae, 0x7d, 0xae,
    0x7d, 0xae, 0x7d, 0xae, 0x7d, 0xae, 0x7e, 0xae, 0x5d, 0xa6, 0xfb, 0x9d, 0xfb, 0x9d, 0xdb, 0x9d, 0x18, 0x85, 0xf7,
    0x7c, 0x13, 0x64, 0x91, 0x5b, 0x8c, 0x3a, 0xe9, 0x29, 0x67, 0x19, 0x25, 0x11, 0x25, 0x11, 0x26, 0x11, 0x46, 0x19,
    0x67, 0x19, 0x46, 0x19, 0x46, 0x19, 0x26, 0x19, 0x26, 0x11, 0x25, 0x11, 0x05, 0x11, 0x05, 0x11, 0x05, 0x11, 0xe4,
    0x10, 0xe4, 0x10, 0xe4, 0x10, 0xc4, 0x10, 0xc4, 0x10, 0xc3, 0x08, 0xa3, 0x08, 0xa3, 0x08, 0xa3, 0x08, 0x82, 0x08,
    0x82, 0x08, 0x82, 0x08, 0x62, 0x08, 0x62, 0x08, 0x62, 0x08, 0x61, 0x00, 0x41, 0x00, 0x41, 0x00, 0x41, 0x00, 0x41,
    0x00, 0x41, 0x00, 0x21, 0x00, 0x20, 0x00, 0x20, 0x00, 0x20, 0x00, 0x20, 0x00, 0x20, 0x00, 0x00, 0x00, 0x00, 0x00,
    0x00, 0x00, 0x00, 0x00, 0x00, 0x00, 0x00, 0x00, 0x00, 0x00, 0x00, 0x00, 0x00, 0x00, 0x00, 0x00, 0x00, 0x00, 0x00,
    0x00, 0x00, 0x00, 0x00, 0x00, 0x00, 0x00, 0x00, 0x00, 0x00, 0x00, 0x00, 0x00, 0x00, 0x00, 0x00, 0x00, 0x00, 0x00,
    0x00, 0x00, 0x00, 0x00, 0x00, 0x00, 0x00, 0x00, 0x00, 0x00, 0x00, 0x00, 0x00, 0x00, 0x00, 0x00, 0x00, 0x00, 0x00,
    0x00, 0x00, 0x00, 0x00, 0x00, 0x00, 0x00, 0x00, 0x00, 0x00, 0x00, 0x00, 0x00, 0x00, 0x00, 0x00, 0x00, 0x00, 0x00,
    0x00, 0x00, 0x00, 0x00, 0x00, 0x00, 0x00, 0x00, 0x00, 0x00, 0x00, 0x00, 0x00, 0x00, 0x00, 0x00, 0x00, 0x00, 0x00,
    0x00, 0x00, 0x00, 0x00, 0x00, 0x00, 0x00, 0x00, 0x00, 0x00, 0x00, 0x00, 0x00, 0x00, 0x00, 0x00, 0x00, 0x00, 0x00,
    0x00, 0x00, 0x00, 0x00, 0x00, 0x00, 0x00, 0x00, 0x00, 0x00, 0x00, 0x00, 0x00, 0x00, 0x00, 0x00, 0x00, 0x00, 0x00,
    0x00, 0x00, 0x00, 0x00, 0x00, 0x00, 0x00, 0x00, 0x00, 0x00, 0x00, 0x00, 0x00, 0x00, 0x00, 0x00, 0x00, 0x00, 0x00,
    0x00, 0x00, 0x00, 0x00, 0x00, 0x00, 0x00, 0x00, 0x00, 0x00, 0x00, 0x00, 0x00, 0x00, 0x00, 0x00, 0x00, 0x00, 0x00,
    0x00, 0x00, 0x00, 0x00, 0x00, 0x00, 0x00, 0x00, 0x00, 0x00, 0x00, 0x00, 0x00, 0x20, 0x00, 0x20, 0x00, 0x20, 0x00,
    0x20, 0x00, 0x21, 0x00, 0x21, 0x00, 0x41, 0x00, 0x41, 0x00, 0x41, 0x00, 0x41, 0x00, 0x41, 0x00, 0x61, 0x08, 0x62,
    0x08, 0x62, 0x08, 0x62, 0x08, 0x82, 0x08, 0x82, 0x08, 0x82, 0x08, 0xa3, 0x08, 0xa3, 0x08, 0xa3, 0x08, 0xc3, 0x08,
    0xc4, 0x10, 0xc4, 0x10, 0xe4, 0x10, 0xe4, 0x10, 0xe4, 0x10, 0x05, 0x11, 0x05, 0x11, 0x05, 0x11, 0x05, 0x11, 0x25,
    0x11, 0x25, 0x11, 0x26, 0x19, 0x46, 0x19, 0x46, 0x19, 0x66, 0x19, 0x67, 0x19, 0x66, 0x19, 0x46, 0x19, 0x26, 0x11,
    0x25, 0x11, 0x05, 0x11, 0x26, 0x11, 0x46, 0x11, 0xa8, 0x21, 0xc9, 0x29, 0xc8, 0x21, 0x6c, 0x3a, 0xcd, 0x42, 0xad,
    0x42, 0xad, 0x42, 0xad, 0x42, 0xad, 0x42, 0xcd, 0x42, 0xac, 0x3a, 0xe9, 0x29, 0xc8, 0x21, 0xc8, 0x21, 0x46, 0x19,
    0x46, 0x11, 0x25, 0x11, 0x05, 0x11, 0x26, 0x11, 0x46, 0x19, 0x66, 0x19, 0x67, 0x19, 0x66, 0x19, 0x46, 0x19, 0x46,
    0x19, 0x26, 0x19, 0x25, 0x11, 0x25, 0x11, 0x05, 0x11, 0x05, 0x11, 0x05, 0x11, 0x05, 0x11, 0xe4, 0x10, 0xe4, 0x10,
    0xe4, 0x10, 0xc4, 0x10, 0xc4, 0x10, 0xc3, 0x08, 0xa3, 0x08, 0xa3, 0x08, 0xa3, 0x08, 0x83, 0x08, 0x82, 0x08, 0x82,
    0x08, 0x62, 0x08, 0x62, 0x08, 0x62, 0x08, 0x62, 0x08, 0x41, 0x00, 0x41, 0x00, 0x41, 0x00, 0x41, 0x00, 0x41, 0x00,
    0x21, 0x00, 0x21, 0x00, 0x20, 0x00, 0x20, 0x00, 0x20, 0x00, 0x20, 0x00, 0x20, 0x00, 0x00, 0x00, 0x00, 0x00, 0x00,
    0x00, 0x00, 0x00, 0x00, 0x00, 0x00, 0x00, 0x00, 0x00, 0x00, 0x00, 0x00, 0x00, 0x00, 0x00, 0x00, 0x00, 0x00, 0x00,
    0x00, 0x00, 0x00, 0x00, 0x00, 0x00, 0x00, 0x00, 0x00, 0x00, 0x00, 0x00, 0x00, 0x00, 0x00, 0x00, 0x00, 0x00, 0x00,
    0x00, 0x00, 0x00, 0x00, 0x00, 0x00, 0x00, 0x00, 0x00, 0x00, 0x00, 0x00, 0x00, 0x00, 0x00, 0x00, 0x00, 0x00, 0x00,
    0x00, 0x00, 0x00, 0x00, 0x00, 0x00, 0x00, 0x00, 0x00, 0x00, 0x00, 0x00, 0x00, 0x00, 0x00, 0x00, 0x00, 0x00, 0x00,
    0x00, 0x00, 0x00, 0x00, 0x00, 0x00, 0x00, 0x00, 0x00, 0x00, 0x00, 0x00, 0x00, 0x00, 0x00, 0x00, 0x00, 0x00, 0x00,
    0x00, 0x00, 0x00, 0x00, 0x00, 0x00, 0x00, 0x00, 0x00, 0x00, 0x00, 0x00, 0x00, 0x00, 0x00, 0x00, 0x00, 0x00, 0x00,
    0x00, 0x00, 0x00, 0x00, 0x00, 0x00, 0x00, 0x00, 0x00, 0x00, 0x00, 0x00, 0x00, 0x00, 0x00, 0x00, 0x00, 0x00, 0x00,
    0x00, 0x00, 0x00, 0x00, 0x00, 0x00, 0x00, 0x00, 0x00, 0x00, 0x00, 0x00, 0x00, 0x00, 0x00, 0x00, 0x00, 0x00, 0x00,
    0x00, 0x00, 0x00, 0x00, 0x00, 0x00, 0x00, 0x00, 0x00, 0x00, 0x00, 0x00, 0x00, 0x00, 0x00, 0x20, 0x00, 0x00, 0x00,
    0x20, 0x00, 0x00, 0x00, 0x00, 0x00, 0x00, 0x00, 0x00, 0x00, 0x00, 0x00, 0x00, 0x00, 0x00, 0x00, 0x20, 0x00, 0x20,
    0x00, 0x20, 0x00, 0x20, 0x00, 0x20, 0x00, 0x21, 0x00, 0x21, 0x00, 0x41, 0x00, 0x41, 0x00, 0x41, 0x00, 0x41, 0x00,
    0x41, 0x00, 0x61, 0x08, 0x62, 0x08, 0x62, 0x08, 0x62, 0x08, 0x82, 0x08, 0x82, 0x08, 0x83, 0x08, 0xa3, 0x08, 0xa3,
    0x08, 0xa3, 0x08, 0xc3, 0x08, 0xc3, 0x08, 0xc4, 0x10, 0xe4, 0x10, 0xe4, 0x10, 0xe4, 0x10, 0xe4, 0x10, 0x05, 0x11,
    0x05, 0x11, 0x05, 0x11, 0x05, 0x11, 0x25, 0x11, 0x25, 0x11, 0x26, 0x11, 0x26, 0x19, 0x46, 0x19, 0x46, 0x19, 0x46,
    0x19, 0x66, 0x19, 0x67, 0x19, 0x67, 0x19, 0x67, 0x19, 0x46, 0x19, 0x46, 0x19, 0x46, 0x19, 0x26, 0x11, 0x25, 0x11,
    0x25, 0x11, 0x25, 0x11, 0x25, 0x11, 0x25, 0x11, 0x25, 0x11, 0x25, 0x11, 0x46, 0x19, 0x46, 0x19, 0x46, 0x19, 0x66,
    0x19, 0x66, 0x19, 0x66, 0x19, 0x66, 0x19, 0x46, 0x19, 0x46, 0x19, 0x46, 0x19, 0x26, 0x19, 0x26, 0x19, 0x25, 0x11,
    0x25, 0x11, 0x05, 0x11, 0x05, 0x11, 0x05, 0x11, 0x05, 0x11, 0xe4, 0x10, 0xe4, 0x10, 0xe4, 0x10, 0xe4, 0x10, 0xc4,
    0x10, 0xc4, 0x08, 0xc3, 0x08, 0xa3, 0x08, 0xa3, 0x08, 0xa3, 0x08, 0x83, 0x08, 0x82, 0x08, 0x82, 0x08, 0x82, 0x08,
    0x62, 0x08, 0x62, 0x08, 0x62, 0x08, 0x61, 0x00, 0x41, 0x00, 0x41, 0x00, 0x41, 0x00, 0x41, 0x00, 0x41, 0x00, 0x21,
    0x00, 0x20, 0x00, 0x20, 0x00, 0x20, 0x00, 0x20, 0x00, 0x20, 0x00, 0x00, 0x00, 0x00, 0x00, 0x00, 0x00, 0x00, 0x00,
    0x00, 0x00, 0x00, 0x00, 0x00, 0x00, 0x00, 0x00, 0x00, 0x00, 0x00, 0x00, 0x00, 0x00, 0x00, 0x00, 0x00, 0x00, 0x00,
    0x00, 0x00, 0x00, 0x00, 0x00, 0x00, 0x00, 0x00, 0x00, 0x00, 0x00, 0x00, 0x00, 0x00, 0x00, 0x00, 0x00, 0x00, 0x00,
    0x00, 0x00, 0x00, 0x00, 0x00, 0x00, 0x00, 0x00, 0x00, 0x00, 0x00, 0x00, 0x00, 0x00, 0x00, 0x00, 0x00, 0x00, 0x00,
    0x00, 0x00, 0x00, 0x00, 0x00, 0x00, 0x00, 0x00, 0x00, 0x00, 0x00, 0x00, 0x00, 0x00, 0x00, 0x00, 0x00, 0x00, 0x00,
    0x00, 0x00, 0x00, 0x00, 0x00, 0x00, 0x00, 0x00, 0x00, 0x00, 0x00, 0x00, 0x00, 0x00, 0x00, 0x00, 0x00, 0x00, 0x00,
    0x00, 0x00, 0x00, 0x00, 0x00, 0x00, 0x00, 0x00, 0x00, 0x00, 0x00, 0x00, 0x00, 0x00, 0x00, 0x00, 0x00, 0x00, 0x00,
    0x00, 0x00, 0x00, 0x00, 0x00, 0x00, 0x00, 0x00, 0x00, 0x00, 0x00, 0x00, 0x00, 0x00, 0x00, 0x00, 0x00, 0x00, 0x00,
    0x00, 0x00, 0x00, 0x00, 0x00, 0x00, 0x00, 0x00, 0x00, 0x00, 0x00, 0x00, 0x00, 0x00, 0x00, 0x00, 0x00, 0x00, 0x00,
    0x00, 0x00, 0x00, 0x00, 0x00, 0x00, 0x00, 0x00, 0x00, 0x00, 0x00, 0x00, 0x00, 0x00, 0x00, 0x00, 0x00, 0x00, 0x00,
    0x00, 0x00, 0x00, 0x00, 0x00, 0x00, 0x00, 0x00, 0x00, 0x00, 0x00, 0x00, 0x00, 0x00, 0x00, 0x00, 0x00, 0x00, 0x00,
    0x20, 0x00, 0x20, 0x00, 0x20, 0x00, 0x20, 0x00, 0x20, 0x00, 0x21, 0x00, 0x21, 0x00, 0x41, 0x00, 0x41, 0x00, 0x41,
    0x00, 0x41, 0x00, 0x41, 0x00, 0x61, 0x00, 0x62, 0x08, 0x62, 0x08, 0x62, 0x08, 0x82, 0x08, 0x82, 0x08, 0x82, 0x08,
    0x82, 0x08, 0xa3, 0x08, 0xa3, 0x08, 0xa3, 0x08, 0xa3, 0x08, 0xc3, 0x08, 0xc4, 0x10, 0xc4, 0x10, 0xe4, 0x10, 0xe4,
    0x10, 0xe4, 0x10, 0xe4, 0x10, 0xe4, 0x10, 0x05, 0x11, 0x05, 0x11, 0x05, 0x11, 0x05, 0x11, 0x25, 0x11, 0x25, 0x11,
    0x25, 0x11, 0x26, 0x11, 0x26, 0x19, 0x26, 0x19, 0x46, 0x19, 0x46, 0x19, 0x46, 0x19, 0x46, 0x19, 0x46, 0x19, 0x46,
    0x19, 0x46, 0x19, 0x46, 0x19, 0x46, 0x19, 0x46, 0x19, 0x46, 0x19, 0x46, 0x19, 0x46, 0x19, 0x46, 0x19, 0x46, 0x19,
    0x46, 0x19, 0x46, 0x19, 0x26, 0x19, 0x26, 0x11, 0x25, 0x11, 0x25, 0x11, 0x25, 0x11, 0x05, 0x11, 0x05, 0x11, 0x05,
    0x11, 0x05, 0x11, 0x05, 0x11, 0xe4, 0x10, 0xe4, 0x10, 0xe4, 0x10, 0xe4, 0x10, 0xc4, 0x10, 0xc4, 0x10, 0xc3, 0x08,
    0xc3, 0x08, 0xa3, 0x08, 0xa3, 0x08, 0xa3, 0x08, 0x83, 0x08, 0x82, 0x08, 0x82, 0x08, 0x82, 0x08, 0x62, 0x08, 0x62,
    0x08, 0x62, 0x08, 0x61, 0x00, 0x41, 0x00, 0x41, 0x00, 0x41, 0x00, 0x41, 0x00, 0x41, 0x00, 0x21, 0x00, 0x21, 0x00,
    0x20, 0x00, 0x20, 0x00, 0x20, 0x00, 0x20, 0x00, 0x20, 0x00, 0x00, 0x00, 0x00, 0x00, 0x00, 0x00, 0x00, 0x00, 0x00,
    0x00, 0x00, 0x00, 0x00, 0x00, 0x00, 0x00, 0x00, 0x00, 0x00, 0x00, 0x00, 0x00, 0x00, 0x00, 0x00, 0x00, 0x00, 0x00,
    0x00, 0x00, 0x00, 0x00, 0x00, 0x00, 0x00, 0x00, 0x00, 0x00, 0x00, 0x00, 0x00, 0x00, 0x00, 0x00, 0x00, 0x00, 0x00,
    0x00, 0x00, 0x00, 0x00, 0x00, 0x00, 0x00, 0x00, 0x00, 0x00, 0x00, 0x00, 0x00, 0x00, 0x00, 0x00, 0x00, 0x00, 0x00,
    0x00, 0x00, 0x00, 0x00, 0x00, 0x00, 0x00, 0x00, 0x00, 0x00, 0x00, 0x00, 0x00, 0x00, 0x00, 0x00, 0x00, 0x00, 0x00,
    0x00, 0x00, 0x00, 0x00, 0x00, 0x00, 0x00, 0x00, 0x00, 0x00, 0x00, 0x00, 0x00, 0x00, 0x00, 0x00, 0x00, 0x00, 0x00,
    0x00, 0x00, 0x00, 0x00, 0x00, 0x00, 0x00, 0x00, 0x00, 0x00, 0x00, 0x00, 0x00, 0x00, 0x00, 0x00, 0x00, 0x00, 0x00,
    0x00, 0x00, 0x00, 0x00, 0x00, 0x00, 0x00, 0x00, 0x00, 0x00, 0x00, 0x00, 0x00, 0x00, 0x00, 0x00, 0x00, 0x00, 0x00,
    0x00, 0x00, 0x00, 0x00, 0x00, 0x00, 0x00, 0x00, 0x00, 0x00, 0x00, 0x00, 0x00, 0x00, 0x00, 0x00, 0x00, 0x00, 0x00,
    0x00, 0x00, 0x00, 0x00, 0x00, 0x00, 0x00, 0x00, 0x00, 0x00, 0x00, 0x00, 0x00, 0x00, 0x00, 0x00, 0x00, 0x00, 0x00,
    0x00, 0x00, 0x00, 0x00, 0x00, 0x00, 0x00, 0x00, 0x00, 0x00, 0x00, 0x00, 0x00, 0x00, 0x00, 0x00, 0x00, 0x00, 0x00,
    0x00, 0x00, 0x00, 0x00, 0x00, 0x20, 0x00, 0x20, 0x00, 0x20, 0x00, 0x20, 0x00, 0x20, 0x00, 0x21, 0x00, 0x21, 0x00,
    0x41, 0x00, 0x41, 0x00, 0x41, 0x00, 0x41, 0x00, 0x41, 0x00, 0x61, 0x00, 0x62, 0x08, 0x62, 0x08, 0x62, 0x08, 0x82,
    0x08, 0x82, 0x08, 0x82, 0x08, 0x83, 0x08, 0xa3, 0x08, 0xa3, 0x08, 0xa3, 0x08, 0xa3, 0x08, 0xc3, 0x08, 0xc3, 0x08,
    0xc4, 0x10, 0xc4, 0x10, 0xe4, 0x10, 0xe4, 0x10, 0xe4, 0x10, 0xe4, 0x10, 0xe4, 0x10, 0x04, 0x11, 0x05, 0x11, 0x05,
    0x11, 0x05, 0x11, 0x05, 0x11, 0x05, 0x11, 0x05, 0x11, 0x05, 0x11, 0x25, 0x11, 0x25, 0x11, 0x25, 0x11, 0x25, 0x11,
    0x25, 0x11, 0x25, 0x11, 0x25, 0x11, 0x25, 0x11, 0x25, 0x11, 0x25, 0x11, 0x25, 0x11, 0x25, 0x11, 0x25, 0x11, 0x25,
    0x11, 0x25, 0x11, 0x05, 0x11, 0x05, 0x11, 0x05, 0x11, 0x05, 0x11, 0x05, 0x11, 0x05, 0x11, 0x05, 0x11, 0xe4, 0x10,
    0xe4, 0x10, 0xe4, 0x10, 0xe4, 0x10, 0xe4, 0x10, 0xc4, 0x10, 0xc4, 0x10, 0xc3, 0x08, 0xc3, 0x08, 0xa3, 0x08, 0xa3,
    0x08, 0xa3, 0x08, 0xa3, 0x08, 0x82, 0x08, 0x82, 0x08, 0x82, 0x08, 0x82, 0x08, 0x62, 0x08, 0x62, 0x08, 0x62, 0x08,
    0x61, 0x00, 0x41, 0x00, 0x41, 0x00, 0x41, 0x00, 0x41, 0x00, 0x41, 0x00, 0x41, 0x00, 0x21, 0x00, 0x21, 0x00, 0x20,
    0x00, 0x20, 0x00, 0x20, 0x00, 0x20, 0x00, 0x00, 0x00, 0x00, 0x00, 0x00, 0x00, 0x00, 0x00, 0x00, 0x00, 0x00, 0x00,
    0x00, 0x00, 0x00, 0x00, 0x00, 0x00, 0x00, 0x00, 0x00, 0x00, 0x00, 0x00, 0x00, 0x00, 0x00, 0x00, 0x00, 0x00, 0x00,
    0x00, 0x00, 0x00, 0x00, 0x00, 0x00, 0x00, 0x00, 0x00, 0x00, 0x00, 0x00, 0x00, 0x00, 0x00, 0x00, 0x00, 0x00, 0x00,
    0x00, 0x00, 0x00, 0x00, 0x00, 0x00, 0x00, 0x00, 0x00, 0x00, 0x00, 0x00, 0x00, 0x00, 0x00, 0x00, 0x00, 0x00, 0x00,
    0x00, 0x00, 0x00, 0x00, 0x00, 0x00, 0x00, 0x00, 0x00, 0x00, 0x00, 0x00, 0x00, 0x00, 0x00, 0x00, 0x00, 0x00, 0x00,
    0x00, 0x00, 0x00, 0x00, 0x00, 0x00, 0x00, 0x00, 0x00, 0x00, 0x00, 0x00, 0x00, 0x00, 0x00, 0x00, 0x00, 0x00, 0x00,
    0x00, 0x00, 0x00, 0x00, 0x00, 0x00, 0x00, 0x00, 0x00, 0x00, 0x00, 0x00, 0x00, 0x00, 0x00, 0x00, 0x00, 0x00, 0x00,
    0x00, 0x00, 0x00, 0x00, 0x00, 0x00, 0x00, 0x00, 0x00, 0x00, 0x00, 0x00, 0x00, 0x00, 0x00, 0x00, 0x00, 0x00, 0x00,
    0x00, 0x00, 0x00, 0x00, 0x00, 0x00, 0x00, 0x00, 0x00, 0x00, 0x00, 0x00, 0x00, 0x00, 0x00, 0x00, 0x00, 0x00, 0x00,
    0x00, 0x00, 0x00, 0x00, 0x00, 0x00, 0x00, 0x00, 0x00, 0x00, 0x00, 0x00, 0x00, 0x00, 0x00, 0x00, 0x00, 0x00, 0x00,
    0x00, 0x00, 0x00, 0x00, 0x00, 0x00, 0x00, 0x00, 0x00, 0x00, 0x00, 0x00, 0x00, 0x00, 0x00, 0x00, 0x00, 0x00, 0x00,
    0x00, 0x00, 0x00, 0x00, 0x00, 0x00, 0x00, 0x00, 0x20, 0x00, 0x20, 0x00, 0x20, 0x00, 0x20, 0x00, 0x20, 0x00, 0x21,
    0x00, 0x21, 0x00, 0x21, 0x00, 0x41, 0x00, 0x41, 0x00, 0x41, 0x00, 0x41, 0x00, 0x41, 0x00, 0x61, 0x08, 0x62, 0x08,
    0x62, 0x08, 0x62, 0x08, 0x62, 0x08, 0x82, 0x08, 0x82, 0x08, 0x82, 0x08, 0x83, 0x08, 0xa3, 0x08, 0xa3, 0x08, 0xa3,
    0x08, 0xa3, 0x08, 0xc3, 0x08, 0xc3, 0x08, 0xc3, 0x10, 0xc4, 0x10, 0xc4, 0x10, 0xe4, 0x10, 0xe4, 0x10, 0xe4, 0x10,
    0xe4, 0x10, 0xe4, 0x10, 0xe4, 0x10, 0xe4, 0x10, 0x05, 0x11, 0x05, 0x11, 0x05, 0x11, 0x05, 0x11, 0x05, 0x11, 0x05,
    0x11, 0x05, 0x11, 0x05, 0x11, 0x05, 0x11, 0x05, 0x11, 0x05, 0x11, 0x05, 0x11, 0x05, 0x11, 0x05, 0x11, 0x05, 0x11,
    0x05, 0x11, 0x05, 0x11, 0x05, 0x11, 0x04, 0x11, 0xe4, 0x10, 0xe4, 0x10, 0xe4, 0x10, 0xe4, 0x10, 0xe4, 0x10, 0xe4,
    0x10, 0xc4, 0x10, 0xc4, 0x10, 0xc4, 0x10, 0xc3, 0x08, 0xc3, 0x08, 0xa3, 0x08, 0xa3, 0x08, 0xa3, 0x08, 0xa3, 0x08,
    0x83, 0x08, 0x82, 0x08, 0x82, 0x08, 0x82, 0x08, 0x82, 0x08, 0x62, 0x08, 0x62, 0x08, 0x62, 0x08, 0x61, 0x08, 0x41,
    0x00, 0x41, 0x00, 0x41, 0x00, 0x41, 0x00, 0x41, 0x00, 0x41, 0x00, 0x21, 0x00, 0x21, 0x00, 0x20, 0x00, 0x20, 0x00,
    0x20, 0x00, 0x20, 0x00, 0x20, 0x00, 0x00, 0x00, 0x00, 0x00, 0x00, 0x00, 0x00, 0x00, 0x00, 0x00, 0x00, 0x00, 0x00,
    0x00, 0x00, 0x00, 0x00, 0x00, 0x00, 0x00, 0x00, 0x00, 0x00, 0x00, 0x00, 0x00, 0x00, 0x00, 0x00, 0x00, 0x00, 0x00,
    0x00, 0x00, 0x00, 0x00, 0x00, 0x00, 0x00, 0x00, 0x00, 0x00, 0x00, 0x00, 0x00, 0x00, 0x00, 0x00, 0x00, 0x00, 0x00,
    0x00, 0x00, 0x00, 0x00, 0x00, 0x00, 0x00, 0x00, 0x00, 0x00, 0x00, 0x00, 0x00, 0x00, 0x00, 0x00, 0x00, 0x00, 0x00,
    0x00, 0x00, 0x00, 0x00, 0x00, 0x00, 0x00, 0x00, 0x00, 0x00, 0x00, 0x00, 0x00, 0x00, 0x00, 0x00, 0x00, 0x00, 0x00,
    0x00, 0x00, 0x00, 0x00, 0x00, 0x00, 0x00, 0x00, 0x00, 0x00, 0x00, 0x00, 0x00, 0x00, 0x00, 0x00, 0x00, 0x00, 0x00,
    0x00, 0x00, 0x00, 0x00, 0x00, 0x00, 0x00, 0x00, 0x00, 0x00, 0x00, 0x00, 0x00, 0x00, 0x00, 0x00, 0x00, 0x00, 0x00,
    0x00, 0x00, 0x00, 0x00, 0x00, 0x00, 0x00, 0x00, 0x00, 0x00, 0x00, 0x00, 0x00, 0x00, 0x00, 0x00, 0x00, 0x00, 0x00,
    0x00, 0x00, 0x00, 0x00, 0x00, 0x00, 0x00, 0x00, 0x00, 0x00, 0x00, 0x00, 0x00, 0x00, 0x00, 0x00, 0x00, 0x00, 0x00,
    0x00, 0x00, 0x00, 0x00, 0x00, 0x00, 0x00, 0x00, 0x00, 0x00, 0x00, 0x00, 0x00, 0x00, 0x00, 0x00, 0x00, 0x00, 0x00,
    0x00, 0x00, 0x00, 0x00, 0x00, 0x00, 0x00, 0x00, 0x00, 0x00, 0x00, 0x00, 0x00, 0x00, 0x00, 0x00, 0x00, 0x00, 0x00,
    0x00, 0x00, 0x00, 0x00, 0x00, 0x00, 0x00, 0x00, 0x00, 0x00, 0x00, 0x00, 0x00, 0x20, 0x00, 0x20, 0x00, 0x20, 0x00,
    0x20, 0x00, 0x20, 0x00, 0x21, 0x00, 0x21, 0x00, 0x41, 0x00, 0x41, 0x00, 0x41, 0x00, 0x41, 0x00, 0x41, 0x00, 0x41,
    0x00, 0x61, 0x00, 0x62, 0x08, 0x62, 0x08, 0x62, 0x08, 0x62, 0x08, 0x82, 0x08, 0x82, 0x08, 0x82, 0x08, 0x82, 0x08,
    0x83, 0x08, 0xa3, 0x08, 0xa3, 0x08, 0xa3, 0x08, 0xa3, 0x08, 0xa3, 0x08, 0xc3, 0x08, 0xc3, 0x08, 0xc3, 0x10, 0xc4,
    0x10, 0xc4, 0x10, 0xc4, 0x10, 0xe4, 0x10, 0xe4, 0x10, 0xe4, 0x10, 0xe4, 0x10, 0xe4, 0x10, 0xe4, 0x10, 0xe4, 0x10,
    0xe4, 0x10, 0xe4, 0x10, 0xe4, 0x10, 0xe4, 0x10, 0xe4, 0x10, 0xe4, 0x10, 0xe4, 0x10, 0xe4, 0x10, 0xe4, 0x10, 0xe4,
    0x10, 0xe4, 0x10, 0xe4, 0x10, 0xe4, 0x10, 0xe4, 0x10, 0xe4, 0x10, 0xc4, 0x10, 0xc4, 0x10, 0xc4, 0x10, 0xc4, 0x10,
    0xc3, 0x08, 0xc3, 0x08, 0xc3, 0x08, 0xa3, 0x08, 0xa3, 0x08, 0xa3, 0x08, 0xa3, 0x08, 0xa3, 0x08, 0x82, 0x08, 0x82,
    0x08, 0x82, 0x08, 0x82, 0x08, 0x82, 0x08, 0x62, 0x08, 0x62, 0x08, 0x62, 0x08, 0x61, 0x00, 0x41, 0x00, 0x41, 0x00,
    0x41, 0x00, 0x41, 0x00, 0x41, 0x00, 0x41, 0x00, 0x21, 0x00, 0x21, 0x00, 0x20, 0x00, 0x20, 0x00, 0x20, 0x00, 0x20,
    0x00, 0x20, 0x00, 0x20, 0x00, 0x00, 0x00, 0x00, 0x00, 0x00, 0x00, 0x00, 0x00, 0x00, 0x00, 0x00, 0x00, 0x00, 0x00,
    0x00, 0x00, 0x00, 0x00, 0x00, 0x00, 0x00, 0x00, 0x00, 0x00, 0x00, 0x00, 0x00, 0x00, 0x00, 0x00, 0x00, 0x00, 0x00,
    0x00, 0x00, 0x00, 0x00, 0x00, 0x00, 0x00, 0x00, 0x00, 0x00, 0x00, 0x00, 0x00, 0x00, 0x00, 0x00, 0x00, 0x00, 0x00,
    0x00, 0x00, 0x00, 0x00, 0x00, 0x00, 0x00, 0x00, 0x00, 0x00, 0x00, 0x00, 0x00, 0x00, 0x00, 0x00, 0x00, 0x00, 0x00,
    0x00, 0x00, 0x00, 0x00, 0x00, 0x00, 0x00, 0x00, 0x00, 0x00, 0x00, 0x00, 0x00, 0x00, 0x00, 0x00, 0x00, 0x00, 0x00,
    0x00, 0x00, 0x00, 0x00, 0x00, 0x00, 0x00, 0x00, 0x00, 0x00, 0x00, 0x00, 0x00, 0x00, 0x00, 0x00, 0x00, 0x00, 0x00,
    0x00, 0x00, 0x00, 0x00, 0x00, 0x00, 0x00, 0x00, 0x00, 0x00, 0x00, 0x00, 0x00, 0x00, 0x00, 0x00, 0x00, 0x00, 0x00,
    0x00, 0x00, 0x00, 0x00, 0x00, 0x00, 0x00, 0x00, 0x00, 0x00, 0x00, 0x00, 0x00, 0x00, 0x00, 0x00, 0x00, 0x00, 0x00,
    0x00, 0x00, 0x00, 0x00, 0x00, 0x00, 0x00, 0x00, 0x00, 0x00, 0x00, 0x00, 0x00, 0x00, 0x00, 0x00, 0x00, 0x00, 0x00,
    0x00, 0x00, 0x00, 0x00, 0x00, 0x00, 0x00, 0x00, 0x00, 0x00, 0x00, 0x00, 0x00, 0x00, 0x00, 0x00, 0x00, 0x00, 0x00,
    0x00, 0x00, 0x00, 0x00, 0x00, 0x00, 0x00, 0x00, 0x00, 0x00, 0x00, 0x00, 0x00, 0x00, 0x00, 0x00, 0x00, 0x00, 0x00,
    0x00, 0x00, 0x00, 0x00, 0x00, 0x00, 0x00, 0x00, 0x00, 0x00, 0x00, 0x00, 0x00, 0x00, 0x00, 0x00, 0x20, 0x00, 0x20,
    0x00, 0x20, 0x00, 0x20, 0x00, 0x20, 0x00, 0x20, 0x00, 0x21, 0x00, 0x21, 0x00, 0x41, 0x00, 0x41, 0x00, 0x41, 0x00,
    0x41, 0x00, 0x41, 0x00, 0x41, 0x00, 0x61, 0x00, 0x62, 0x08, 0x62, 0x08, 0x62, 0x08, 0x62, 0x08, 0x62, 0x08, 0x82,
    0x08, 0x82, 0x08, 0x82, 0x08, 0x82, 0x08, 0x83, 0x08, 0xa3, 0x08, 0xa3, 0x08, 0xa3, 0x08, 0xa3, 0x08, 0xa3, 0x08,
    0xa3, 0x08, 0xc3, 0x08, 0xc3, 0x08, 0xc3, 0x08, 0xc4, 0x08, 0xc4, 0x10, 0xc4, 0x10, 0xc4, 0x10, 0xc4, 0x10, 0xc4,
    0x10, 0xc4, 0x10, 0xc4, 0x10, 0xc4, 0x10, 0xc4, 0x10, 0xc4, 0x10, 0xc4, 0x10, 0xc4, 0x10, 0xc4, 0x10, 0xc4, 0x10,
    0xc4, 0x10, 0xc4, 0x10, 0xc4, 0x10, 0xc4, 0x10, 0xc3, 0x08, 0xc3, 0x08, 0xc3, 0x08, 0xc3, 0x08, 0xa3, 0x08, 0xa3,
    0x08, 0xa3, 0x08, 0xa3, 0x08, 0xa3, 0x08, 0xa3, 0x08, 0x83, 0x08, 0x82, 0x08, 0x82, 0x08, 0x82, 0x08, 0x82, 0x08,
    0x82, 0x08, 0x62, 0x08, 0x62, 0x08, 0x62, 0x08, 0x62, 0x08, 0x61, 0x00, 0x41, 0x00, 0x41, 0x00, 0x41, 0x00, 0x41,
    0x00, 0x41, 0x00, 0x41, 0x00, 0x21, 0x00, 0x21, 0x00, 0x21, 0x00, 0x20, 0x00, 0x20, 0x00, 0x20, 0x00, 0x20, 0x00,
    0x20, 0x00, 0x00, 0x00, 0x00, 0x00, 0x00, 0x00, 0x00, 0x00, 0x00, 0x00, 0x00, 0x00, 0x00, 0x00, 0x00, 0x00, 0x00,
    0x00, 0x00, 0x00, 0x00, 0x00, 0x00, 0x00, 0x00, 0x00, 0x00, 0x00, 0x00, 0x00, 0x00, 0x00, 0x00, 0x00, 0x00, 0x00,
    0x00, 0x00, 0x00, 0x00, 0x00, 0x00, 0x00, 0x00, 0x00, 0x00, 0x00, 0x00, 0x00, 0x00, 0x00, 0x00, 0x00, 0x00, 0x00,
    0x00, 0x00, 0x00, 0x00, 0x00, 0x00, 0x00, 0x00, 0x00, 0x00, 0x00, 0x00, 0x00, 0x00, 0x00, 0x00, 0x00, 0x00, 0x00,
    0x00, 0x00, 0x00, 0x00, 0x00, 0x00, 0x00, 0x00, 0x00, 0x00, 0x00, 0x00, 0x00, 0x00, 0x00, 0x00, 0x00, 0x00, 0x00,
    0x00, 0x00, 0x00, 0x00, 0x00, 0x00, 0x00, 0x00, 0x00, 0x00, 0x00, 0x00, 0x00, 0x00, 0x00, 0x00, 0x00, 0x00, 0x00,
    0x00, 0x00, 0x00, 0x00, 0x00, 0x00, 0x00, 0x00, 0x00, 0x00, 0x00, 0x00, 0x00, 0x00, 0x00, 0x00, 0x00, 0x00, 0x00,
    0x00, 0x00, 0x00, 0x00, 0x00, 0x00, 0x00, 0x00, 0x00, 0x00, 0x00, 0x00, 0x00, 0x00, 0x00, 0x00, 0x00, 0x00, 0x00,
    0x00, 0x00, 0x00, 0x00, 0x00, 0x00, 0x00, 0x00, 0x00, 0x00, 0x00, 0x00, 0x00, 0x00, 0x00, 0x00, 0x00, 0x00, 0x00,
    0x00, 0x00, 0x00, 0x00, 0x00, 0x00, 0x00, 0x00, 0x00, 0x00, 0x00, 0x00, 0x00, 0x00, 0x00, 0x00, 0x00, 0x00, 0x00,
    0x00, 0x00, 0x00, 0x00, 0x00, 0x00, 0x00, 0x00, 0x00, 0x00, 0x00, 0x00, 0x00, 0x00, 0x00, 0x00, 0x00, 0x00, 0x00,
    0x00, 0x00, 0x00, 0x00, 0x00, 0x00, 0x00, 0x00, 0x00, 0x00, 0x00, 0x00, 0x00, 0x00, 0x00, 0x00, 0x00, 0x00, 0x00,
    0x00, 0x00, 0x20, 0x00, 0x20, 0x00, 0x20, 0x00, 0x20, 0x00, 0x20, 0x00, 0x20, 0x00, 0x21, 0x00, 0x21, 0x00, 0x41,
    0x00, 0x41, 0x00, 0x41, 0x00, 0x41, 0x00, 0x41, 0x00, 0x41, 0x00, 0x41, 0x00, 0x61, 0x08, 0x62, 0x08, 0x62, 0x08,
    0x62, 0x08, 0x62, 0x08, 0x62, 0x08, 0x82, 0x08, 0x82, 0x08, 0x82, 0x08, 0x82, 0x08, 0x82, 0x08, 0x83, 0x08, 0xa3,
    0x08, 0xa3, 0x08, 0xa3, 0x08, 0xa3, 0x08, 0xa3, 0x08, 0xa3, 0x08, 0xa3, 0x08, 0xa3, 0x08, 0xa3, 0x08, 0xa3, 0x08,
    0xc3, 0x08, 0xc3, 0x08, 0xc3, 0x08, 0xc3, 0x08, 0xc3, 0x08, 0xc3, 0x08, 0xc3, 0x08, 0xc3, 0x08, 0xc3, 0x08, 0xc3,
    0x08, 0xa3, 0x08, 0xa3, 0x08, 0xa3, 0x08, 0xa3, 0x08, 0xa3, 0x08, 0xa3, 0x08, 0xa3, 0x08, 0xa3, 0x08, 0xa3, 0x08,
    0xa3, 0x08, 0xa3, 0x08, 0x82, 0x08, 0x82, 0x08, 0x82, 0x08, 0x82, 0x08, 0x82, 0x08, 0x82, 0x08, 0x62, 0x08, 0x62,
    0x08, 0x62, 0x08, 0x62, 0x08, 0x61, 0x08, 0x41, 0x00, 0x41, 0x00, 0x41, 0x00, 0x41, 0x00, 0x41, 0x00, 0x41, 0x00,
    0x41, 0x00, 0x21, 0x00, 0x21, 0x00, 0x21, 0x00, 0x20, 0x00, 0x20, 0x00, 0x20, 0x00, 0x20, 0x00, 0x20, 0x00, 0x00,
    0x00, 0x00, 0x00, 0x00, 0x00, 0x00, 0x00, 0x00, 0x00, 0x00, 0x00, 0x00, 0x00, 0x00, 0x00, 0x00, 0x00, 0x00, 0x00,
    0x00, 0x00, 0x00, 0x00, 0x00, 0x00, 0x00, 0x00, 0x00, 0x00, 0x00, 0x00, 0x00, 0x00, 0x00, 0x00, 0x00, 0x00, 0x00,
    0x00, 0x00, 0x00, 0x00, 0x00, 0x00, 0x00, 0x00, 0x00, 0x00, 0x00, 0x00, 0x00, 0x00, 0x00, 0x00, 0x00, 0x00, 0x00,
    0x00, 0x00, 0x00, 0x00, 0x00, 0x00, 0x00, 0x00, 0x00, 0x00, 0x00, 0x00, 0x00, 0x00, 0x00, 0x00, 0x00, 0x00, 0x00,
    0x00, 0x00, 0x00, 0x00, 0x00, 0x00, 0x00, 0x00, 0x00, 0x00, 0x00, 0x00, 0x00, 0x00, 0x00, 0x00, 0x00, 0x00, 0x00,
    0x00, 0x00, 0x00, 0x00, 0x00, 0x00, 0x00, 0x00, 0x00, 0x00, 0x00, 0x00, 0x00, 0x00, 0x00, 0x00, 0x00, 0x00, 0x00,
    0x00, 0x00, 0x00, 0x00, 0x00, 0x00, 0x00, 0x00, 0x00, 0x00, 0x00, 0x00, 0x00, 0x00, 0x00, 0x00, 0x00, 0x00, 0x00,
    0x00, 0x00, 0x00, 0x00, 0x00, 0x00, 0x00, 0x00, 0x00, 0x00, 0x00, 0x00, 0x00, 0x00, 0x00, 0x00, 0x00, 0x00, 0x00,
    0x00, 0x00, 0x00, 0x00, 0x00, 0x00, 0x00, 0x00, 0x00, 0x00, 0x00, 0x00, 0x00, 0x00, 0x00, 0x00, 0x00, 0x00, 0x00,
    0x00, 0x00, 0x00, 0x00, 0x00, 0x00, 0x00, 0x00, 0x00, 0x00, 0x00, 0x00, 0x00, 0x00, 0x00, 0x00, 0x00, 0x00, 0x00,
    0x00, 0x00, 0x00, 0x00, 0x00, 0x00, 0x00, 0x00, 0x00, 0x00, 0x00, 0x00, 0x00, 0x00, 0x00, 0x00, 0x00, 0x00, 0x00,
    0x00, 0x00, 0x00, 0x00, 0x00, 0x00, 0x00, 0x00, 0x00, 0x00, 0x00, 0x00, 0x00, 0x00, 0x00, 0x00, 0x00, 0x00, 0x00,
    0x00, 0x00, 0x00, 0x00, 0x00, 0x00, 0x00, 0x20, 0x00, 0x20, 0x00, 0x20, 0x00, 0x20, 0x00, 0x20, 0x00, 0x20, 0x00,
    0x21, 0x00, 0x21, 0x00, 0x21, 0x00, 0x41, 0x00, 0x41, 0x00, 0x41, 0x00, 0x41, 0x00, 0x41, 0x00, 0x41, 0x00, 0x41,
    0x00, 0x61, 0x08, 0x62, 0x08, 0x62, 0x08, 0x62, 0x08, 0x62, 0x08, 0x62, 0x08, 0x82, 0x08, 0x82, 0x08, 0x82, 0x08,
    0x82, 0x08, 0x82, 0x08, 0x82, 0x08, 0x82, 0x08, 0x83, 0x08, 0x83, 0x08, 0xa3, 0x08, 0xa3, 0x08, 0xa3, 0x08, 0xa3,
    0x08, 0xa3, 0x08, 0xa3, 0x08, 0xa3, 0x08, 0xa3, 0x08, 0xa3, 0x08, 0xa3, 0x08, 0xa3, 0x08, 0xa3, 0x08, 0xa3, 0x08,
    0xa3, 0x08, 0xa3, 0x08, 0xa3, 0x08, 0xa3, 0x08, 0xa3, 0x08, 0x83, 0x08, 0x83, 0x08, 0x82, 0x08, 0x82, 0x08, 0x82,
    0x08, 0x82, 0x08, 0x82, 0x08, 0x82, 0x08, 0x82, 0x08, 0x62, 0x08, 0x62, 0x08, 0x62, 0x08, 0x62, 0x08, 0x62, 0x08,
    0x62, 0x08, 0x61, 0x00, 0x41, 0x00, 0x41, 0x00, 0x41, 0x00, 0x41, 0x00, 0x41, 0x00, 0x41, 0x00, 0x41, 0x00, 0x21,
    0x00, 0x21, 0x00, 0x21, 0x00, 0x20, 0x00, 0x20, 0x00, 0x20, 0x00, 0x20, 0x00, 0x20, 0x00, 0x20, 0x00, 0x00, 0x00,
    0x00, 0x00, 0x00, 0x00, 0x00, 0x00, 0x00, 0x00, 0x00, 0x00, 0x00, 0x00, 0x00, 0x00, 0x00, 0x00, 0x00, 0x00, 0x00,
    0x00, 0x00, 0x00, 0x00, 0x00, 0x00, 0x00, 0x00, 0x00, 0x00, 0x00, 0x00, 0x00, 0x00, 0x00, 0x00, 0x00, 0x00, 0x00,
    0x00, 0x00, 0x00, 0x00, 0x00, 0x00, 0x00, 0x00, 0x00, 0x00, 0x00, 0x00, 0x00, 0x00, 0x00, 0x00, 0x00, 0x00, 0x00,
    0x00, 0x00, 0x00, 0x00, 0x00, 0x00, 0x00, 0x00, 0x00, 0x00, 0x00, 0x00, 0x00, 0x00, 0x00, 0x00, 0x00, 0x00, 0x00,
    0x00, 0x00, 0x00, 0x00, 0x00, 0x00, 0x00, 0x00, 0x00, 0x00, 0x00, 0x00, 0x00, 0x00, 0x00, 0x00, 0x00, 0x00, 0x00,
    0x00, 0x00, 0x00, 0x00, 0x00, 0x00, 0x00, 0x00, 0x00, 0x00, 0x00, 0x00, 0x00, 0x00, 0x00, 0x00, 0x00, 0x00, 0x00,
    0x00, 0x00, 0x00, 0x00, 0x00, 0x00, 0x00, 0x00, 0x00, 0x00, 0x00, 0x00, 0x00, 0x00, 0x00, 0x00, 0x00, 0x00, 0x00,
    0x00, 0x00, 0x00, 0x00, 0x00, 0x00, 0x00, 0x00, 0x00, 0x00, 0x00, 0x00, 0x00, 0x00, 0x00, 0x00, 0x00, 0x00, 0x00,
    0x00, 0x00, 0x00, 0x00, 0x00, 0x00, 0x00, 0x00, 0x00, 0x00, 0x00, 0x00, 0x00, 0x00, 0x00, 0x00, 0x00, 0x00, 0x00,
    0x00, 0x00, 0x00, 0x00, 0x00, 0x00, 0x00, 0x00, 0x00, 0x00, 0x00, 0x00, 0x00, 0x00, 0x00, 0x00, 0x00, 0x00, 0x00,
    0x00, 0x00, 0x00, 0x00, 0x00, 0x00, 0x00, 0x00, 0x00, 0x00, 0x00, 0x00, 0x00, 0x00, 0x00, 0x00, 0x00, 0x00, 0x00,
    0x00, 0x00, 0x00, 0x00, 0x00, 0x00, 0x00, 0x00, 0x00, 0x00, 0x00, 0x00, 0x00, 0x00, 0x00, 0x00, 0x00, 0x00, 0x00,
    0x00, 0x00, 0x00, 0x00, 0x00, 0x00, 0x00, 0x00, 0x00, 0x00, 0x00, 0x00, 0x20, 0x00, 0x20, 0x00, 0x20, 0x00, 0x20,
    0x00, 0x20, 0x00, 0x20, 0x00, 0x21, 0x00, 0x21, 0x00, 0x21, 0x00, 0x41, 0x00, 0x41, 0x00, 0x41, 0x00, 0x41, 0x00,
    0x41, 0x00, 0x41, 0x00, 0x41, 0x00, 0x61, 0x00, 0x61, 0x08, 0x62, 0x08, 0x62, 0x08, 0x62, 0x08, 0x62, 0x08, 0x62,
    0x08, 0x62, 0x08, 0x62, 0x08, 0x82, 0x08, 0x82, 0x08, 0x82, 0x08, 0x82, 0x08, 0x82, 0x08, 0x82, 0x08, 0x82, 0x08,
    0x82, 0x08, 0x82, 0x08, 0x82, 0x08, 0x82, 0x08, 0x82, 0x08, 0x82, 0x08, 0x82, 0x08, 0x82, 0x08, 0x82, 0x08, 0x82,
    0x08, 0x82, 0x08, 0x82, 0x08, 0x82, 0x08, 0x82, 0x08, 0x82, 0x08, 0x82, 0x08, 0x82, 0x08, 0x82, 0x08, 0x82, 0x08,
    0x62, 0x08, 0x62, 0x08, 0x62, 0x08, 0x62, 0x08, 0x62, 0x08, 0x62, 0x08, 0x62, 0x08, 0x61, 0x08, 0x61, 0x00, 0x41,
    0x00, 0x41, 0x00, 0x41, 0x00, 0x41, 0x00, 0x41, 0x00, 0x41, 0x00, 0x41, 0x00, 0x21, 0x00, 0x21, 0x00, 0x21, 0x00,
    0x21, 0x00, 0x20, 0x00, 0x20, 0x00, 0x20, 0x00, 0x20, 0x00, 0x20, 0x00, 0x20, 0x00, 0x00, 0x00, 0x00, 0x00, 0x00,
    0x00, 0x00, 0x00, 0x00, 0x00, 0x00, 0x00, 0x00, 0x00, 0x00, 0x00, 0x00, 0x00, 0x00, 0x00, 0x00, 0x00, 0x00, 0x00,
    0x00, 0x00, 0x00, 0x00, 0x00, 0x00, 0x00, 0x00, 0x00, 0x00, 0x00, 0x00, 0x00, 0x00, 0x00, 0x00, 0x00, 0x00, 0x00,
    0x00, 0x00, 0x00, 0x00, 0x00, 0x00, 0x00, 0x00, 0x00, 0x00, 0x00, 0x00, 0x00, 0x00, 0x00, 0x00, 0x00, 0x00, 0x00,
    0x00, 0x00, 0x00, 0x00, 0x00, 0x00, 0x00, 0x00, 0x00, 0x00, 0x00, 0x00, 0x00, 0x00, 0x00, 0x00, 0x00, 0x00, 0x00,
    0x00, 0x00, 0x00, 0x00, 0x00, 0x00, 0x00, 0x00, 0x00, 0x00, 0x00, 0x00, 0x00, 0x00, 0x00, 0x00, 0x00, 0x00, 0x00,
    0x00, 0x00, 0x00, 0x00, 0x00, 0x00, 0x00, 0x00, 0x00, 0x00, 0x00, 0x00, 0x00, 0x00, 0x00, 0x00, 0x00, 0x00, 0x00,
    0x00, 0x00, 0x00, 0x00, 0x00, 0x00, 0x00, 0x00, 0x00, 0x00, 0x00, 0x00, 0x00, 0x00, 0x00, 0x00, 0x00, 0x00, 0x00,
    0x00, 0x00, 0x00, 0x00, 0x00, 0x00, 0x00, 0x00, 0x00, 0x00, 0x00, 0x00, 0x00, 0x00, 0x00, 0x00, 0x00, 0x00, 0x00,
    0x00, 0x00, 0x00, 0x00, 0x00, 0x00, 0x00, 0x00, 0x00, 0x00, 0x00, 0x00, 0x00, 0x00, 0x00, 0x00, 0x00, 0x00, 0x00,
    0x00, 0x00, 0x00, 0x00, 0x00, 0x00, 0x00, 0x00, 0x00, 0x00, 0x00, 0x00, 0x00, 0x00, 0x00, 0x00, 0x00, 0x00, 0x00,
    0x00, 0x00, 0x00, 0x00, 0x00, 0x00, 0x00, 0x00, 0x00, 0x00, 0x00, 0x00, 0x00, 0x00, 0x00, 0x00, 0x00, 0x00, 0x00,
    0x00, 0x00, 0x00, 0x00, 0x00, 0x00, 0x00, 0x00, 0x00, 0x00, 0x00, 0x00, 0x00, 0x00, 0x00, 0x00, 0x00, 0x00, 0x00,
    0x00, 0x00, 0x00, 0x00, 0x00, 0x00, 0x00, 0x00, 0x00, 0x00, 0x00, 0x00, 0x00, 0x00, 0x00, 0x20, 0x00, 0x20, 0x00,
    0x20, 0x00, 0x20, 0x00, 0x20, 0x00, 0x20, 0x00, 0x20, 0x00, 0x21, 0x00, 0x21, 0x00, 0x21, 0x00, 0x21, 0x00, 0x41,
    0x00, 0x41, 0x00, 0x41, 0x00, 0x41, 0x00, 0x41, 0x00, 0x41, 0x00, 0x41, 0x00, 0x61, 0x00, 0x61, 0x00, 0x61, 0x08,
    0x62, 0x08, 0x62, 0x08, 0x62, 0x08, 0x62, 0x08, 0x62, 0x08, 0x62, 0x08, 0x62, 0x08, 0x62, 0x08, 0x62, 0x08, 0x62,
    0x08, 0x62, 0x08, 0x82, 0x08, 0x82, 0x08, 0x82, 0x08, 0x82, 0x08, 0x82, 0x08, 0x82, 0x08, 0x82, 0x08, 0x82, 0x08,
    0x82, 0x08, 0x82, 0x08, 0x82, 0x08, 0x62, 0x08, 0x62, 0x08, 0x62, 0x08, 0x62, 0x08, 0x62, 0x08, 0x62, 0x08, 0x62,
    0x08, 0x62, 0x08, 0x62, 0x08, 0x62, 0x08, 0x61, 0x08, 0x61, 0x00, 0x41, 0x00, 0x41, 0x00, 0x41, 0x00, 0x41, 0x00,
    0x41, 0x00, 0x41, 0x00, 0x41, 0x00, 0x41, 0x00, 0x41, 0x00, 0x21, 0x00, 0x21, 0x00, 0x21, 0x00, 0x20, 0x00, 0x20,
    0x00, 0x20, 0x00, 0x20, 0x00, 0x20, 0x00, 0x20, 0x00, 0x20, 0x00, 0x00, 0x00, 0x00, 0x00, 0x00, 0x00, 0x00, 0x00,
    0x00, 0x00, 0x00, 0x00, 0x00, 0x00, 0x00, 0x00, 0x00, 0x00, 0x00, 0x00, 0x00, 0x00, 0x00, 0x00, 0x00, 0x00, 0x00,
    0x00, 0x00, 0x00, 0x00, 0x00, 0x00, 0x00, 0x00, 0x00, 0x00, 0x00, 0x00, 0x00, 0x00, 0x00, 0x00, 0x00, 0x00, 0x00,
    0x00, 0x00, 0x00, 0x00, 0x00, 0x00, 0x00, 0x00, 0x00, 0x00, 0x00, 0x00, 0x00, 0x00, 0x00, 0x00, 0x00, 0x00, 0x00,
    0x00, 0x00, 0x00, 0x00, 0x00, 0x00, 0x00, 0x00, 0x00, 0x00, 0x00, 0x00, 0x00, 0x00, 0x00, 0x00, 0x00, 0x00, 0x00,
    0x00, 0x00, 0x00, 0x00, 0x00, 0x00, 0x00, 0x00, 0x00, 0x00, 0x00, 0x00, 0x00, 0x00, 0x00, 0x00, 0x00, 0x00, 0x00,
    0x00, 0x00, 0x00, 0x00, 0x00, 0x00, 0x00, 0x00, 0x00, 0x00, 0x00, 0x00, 0x00, 0x00, 0x00, 0x00, 0x00, 0x00, 0x00,
    0x00, 0x00, 0x00, 0x00, 0x00, 0x00, 0x00, 0x00, 0x00, 0x00, 0x00, 0x00, 0x00, 0x00, 0x00, 0x00, 0x00, 0x00, 0x00,
    0x00, 0x00, 0x00, 0x00, 0x00, 0x00, 0x00, 0x00, 0x00, 0x00, 0x00, 0x00, 0x00, 0x00, 0x00, 0x00, 0x00, 0x00, 0x00,
    0x00, 0x00, 0x00, 0x00, 0x00, 0x00, 0x00, 0x00, 0x00, 0x00, 0x00, 0x00, 0x00, 0x00, 0x00, 0x00, 0x00, 0x00, 0x00,
    0x00, 0x00, 0x00, 0x00, 0x00, 0x00, 0x00, 0x00, 0x00, 0x00, 0x00, 0x00, 0x00, 0x00, 0x00, 0x00, 0x00, 0x00, 0x00,
    0x00, 0x00, 0x00, 0x00, 0x00, 0x00, 0x00, 0x00, 0x00, 0x00, 0x00, 0x00, 0x00, 0x00, 0x00, 0x00, 0x00, 0x00, 0x00,
    0x00, 0x00, 0x00, 0x00, 0x00, 0x00, 0x00, 0x00, 0x00, 0x00, 0x00, 0x00, 0x00, 0x00, 0x00, 0x00, 0x00, 0x00, 0x00,
    0x00, 0x00, 0x00, 0x00, 0x00, 0x00, 0x00, 0x00, 0x00, 0x00, 0x00, 0x00, 0x00, 0x00, 0x00, 0x00, 0x00, 0x00, 0x00,
    0x00, 0x00, 0x00, 0x20, 0x00, 0x20, 0x00, 0x20, 0x00, 0x20, 0x00, 0x20, 0x00, 0x20, 0x00, 0x20, 0x00, 0x21, 0x00,
    0x21, 0x00, 0x21, 0x00, 0x21, 0x00, 0x41, 0x00, 0x41, 0x00, 0x41, 0x00, 0x41, 0x00, 0x41, 0x00, 0x41, 0x00, 0x41,
    0x00, 0x41, 0x00, 0x41, 0x00, 0x41, 0x00, 0x61, 0x00, 0x61, 0x08, 0x62, 0x08, 0x62, 0x08, 0x62, 0x08, 0x62, 0x08,
    0x62, 0x08, 0x62, 0x08, 0x62, 0x08, 0x62, 0x08, 0x62, 0x08, 0x62, 0x08, 0x62, 0x08, 0x62, 0x08, 0x62, 0x08, 0x62,
    0x08, 0x62, 0x08, 0x62, 0x08, 0x62, 0x08, 0x62, 0x08, 0x62, 0x08, 0x62, 0x08, 0x62, 0x08, 0x62, 0x08, 0x61, 0x08,
    0x61, 0x00, 0x61, 0x00, 0x41, 0x00, 0x41, 0x00, 0x41, 0x00, 0x41, 0x00, 0x41, 0x00, 0x41, 0x00, 0x41, 0x00, 0x41,
    0x00, 0x41, 0x00, 0x41, 0x00, 0x21, 0x00, 0x21, 0x00, 0x21, 0x00, 0x21, 0x00, 0x20, 0x00, 0x20, 0x00, 0x20, 0x00,
    0x20, 0x00, 0x20, 0x00, 0x20, 0x00, 0x20, 0x00, 0x00, 0x00, 0x00, 0x00, 0x00, 0x00, 0x00, 0x00, 0x00, 0x00, 0x00,
    0x00, 0x00, 0x00, 0x00, 0x00, 0x00, 0x00, 0x00, 0x00, 0x00, 0x00, 0x00, 0x00, 0x00, 0x00, 0x00, 0x00, 0x00, 0x00,
    0x00, 0x00, 0x00, 0x00, 0x00, 0x00, 0x00, 0x00, 0x00, 0x00, 0x00, 0x00, 0x00, 0x00, 0x00, 0x00, 0x00, 0x00, 0x00,
    0x00, 0x00, 0x00, 0x00, 0x00, 0x00, 0x00, 0x00, 0x00, 0x00, 0x00, 0x00, 0x00, 0x00, 0x00, 0x00, 0x00, 0x00, 0x00,
    0x00, 0x00, 0x00, 0x00, 0x00, 0x00, 0x00, 0x00, 0x00, 0x00, 0x00, 0x00, 0x00, 0x00, 0x00, 0x00, 0x00, 0x00, 0x00,
    0x00, 0x00, 0x00, 0x00, 0x00, 0x00, 0x00, 0x00, 0x00, 0x00, 0x00, 0x00, 0x00, 0x00, 0x00, 0x00, 0x00, 0x00, 0x00,
    0x00, 0x00, 0x00, 0x00, 0x00, 0x00, 0x00, 0x00, 0x00, 0x00, 0x00, 0x00, 0x00, 0x00, 0x00, 0x00, 0x00, 0x00, 0x00,
    0x00, 0x00, 0x00, 0x00, 0x00, 0x00, 0x00, 0x00, 0x00, 0x00, 0x00, 0x00, 0x00, 0x00, 0x00, 0x00, 0x00, 0x00, 0x00,
    0x00, 0x00, 0x00, 0x00, 0x00, 0x00, 0x00, 0x00, 0x00, 0x00, 0x00, 0x00, 0x00, 0x00, 0x00, 0x00, 0x00, 0x00, 0x00,
    0x00, 0x00, 0x00, 0x00, 0x00, 0x00, 0x00, 0x00, 0x00, 0x00, 0x00, 0x00, 0x00, 0x00, 0x00, 0x00, 0x00, 0x00, 0x00,
    0x00, 0x00, 0x00, 0x00, 0x00, 0x00, 0x00, 0x00, 0x00, 0x00, 0x00, 0x00, 0x00, 0x00, 0x00, 0x00, 0x00, 0x00, 0x00,
    0x00, 0x00, 0x00, 0x00, 0x00, 0x00, 0x00, 0x00, 0x00, 0x00, 0x00, 0x00, 0x00, 0x00, 0x00, 0x00, 0x00, 0x00, 0x00,
    0x00, 0x00, 0x00, 0x00, 0x00, 0x00, 0x00, 0x00, 0x00, 0x00, 0x00, 0x00, 0x00, 0x00, 0x00, 0x00, 0x00, 0x00, 0x00,
    0x00, 0x00, 0x00, 0x00, 0x00, 0x00, 0x00, 0x00, 0x00, 0x00, 0x00, 0x00, 0x00, 0x00, 0x00, 0x00, 0x00, 0x00, 0x00,
    0x00, 0x00, 0x00, 0x00, 0x00, 0x00, 0x20, 0x00, 0x20, 0x00, 0x20, 0x00, 0x20, 0x00, 0x20, 0x00, 0x20, 0x00, 0x20,
    0x00, 0x20, 0x00, 0x21, 0x00, 0x21, 0x00, 0x21, 0x00, 0x21, 0x00, 0x21, 0x00, 0x41, 0x00, 0x41, 0x00, 0x41, 0x00,
    0x41, 0x00, 0x41, 0x00, 0x41, 0x00, 0x41, 0x00, 0x41, 0x00, 0x41, 0x00, 0x41, 0x00, 0x41, 0x00, 0x41, 0x00, 0x41,
    0x00, 0x41, 0x00, 0x41, 0x00, 0x61, 0x00, 0x61, 0x00, 0x61, 0x00, 0x61, 0x00, 0x61, 0x00, 0x61, 0x00, 0x61, 0x00,
    0x61, 0x00, 0x61, 0x00, 0x61, 0x00, 0x61, 0x00, 0x41, 0x00, 0x41, 0x00, 0x41, 0x00, 0x41, 0x00, 0x41, 0x00, 0x41,
    0x00, 0x41, 0x00, 0x41, 0x00, 0x41, 0x00, 0x41, 0x00, 0x41, 0x00, 0x41, 0x00, 0x41, 0x00, 0x41, 0x00, 0x21, 0x00,
    0x21, 0x00, 0x21, 0x00, 0x21, 0x00, 0x21, 0x00, 0x20, 0x00, 0x20, 0x00, 0x20, 0x00, 0x20, 0x00, 0x20, 0x00, 0x20,
    0x00, 0x20, 0x00, 0x00, 0x00, 0x00, 0x00, 0x00, 0x00, 0x00, 0x00, 0x00, 0x00, 0x00, 0x00, 0x00, 0x00, 0x00, 0x00,
    0x00, 0x00, 0x00, 0x00, 0x00, 0x00, 0x00, 0x00, 0x00, 0x00, 0x00, 0x00, 0x00, 0x00, 0x00, 0x00, 0x00, 0x00, 0x00,
    0x00, 0x00, 0x00, 0x00, 0x00, 0x00, 0x00, 0x00, 0x00, 0x00, 0x00, 0x00, 0x00, 0x00, 0x00, 0x00, 0x00, 0x00, 0x00,
    0x00, 0x00, 0x00, 0x00, 0x00, 0x00, 0x00, 0x00, 0x00, 0x00, 0x00, 0x00, 0x00, 0x00, 0x00, 0x00, 0x00, 0x00, 0x00,
    0x00, 0x00, 0x00, 0x00, 0x00, 0x00, 0x00, 0x00, 0x00, 0x00, 0x00, 0x00, 0x00, 0x00, 0x00, 0x00, 0x00, 0x00, 0x00,
    0x00, 0x00, 0x00, 0x00, 0x00, 0x00, 0x00, 0x00, 0x00, 0x00, 0x00, 0x00, 0x00, 0x00, 0x00, 0x00, 0x00, 0x00, 0x00,
    0x00, 0x00, 0x00, 0x00, 0x00, 0x00, 0x00, 0x00, 0x00, 0x00, 0x00, 0x00, 0x00, 0x00, 0x00, 0x00, 0x00, 0x00, 0x00,
    0x00, 0x00, 0x00, 0x00, 0x00, 0x00, 0x00, 0x00, 0x00, 0x00, 0x00, 0x00, 0x00, 0x00, 0x00, 0x00, 0x00, 0x00, 0x00,
    0x00, 0x00, 0x00, 0x00, 0x00, 0x00, 0x00, 0x00, 0x00, 0x00, 0x00, 0x00, 0x00, 0x00, 0x00, 0x00, 0x00, 0x00, 0x00,
    0x00, 0x00, 0x00, 0x00, 0x00, 0x00, 0x00, 0x00, 0x00, 0x00, 0x00, 0x00, 0x00, 0x00, 0x00, 0x00, 0x00, 0x00, 0x00,
    0x00, 0x00, 0x00, 0x00, 0x00, 0x00, 0x00, 0x00, 0x00, 0x00, 0x00, 0x00, 0x00, 0x00, 0x00, 0x00, 0x00, 0x00, 0x00,
    0x00, 0x00, 0x00, 0x00, 0x00, 0x00, 0x00, 0x00, 0x00, 0x00, 0x00, 0x00, 0x00, 0x00, 0x00, 0x00, 0x00, 0x00, 0x00,
    0x00, 0x00, 0x00, 0x00, 0x00, 0x00, 0x00, 0x00, 0x00, 0x00, 0x00, 0x00, 0x00, 0x00, 0x00, 0x00, 0x00, 0x00, 0x00,
    0x00, 0x00, 0x00, 0x00, 0x00, 0x00, 0x00, 0x00, 0x00, 0x00, 0x00, 0x00, 0x00, 0x00, 0x00, 0x00, 0x00, 0x00, 0x00,
    0x00, 0x00, 0x00, 0x00, 0x00, 0x00, 0x00, 0x00, 0x00, 0x00, 0x00, 0x00, 0x00, 0x20, 0x00, 0x20, 0x00, 0x20, 0x00,
    0x20, 0x00, 0x20, 0x00, 0x20, 0x00, 0x20, 0x00, 0x20, 0x00, 0x21, 0x00, 0x21, 0x00, 0x21, 0x00, 0x21, 0x00, 0x21,
    0x00, 0x41, 0x00, 0x41, 0x00, 0x41, 0x00, 0x41, 0x00, 0x41, 0x00, 0x41, 0x00, 0x41, 0x00, 0x41, 0x00, 0x41, 0x00,
    0x41, 0x00, 0x41, 0x00, 0x41, 0x00, 0x41, 0x00, 0x41, 0x00, 0x41, 0x00, 0x41, 0x00, 0x41, 0x00, 0x41, 0x00, 0x41,
    0x00, 0x41, 0x00, 0x41, 0x00, 0x41, 0x00, 0x41, 0x00, 0x41, 0x00, 0x41, 0x00, 0x41, 0x00, 0x41, 0x00, 0x41, 0x00,
    0x41, 0x00, 0x41, 0x00, 0x41, 0x00, 0x41, 0x00, 0x41, 0x00, 0x21, 0x00, 0x21, 0x00, 0x21, 0x00, 0x21, 0x00, 0x21,
    0x00, 0x21, 0x00, 0x20, 0x00, 0x20, 0x00, 0x20, 0x00, 0x20, 0x00, 0x20, 0x00, 0x20, 0x00, 0x20, 0x00, 0x20, 0x00,
    0x20, 0x00, 0x00, 0x00, 0x00, 0x00, 0x00, 0x00, 0x00, 0x00, 0x00, 0x00, 0x00, 0x00, 0x00, 0x00, 0x00, 0x00, 0x00,
    0x00, 0x00, 0x00, 0x00, 0x00, 0x00, 0x00, 0x00, 0x00, 0x00, 0x00, 0x00, 0x00, 0x00, 0x00, 0x00, 0x00, 0x00, 0x00,
    0x00, 0x00, 0x00, 0x00, 0x00, 0x00, 0x00, 0x00, 0x00, 0x00, 0x00, 0x00, 0x00, 0x00, 0x00, 0x00, 0x00, 0x00, 0x00,
    0x00, 0x00, 0x00, 0x00, 0x00, 0x00, 0x00, 0x00, 0x00, 0x00, 0x00, 0x00, 0x00, 0x00, 0x00, 0x00, 0x00, 0x00, 0x00,
    0x00, 0x00, 0x00, 0x00, 0x00, 0x00, 0x00, 0x00, 0x00, 0x00, 0x00, 0x00, 0x00, 0x00, 0x00, 0x00, 0x00, 0x00, 0x00,
    0x00, 0x00, 0x00, 0x00, 0x00, 0x00, 0x00, 0x00, 0x00, 0x00, 0x00, 0x00, 0x00, 0x00, 0x00, 0x00, 0x00, 0x00, 0x00,
    0x00, 0x00, 0x00, 0x00, 0x00, 0x00, 0x00, 0x00, 0x00, 0x00, 0x00, 0x00, 0x00, 0x00, 0x00, 0x00, 0x00, 0x00, 0x00,
    0x00, 0x00, 0x00, 0x00, 0x00, 0x00, 0x00, 0x00, 0x00, 0x00, 0x00, 0x00, 0x00, 0x00, 0x00, 0x00, 0x00, 0x00, 0x00,
    0x00, 0x00, 0x00, 0x00, 0x00, 0x00, 0x00, 0x00, 0x00, 0x00, 0x00, 0x00, 0x00, 0x00, 0x00, 0x00, 0x00, 0x00, 0x00,
    0x00, 0x00, 0x00, 0x00, 0x00, 0x00, 0x00, 0x00, 0x00, 0x00, 0x00, 0x00, 0x00, 0x00, 0x00, 0x00, 0x00, 0x00, 0x00,
    0x00, 0x00, 0x00, 0x00, 0x00, 0x00, 0x00, 0x00, 0x00, 0x00, 0x00, 0x00, 0x00, 0x00, 0x00, 0x00, 0x00, 0x00, 0x00,
    0x00, 0x00, 0x00, 0x00, 0x00, 0x00, 0x00, 0x00, 0x00, 0x00, 0x00, 0x00, 0x00, 0x00, 0x00, 0x00, 0x00, 0x00, 0x00,
    0x00, 0x00, 0x00, 0x00, 0x00, 0x00, 0x00, 0x00, 0x00, 0x00, 0x00, 0x00, 0x00, 0x00, 0x00, 0x00, 0x00, 0x00, 0x00,
    0x00, 0x00, 0x00, 0x00, 0x00, 0x00, 0x00, 0x00, 0x00, 0x00, 0x00, 0x00, 0x00, 0x00, 0x00, 0x00, 0x00, 0x00, 0x00,
    0x00, 0x00, 0x00, 0x00, 0x00, 0x00, 0x00, 0x00, 0x00, 0x00, 0x00, 0x00, 0x00, 0x00, 0x00, 0x00, 0x00, 0x00, 0x20,
    0x00, 0x20, 0x00, 0x20, 0x00, 0x20, 0x00, 0x20, 0x00, 0x20, 0x00, 0x20, 0x00, 0x20, 0x00, 0x20, 0x00, 0x20, 0x00,
    0x21, 0x00, 0x21, 0x00, 0x21, 0x00, 0x21, 0x00, 0x21, 0x00, 0x21, 0x00, 0x41, 0x00, 0x21, 0x00, 0x41, 0x00, 0x41,
    0x00, 0x41, 0x00, 0x41, 0x00, 0x41, 0x00, 0x41, 0x00, 0x41, 0x00, 0x41, 0x00, 0x41, 0x00, 0x41, 0x00, 0x41, 0x00,
    0x41, 0x00, 0x41, 0x00, 0x41, 0x00, 0x41, 0x00, 0x41, 0x00, 0x41, 0x00, 0x41, 0x00, 0x41, 0x00, 0x41, 0x00, 0x41,
    0x00, 0x21, 0x00, 0x21, 0x00, 0x21, 0x00, 0x21, 0x00, 0x21, 0x00, 0x21, 0x00, 0x20, 0x00, 0x20, 0x00, 0x20, 0x00,
    0x20, 0x00, 0x20, 0x00, 0x20, 0x00, 0x20, 0x00, 0x20, 0x00, 0x20, 0x00, 0x20, 0x00, 0x00, 0x00, 0x00, 0x00, 0x00,
    0x00, 0x00, 0x00, 0x00, 0x00, 0x00, 0x00, 0x00, 0x00, 0x00, 0x00, 0x00, 0x00, 0x00, 0x00, 0x00, 0x00, 0x00, 0x00,
    0x00, 0x00, 0x00, 0x00, 0x00, 0x00, 0x00, 0x00, 0x00, 0x00, 0x00, 0x00, 0x00, 0x00, 0x00, 0x00, 0x00, 0x00, 0x00,
    0x00, 0x00, 0x00, 0x00, 0x00, 0x00, 0x00, 0x00, 0x00, 0x00, 0x00, 0x00, 0x00, 0x00, 0x00, 0x00, 0x00, 0x00, 0x00,
    0x00, 0x00, 0x00, 0x00, 0x00, 0x00, 0x00, 0x00, 0x00, 0x00, 0x00, 0x00, 0x00, 0x00, 0x00, 0x00, 0x00, 0x00, 0x00,
    0x00, 0x00, 0x00, 0x00, 0x00, 0x00, 0x00, 0x00, 0x00, 0x00, 0x00, 0x00, 0x00, 0x00, 0x00, 0x00, 0x00, 0x00, 0x00,
    0x00, 0x00, 0x00, 0x00, 0x00, 0x00, 0x00, 0x00, 0x00, 0x00, 0x00, 0x00, 0x00, 0x00, 0x00, 0x00, 0x00, 0x00, 0x00,
    0x00, 0x00, 0x00, 0x00, 0x00, 0x00, 0x00, 0x00, 0x00, 0x00, 0x00, 0x00, 0x00, 0x00, 0x00, 0x00, 0x00, 0x00, 0x00,
    0x00, 0x00, 0x00, 0x00, 0x00, 0x00, 0x00, 0x00, 0x00, 0x00, 0x00, 0x00, 0x00, 0x00, 0x00, 0x00, 0x00, 0x00, 0x00,
    0x00, 0x00, 0x00, 0x00, 0x00, 0x00, 0x00, 0x00, 0x00, 0x00, 0x00, 0x00, 0x00, 0x00, 0x00, 0x00, 0x00, 0x00, 0x00,
    0x00, 0x00, 0x00, 0x00, 0x00, 0x00, 0x00, 0x00, 0x00, 0x00, 0x00, 0x00, 0x00, 0x00, 0x00, 0x00, 0x00, 0x00, 0x00,
    0x00, 0x00, 0x00, 0x00, 0x00, 0x00, 0x00, 0x00, 0x00, 0x00, 0x00, 0x00, 0x00, 0x00, 0x00, 0x00, 0x00, 0x00, 0x00,
    0x00, 0x00, 0x00, 0x00, 0x00, 0x00, 0x00, 0x00, 0x00, 0x00, 0x00, 0x00, 0x00, 0x00, 0x00, 0x00, 0x00, 0x00, 0x00,
    0x00, 0x00, 0x00, 0x00, 0x00, 0x00, 0x00, 0x00, 0x00, 0x00, 0x00, 0x00, 0x00, 0x00, 0x00, 0x00, 0x00, 0x00, 0x00,
    0x00, 0x00, 0x00, 0x00, 0x00, 0x00, 0x00, 0x00, 0x00, 0x00, 0x00, 0x00, 0x00, 0x00, 0x00, 0x00, 0x00, 0x00, 0x00,
    0x00, 0x00, 0x00, 0x00, 0x00, 0x00, 0x00, 0x00, 0x00, 0x00, 0x00, 0x00, 0x00, 0x00, 0x00, 0x00, 0x00, 0x00, 0x00,
    0x00, 0x00, 0x00, 0x00, 0x00, 0x00, 0x20, 0x00, 0x20, 0x00, 0x20, 0x00, 0x20, 0x00, 0x20, 0x00, 0x20, 0x00, 0x20,
    0x00, 0x20, 0x00, 0x20, 0x00, 0x20, 0x00, 0x20, 0x00, 0x20, 0x00, 0x21, 0x00, 0x21, 0x00, 0x21, 0x00, 0x21, 0x00,
    0x21, 0x00, 0x21, 0x00, 0x21, 0x00, 0x21, 0x00, 0x21, 0x00, 0x21, 0x00, 0x21, 0x00, 0x21, 0x00, 0x21, 0x00, 0x21,
    0x00, 0x21, 0x00, 0x21, 0x00, 0x21, 0x00, 0x21, 0x00, 0x21, 0x00, 0x21, 0x00, 0x21, 0x00, 0x21, 0x00, 0x21, 0x00,
    0x21, 0x00, 0x21, 0x00, 0x21, 0x00, 0x20, 0x00, 0x20, 0x00, 0x20, 0x00, 0x20, 0x00, 0x20, 0x00, 0x20, 0x00, 0x20,
    0x00, 0x20, 0x00, 0x20, 0x00, 0x20, 0x00, 0x20, 0x00, 0x00, 0x00, 0x00, 0x00, 0x00, 0x00, 0x00, 0x00, 0x00, 0x00,
    0x00, 0x00, 0x00, 0x00, 0x00, 0x00, 0x00, 0x00, 0x00, 0x00, 0x00, 0x00, 0x00, 0x00, 0x00, 0x00, 0x00, 0x00, 0x00,
    0x00, 0x00, 0x00, 0x00, 0x00, 0x00, 0x00, 0x00, 0x00, 0x00, 0x00, 0x00, 0x00, 0x00, 0x00, 0x00, 0x00, 0x00, 0x00,
    0x00, 0x00, 0x00, 0x00, 0x00, 0x00, 0x00, 0x00, 0x00, 0x00, 0x00, 0x00, 0x00, 0x00, 0x00, 0x00, 0x00, 0x00, 0x00,
    0x00, 0x00, 0x00, 0x00, 0x00, 0x00, 0x00, 0x00, 0x00, 0x00, 0x00, 0x00, 0x00, 0x00, 0x00, 0x00, 0x00, 0x00, 0x00,
    0x00, 0x00, 0x00, 0x00, 0x00, 0x00, 0x00, 0x00, 0x00, 0x00, 0x00, 0x00, 0x00, 0x00, 0x00, 0x00, 0x00, 0x00, 0x00,
    0x00, 0x00, 0x00, 0x00, 0x00, 0x00, 0x00, 0x00, 0x00, 0x00, 0x00, 0x00, 0x00, 0x00, 0x00, 0x00, 0x00, 0x00, 0x00,
    0x00, 0x00, 0x00, 0x00, 0x00, 0x00, 0x00, 0x00, 0x00, 0x00, 0x00, 0x00, 0x00, 0x00, 0x00, 0x00, 0x00, 0x00, 0x00,
    0x00, 0x00, 0x00, 0x00, 0x00, 0x00, 0x00, 0x00, 0x00, 0x00, 0x00, 0x00, 0x00, 0x00, 0x00, 0x00, 0x00, 0x00, 0x00,
    0x00, 0x00, 0x00, 0x00, 0x00, 0x00, 0x00, 0x00, 0x00, 0x00, 0x00, 0x00, 0x00, 0x00, 0x00, 0x00, 0x00, 0x00, 0x00,
    0x00, 0x00, 0x00, 0x00, 0x00, 0x00, 0x00, 0x00, 0x00, 0x00, 0x00, 0x00, 0x00, 0x00, 0x00, 0x00, 0x00, 0x00, 0x00,
    0x00, 0x00, 0x00, 0x00, 0x00, 0x00, 0x00, 0x00, 0x00, 0x00, 0x00, 0x00, 0x00, 0x00, 0x00, 0x00, 0x00, 0x00, 0x00,
    0x00, 0x00, 0x00, 0x00, 0x00, 0x00, 0x00, 0x00, 0x00, 0x00, 0x00, 0x00, 0x00, 0x00, 0x00, 0x00, 0x00, 0x00, 0x00,
    0x00, 0x00, 0x00, 0x00, 0x00, 0x00, 0x00, 0x00, 0x00, 0x00, 0x00, 0x00, 0x00, 0x00, 0x00, 0x00, 0x00, 0x00, 0x00,
    0x00, 0x00, 0x00, 0x00, 0x00, 0x00, 0x00, 0x00, 0x00, 0x00, 0x00, 0x00, 0x00, 0x00, 0x00, 0x00, 0x00, 0x00, 0x00,
    0x00, 0x00, 0x00, 0x00, 0x00, 0x00, 0x00, 0x00, 0x00, 0x00, 0x00, 0x00, 0x00, 0x00, 0x00, 0x00, 0x00, 0x00, 0x00,
    0x00, 0x00, 0x00, 0x00, 0x00, 0x00, 0x00, 0x00, 0x00, 0x00, 0x00, 0x00, 0x00, 0x00, 0x00, 0x00, 0x00, 0x20, 0x00,
    0x20, 0x00, 0x20, 0x00, 0x20, 0x00, 0x20, 0x00, 0x20, 0x00, 0x20, 0x00, 0x20, 0x00, 0x20, 0x00, 0x20, 0x00, 0x20,
    0x00, 0x20, 0x00, 0x20, 0x00, 0x20, 0x00, 0x20, 0x00, 0x20, 0x00, 0x20, 0x00, 0x20, 0x00, 0x21, 0x00, 0x21, 0x00,
    0x21, 0x00, 0x21, 0x00, 0x21, 0x00, 0x20, 0x00, 0x20, 0x00, 0x20, 0x00, 0x20, 0x00, 0x20, 0x00, 0x20, 0x00, 0x20,
    0x00, 0x20, 0x00, 0x20, 0x00, 0x20, 0x00, 0x20, 0x00, 0x20, 0x00, 0x20, 0x00, 0x20, 0x00, 0x20, 0x00, 0x20, 0x00,
    0x20, 0x00, 0x20, 0x00, 0x20, 0x00, 0x00, 0x00, 0x00, 0x00, 0x00, 0x00, 0x00, 0x00, 0x00, 0x00, 0x00, 0x00, 0x00,
    0x00, 0x00, 0x00, 0x00, 0x00, 0x00, 0x00, 0x00, 0x00, 0x00, 0x00, 0x00, 0x00, 0x00, 0x00, 0x00, 0x00, 0x00, 0x00,
    0x00, 0x00, 0x00, 0x00, 0x00, 0x00, 0x00, 0x00, 0x00, 0x00, 0x00, 0x00, 0x00, 0x00, 0x00, 0x00, 0x00, 0x00, 0x00,
    0x00, 0x00, 0x00, 0x00, 0x00, 0x00, 0x00, 0x00, 0x00, 0x00, 0x00, 0x00, 0x00, 0x00, 0x00, 0x00, 0x00, 0x00, 0x00,
    0x00, 0x00, 0x00, 0x00, 0x00, 0x00, 0x00, 0x00, 0x00, 0x00, 0x00, 0x00, 0x00, 0x00, 0x00, 0x00, 0x00, 0x00, 0x00,
    0x00, 0x00, 0x00, 0x00, 0x00, 0x00, 0x00, 0x00, 0x00, 0x00, 0x00, 0x00, 0x00, 0x00, 0x00, 0x00, 0x00, 0x00, 0x00,
    0x00, 0x00, 0x00, 0x00, 0x00, 0x00, 0x00, 0x00, 0x00, 0x00, 0x00, 0x00, 0x00, 0x00, 0x00, 0x00, 0x00, 0x00, 0x00,
    0x00, 0x00, 0x00, 0x00, 0x00, 0x00, 0x00, 0x00, 0x00, 0x00, 0x00, 0x00, 0x00, 0x00, 0x00, 0x00, 0x00, 0x00, 0x00,
    0x00, 0x00, 0x00, 0x00, 0x00, 0x00, 0x00, 0x00, 0x00, 0x00, 0x00, 0x00, 0x00, 0x00, 0x00, 0x00, 0x00, 0x00, 0x00,
    0x00, 0x00, 0x00, 0x00, 0x00, 0x00, 0x00, 0x00, 0x00, 0x00, 0x00, 0x00, 0x00, 0x00, 0x00, 0x00, 0x00, 0x00, 0x00,
    0x00, 0x00, 0x00, 0x00, 0x00, 0x00, 0x00, 0x00, 0x00, 0x00, 0x00, 0x00, 0x00, 0x00, 0x00, 0x00, 0x00, 0x00, 0x00,
    0x00, 0x00, 0x00, 0x00, 0x00, 0x00, 0x00, 0x00, 0x00, 0x00, 0x00, 0x00, 0x00, 0x00, 0x00, 0x00, 0x00, 0x00, 0x00,
    0x00, 0x00, 0x00, 0x00, 0x00, 0x00, 0x00, 0x00, 0x00, 0x00, 0x00, 0x00, 0x00, 0x00, 0x00, 0x00, 0x00, 0x00, 0x00,
    0x00, 0x00, 0x00, 0x00, 0x00, 0x00, 0x00, 0x00, 0x00, 0x00, 0x00, 0x00, 0x00, 0x00, 0x00, 0x00, 0x00, 0x00, 0x00,
    0x00, 0x00, 0x00, 0x00, 0x00, 0x00, 0x00, 0x00, 0x00, 0x00, 0x00, 0x00, 0x00, 0x00, 0x00, 0x00, 0x00, 0x00, 0x00,
    0x00, 0x00, 0x00, 0x00, 0x00, 0x00, 0x00, 0x00, 0x00, 0x00, 0x00, 0x00, 0x00, 0x00, 0x00, 0x00, 0x00, 0x00, 0x00,
    0x00, 0x00, 0x00, 0x00, 0x00, 0x00, 0x00, 0x00, 0x00, 0x00, 0x00, 0x00, 0x00, 0x00, 0x00, 0x00, 0x00, 0x00, 0x00,
    0x00, 0x00, 0x00, 0x00, 0x00, 0x00, 0x00, 0x20, 0x00, 0x20, 0x00, 0x20, 0x00, 0x20, 0x00, 0x20, 0x00, 0x20, 0x00,
    0x20, 0x00, 0x20, 0x00, 0x20, 0x00, 0x20, 0x00, 0x20, 0x00, 0x20, 0x00, 0x20, 0x00, 0x20, 0x00, 0x20, 0x00, 0x20,
    0x00, 0x20, 0x00, 0x20, 0x00, 0x20, 0x00, 0x20, 0x00, 0x20, 0x00, 0x20, 0x00, 0x20, 0x00, 0x20, 0x00, 0x20, 0x00,
    0x20, 0x00, 0x20, 0x00, 0x20, 0x00, 0x20, 0x00, 0x20, 0x00, 0x20, 0x00, 0x20, 0x00, 0x00, 0x00, 0x20, 0x00, 0x00,
    0x00, 0x00, 0x00, 0x00, 0x00, 0x00, 0x00, 0x00, 0x00, 0x00, 0x00, 0x00, 0x00, 0x00, 0x00, 0x00, 0x00, 0x00, 0x00,
    0x00, 0x00, 0x00, 0x00, 0x00, 0x00, 0x00, 0x00, 0x00, 0x00, 0x00, 0x00, 0x00, 0x00, 0x00, 0x00, 0x00, 0x00, 0x00,
    0x00, 0x00, 0x00, 0x00, 0x00, 0x00, 0x00, 0x00, 0x00, 0x00, 0x00, 0x00, 0x00, 0x00, 0x00, 0x00, 0x00, 0x00, 0x00,
    0x00, 0x00, 0x00, 0x00, 0x00, 0x00, 0x00, 0x00, 0x00, 0x00, 0x00, 0x00, 0x00, 0x00, 0x00, 0x00, 0x00, 0x00, 0x00,
    0x00, 0x00, 0x00, 0x00, 0x00, 0x00, 0x00, 0x00, 0x00, 0x00, 0x00, 0x00, 0x00, 0x00, 0x00, 0x00, 0x00, 0x00, 0x00,
    0x00, 0x00, 0x00, 0x00, 0x00, 0x00, 0x00, 0x00, 0x00, 0x00, 0x00, 0x00, 0x00, 0x00, 0x00, 0x00, 0x00, 0x00, 0x00,
    0x00, 0x00, 0x00, 0x00, 0x00, 0x00, 0x00, 0x00, 0x00, 0x00, 0x00, 0x00, 0x00, 0x00, 0x00, 0x00, 0x00, 0x00, 0x00,
    0x00, 0x00, 0x00, 0x00, 0x00, 0x00, 0x00, 0x00, 0x00, 0x00, 0x00, 0x00, 0x00, 0x00, 0x00, 0x00, 0x00, 0x00, 0x00,
    0x00, 0x00, 0x00, 0x00, 0x00, 0x00, 0x00, 0x00, 0x00, 0x00, 0x00, 0x00, 0x00, 0x00, 0x00, 0x00, 0x00, 0x00, 0x00,
    0x00, 0x00, 0x00, 0x00, 0x00, 0x00, 0x00, 0x00, 0x00, 0x00, 0x00, 0x00, 0x00, 0x00, 0x00, 0x00, 0x00, 0x00, 0x00,
    0x00, 0x00, 0x00, 0x00, 0x00, 0x00, 0x00, 0x00, 0x00, 0x00, 0x00, 0x00, 0x00, 0x00, 0x00, 0x00, 0x00, 0x00, 0x00,
    0x00, 0x00, 0x00, 0x00, 0x00, 0x00, 0x00, 0x00, 0x00, 0x00, 0x00, 0x00, 0x00, 0x00, 0x00, 0x00, 0x00, 0x00, 0x00,
    0x00, 0x00, 0x00, 0x00, 0x00, 0x00, 0x00, 0x00, 0x00, 0x00, 0x00, 0x00, 0x00, 0x00, 0x00, 0x00, 0x00, 0x00, 0x00,
    0x00, 0x00, 0x00, 0x00, 0x00, 0x00, 0x00, 0x00, 0x00, 0x00, 0x00, 0x00, 0x00, 0x00, 0x00, 0x00, 0x00, 0x00, 0x00,
    0x00, 0x00, 0x00, 0x00, 0x00, 0x00, 0x00, 0x00, 0x00, 0x00, 0x00, 0x00, 0x00, 0x00, 0x00, 0x00, 0x00, 0x00, 0x00,
    0x00, 0x00, 0x00, 0x00, 0x00, 0x00, 0x00, 0x00, 0x00, 0x00, 0x00, 0x00, 0x00, 0x00, 0x00, 0x00, 0x00, 0x00, 0x00,
    0x00, 0x00, 0x00, 0x00, 0x00, 0x00, 0x00, 0x00, 0x00, 0x00, 0x00, 0x00, 0x00, 0x00, 0x00, 0x00, 0x00, 0x00, 0x00,
    0x00, 0x00, 0x00, 0x00, 0x00, 0x00, 0x00, 0x00, 0x00, 0x00, 0x00, 0x00, 0x00, 0x00, 0x00, 0x00, 0x20, 0x00, 0x00,
    0x00, 0x20, 0x00, 0x20, 0x00, 0x20, 0x00, 0x20, 0x00, 0x20, 0x00, 0x20, 0x00, 0x20, 0x00, 0x20, 0x00, 0x20, 0x00,
    0x20, 0x00, 0x20, 0x00, 0x20, 0x00, 0x20, 0x00, 0x20, 0x00, 0x20, 0x00, 0x20, 0x00, 0x20, 0x00, 0x20, 0x00, 0x20,
    0x00, 0x20, 0x00, 0x00, 0x00, 0x20, 0x00, 0x00, 0x00, 0x00, 0x00, 0x00, 0x00, 0x00, 0x00, 0x00, 0x00, 0x00, 0x00,
    0x00, 0x00, 0x00, 0x00, 0x00, 0x00, 0x00, 0x00, 0x00, 0x00, 0x00, 0x00, 0x00, 0x00, 0x00, 0x00, 0x00, 0x00, 0x00,
    0x00, 0x00, 0x00, 0x00, 0x00, 0x00, 0x00, 0x00, 0x00, 0x00, 0x00, 0x00, 0x00, 0x00, 0x00, 0x00, 0x00, 0x00, 0x00,
    0x00, 0x00, 0x00, 0x00, 0x00, 0x00, 0x00, 0x00, 0x00, 0x00, 0x00, 0x00, 0x00, 0x00, 0x00, 0x00, 0x00, 0x00, 0x00,
    0x00, 0x00, 0x00, 0x00, 0x00, 0x00, 0x00, 0x00, 0x00, 0x00, 0x00, 0x00, 0x00, 0x00, 0x00, 0x00, 0x00, 0x00, 0x00,
    0x00, 0x00, 0x00, 0x00, 0x00, 0x00, 0x00, 0x00, 0x00, 0x00, 0x00, 0x00, 0x00, 0x00, 0x00, 0x00, 0x00, 0x00, 0x00,
    0x00, 0x00, 0x00, 0x00, 0x00, 0x00, 0x00, 0x00, 0x00, 0x00, 0x00, 0x00, 0x00, 0x00, 0x00, 0x00, 0x00, 0x00, 0x00,
    0x00, 0x00, 0x00, 0x00, 0x00, 0x00, 0x00, 0x00, 0x00, 0x00, 0x00, 0x00, 0x00, 0x00, 0x00, 0x00, 0x00, 0x00, 0x00,
    0x00, 0x00, 0x00, 0x00, 0x00, 0x00, 0x00, 0x00, 0x00, 0x00, 0x00, 0x00, 0x00, 0x00, 0x00, 0x00, 0x00, 0x00, 0x00,
    0x00, 0x00, 0x00, 0x00, 0x00, 0x00, 0x00, 0x00, 0x00, 0x00, 0x00, 0x00, 0x00, 0x00, 0x00, 0x00, 0x00, 0x00, 0x00,
    0x00, 0x00, 0x00, 0x00, 0x00, 0x00, 0x00, 0x00, 0x00, 0x00, 0x00, 0x00, 0x00, 0x00, 0x00, 0x00, 0x00, 0x00, 0x00,
    0x00, 0x00, 0x00, 0x00, 0x00, 0x00, 0x00, 0x00, 0x00, 0x00, 0x00, 0x00, 0x00, 0x00, 0x00, 0x00, 0x00, 0x00, 0x00,
    0x00, 0x00, 0x00, 0x00, 0x00, 0x00, 0x00, 0x00, 0x00, 0x00, 0x00, 0x00, 0x00, 0x00, 0x00, 0x00, 0x00, 0x00, 0x00,
    0x00, 0x00, 0x00, 0x00, 0x00, 0x00, 0x00, 0x00, 0x00, 0x00, 0x00, 0x00, 0x00, 0x00, 0x00, 0x00, 0x00, 0x00, 0x00,
    0x00, 0x00, 0x00, 0x00, 0x00, 0x00, 0x00, 0x00, 0x00, 0x00, 0x00, 0x00, 0x00, 0x00, 0x00, 0x00, 0x00, 0x00, 0x00,
    0x00, 0x00, 0x00, 0x00, 0x00, 0x00, 0x00, 0x00, 0x00, 0x00, 0x00, 0x00, 0x00, 0x00, 0x00, 0x00, 0x00, 0x00, 0x00,
    0x00, 0x00, 0x00, 0x00, 0x00, 0x00, 0x00, 0x00, 0x00, 0x00, 0x00, 0x00, 0x00, 0x00, 0x00, 0x00, 0x00, 0x00, 0x00,
    0x00, 0x00, 0x00, 0x00, 0x00, 0x00, 0x00, 0x00, 0x00, 0x00, 0x00, 0x00, 0x00, 0x00, 0x00, 0x00, 0x00, 0x00, 0x00,
    0x00, 0x00, 0x00, 0x00, 0x00, 0x00, 0x00, 0x00, 0x00, 0x00, 0x00, 0x00, 0x00, 0x00, 0x00, 0x00, 0x00, 0x00, 0x00,
    0x00, 0x00, 0x00, 0x00, 0x00, 0x00, 0x00, 0x00, 0x00, 0x00, 0x00, 0x00, 0x00, 0x00, 0x00, 0x00, 0x00, 0x00, 0x00,
    0x00, 0x00, 0x00, 0x00, 0x00, 0x00, 0x00, 0x00, 0x00, 0x00, 0x00, 0x00, 0x00, 0x00, 0x00, 0x00, 0x00, 0x00, 0x00,
    0x00, 0x00, 0x00, 0x00, 0x00, 0x00, 0x00, 0x00, 0x00, 0x00, 0x00, 0x00, 0x00, 0x00, 0x00, 0x00, 0x00, 0x00, 0x00,
    0x00, 0x00, 0x00, 0x00, 0x00, 0x00, 0x00, 0x00, 0x00, 0x00, 0x00, 0x00, 0x00, 0x00, 0x00, 0x00, 0x00, 0x00, 0x00,
    0x00, 0x00, 0x00, 0x00, 0x00, 0x00, 0x00, 0x00, 0x00, 0x00, 0x00, 0x00, 0x00, 0x00, 0x00, 0x00, 0x00, 0x00, 0x00,
    0x00, 0x00, 0x00, 0x00, 0x00, 0x00, 0x00, 0x00, 0x00, 0x00, 0x00, 0x00, 0x00, 0x00, 0x00, 0x00, 0x00, 0x00, 0x00,
    0x00, 0x00, 0x00, 0x00, 0x00, 0x00, 0x00, 0x00, 0x00, 0x00, 0x00, 0x00, 0x00, 0x00, 0x00, 0x00, 0x00, 0x00, 0x00,
    0x00, 0x00, 0x00, 0x00, 0x00, 0x00, 0x00, 0x00, 0x00, 0x00, 0x00, 0x00, 0x00, 0x00, 0x00, 0x00, 0x00, 0x00, 0x00,
    0x00, 0x00, 0x00, 0x00, 0x00, 0x00, 0x00, 0x00, 0x00, 0x00, 0x00, 0x00, 0x00, 0x00, 0x00, 0x00, 0x00, 0x00, 0x00,
    0x00, 0x00, 0x00, 0x00, 0x00, 0x00, 0x00, 0x00, 0x00, 0x00, 0x00, 0x00, 0x00, 0x00, 0x00, 0x00, 0x00, 0x00, 0x00,
    0x00, 0x00, 0x00, 0x00, 0x00, 0x00, 0x00, 0x00, 0x00, 0x00, 0x00, 0x00, 0x00, 0x00, 0x00, 0x00, 0x00, 0x00, 0x00,
    0x00, 0x00, 0x00, 0x00, 0x00, 0x00, 0x00, 0x00, 0x00, 0x00, 0x00, 0x00, 0x00, 0x00, 0x00, 0x00, 0x00, 0x00, 0x00,
    0x00, 0x00, 0x00, 0x00, 0x00, 0x00, 0x00, 0x00, 0x00, 0x00, 0x00, 0x00, 0x00, 0x00, 0x00, 0x00, 0x00, 0x00, 0x00,
    0x00, 0x00, 0x00, 0x00, 0x00, 0x00, 0x00, 0x00, 0x00, 0x00, 0x00, 0x00, 0x00, 0x00, 0x00, 0x00, 0x00, 0x00, 0x00,
    0x00, 0x00, 0x00, 0x00, 0x00, 0x00, 0x00, 0x00, 0x00, 0x00, 0x00, 0x00, 0x00, 0x00, 0x00, 0x00, 0x00, 0x00, 0x00,
    0x00, 0x00, 0x00, 0x00, 0x00, 0x00, 0x00, 0x00, 0x00, 0x00, 0x00, 0x00, 0x00, 0x00, 0x00, 0x00, 0x00, 0x00, 0x00,
    0x00, 0x00, 0x00, 0x00, 0x00, 0x00, 0x00, 0x00, 0x00, 0x00, 0x00, 0x00, 0x00, 0x00, 0x00, 0x00, 0x00, 0x00, 0x00,
    0x00, 0x00, 0x00, 0x00, 0x00, 0x00, 0x00, 0x00, 0x00, 0x00, 0x00, 0x00, 0x00, 0x00, 0x00, 0x00, 0x00, 0x00, 0x00,
    0x00, 0x00, 0x00, 0x00, 0x00, 0x00, 0x00, 0x00, 0x00, 0x00, 0x00, 0x00, 0x00, 0x00, 0x00, 0x00, 0x00, 0x00, 0x00,
    0x00, 0x00, 0x00, 0x00, 0x00, 0x00, 0x00, 0x00, 0x00, 0x00, 0x00, 0x00, 0x00, 0x00, 0x00, 0x00, 0x00, 0x00, 0x00,
    0x00, 0x00, 0x00, 0x00, 0x00, 0x00, 0x00, 0x00, 0x00, 0x00, 0x00, 0x00, 0x00, 0x00, 0x00, 0x00, 0x00, 0x00, 0x00,
    0x00, 0x00, 0x00, 0x00, 0x00, 0x00, 0x00, 0x00, 0x00, 0x00, 0x00, 0x00, 0x00, 0x00, 0x00, 0x00, 0x00, 0x00, 0x00,
    0x00, 0x00, 0x00, 0x00, 0x00, 0x00, 0x00, 0x00, 0x00, 0x00, 0x00, 0x00, 0x00, 0x00, 0x00, 0x00, 0x00, 0x00, 0x00,
    0x00, 0x00, 0x00, 0x00, 0x00, 0x00, 0x00, 0x00, 0x00, 0x00, 0x00, 0x00, 0x00, 0x00, 0x00, 0x00, 0x00, 0x00, 0x00,
    0x00, 0x00, 0x00, 0x00, 0x00, 0x00, 0x00, 0x00, 0x00, 0x00, 0x00, 0x00, 0x00, 0x00, 0x00, 0x00, 0x00, 0x00, 0x00,
    0x00, 0x00, 0x00, 0x00, 0x00, 0x00, 0x00, 0x00, 0x00, 0x00, 0x00, 0x00, 0x00, 0x00, 0x00, 0x00, 0x00, 0x00, 0x00,
    0x00, 0x00, 0x00, 0x00, 0x00, 0x00, 0x00, 0x00, 0x00, 0x00, 0x00, 0x00, 0x00, 0x00, 0x00, 0x00, 0x00, 0x00, 0x00,
    0x00, 0x00, 0x00, 0x00, 0x00, 0x00, 0x00, 0x00, 0x00, 0x00, 0x00, 0x00, 0x00, 0x00, 0x00, 0x00, 0x00, 0x00, 0x00,
    0x00, 0x00, 0x00, 0x00, 0x00, 0x00, 0x00, 0x00, 0x00, 0x00, 0x00, 0x00, 0x00, 0x00, 0x00, 0x00, 0x00, 0x00, 0x00,
    0x00, 0x00, 0x00, 0x00, 0x00, 0x00, 0x00, 0x00, 0x00, 0x00, 0x00, 0x00, 0x00, 0x00, 0x00, 0x00, 0x00, 0x00, 0x00,
    0x00, 0x00, 0x00, 0x00, 0x00, 0x00, 0x00, 0x00, 0x00, 0x00, 0x00, 0x00, 0x00, 0x00, 0x00, 0x00, 0x00, 0x00, 0x00,
    0x00, 0x00, 0x00, 0x00, 0x00, 0x00, 0x00, 0x00, 0x00, 0x00, 0x00, 0x00, 0x00, 0x00, 0x00, 0x00, 0x00, 0x00, 0x00,
    0x00, 0x00, 0x00, 0x00, 0x00, 0x00, 0x00, 0x00, 0x00, 0x00, 0x00, 0x00, 0x00, 0x00, 0x00, 0x00, 0x00, 0x00, 0x00,
    0x00, 0x00, 0x00, 0x00, 0x00, 0x00, 0x00, 0x00, 0x00, 0x00, 0x00, 0x00, 0x00, 0x00, 0x00, 0x00, 0x00, 0x00, 0x00,
    0x00, 0x00, 0x00, 0x00, 0x00, 0x00, 0x00, 0x00, 0x00, 0x00, 0x00, 0x00, 0x00, 0x00, 0x00, 0x00, 0x00, 0x00, 0x00,
    0x00, 0x00, 0x00, 0x00, 0x00, 0x00, 0x00, 0x00, 0x00, 0x00, 0x00, 0x00, 0x00, 0x00, 0x00, 0x00, 0x00, 0x00, 0x00,
    0x00, 0x00, 0x00, 0x00, 0x00, 0x00, 0x00, 0x00, 0x00, 0x00, 0x00, 0x00, 0x00, 0x00, 0x00, 0x00, 0x00, 0x00, 0x00,
    0x00, 0x00, 0x00, 0x00, 0x00, 0x00, 0x00, 0x00, 0x00, 0x00, 0x00, 0x00, 0x00, 0x00, 0x00, 0x00, 0x00, 0x00, 0x00,
    0x00, 0x00, 0x00, 0x00, 0x00, 0x00, 0x00, 0x00, 0x00, 0x00, 0x00, 0x00, 0x00, 0x00, 0x00, 0x00, 0x00, 0x00, 0x00,
    0x00, 0x00, 0x00, 0x00, 0x00, 0x00, 0x00, 0x00, 0x00, 0x00, 0x00, 0x00, 0x00, 0x00, 0x00, 0x00, 0x00, 0x00, 0x00,
    0x00, 0x00, 0x00, 0x00, 0x00, 0x00, 0x00, 0x00, 0x00, 0x00, 0x00, 0x00, 0x00, 0x00, 0x00, 0x00, 0x00, 0x00, 0x00,
    0x00, 0x00, 0x00, 0x00, 0x00, 0x00, 0x00, 0x00, 0x00, 0x00, 0x00, 0x00, 0x00, 0x00, 0x00, 0x00, 0x00, 0x00, 0x00,
    0x00, 0x00, 0x00, 0x00, 0x00, 0x00, 0x00, 0x00, 0x00, 0x00, 0x00, 0x00, 0x00, 0x00, 0x00, 0x00, 0x00, 0x00, 0x00,
    0x00, 0x00, 0x00, 0x00, 0x00, 0x00, 0x00, 0x00, 0x00, 0x00, 0x00, 0x00, 0x00, 0x00, 0x00, 0x00, 0x00, 0x00, 0x00,
    0x00, 0x00, 0x00, 0x00, 0x00, 0x00, 0x00, 0x00, 0x00, 0x00, 0x00, 0x00, 0x00, 0x00, 0x00, 0x00, 0x00, 0x00, 0x00,
    0x00, 0x00, 0x00, 0x00, 0x00, 0x00, 0x00, 0x00, 0x00, 0x00, 0x00, 0x00, 0x00, 0x00, 0x00, 0x00, 0x00, 0x00, 0x00,
    0x00, 0x00, 0x00, 0x00, 0x00, 0x00, 0x00, 0x00, 0x00, 0x00, 0x00, 0x00, 0x00, 0x00, 0x00, 0x00, 0x00, 0x00, 0x00,
    0x00, 0x00, 0x00, 0x00, 0x00, 0x00, 0x00, 0x00, 0x00, 0x00, 0x00, 0x00, 0x00, 0x00, 0x00, 0x00, 0x00, 0x00, 0x00,
    0x00, 0x00, 0x00, 0x00, 0x00, 0x00, 0x00, 0x00, 0x00, 0x00, 0x00, 0x00, 0x00, 0x00, 0x00, 0x00, 0x00, 0x00, 0x00,
    0x00, 0x00, 0x00, 0x00, 0x00, 0x00, 0x00, 0x00, 0x00, 0x00, 0x00, 0x00, 0x00, 0x00, 0x00, 0x00, 0x00, 0x00, 0x00,
    0x00, 0x00, 0x00, 0x00, 0x00, 0x00, 0x00, 0x00, 0x00, 0x00, 0x00, 0x00, 0x00, 0x00, 0x00, 0x00, 0x00, 0x00, 0x00,
    0x00, 0x00, 0x00, 0x00, 0x00, 0x00, 0x00, 0x00, 0x00, 0x00, 0x00, 0x00, 0x00, 0x00, 0x00, 0x00, 0x00, 0x00, 0x00,
    0x00, 0x00, 0x00, 0x00, 0x00, 0x00, 0x00, 0x00, 0x00, 0x00, 0x00, 0x00, 0x00, 0x00, 0x00, 0x00, 0x00, 0x00, 0x00,
    0x00, 0x00, 0x00, 0x00, 0x00, 0x00, 0x00, 0x00, 0x00, 0x00, 0x00, 0x00, 0x00, 0x00, 0x00, 0x00, 0x00, 0x00, 0x00,
    0x00, 0x00, 0x00, 0x00, 0x00, 0x00, 0x00, 0x00, 0x00, 0x00, 0x00, 0x00, 0x00, 0x00, 0x00, 0x00, 0x00, 0x00, 0x00,
    0x00, 0x00, 0x00, 0x00, 0x00, 0x00, 0x00, 0x00, 0x00, 0x00, 0x00, 0x00, 0x00, 0x00, 0x00, 0x00, 0x00, 0x00, 0x00,
    0x00, 0x00, 0x00, 0x00, 0x00, 0x00, 0x00, 0x00, 0x00, 0x00, 0x00, 0x00, 0x00, 0x00, 0x00, 0x00, 0x00, 0x00, 0x00,
    0x00, 0x00, 0x00, 0x00, 0x00, 0x00, 0x00, 0x00, 0x00, 0x00, 0x00, 0x00, 0x00, 0x00, 0x00, 0x00, 0x00, 0x00, 0x00,
    0x00, 0x00, 0x00, 0x00, 0x00, 0x00, 0x00, 0x00, 0x00, 0x00, 0x00, 0x00, 0x00, 0x00, 0x00, 0x00, 0x00, 0x00, 0x00,
    0x00, 0x00, 0x00, 0x00, 0x00, 0x00, 0x00, 0x00, 0x00, 0x00, 0x00, 0x00, 0x00, 0x00, 0x00, 0x00, 0x00, 0x00, 0x00,
    0x00, 0x00, 0x00, 0x00, 0x00, 0x00, 0x00, 0x00, 0x00, 0x00, 0x00, 0x00, 0x00, 0x00, 0x00, 0x00, 0x00, 0x00, 0x00,
    0x00, 0x00, 0x00, 0x00, 0x00, 0x00, 0x00, 0x00, 0x00, 0x00, 0x00, 0x00, 0x00, 0x00, 0x00, 0x00, 0x00, 0x00, 0x00,
    0x00, 0x00, 0x00, 0x00, 0x00, 0x00, 0x00, 0x00, 0x00, 0x00, 0x00, 0x00, 0x00, 0x00, 0x00, 0x00, 0x00, 0x00, 0x00,
    0x00, 0x00, 0x00, 0x00, 0x00, 0x00, 0x00, 0x00, 0x00, 0x00, 0x00, 0x00, 0x00, 0x00, 0x00, 0x00, 0x00, 0x00, 0x00,
    0x00, 0x00, 0x00, 0x00, 0x00, 0x00, 0x00, 0x00, 0x00, 0x00, 0x00, 0x00, 0x00, 0x00, 0x00, 0x00, 0x00, 0x00, 0x00,
    0x00, 0x00, 0x00, 0x00, 0x00, 0x00, 0x00, 0x00, 0x00, 0x00, 0x00, 0x00, 0x00, 0x00, 0x00, 0x00, 0x00, 0x00, 0x00,
    0x00, 0x00, 0x00, 0x00, 0x00, 0x00, 0x00, 0x00, 0x00, 0x00, 0x00, 0x00, 0x00, 0x00, 0x00, 0x00, 0x00, 0x00, 0x00,
    0x00, 0x00, 0x00, 0x00, 0x00, 0x00, 0x00, 0x00, 0x00, 0x00, 0x00, 0x00, 0x00, 0x00, 0x00, 0x00, 0x00, 0x00, 0x00,
    0x00, 0x00, 0x00, 0x00, 0x00, 0x00, 0x00, 0x00, 0x00, 0x00, 0x00, 0x00, 0x00, 0x00, 0x00, 0x00, 0x00, 0x00, 0x00,
    0x00, 0x00, 0x00, 0x00, 0x00, 0x00, 0x00, 0x00, 0x00, 0x00, 0x00, 0x00, 0x00, 0x00, 0x00, 0x00, 0x00, 0x00, 0x00,
    0x00, 0x00, 0x00, 0x00, 0x00, 0x00, 0x00, 0x00, 0x00, 0x00, 0x00, 0x00, 0x00, 0x00, 0x00, 0x00, 0x00, 0x00, 0x00,
    0x00, 0x00, 0x00, 0x00, 0x00, 0x00, 0x00, 0x00, 0x00, 0x00, 0x00, 0x00, 0x00, 0x00, 0x00, 0x00, 0x00, 0x00, 0x00,
    0x00, 0x00, 0x00, 0x00, 0x00, 0x00, 0x00, 0x00, 0x00, 0x00, 0x00, 0x00, 0x00, 0x00, 0x00, 0x00, 0x00, 0x00, 0x00,
    0x00, 0x00, 0x00, 0x00, 0x00, 0x00, 0x00, 0x00, 0x00, 0x00, 0x00, 0x00, 0x00, 0x00, 0x00, 0x00, 0x00, 0x00, 0x00,
    0x00, 0x00, 0x00, 0x00, 0x00, 0x00, 0x00, 0x00, 0x00, 0x00, 0x00, 0x00, 0x00, 0x00, 0x00, 0x00, 0x00, 0x00, 0x00,
    0x00, 0x00, 0x00, 0x00, 0x00, 0x00, 0x00, 0x00, 0x00, 0x00, 0x00, 0x00, 0x00, 0x00, 0x00, 0x00, 0x00, 0x00, 0x00,
    0x00, 0x00, 0x00, 0x00, 0x00, 0x00, 0x00, 0x00, 0x00, 0x00, 0x00, 0x00, 0x00, 0x00, 0x00, 0x00, 0x00, 0x00, 0x00,
    0x00, 0x00, 0x00, 0x00, 0x00, 0x00, 0x00, 0x00, 0x00, 0x00, 0x00, 0x00, 0x00, 0x00, 0x00, 0x00, 0x00, 0x00, 0x00,
    0x00, 0x00, 0x00, 0x00, 0x00, 0x00, 0x00, 0x00, 0x00, 0x00, 0x00, 0x00, 0x00, 0x00, 0x00, 0x00, 0x00, 0x00, 0x00,
    0x00, 0x00, 0x00, 0x00, 0x00, 0x00, 0x00, 0x00, 0x00, 0x00, 0x00, 0x00, 0x00, 0x00, 0x00, 0x00, 0x00, 0x00, 0x00,
    0x00, 0x00, 0x00, 0x00, 0x00, 0x00, 0x00, 0x00, 0x00, 0x00, 0x00, 0x00, 0x00, 0x00, 0x00, 0x00, 0x00, 0x00, 0x00,
    0x00, 0x00, 0x00, 0x00, 0x00, 0x00, 0x00, 0x00, 0x00, 0x00, 0x00, 0x00, 0x00, 0x00, 0x00, 0x00, 0x00, 0x00, 0x00,
    0x00, 0x00, 0x00, 0x00, 0x00, 0x00, 0x00, 0x00, 0x00, 0x00, 0x00, 0x00, 0x00, 0x00, 0x00, 0x00, 0x00, 0x00, 0x00,
    0x00, 0x00, 0x00, 0x00, 0x00, 0x00, 0x00, 0x00, 0x00, 0x00, 0x00, 0x00, 0x00, 0x00, 0x00, 0x00, 0x00, 0x00, 0x00,
    0x00, 0x00, 0x00, 0x00, 0x00, 0x00, 0x00, 0x00, 0x00, 0x00, 0x00, 0x00, 0x00, 0x00, 0x00, 0x00, 0x00, 0x00, 0x00,
    0x00, 0x00, 0x00, 0x00, 0x00, 0x00, 0x00, 0x00, 0x00, 0x00, 0x00, 0x00, 0x00, 0x00, 0x00, 0x00, 0x00, 0x00, 0x00,
    0x00, 0x00, 0x00, 0x00, 0x00, 0x00, 0x00, 0x00, 0x00, 0x00, 0x00, 0x00, 0x00, 0x00, 0x00, 0x00, 0x00, 0x00, 0x00,
    0x00, 0x00, 0x00, 0x00, 0x00, 0x00, 0x00, 0x00, 0x00, 0x00, 0x00, 0x00, 0x00, 0x00, 0x00, 0x00, 0x00, 0x00, 0x00,
    0x00, 0x00, 0x00, 0x00, 0x00, 0x00, 0x00, 0x00, 0x00, 0x00, 0x00, 0x00, 0x00, 0x00, 0x00, 0x00, 0x00, 0x00, 0x00,
    0x00, 0x00, 0x00, 0x00, 0x00, 0x00, 0x00, 0x00, 0x00, 0x00, 0x00, 0x00, 0x00, 0x00, 0x00, 0x00, 0x00, 0x00, 0x00,
    0x00, 0x00, 0x00, 0x00, 0x00, 0x00, 0x00, 0x00, 0x00, 0x00, 0x00, 0x00, 0x00, 0x00, 0x00, 0x00, 0x00, 0x00, 0x00,
    0x00, 0x00, 0x00, 0x00, 0x00, 0x00, 0x00, 0x00, 0x00, 0x00, 0x00, 0x00, 0x00, 0x00, 0x00, 0x00, 0x00, 0x00, 0x00,
    0x00, 0x00, 0x00, 0x00, 0x00, 0x00, 0x00, 0x00, 0x00, 0x00, 0x00, 0x00, 0x00, 0x00, 0x00, 0x00, 0x00, 0x00, 0x00,
    0x00, 0x00, 0x00, 0x00, 0x00, 0x00, 0x00, 0x00, 0x00, 0x00, 0x00, 0x00, 0x00, 0x00, 0x00, 0x00, 0x00, 0x00, 0x00,
    0x00, 0x00, 0x00, 0x00, 0x00, 0x00, 0x00, 0x00, 0x00, 0x00, 0x00, 0x00, 0x00, 0x00, 0x00, 0x00, 0x00, 0x00, 0x00,
    0x00, 0x00, 0x00, 0x00, 0x00, 0x00, 0x00, 0x00, 0x00, 0x00, 0x00, 0x00, 0x00, 0x00, 0x00, 0x00, 0x00, 0x00, 0x00,
    0x00, 0x00, 0x00, 0x00, 0x00, 0x00, 0x00, 0x00, 0x00, 0x00, 0x00, 0x00, 0x00, 0x00, 0x00, 0x00, 0x00, 0x00, 0x00,
    0x00, 0x00, 0x00, 0x00, 0x00, 0x00, 0x00, 0x00, 0x00, 0x00, 0x00, 0x00, 0x00, 0x00, 0x00, 0x00, 0x00, 0x00, 0x00,
    0x00, 0x00, 0x00, 0x00, 0x00, 0x00, 0x00, 0x00, 0x00, 0x00, 0x00, 0x00, 0x00, 0x00, 0x00, 0x00, 0x00, 0x00, 0x00,
    0x00, 0x00, 0x00, 0x00, 0x00, 0x00, 0x00, 0x00, 0x00, 0x00, 0x00, 0x00, 0x00, 0x00, 0x00, 0x00, 0x00, 0x00, 0x00,
    0x00, 0x00, 0x00, 0x00, 0x00, 0x00, 0x00, 0x00, 0x00, 0x00, 0x00, 0x00, 0x00, 0x00, 0x00, 0x00, 0x00, 0x00, 0x00,
    0x00, 0x00, 0x00, 0x00, 0x00, 0x00, 0x00, 0x00, 0x00, 0x00, 0x00, 0x00, 0x00, 0x00, 0x00, 0x00, 0x00, 0x00, 0x00,
    0x00, 0x00, 0x00, 0x00, 0x00, 0x00, 0x00, 0x00, 0x00, 0x00, 0x00, 0x00, 0x00, 0x00, 0x00, 0x00, 0x00, 0x00, 0x00,
    0x00, 0x00, 0x00, 0x00, 0x00, 0x00, 0x00, 0x00, 0x00, 0x00, 0x00, 0x00, 0x00, 0x00, 0x00, 0x00, 0x00, 0x00, 0x00,
    0x00, 0x00, 0x00, 0x00, 0x00, 0x00, 0x00, 0x00, 0x00, 0x00, 0x00, 0x00, 0x00, 0x00, 0x00, 0x00, 0x00, 0x00, 0x00,
    0x00, 0x00, 0x00, 0x00, 0x00, 0x00, 0x00, 0x00, 0x00, 0x00, 0x00, 0x00, 0x00, 0x00, 0x00, 0x00, 0x00, 0x00, 0x00,
    0x00, 0x00, 0x00, 0x00, 0x00, 0x00, 0x00, 0x00, 0x00, 0x00, 0x00, 0x00, 0x00, 0x00, 0x00, 0x00, 0x00, 0x00, 0x00,
    0x00, 0x00, 0x00, 0x00, 0x00, 0x00, 0x00, 0x00, 0x00, 0x00, 0x00, 0x00, 0x00, 0x00, 0x00, 0x00, 0x00, 0x00, 0x00,
    0x00, 0x00, 0x00, 0x00, 0x00, 0x00, 0x00, 0x00, 0x00, 0x00, 0x00, 0x00, 0x00, 0x00, 0x00, 0x00, 0x00, 0x00, 0x00,
    0x00, 0x00, 0x00, 0x00, 0x00, 0x00, 0x00, 0x00, 0x00, 0x00, 0x00, 0x00, 0x00, 0x00, 0x00, 0x00, 0x00, 0x00, 0x00,
    0x00, 0x00, 0x00, 0x00, 0x00, 0x00, 0x00, 0x00, 0x00, 0x00, 0x00, 0x00, 0x00, 0x00, 0x00, 0x00, 0x00, 0x00, 0x00,
    0x00, 0x00, 0x00, 0x00, 0x00, 0x00, 0x00, 0x00, 0x00, 0x00, 0x00, 0x00, 0x00, 0x00, 0x00, 0x00, 0x00, 0x00, 0x00,
    0x00, 0x00, 0x00, 0x00, 0x00, 0x00, 0x00, 0x00, 0x00, 0x00, 0x00, 0x00, 0x00, 0x00, 0x00, 0x00, 0x00, 0x00, 0x00,
    0x00, 0x00, 0x00, 0x00, 0x00, 0x00, 0x00, 0x00, 0x00, 0x00, 0x00, 0x00, 0x00, 0x00, 0x00, 0x00, 0x00, 0x00, 0x00,
    0x00, 0x00, 0x00, 0x00, 0x00, 0x00, 0x00, 0x00, 0x00, 0x00, 0x00, 0x00, 0x00, 0x00, 0x00, 0x00, 0x00, 0x00, 0x00,
    0x00, 0x00, 0x00, 0x00, 0x00, 0x00, 0x00, 0x00, 0x00, 0x00, 0x00, 0x00, 0x00, 0x00, 0x00, 0x00, 0x00, 0x00, 0x00,
    0x00, 0x00, 0x00, 0x00, 0x00, 0x00, 0x00, 0x00, 0x00, 0x00, 0x00, 0x00, 0x00, 0x00, 0x00, 0x00, 0x00, 0x00, 0x00,
    0x00, 0x00, 0x00, 0x00, 0x00, 0x00, 0x00, 0x00, 0x00, 0x00, 0x00, 0x00, 0x00, 0x00, 0x00, 0x00, 0x00, 0x00, 0x00,
    0x00, 0x00, 0x00, 0x00, 0x00, 0x00, 0x00, 0x00, 0x00, 0x00, 0x00, 0x00, 0x00, 0x00, 0x00, 0x00, 0x00, 0x00, 0x00,
    0x00, 0x00, 0x00, 0x00, 0x00, 0x00, 0x00, 0x00, 0x00, 0x00, 0x00, 0x00, 0x00, 0x00, 0x00, 0x00, 0x00, 0x00, 0x00,
    0x00, 0x00, 0x00, 0x00, 0x00, 0x00, 0x00, 0x00, 0x00, 0x00, 0x00, 0x00, 0x00, 0x00, 0x00, 0x00, 0x00, 0x00, 0x00,
    0x00, 0x00, 0x00, 0x00, 0x00, 0x00, 0x00, 0x00, 0x00, 0x00, 0x00, 0x00, 0x00, 0x00, 0x00, 0x00, 0x00, 0x00, 0x00,
    0x00, 0x00, 0x00, 0x00, 0x00, 0x00, 0x00, 0x00, 0x00, 0x00, 0x00, 0x00, 0x00, 0x00, 0x00, 0x00, 0x00, 0x00, 0x00,
    0x00, 0x00, 0x00, 0x00, 0x00, 0x00, 0x00, 0x00, 0x00, 0x00, 0x00, 0x00, 0x00, 0x00, 0x00, 0x00, 0x00, 0x00, 0x00,
    0x00, 0x00, 0x00, 0x00, 0x00, 0x00, 0x00, 0x00, 0x00, 0x00, 0x00, 0x00, 0x00, 0x00, 0x00, 0x00, 0x00, 0x00, 0x00,
    0x00, 0x00, 0x00, 0x00, 0x00, 0x00, 0x00, 0x00, 0x00, 0x00, 0x00, 0x00, 0x00, 0x00, 0x00, 0x00, 0x00, 0x00, 0x00,
    0x00, 0x00, 0x00, 0x00, 0x00, 0x00, 0x00, 0x00, 0x00, 0x00, 0x00, 0x00, 0x00, 0x00, 0x00, 0x00, 0x00, 0x00, 0x00,
    0x00, 0x00, 0x00, 0x00, 0x00, 0x00, 0x00, 0x00, 0x00, 0x00, 0x00, 0x00, 0x00, 0x00, 0x00, 0x00, 0x00, 0x00, 0x00,
    0x00, 0x00, 0x00, 0x00, 0x00, 0x00, 0x00, 0x00, 0x00, 0x00, 0x00, 0x00, 0x00, 0x00, 0x00, 0x00, 0x00, 0x00, 0x00,
    0x00, 0x00, 0x00, 0x00, 0x00, 0x00, 0x00, 0x00, 0x00, 0x00, 0x00, 0x00, 0x00, 0x00, 0x00, 0x00, 0x00, 0x00, 0x00,
    0x00, 0x00, 0x00, 0x00, 0x00, 0x00, 0x00, 0x00, 0x00, 0x00, 0x00, 0x00, 0x00, 0x00, 0x00, 0x00, 0x00, 0x00, 0x00,
    0x00, 0x00, 0x00, 0x00, 0x00, 0x00, 0x00, 0x00, 0x00, 0x00, 0x00, 0x00, 0x00, 0x00, 0x00, 0x00, 0x00, 0x00, 0x00,
    0x00, 0x00, 0x00, 0x00, 0x00, 0x00, 0x00, 0x00, 0x00, 0x00, 0x00, 0x00, 0x00, 0x00, 0x00, 0x00, 0x00, 0x00, 0x00,
    0x00, 0x00, 0x00, 0x00, 0x00, 0x00, 0x00, 0x00, 0x00, 0x00, 0x00, 0x00, 0x00, 0x00, 0x00, 0x00, 0x00, 0x00, 0x00,
    0x00, 0x00, 0x00, 0x00, 0x00, 0x00, 0x00, 0x00, 0x00, 0x00, 0x00, 0x00, 0x00, 0x00, 0x00, 0x00, 0x00, 0x00, 0x00,
    0x00, 0x00, 0x00, 0x00, 0x00, 0x00, 0x00, 0x00, 0x00, 0x00, 0x00, 0x00, 0x00, 0x00, 0x00, 0x00, 0x00, 0x00, 0x00,
    0x00, 0x00, 0x00, 0x00, 0x00, 0x00, 0x00, 0x00, 0x00, 0x00, 0x00, 0x00, 0x00, 0x00, 0x00, 0x00, 0x00, 0x00, 0x00,
    0x00, 0x00, 0x00, 0x00, 0x00, 0x00, 0x00, 0x00, 0x00, 0x00, 0x00, 0x00, 0x00, 0x00, 0x00, 0x00, 0x00, 0x00, 0x00,
    0x00, 0x00, 0x00, 0x00, 0x00, 0x00, 0x00, 0x00, 0x00, 0x00, 0x00, 0x00, 0x00, 0x00, 0x00, 0x00, 0x00, 0x00, 0x00,
    0x00, 0x00, 0x00, 0x00, 0x00, 0x00, 0x00, 0x00, 0x00, 0x00, 0x00, 0x00, 0x00, 0x00, 0x00, 0x00, 0x00, 0x00, 0x00,
    0x00, 0x00, 0x00, 0x00, 0x00, 0x00, 0x00, 0x00, 0x00, 0x00, 0x00, 0x00, 0x00, 0x00, 0x00, 0x00, 0x00, 0x00, 0x00,
    0x00, 0x00, 0x00, 0x00, 0x00, 0x00, 0x00, 0x00, 0x00, 0x00, 0x00, 0x00, 0x00, 0x00, 0x00, 0x00, 0x00, 0x00, 0x00,
    0x00, 0x00, 0x00, 0x00, 0x00, 0x00, 0x00, 0x00, 0x00, 0x00, 0x00, 0x00, 0x00, 0x00, 0x00, 0x00, 0x00, 0x00, 0x00,
    0x00, 0x00, 0x00, 0x00, 0x00, 0x00, 0x00, 0x00, 0x00, 0x00, 0x00, 0x00, 0x00, 0x00, 0x00, 0x00, 0x00, 0x00, 0x00,
    0x00, 0x00, 0x00, 0x00, 0x00, 0x00, 0x00, 0x00, 0x00, 0x00, 0x00, 0x00, 0x00, 0x00, 0x00, 0x00, 0x00, 0x00, 0x00,
    0x00, 0x00, 0x00, 0x00, 0x00, 0x00, 0x00, 0x00, 0x00, 0x00, 0x00, 0x00, 0x00, 0x00, 0x00, 0x00, 0x00, 0x00, 0x00,
    0x00, 0x00, 0x00, 0x00, 0x00, 0x00, 0x00, 0x00, 0x00, 0x00, 0x00, 0x00, 0x00, 0x00, 0x00, 0x00, 0x00, 0x00, 0x00,
    0x00, 0x00, 0x00, 0x00, 0x00, 0x00, 0x00, 0x00, 0x00, 0x00, 0x00, 0x00, 0x00, 0x00, 0x00, 0x00, 0x00, 0x00, 0x00,
    0x00, 0x00, 0x00, 0x00, 0x00, 0x00, 0x00, 0x00, 0x00, 0x00, 0x00, 0x00, 0x00, 0x00, 0x00, 0x00, 0x00, 0x00, 0x00,
    0x00, 0x00, 0x00, 0x00, 0x00, 0x00, 0x00, 0x00, 0x00, 0x00, 0x00, 0x00, 0x00, 0x00, 0x00, 0x00, 0x00, 0x00, 0x00,
    0x00, 0x00, 0x00, 0x00, 0x00, 0x00, 0x00, 0x00, 0x00, 0x00, 0x00, 0x00, 0x00, 0x00, 0x00, 0x00, 0x00, 0x00, 0x00,
    0x00, 0x00, 0x00, 0x00, 0x00, 0x00, 0x00, 0x00, 0x00, 0x00, 0x00, 0x00, 0x00, 0x00, 0x00, 0x00, 0x00, 0x00, 0x00,
    0x00, 0x00, 0x00, 0x00, 0x00, 0x00, 0x00, 0x00, 0x00, 0x00, 0x00, 0x00, 0x00, 0x00, 0x00, 0x00, 0x00, 0x00, 0x00,
    0x00, 0x00, 0x00, 0x00, 0x00, 0x00, 0x00, 0x00, 0x00, 0x00, 0x00, 0x00, 0x00, 0x00, 0x00, 0x00, 0x00, 0x00, 0x00,
    0x00, 0x00, 0x00, 0x00, 0x00, 0x00, 0x00, 0x00, 0x00, 0x00, 0x00, 0x00, 0x00, 0x00, 0x00, 0x00, 0x00, 0x00, 0x00,
    0x00, 0x00, 0x00, 0x00, 0x00, 0x00, 0x00, 0x00, 0x00, 0x00, 0x00, 0x00, 0x00, 0x00, 0x00, 0x00, 0x00, 0x00, 0x00,
    0x00, 0x00, 0x00, 0x00, 0x00, 0x00, 0x00, 0x00, 0x00, 0x00, 0x00, 0x00, 0x00, 0x00, 0x00, 0x00, 0x00, 0x00, 0x00,
    0x00, 0x00, 0x00, 0x00, 0x00, 0x00, 0x00, 0x00, 0x00, 0x00, 0x00, 0x00, 0x00, 0x00, 0x00, 0x00, 0x00, 0x00, 0x00,
    0x00, 0x00, 0x00, 0x00, 0x00, 0x00, 0x00, 0x00, 0x00, 0x00, 0x00, 0x00, 0x00, 0x00, 0x00, 0x00, 0x00, 0x00, 0x00,
    0x00, 0x00, 0x00, 0x00, 0x00, 0x00, 0x00, 0x00, 0x00, 0x00, 0x00, 0x00, 0x00, 0x00, 0x00, 0x00, 0x00, 0x00, 0x00,
    0x00, 0x00, 0x00, 0x00, 0x00, 0x00, 0x00, 0x00, 0x00, 0x00, 0x00, 0x00, 0x00, 0x00, 0x00, 0x00, 0x00, 0x00, 0x00,
    0x00, 0x00, 0x00, 0x00, 0x00, 0x00, 0x00, 0x00, 0x00, 0x00, 0x00, 0x00, 0x00, 0x00, 0x00, 0x00, 0x00, 0x00, 0x00,
    0x00, 0x00, 0x00, 0x00, 0x00, 0x00, 0x00, 0x00, 0x00, 0x00, 0x00, 0x00, 0x00, 0x00, 0x00, 0x00, 0x00, 0x00, 0x00,
    0x00, 0x00, 0x00, 0x00, 0x00, 0x00, 0x00, 0x00, 0x00, 0x00, 0x00, 0x00, 0x00, 0x00, 0x00, 0x00, 0x00, 0x00, 0x00,
    0x00, 0x00, 0x00, 0x00, 0x00, 0x00, 0x00, 0x00, 0x00, 0x00, 0x00, 0x00, 0x00, 0x00, 0x00, 0x00, 0x00, 0x00, 0x00,
    0x00, 0x00, 0x00, 0x00, 0x00, 0x00, 0x00, 0x00, 0x00, 0x00, 0x00, 0x00, 0x00, 0x00, 0x00, 0x00, 0x00, 0x00, 0x00,
    0x00, 0x00, 0x00, 0x00, 0x00, 0x00, 0x00, 0x00, 0x00, 0x00, 0x00, 0x00, 0x00, 0x00, 0x00, 0x00, 0x00, 0x00, 0x00,
    0x00, 0x00, 0x00, 0x00, 0x00, 0x00, 0x00, 0x00, 0x00, 0x00, 0x00, 0x00, 0x00, 0x00, 0x00, 0x00, 0x00, 0x00, 0x00,
    0x00, 0x00, 0x00, 0x00, 0x00, 0x00, 0x00, 0x00, 0x00, 0x00, 0x00, 0x00, 0x00, 0x00, 0x00, 0x00, 0x00, 0x00, 0x00,
    0x00, 0x00, 0x00, 0x00, 0x00, 0x00, 0x00, 0x00, 0x00, 0x00, 0x00, 0x00, 0x00, 0x00, 0x00, 0x00, 0x00, 0x00, 0x00,
    0x00, 0x00, 0x00, 0x00, 0x00, 0x00, 0x00, 0x00, 0x00, 0x00, 0x00, 0x00, 0x00, 0x00, 0x00, 0x00, 0x00, 0x00, 0x00,
    0x00, 0x00, 0x00, 0x00, 0x00, 0x00, 0x00, 0x00, 0x00, 0x00, 0x00, 0x00, 0x00, 0x00, 0x00, 0x00, 0x00, 0x00, 0x00,
    0x00, 0x00, 0x00, 0x00, 0x00, 0x00, 0x00, 0x00, 0x00, 0x00, 0x00, 0x00, 0x00, 0x00, 0x00, 0x00, 0x00, 0x00, 0x00,
    0x00, 0x00, 0x00, 0x00, 0x00, 0x00, 0x00, 0x00, 0x00, 0x00, 0x00, 0x00, 0x00, 0x00, 0x00, 0x00, 0x00, 0x00, 0x00,
    0x00, 0x00, 0x00, 0x00, 0x00, 0x00, 0x00, 0x00, 0x00, 0x00, 0x00, 0x00, 0x00, 0x00, 0x00, 0x00, 0x00, 0x00, 0x00,
    0x00, 0x00, 0x00, 0x00, 0x00, 0x00, 0x00, 0x00, 0x00, 0x00, 0x00, 0x00, 0x00, 0x00, 0x00, 0x00, 0x00, 0x00, 0x00,
    0x00, 0x00, 0x00, 0x00, 0x00, 0x00, 0x00, 0x00, 0x00, 0x00, 0x00, 0x00, 0x00, 0x00, 0x00, 0x00, 0x00, 0x00, 0x00,
    0x00, 0x00, 0x00, 0x00, 0x00, 0x00, 0x00, 0x00, 0x00, 0x00, 0x00, 0x00, 0x00, 0x00, 0x00, 0x00, 0x00, 0x00, 0x00,
    0x00, 0x00, 0x00, 0x00, 0x00, 0x00, 0x00, 0x00, 0x00, 0x00, 0x00, 0x00, 0x00, 0x00, 0x00, 0x00, 0x00, 0x00, 0x00,
    0x00, 0x00, 0x00, 0x00, 0x00, 0x00, 0x00, 0x00, 0x00, 0x00, 0x00, 0x00, 0x00, 0x00, 0x00, 0x00, 0x00, 0x00, 0x00,
    0x00, 0x00, 0x00, 0x00, 0x00, 0x00, 0x00, 0x00, 0x00, 0x00, 0x00, 0x00, 0x00, 0x00, 0x00, 0x00, 0x00, 0x00, 0x00,
    0x00, 0x00, 0x00, 0x00, 0x00, 0x00, 0x00, 0x00, 0x00, 0x00, 0x00, 0x00, 0x00, 0x00, 0x00, 0x00, 0x00, 0x00, 0x00,
    0x00, 0x00, 0x00, 0x00, 0x00, 0x00, 0x00, 0x00, 0x00, 0x00, 0x00, 0x00, 0x00, 0x00, 0x00, 0x00, 0x00, 0x00, 0x00,
    0x00, 0x00, 0x00, 0x00, 0x00, 0x00, 0x00, 0x00, 0x00, 0x00, 0x00, 0x00, 0x00, 0x00, 0x00, 0x00, 0x00, 0x00, 0x00,
    0x00, 0x00, 0x00, 0x00, 0x00, 0x00, 0x00, 0x00, 0x00, 0x00, 0x00, 0x00, 0x00, 0x00, 0x00, 0x00, 0x00, 0x00, 0x00,
    0x00, 0x00, 0x00, 0x00, 0x00, 0x00, 0x00, 0x00, 0x00, 0x00, 0x00, 0x00, 0x00, 0x00, 0x00, 0x00, 0x00, 0x00, 0x00,
    0x00, 0x00, 0x00, 0x00, 0x00, 0x00, 0x00, 0x00, 0x00, 0x00, 0x00, 0x00, 0x00, 0x00, 0x00, 0x00, 0x00, 0x00, 0x00,
    0x00, 0x00, 0x00, 0x00, 0x00, 0x00, 0x00, 0x00, 0x00, 0x00, 0x00, 0x00, 0x00, 0x00, 0x00, 0x00, 0x00, 0x00, 0x00,
    0x00, 0x00, 0x00, 0x00, 0x00, 0x00, 0x00, 0x00, 0x00, 0x00, 0x00, 0x00, 0x00, 0x00, 0x00, 0x00, 0x00, 0x00, 0x00,
    0x00, 0x00, 0x00, 0x00, 0x00, 0x00, 0x00, 0x00, 0x00, 0x00, 0x00, 0x00, 0x00, 0x00, 0x00, 0x00, 0x00, 0x00, 0x00,
    0x00, 0x00, 0x00, 0x00, 0x00, 0x00, 0x00, 0x00, 0x00, 0x00, 0x00, 0x00, 0x00, 0x00, 0x00, 0x00, 0x00, 0x00, 0x00,
    0x00, 0x00, 0x00, 0x00, 0x00, 0x00, 0x00, 0x00, 0x00, 0x00, 0x00, 0x00, 0x00, 0x00, 0x00, 0x00, 0x00, 0x00, 0x00,
    0x00, 0x00, 0x00, 0x00, 0x00, 0x00, 0x00, 0x00, 0x00, 0x00, 0x00, 0x00, 0x00, 0x00, 0x00, 0x00, 0x00, 0x00, 0x00,
    0x00, 0x00, 0x00, 0x00, 0x00, 0x00, 0x00, 0x00, 0x00, 0x00, 0x00, 0x00, 0x00, 0x00, 0x00, 0x00, 0x00, 0x00, 0x00,
    0x00, 0x00, 0x00, 0x00, 0x00, 0x00, 0x00, 0x00, 0x00, 0x00, 0x00, 0x00, 0x00, 0x00, 0x00, 0x00, 0x00, 0x00, 0x00,
    0x00, 0x00, 0x00, 0x00, 0x00, 0x00, 0x00, 0x00, 0x00, 0x00, 0x00, 0x00, 0x00, 0x00, 0x00, 0x00, 0x00, 0x00, 0x00,
    0x00, 0x00, 0x00, 0x00, 0x00, 0x00, 0x00, 0x00, 0x00, 0x00, 0x00, 0x00, 0x00, 0x00, 0x00, 0x00, 0x00, 0x00, 0x00,
    0x00, 0x00, 0x00, 0x00, 0x00, 0x00, 0x00, 0x00, 0x00, 0x00, 0x00, 0x00, 0x00, 0x00, 0x00, 0x00, 0x00, 0x00, 0x00,
    0x00, 0x00, 0x00, 0x00, 0x00, 0x00, 0x00, 0x00, 0x00, 0x00, 0x00, 0x00, 0x00, 0x00, 0x00, 0x00, 0x00, 0x00, 0x00,
    0x00, 0x00, 0x00, 0x00, 0x00, 0x00, 0x00, 0x00, 0x00, 0x00, 0x00, 0x00, 0x00, 0x00, 0x00, 0x00, 0x00, 0x00, 0x00,
    0x00, 0x00, 0x00, 0x00, 0x00, 0x00, 0x00, 0x00, 0x00, 0x00, 0x00, 0x00, 0x00, 0x00, 0x00, 0x00, 0x00, 0x00, 0x00,
    0x00, 0x00, 0x00, 0x00, 0x00, 0x00, 0x00, 0x00, 0x00, 0x00, 0x00, 0x00, 0x00, 0x00, 0x00, 0x00, 0x00, 0x00, 0x00,
    0x00, 0x00, 0x00, 0x00, 0x00, 0x00, 0x00, 0x00, 0x00, 0x00, 0x00, 0x00, 0x00, 0x00, 0x00, 0x00, 0x00, 0x00, 0x00,
    0x00, 0x00, 0x00, 0x00, 0x00, 0x00, 0x00, 0x00, 0x00, 0x00, 0x00, 0x00, 0x00, 0x00, 0x00, 0x00, 0x00, 0x00, 0x00,
    0x00, 0x00, 0x00, 0x00, 0x00, 0x00, 0x00, 0x00, 0x00, 0x00, 0x00, 0x00, 0x00, 0x00, 0x00, 0x00, 0x00, 0x00, 0x00,
    0x00, 0x00, 0x00, 0x00, 0x00, 0x00, 0x00, 0x00, 0x00, 0x00, 0x00, 0x00, 0x00, 0x00, 0x00, 0x00, 0x00, 0x00, 0x00,
    0x00, 0x00, 0x00, 0x00, 0x00, 0x00, 0x00, 0x00, 0x00, 0x00, 0x00, 0x00, 0x00, 0x00, 0x00, 0x00, 0x00, 0x00, 0x00,
    0x00, 0x00, 0x00, 0x00, 0x00, 0x00, 0x00, 0x00, 0x00, 0x00, 0x00, 0x00, 0x00, 0x00, 0x00, 0x00, 0x00, 0x00, 0x00,
    0x00, 0x00, 0x00, 0x00, 0x00, 0x00, 0x00, 0x00, 0x00, 0x00, 0x00, 0x00, 0x00, 0x00, 0x00, 0x00, 0x00, 0x00, 0x00,
    0x00, 0x00, 0x00, 0x00, 0x00, 0x00, 0x00, 0x00, 0x00, 0x00, 0x00, 0x00, 0x00, 0x00, 0x00, 0x00, 0x00, 0x00, 0x00,
    0x00, 0x00, 0x00, 0x00, 0x00, 0x00, 0x00, 0x00, 0x00, 0x00, 0x00, 0x00, 0x00, 0x00, 0x00, 0x00, 0x00, 0x00, 0x00,
    0x00, 0x00, 0x00, 0x00, 0x00, 0x00, 0x00, 0x00, 0x00, 0x00, 0x00, 0x00, 0x00, 0x00, 0x00, 0x00, 0x00, 0x00, 0x00,
    0x00, 0x00, 0x00, 0x00, 0x00, 0x00, 0x00, 0x00, 0x00, 0x00, 0x00, 0x00, 0x00, 0x00, 0x00, 0x00, 0x00, 0x00, 0x00,
    0x00, 0x00, 0x00, 0x00, 0x00, 0x00, 0x00, 0x00, 0x00, 0x00, 0x00, 0x00, 0x00, 0x00, 0x00, 0x00, 0x00, 0x00, 0x00,
    0x00, 0x00, 0x00, 0x00, 0x00, 0x00, 0x00, 0x00, 0x00, 0x00, 0x00, 0x00, 0x00, 0x00, 0x00, 0x00, 0x00, 0x00, 0x00,
    0x00, 0x00, 0x00, 0x00, 0x00, 0x00, 0x00, 0x00, 0x00, 0x00, 0x00, 0x00, 0x00, 0x00, 0x00, 0x00, 0x00, 0x00, 0x00,
    0x00, 0x00, 0x00, 0x00, 0x00, 0x00, 0x00, 0x00, 0x00, 0x00, 0x00, 0x00, 0x00, 0x00, 0x00, 0x00, 0x00, 0x00, 0x00,
    0x00, 0x00, 0x00, 0x00, 0x00, 0x00, 0x00, 0x00, 0x00, 0x00, 0x00, 0x00, 0x00, 0x00, 0x00, 0x00, 0x00, 0x00, 0x00,
    0x00, 0x00, 0x00, 0x00, 0x00, 0x00, 0x00, 0x00, 0x00, 0x00, 0x00, 0x00, 0x00, 0x00, 0x00, 0x00, 0x00, 0x00, 0x00,
    0x00, 0x00, 0x00, 0x00, 0x00, 0x00, 0x00, 0x00, 0x00, 0x00, 0x00, 0x00, 0x00, 0x00, 0x00, 0x00, 0x00, 0x00, 0x00,
    0x00, 0x00, 0x00, 0x00, 0x00, 0x00, 0x00, 0x00, 0x00, 0x00, 0x00, 0x00, 0x00, 0x00, 0x00, 0x00, 0x00, 0x00, 0x00,
    0x00, 0x00, 0x00, 0x00, 0x00, 0x00, 0x00, 0x00, 0x00, 0x00, 0x00, 0x00, 0x00, 0x00, 0x00, 0x00, 0x00, 0x00, 0x00,
    0x00, 0x00, 0x00, 0x00, 0x00, 0x00, 0x00, 0x00, 0x00, 0x00, 0x00, 0x00, 0x00, 0x00, 0x00, 0x00, 0x00, 0x00, 0x00,
    0x00, 0x00, 0x00, 0x00, 0x00, 0x00, 0x00, 0x00, 0x00, 0x00, 0x00, 0x00, 0x00, 0x00, 0x00, 0x00, 0x00, 0x00, 0x00,
    0x00, 0x00, 0x00, 0x00, 0x00, 0x00, 0x00, 0x00, 0x00, 0x00, 0x00, 0x00, 0x00, 0x00, 0x00, 0x00, 0x00, 0x00, 0x00,
    0x00, 0x00, 0x00, 0x00, 0x00, 0x00, 0x00, 0x00, 0x00, 0x00, 0x00, 0x00, 0x00, 0x00, 0x00, 0x00, 0x00, 0x00, 0x00,
    0x00, 0x00, 0x00, 0x00, 0x00, 0x00, 0x00, 0x00, 0x00, 0x00, 0x00, 0x00, 0x00, 0x00, 0x00, 0x00, 0x00, 0x00, 0x00,
    0x00, 0x00, 0x00, 0x00, 0x00, 0x00, 0x00, 0x00, 0x00, 0x00, 0x00, 0x00, 0x00, 0x00, 0x00, 0x00, 0x00, 0x00, 0x00,
    0x00, 0x00, 0x00, 0x00, 0x00, 0x00, 0x00, 0x00, 0x00, 0x00, 0x00, 0x00, 0x00, 0x00, 0x00, 0x00, 0x00, 0x00, 0x00,
    0x00, 0x00, 0x00, 0x00, 0x00, 0x00, 0x00, 0x00, 0x00, 0x00, 0x00, 0x00, 0x00, 0x00, 0x00, 0x00, 0x00, 0x00, 0x00,
    0x00, 0x00, 0x00, 0x00, 0x00, 0x00, 0x00, 0x00, 0x00, 0x00, 0x00, 0x00, 0x00, 0x00, 0x00, 0x00, 0x00, 0x00, 0x00,
    0x00, 0x00, 0x00, 0x00, 0x00, 0x00, 0x00, 0x00, 0x00, 0x00, 0x00, 0x00, 0x00, 0x00, 0x00, 0x00, 0x00, 0x00, 0x00,
    0x00, 0x00, 0x00, 0x00, 0x00, 0x00, 0x00, 0x00, 0x00, 0x00, 0x00, 0x00, 0x00, 0x00, 0x00, 0x00, 0x00, 0x00, 0x00,
    0x00, 0x00, 0x00, 0x00, 0x00, 0x00, 0x00, 0x00, 0x00, 0x00, 0x00, 0x00, 0x00, 0x00, 0x00, 0x00, 0x00, 0x00, 0x00,
    0x00, 0x00, 0x00, 0x00, 0x00, 0x00, 0x00, 0x00, 0x00, 0x00, 0x00, 0x00, 0x00, 0x00, 0x00, 0x00, 0x00, 0x00, 0x00,
    0x00, 0x00, 0x00, 0x00, 0x00, 0x00, 0x00, 0x00, 0x00, 0x00, 0x00, 0x00, 0x00, 0x00, 0x00, 0x00, 0x00, 0x00, 0x00,
    0x00, 0x00, 0x00, 0x00, 0x00, 0x00, 0x00, 0x00, 0x00, 0x00, 0x00, 0x00, 0x00, 0x00, 0x00, 0x00, 0x00, 0x00, 0x00,
    0x00, 0x00, 0x00, 0x00, 0x00, 0x00, 0x00, 0x00, 0x00, 0x00, 0x00, 0x00, 0x00, 0x00, 0x00, 0x00, 0x00, 0x00, 0x00,
    0x00, 0x00, 0x00, 0x00, 0x00, 0x00, 0x00, 0x00, 0x00, 0x00, 0x00, 0x00, 0x00, 0x00, 0x00, 0x00, 0x00, 0x00, 0x00,
    0x00, 0x00, 0x00, 0x00, 0x00, 0x00, 0x00, 0x00, 0x00, 0x00, 0x00, 0x00, 0x00, 0x00, 0x00, 0x00, 0x00, 0x00, 0x00,
    0x00, 0x00, 0x00, 0x00, 0x00, 0x00, 0x00, 0x00, 0x00, 0x00, 0x00, 0x00, 0x00, 0x00, 0x00, 0x00, 0x00, 0x00, 0x00,
    0x00, 0x00, 0x00, 0x00, 0x00, 0x00, 0x00, 0x00, 0x00, 0x00, 0x00, 0x00, 0x00, 0x00, 0x00, 0x00, 0x00, 0x00, 0x00,
    0x00, 0x00, 0x00, 0x00, 0x00, 0x00, 0x00, 0x00, 0x00, 0x00, 0x00, 0x00, 0x00, 0x00, 0x00, 0x00, 0x00, 0x00, 0x00,
    0x00, 0x00, 0x00, 0x00, 0x00, 0x00, 0x00, 0x00, 0x00, 0x00, 0x00, 0x00, 0x00, 0x00, 0x00, 0x00, 0x00, 0x00, 0x00,
    0x00, 0x00, 0x00, 0x00, 0x00, 0x00, 0x00, 0x00, 0x00, 0x00, 0x00, 0x00, 0x00, 0x00, 0x00, 0x00, 0x00, 0x00, 0x00,
    0x00, 0x00, 0x00, 0x00, 0x00, 0x00, 0x00, 0x00, 0x00, 0x00, 0x00, 0x00, 0x00, 0x00, 0x00, 0x00, 0x00, 0x00, 0x00,
    0x00, 0x00, 0x00, 0x00, 0x00, 0x00, 0x00, 0x00, 0x00, 0x00, 0x00, 0x00, 0x00, 0x00, 0x00, 0x00, 0x00, 0x00, 0x00,
    0x00, 0x00, 0x00, 0x00, 0x00, 0x00, 0x00, 0x00, 0x00, 0x00, 0x00, 0x00, 0x00, 0x00, 0x00, 0x00, 0x00, 0x00, 0x00,
    0x00, 0x00, 0x00, 0x00, 0x00, 0x00, 0x00, 0x00, 0x00, 0x00, 0x00, 0x00, 0x00, 0x00, 0x00, 0x00, 0x00, 0x00, 0x00,
    0x00, 0x00, 0x00, 0x00, 0x00, 0x00, 0x00, 0x00, 0x00, 0x00, 0x00, 0x00, 0x00, 0x00, 0x00, 0x00, 0x00, 0x00, 0x00,
    0x00, 0x00, 0x00, 0x00, 0x00, 0x00, 0x00, 0x00, 0x00, 0x00, 0x00, 0x00, 0x00, 0x00, 0x00, 0x00, 0x00, 0x00, 0x00,
    0x00, 0x00, 0x00, 0x00, 0x00, 0x00, 0x00, 0x00, 0x00, 0x00, 0x00, 0x00, 0x00, 0x00, 0x00, 0x00, 0x00, 0x00, 0x00,
    0x00, 0x00, 0x00, 0x00, 0x00, 0x00, 0x00, 0x00, 0x00, 0x00, 0x00, 0x00, 0x00, 0x00, 0x00, 0x00, 0x00, 0x00, 0x00,
    0x00, 0x00, 0x00, 0x00, 0x00, 0x00, 0x00, 0x00, 0x00, 0x00, 0x00, 0x00, 0x00, 0x00, 0x00, 0x00, 0x00, 0x00, 0x00,
    0x00, 0x00, 0x00, 0x00, 0x00, 0x00, 0x00, 0x00, 0x00, 0x00, 0x00, 0x00, 0x00, 0x00, 0x00, 0x00, 0x00, 0x00, 0x00,
    0x00, 0x00, 0x00, 0x00, 0x00, 0x00, 0x00, 0x00, 0x00, 0x00, 0x00, 0x00, 0x00, 0x00, 0x00, 0x00, 0x00, 0x00, 0x00,
    0x00, 0x00, 0x00, 0x00, 0x00, 0x00, 0x00, 0x00, 0x00, 0x00, 0x00, 0x00, 0x00, 0x00, 0x00, 0x00, 0x00, 0x00, 0x00,
    0x00, 0x00, 0x00, 0x00, 0x00, 0x00, 0x00, 0x00, 0x00, 0x00, 0x00, 0x00, 0x00, 0x00, 0x00, 0x00, 0x00, 0x00, 0x00,
    0x00, 0x00, 0x00, 0x00, 0x00, 0x00, 0x00, 0x00, 0x00, 0x00, 0x00, 0x00, 0x00, 0x00, 0x00, 0x00, 0x00, 0x00, 0x00,
    0x00, 0x00, 0x00, 0x00, 0x00, 0x00, 0x00, 0x00, 0x00, 0x00, 0x00, 0x00, 0x00, 0x00, 0x00, 0x00, 0x00, 0x00, 0x00,
    0x00, 0x00, 0x00, 0x00, 0x00, 0x00, 0x00, 0x00, 0x00, 0x00, 0x00, 0x00, 0x00, 0x00, 0x00, 0x00, 0x00, 0x00, 0x00,
    0x00, 0x00, 0x00, 0x00, 0x00, 0x00, 0x00, 0x00, 0x00, 0x00, 0x00, 0x00, 0x00, 0x00, 0x00, 0x00, 0x00, 0x00, 0x00,
    0x00, 0x00, 0x00, 0x00, 0x00, 0x00, 0x00, 0x00, 0x00, 0x00, 0x00, 0x00, 0x00, 0x00, 0x00, 0x00, 0x00, 0x00, 0x00,
    0x00, 0x00, 0x00, 0x00, 0x00, 0x00, 0x00, 0x00, 0x00, 0x00, 0x00, 0x00, 0x00, 0x00, 0x00, 0x00, 0x00, 0x00, 0x00,
    0x00, 0x00, 0x00, 0x00, 0x00, 0x00, 0x00, 0x00, 0x00, 0x00, 0x00, 0x00, 0x00, 0x00, 0x00, 0x00, 0x00, 0x00, 0x00,
    0x00, 0x00, 0x00, 0x00, 0x00, 0x00, 0x00, 0x00, 0x00, 0x00, 0x00, 0x00, 0x00, 0x00, 0x00, 0x00, 0x00, 0x00, 0x00,
    0x00, 0x00, 0x00, 0x00, 0x00, 0x00, 0x00, 0x00, 0x00, 0x00, 0x00, 0x00, 0x00, 0x00, 0x00, 0x00, 0x00, 0x00, 0x00,
    0x00, 0x00, 0x00, 0x00, 0x00, 0x00, 0x00, 0x00, 0x00, 0x00, 0x00, 0x00, 0x00, 0x00, 0x00, 0x00, 0x00, 0x00, 0x00,
    0x00, 0x00, 0x00, 0x00, 0x00, 0x00, 0x00, 0x00, 0x00, 0x00, 0x00, 0x00, 0x00, 0x00, 0x00, 0x00, 0x00, 0x00, 0x00,
    0x00, 0x00, 0x00, 0x00, 0x00, 0x00, 0x00, 0x00, 0x00, 0x00, 0x00, 0x00, 0x00, 0x00, 0x00, 0x00, 0x00, 0x00, 0x00,
    0x00, 0x00, 0x00, 0x00, 0x00, 0x00, 0x00, 0x00, 0x00, 0x00, 0x00, 0x00, 0x00, 0x00, 0x00, 0x00, 0x00, 0x00, 0x00,
    0x00, 0x00, 0x00, 0x00, 0x00, 0x00, 0x00, 0x00, 0x00, 0x00, 0x00, 0x00, 0x00, 0x00, 0x00, 0x00, 0x00, 0x00, 0x00,
    0x00, 0x00, 0x00, 0x00, 0x00, 0x00, 0x00, 0x00, 0x00, 0x00, 0x00, 0x00, 0x00, 0x00, 0x00, 0x00, 0x00, 0x00, 0x00,
    0x00, 0x00, 0x00, 0x00, 0x00, 0x00, 0x00, 0x00, 0x00, 0x00, 0x00, 0x00, 0x00, 0x00, 0x00, 0x00, 0x00, 0x00, 0x00,
    0x00, 0x00, 0x00, 0x00, 0x00, 0x00, 0x00, 0x00, 0x00, 0x00, 0x00, 0x00, 0x00, 0x00, 0x00, 0x00, 0x00, 0x00, 0x00,
    0x00, 0x00, 0x00, 0x00, 0x00, 0x00, 0x00, 0x00, 0x00, 0x00, 0x00, 0x00, 0x00, 0x00, 0x00, 0x00, 0x00, 0x00, 0x00,
    0x00, 0x00, 0x00, 0x00, 0x00, 0x00, 0x00, 0x00, 0x00, 0x00, 0x00, 0x00, 0x00, 0x00, 0x00, 0x00, 0x00, 0x00, 0x00,
    0x00, 0x00, 0x00, 0x00, 0x00, 0x00, 0x00, 0x00, 0x00, 0x00, 0x00, 0x00, 0x00, 0x00, 0x00, 0x00, 0x00, 0x00, 0x00,
    0x00, 0x00, 0x00, 0x00, 0x00, 0x00, 0x00, 0x00, 0x00, 0x00, 0x00, 0x00, 0x00, 0x00, 0x00, 0x00, 0x00, 0x00, 0x00,
    0x00, 0x00, 0x00, 0x00, 0x00, 0x00, 0x00, 0x00, 0x00, 0x00, 0x00, 0x00, 0x00, 0x00, 0x00, 0x00, 0x00, 0x00, 0x00,
    0x00, 0x00, 0x00, 0x00, 0x00, 0x00, 0x00, 0x00, 0x00, 0x00, 0x00, 0x00, 0x00, 0x00, 0x00, 0x00, 0x00, 0x00, 0x00,
    0x00, 0x00, 0x00, 0x00, 0x00, 0x00, 0x00, 0x00, 0x00, 0x00, 0x00, 0x00, 0x00, 0x00, 0x00, 0x00, 0x00, 0x00, 0x00,
    0x00, 0x00, 0x00, 0x00, 0x00, 0x00, 0x00, 0x00, 0x00, 0x00, 0x00, 0x00, 0x00, 0x00, 0x00, 0x00, 0x00, 0x00, 0x00,
    0x00, 0x00, 0x00, 0x00, 0x00, 0x00, 0x00, 0x00, 0x00, 0x00, 0x00, 0x00, 0x00, 0x00, 0x00, 0x00, 0x00, 0x00, 0x00,
    0x00, 0x00, 0x00, 0x00, 0x00, 0x00, 0x00, 0x00, 0x00, 0x00, 0x00, 0x00, 0x00, 0x00, 0x00, 0x00, 0x00, 0x00, 0x00,
    0x00, 0x00, 0x00, 0x00, 0x00, 0x00, 0x00, 0x00, 0x00, 0x00, 0x00, 0x00, 0x00, 0x00, 0x00, 0x00, 0x00, 0x00, 0x00,
    0x00, 0x00, 0x00, 0x00, 0x00, 0x00, 0x00, 0x00, 0x00, 0x00, 0x00, 0x00, 0x00, 0x00, 0x00, 0x00, 0x00, 0x00, 0x00,
    0x00, 0x00, 0x00, 0x00, 0x00, 0x00, 0x00, 0x00, 0x00, 0x00, 0x00, 0x00, 0x00, 0x00, 0x00, 0x00, 0x00, 0x00, 0x00,
    0x00, 0x00, 0x00, 0x00, 0x00, 0x00, 0x00, 0x00, 0x00, 0x00, 0x00, 0x00, 0x00, 0x00, 0x00, 0x00, 0x00, 0x00, 0x00,
    0x00, 0x00, 0x00, 0x00, 0x00, 0x00, 0x00, 0x00, 0x00, 0x00, 0x00, 0x00, 0x00, 0x00, 0x00, 0x00, 0x00, 0x00, 0x00,
    0x00, 0x00, 0x00, 0x00, 0x00, 0x00, 0x00, 0x00, 0x00, 0x00, 0x00, 0x00, 0x00, 0x00, 0x00, 0x00, 0x00, 0x00, 0x00,
    0x00, 0x00, 0x00, 0x00, 0x00, 0x00, 0x00, 0x00, 0x00, 0x00, 0x00, 0x00, 0x00, 0x00, 0x00, 0x00, 0x00, 0x00, 0x00,
    0x00, 0x00, 0x00, 0x00, 0x00, 0x00, 0x00, 0x00, 0x00, 0x00, 0x00, 0x00, 0x00, 0x00, 0x00, 0x00, 0x00, 0x00, 0x00,
    0x00, 0x00, 0x00, 0x00, 0x00, 0x00, 0x00, 0x00, 0x00, 0x00, 0x00, 0x00, 0x00, 0x00, 0x00, 0x00, 0x00, 0x00, 0x00,
    0x00, 0x00, 0x00, 0x00, 0x00, 0x00, 0x00, 0x00, 0x00, 0x00, 0x00, 0x00, 0x00, 0x00, 0x00, 0x00, 0x00, 0x00, 0x00,
    0x00, 0x00, 0x00, 0x00, 0x00, 0x00, 0x00, 0x00, 0x00, 0x00, 0x00, 0x00, 0x00, 0x00, 0x00, 0x00, 0x00, 0x00, 0x00,
    0x00, 0x00, 0x00, 0x00, 0x00, 0x00, 0x00, 0x00, 0x00, 0x00, 0x00, 0x00, 0x00, 0x00, 0x00, 0x00, 0x00, 0x00, 0x00,
    0x00, 0x00, 0x00, 0x00, 0x00, 0x00, 0x00, 0x00, 0x00, 0x00, 0x00, 0x00, 0x00, 0x00, 0x00, 0x00, 0x00, 0x00, 0x00,
    0x00, 0x00, 0x00, 0x00, 0x00, 0x00, 0x00, 0x00, 0x00, 0x00, 0x00, 0x00, 0x00, 0x00, 0x00, 0x00, 0x00, 0x00, 0x00,
    0x00, 0x00, 0x00, 0x00, 0x00, 0x00, 0x00, 0x00, 0x00, 0x00, 0x00, 0x00, 0x00, 0x00, 0x00, 0x00, 0x00, 0x00, 0x00,
    0x00, 0x00, 0x00, 0x00, 0x00, 0x00, 0x00, 0x00, 0x00, 0x00, 0x00, 0x00, 0x00, 0x00, 0x00, 0x00, 0x00, 0x00, 0x00,
    0x00, 0x00, 0x00, 0x00, 0x00, 0x00, 0x00, 0x00, 0x00, 0x00, 0x00, 0x00, 0x00, 0x00, 0x00, 0x00, 0x00, 0x00, 0x00,
    0x00, 0x00, 0x00, 0x00, 0x00, 0x00, 0x00, 0x00, 0x00, 0x00, 0x00, 0x00, 0x00, 0x00, 0x00, 0x00, 0x00, 0x00, 0x00,
    0x00, 0x00, 0x00, 0x00, 0x00, 0x00, 0x00, 0x00, 0x00, 0x00, 0x00, 0x00, 0x00, 0x00, 0x00, 0x00, 0x00, 0x00, 0x00,
    0x00, 0x00, 0x00, 0x00, 0x00, 0x00, 0x00, 0x00, 0x00, 0x00, 0x00, 0x00, 0x00, 0x00, 0x00, 0x00, 0x00, 0x00, 0x00,
    0x00, 0x00, 0x00, 0x00, 0x00, 0x00, 0x00, 0x00, 0x00, 0x00, 0x00, 0x00, 0x00, 0x00, 0x00, 0x00, 0x00, 0x00, 0x00,
    0x00, 0x00, 0x00, 0x00, 0x00, 0x00, 0x00, 0x00, 0x00, 0x00, 0x00, 0x00, 0x00, 0x00, 0x00, 0x00, 0x00, 0x00, 0x00,
    0x00, 0x00, 0x00, 0x00, 0x00, 0x00, 0x00, 0x00, 0x00, 0x00, 0x00, 0x00, 0x00, 0x00, 0x00, 0x00, 0x00, 0x00, 0x00,
    0x00, 0x00, 0x00, 0x00, 0x00, 0x00, 0x00, 0x00, 0x00, 0x00, 0x00, 0x00, 0x00, 0x00, 0x00, 0x00, 0x00, 0x00, 0x00,
    0x00, 0x00, 0x00, 0x00, 0x00, 0x00, 0x00, 0x00, 0x00, 0x00, 0x00, 0x00, 0x00, 0x00, 0x00, 0x00, 0x00, 0x00, 0x00,
    0x00, 0x00, 0x00, 0x00, 0x00, 0x00, 0x00, 0x00, 0x00, 0x00, 0x00, 0x00, 0x00, 0x00, 0x00, 0x00, 0x00, 0x00, 0x00,
    0x00, 0x00, 0x00, 0x00, 0x00, 0x00, 0x00, 0x00, 0x00, 0x00, 0x00, 0x00, 0x00, 0x00, 0x00, 0x00, 0x00, 0x00, 0x00,
    0x00, 0x00, 0x00, 0x00, 0x00, 0x00, 0x00, 0x00, 0x00, 0x00, 0x00, 0x00, 0x00, 0x00, 0x00, 0x00, 0x00, 0x00, 0x00,
    0x00, 0x00, 0x00, 0x00, 0x00, 0x00, 0x00, 0x00, 0x00, 0x00, 0x00, 0x00, 0x00, 0x00, 0x00, 0x00, 0x00, 0x00, 0x00,
    0x00, 0x00, 0x00, 0x00, 0x00, 0x00, 0x00, 0x00, 0x00, 0x00, 0x00, 0x00, 0x00, 0x00, 0x00, 0x00, 0x00, 0x00, 0x00,
    0x00, 0x00, 0x00, 0x00, 0x00, 0x00, 0x00, 0x00, 0x00, 0x00, 0x00, 0x00, 0x00, 0x00, 0x00, 0x00, 0x00, 0x00, 0x00,
    0x00, 0x00, 0x00, 0x00, 0x00, 0x00, 0x00, 0x00, 0x00, 0x00, 0x00, 0x00, 0x00, 0x00, 0x00, 0x00, 0x00, 0x00, 0x00,
    0x00, 0x00, 0x00, 0x00, 0x00, 0x00, 0x00, 0x00, 0x00, 0x00, 0x00, 0x00, 0x00, 0x00, 0x00, 0x00, 0x00, 0x00, 0x00,
    0x00, 0x00, 0x00, 0x00, 0x00, 0x00, 0x00, 0x00, 0x00, 0x00, 0x00, 0x00, 0x00, 0x00, 0x00, 0x00, 0x00, 0x00, 0x00,
    0x00, 0x00, 0x00, 0x00, 0x00, 0x00, 0x00, 0x00, 0x00, 0x00, 0x00, 0x00, 0x00, 0x00, 0x00, 0x00, 0x00, 0x00, 0x00,
    0x00, 0x00, 0x00, 0x00, 0x00, 0x00, 0x00, 0x00, 0x00, 0x00, 0x00, 0x00, 0x00, 0x00, 0x00, 0x00, 0x00, 0x00, 0x00,
    0x00, 0x00, 0x00, 0x00, 0x00, 0x00, 0x00, 0x00, 0x00, 0x00, 0x00, 0x00, 0x00, 0x00, 0x00, 0x00, 0x00, 0x00, 0x00,
    0x00, 0x00, 0x00, 0x00, 0x00, 0x00, 0x00, 0x00, 0x00, 0x00, 0x00, 0x00, 0x00, 0x00, 0x00, 0x00, 0x00, 0x00, 0x00,
    0x00, 0x00, 0x00, 0x00, 0x00, 0x00, 0x00, 0x00, 0x00, 0x00, 0x00, 0x00, 0x00, 0x00, 0x00, 0x00, 0x00, 0x00, 0x00,
    0x00, 0x00, 0x00, 0x00, 0x00, 0x00, 0x00, 0x00, 0x00, 0x00, 0x00, 0x00, 0x00, 0x00, 0x00, 0x00, 0x00, 0x00, 0x00,
    0x00, 0x00, 0x00, 0x00, 0x00, 0x00, 0x00, 0x00, 0x00, 0x00, 0x00, 0x00, 0x00, 0x00, 0x00, 0x00, 0x00, 0x00, 0x00,
    0x00, 0x00, 0x00, 0x00, 0x00, 0x00, 0x00, 0x00, 0x00, 0x00, 0x00, 0x00, 0x00, 0x00, 0x00, 0x00, 0x00, 0x00, 0x00,
    0x00, 0x00, 0x00, 0x00, 0x00, 0x00, 0x00, 0x00, 0x00, 0x00, 0x00, 0x00, 0x00, 0x00, 0x00, 0x00, 0x00, 0x00, 0x00,
    0x00, 0x00, 0x00, 0x00, 0x00, 0x00, 0x00, 0x00, 0x00, 0x00, 0x00, 0x00, 0x00, 0x00, 0x00, 0x00, 0x00, 0x00, 0x00,
    0x00, 0x00, 0x00, 0x00, 0x00, 0x00, 0x00, 0x00, 0x00, 0x00, 0x00, 0x00, 0x00, 0x00, 0x00, 0x00, 0x00, 0x00, 0x00,
    0x00, 0x00, 0x00, 0x00, 0x00, 0x00, 0x00, 0x00, 0x00, 0x00, 0x00, 0x00, 0x00, 0x00, 0x00, 0x00, 0x00, 0x00, 0x00,
    0x00, 0x00, 0x00, 0x00, 0x00, 0x00, 0x00, 0x00, 0x00, 0x00, 0x00, 0x00, 0x00, 0x00, 0x00, 0x00, 0x00, 0x00, 0x00,
    0x00, 0x00, 0x00, 0x00, 0x00, 0x00, 0x00, 0x00, 0x00, 0x00, 0x00, 0x00, 0x00, 0x00, 0x00, 0x00, 0x00, 0x00, 0x00,
    0x00, 0x00, 0x00, 0x00, 0x00, 0x00, 0x00, 0x00, 0x00, 0x00, 0x00, 0x00, 0x00, 0x00, 0x00, 0x00, 0x00, 0x00, 0x00,
    0x00, 0x00, 0x00, 0x00, 0x00, 0x00, 0x00, 0x00, 0x00, 0x00, 0x00, 0x00, 0x00, 0x00, 0x00, 0x00, 0x00, 0x00, 0x00,
    0x00, 0x00, 0x00, 0x00, 0x00, 0x00, 0x00, 0x00, 0x00, 0x00, 0x00, 0x00, 0x00, 0x00, 0x00, 0x00, 0x00, 0x00, 0x00,
    0x00, 0x00, 0x00, 0x00, 0x00, 0x00, 0x00, 0x00, 0x00, 0x00, 0x00, 0x00, 0x00, 0x00, 0x00, 0x00, 0x00, 0x00, 0x00,
    0x00, 0x00, 0x00, 0x00, 0x00, 0x00, 0x00, 0x00, 0x00, 0x00, 0x00, 0x00, 0x00, 0x00, 0x00, 0x00, 0x00, 0x00, 0x00,
    0x00, 0x00, 0x00, 0x00, 0x00, 0x00, 0x00, 0x00, 0x00, 0x00, 0x00, 0x00, 0x00, 0x00, 0x00, 0x00, 0x00, 0x00, 0x00,
    0x00, 0x00, 0x00, 0x00, 0x00, 0x00, 0x00, 0x00, 0x00, 0x00, 0x00, 0x00, 0x00, 0x00, 0x00, 0x00, 0x00, 0x00, 0x00,
    0x00, 0x00, 0x00, 0x00, 0x00, 0x00, 0x00, 0x00, 0x00, 0x00, 0x00, 0x00, 0x00, 0x00, 0x00, 0x00, 0x00, 0x00, 0x00,
    0x00, 0x00, 0x00, 0x00, 0x00, 0x00, 0x00, 0x00, 0x00, 0x00, 0x00, 0x00, 0x00, 0x00, 0x00, 0x00, 0x00, 0x00, 0x00,
    0x00, 0x00, 0x00, 0x00, 0x00, 0x00, 0x00, 0x00, 0x00, 0x00, 0x00, 0x00, 0x00, 0x00, 0x00, 0x00, 0x00, 0x00, 0x00,
    0x00, 0x00, 0x00, 0x00, 0x00, 0x00, 0x00, 0x00, 0x00, 0x00, 0x00, 0x00, 0x00, 0x00, 0x00, 0x00, 0x00, 0x00, 0x00,
    0x00, 0x00, 0x00, 0x00, 0x00, 0x00, 0x00, 0x00, 0x00, 0x00, 0x00, 0x00, 0x00, 0x00, 0x00, 0x00, 0x00, 0x00, 0x00,
    0x00, 0x00, 0x00, 0x00, 0x00, 0x00, 0x00, 0x00, 0x00, 0x00, 0x00, 0x00, 0x00, 0x00, 0x00, 0x00, 0x00, 0x00, 0x00,
    0x00, 0x00, 0x00, 0x00, 0x00, 0x00, 0x00, 0x00, 0x00, 0x00, 0x00, 0x00, 0x00, 0x00, 0x00, 0x00, 0x00, 0x00, 0x00,
    0x00, 0x00, 0x00, 0x00, 0x00, 0x00, 0x00, 0x00, 0x00, 0x00, 0x00, 0x00, 0x00, 0x00, 0x00, 0x00, 0x00, 0x00, 0x00,
    0x00, 0x00, 0x00, 0x00, 0x00, 0x00, 0x00, 0x00, 0x00, 0x00,
};

const lv_image_dsc_t icon_knob = {
    .header.cf    = LV_COLOR_FORMAT_RGB565,
    .header.magic = LV_IMAGE_HEADER_MAGIC,
    .header.w     = 200,
    .header.h     = 200,
    .data_size    = 40000 * 2,
    .data         = icon_knob_map,
};
