#ifdef __has_include
#if __has_include("lvgl.h")
#ifndef LV_LVGL_H_INCLUDE_SIMPLE
#define LV_LVGL_H_INCLUDE_SIMPLE
#endif
#endif
#endif

#if defined(LV_LVGL_H_INCLUDE_SIMPLE)
#include "lvgl.h"
#else
#include "lvgl/lvgl.h"
#endif

#ifndef LV_ATTRIBUTE_MEM_ALIGN
#define LV_ATTRIBUTE_MEM_ALIGN
#endif

#ifndef LV_ATTRIBUTE_IMAGE_ICON_AIR_MOUSE
#define LV_ATTRIBUTE_IMAGE_ICON_AIR_MOUSE
#endif

const LV_ATTRIBUTE_MEM_ALIGN LV_ATTRIBUTE_LARGE_CONST LV_ATTRIBUTE_IMAGE_ICON_AIR_MOUSE uint8_t icon_air_mouse_map[] = {
    0x00, 0x00, 0x00, 0x00, 0x00, 0x00, 0x00, 0x00, 0x00, 0x00, 0x00, 0x00, 0x00, 0x00, 0x00, 0x00, 0x00, 0x00, 0x00,
    0x00, 0x00, 0x00, 0x00, 0x00, 0x00, 0x00, 0x00, 0x00, 0x00, 0x00, 0x00, 0x00, 0x00, 0x00, 0x00, 0x00, 0x00, 0x00,
    0x00, 0x00, 0x00, 0x00, 0x00, 0x00, 0x00, 0x00, 0x00, 0x00, 0x00, 0x00, 0x00, 0x00, 0x00, 0x00, 0x00, 0x00, 0x00,
    0x00, 0x00, 0x00, 0x00, 0x00, 0x00, 0x00, 0x00, 0x00, 0x00, 0x00, 0x00, 0x00, 0x00, 0x00, 0x00, 0x00, 0x00, 0x00,
    0x00, 0x00, 0x00, 0x00, 0x00, 0x00, 0x00, 0x00, 0x00, 0x00, 0x00, 0x00, 0x00, 0x00, 0x00, 0x00, 0x00, 0x00, 0x00,
    0x00, 0x00, 0x00, 0x00, 0x00, 0x00, 0x00, 0x00, 0x00, 0x00, 0x00, 0x00, 0x00, 0x00, 0x00, 0x00, 0x00, 0x00, 0x00,
    0x00, 0x00, 0x00, 0x00, 0x00, 0x00, 0x00, 0x00, 0x00, 0x00, 0x00, 0x00, 0x00, 0x00, 0x00, 0x00, 0x00, 0x00, 0x00,
    0x00, 0x00, 0x00, 0x00, 0x00, 0x00, 0x00, 0x00, 0x00, 0x00, 0x00, 0x00, 0x00, 0x00, 0x00, 0x00, 0x00, 0x00, 0x00,
    0x00, 0x00, 0x00, 0x00, 0x00, 0x00, 0x00, 0x00, 0x00, 0x00, 0x00, 0x00, 0x00, 0x00, 0x00, 0x00, 0x00, 0x00, 0x00,
    0x00, 0x00, 0x00, 0x00, 0x00, 0x00, 0x00, 0x00, 0x00, 0x00, 0x00, 0x00, 0x00, 0x00, 0x00, 0x00, 0x00, 0x00, 0x00,
    0x00, 0x00, 0x00, 0x00, 0x00, 0x00, 0x00, 0x00, 0x00, 0x00, 0x00, 0x00, 0x00, 0x00, 0x00, 0x00, 0x00, 0x00, 0x00,
    0x00, 0x00, 0x00, 0x00, 0x00, 0x00, 0x00, 0x00, 0x00, 0x00, 0x00, 0x00, 0x00, 0x00, 0x00, 0x00, 0x00, 0x00, 0x00,
    0x00, 0x00, 0x00, 0x00, 0x00, 0x00, 0x00, 0x00, 0x00, 0x00, 0x00, 0x00, 0x00, 0x00, 0x00, 0x00, 0x00, 0x00, 0x00,
    0x00, 0x00, 0x00, 0x00, 0x00, 0x00, 0x00, 0x00, 0x00, 0x00, 0x00, 0x00, 0x00, 0x00, 0x00, 0x00, 0x00, 0x00, 0x00,
    0x00, 0x00, 0x00, 0x00, 0x00, 0x00, 0x00, 0x00, 0x00, 0x00, 0x00, 0x00, 0x00, 0x00, 0x00, 0x00, 0x00, 0x00, 0x00,
    0x00, 0x00, 0x00, 0x00, 0x00, 0x00, 0x00, 0x00, 0x00, 0x00, 0x00, 0x00, 0x00, 0x00, 0x00, 0x00, 0x00, 0x00, 0x00,
    0x00, 0x00, 0x00, 0x00, 0x00, 0x00, 0x00, 0x00, 0x00, 0x00, 0x00, 0x00, 0x00, 0x00, 0x00, 0x00, 0x00, 0x00, 0x00,
    0x00, 0x00, 0x00, 0x00, 0x00, 0x00, 0x00, 0x00, 0x00, 0x00, 0x00, 0x00, 0x00, 0x00, 0x00, 0x00, 0x00, 0x00, 0x00,
    0x00, 0x00, 0x00, 0x00, 0x00, 0x00, 0x00, 0x00, 0x00, 0x00, 0x00, 0x00, 0x00, 0x00, 0x00, 0x00, 0x00, 0x00, 0x00,
    0x00, 0x00, 0x00, 0x00, 0x00, 0x00, 0x00, 0x00, 0x00, 0x00, 0x00, 0x00, 0x00, 0x00, 0x00, 0x00, 0x00, 0x00, 0x00,
    0x00, 0x00, 0x00, 0x00, 0x00, 0x00, 0x00, 0x00, 0x00, 0x00, 0x00, 0x00, 0x00, 0x00, 0x00, 0x00, 0x00, 0x00, 0x00,
    0x00, 0x00, 0x00, 0x00, 0x00, 0x00, 0x00, 0x00, 0x00, 0x00, 0x00, 0x00, 0x00, 0x00, 0x00, 0x00, 0x00, 0x00, 0x00,
    0x00, 0x00, 0x00, 0x00, 0x00, 0x00, 0x00, 0x00, 0x00, 0x00, 0x00, 0x00, 0x00, 0x00, 0x00, 0x00, 0x00, 0x00, 0x00,
    0x00, 0x00, 0x00, 0x00, 0x00, 0x00, 0x00, 0x00, 0x00, 0x00, 0x00, 0x00, 0x00, 0x00, 0x00, 0x00, 0x00, 0x00, 0x00,
    0x00, 0x00, 0x00, 0x00, 0x00, 0x00, 0x00, 0x00, 0x00, 0x00, 0x00, 0x00, 0x00, 0x00, 0x00, 0x00, 0x00, 0x00, 0x00,
    0x00, 0x00, 0x00, 0x00, 0x00, 0x00, 0x00, 0x00, 0x00, 0x00, 0x00, 0x00, 0x00, 0x00, 0x00, 0x00, 0x00, 0x00, 0x00,
    0x00, 0x00, 0x00, 0x00, 0x00, 0x00, 0x00, 0x00, 0x00, 0x00, 0x00, 0x00, 0x00, 0x00, 0x00, 0x00, 0x00, 0x00, 0x00,
    0x00, 0x00, 0x00, 0x00, 0x00, 0x00, 0x00, 0x00, 0x00, 0x00, 0x00, 0x00, 0x00, 0x00, 0x00, 0x00, 0x00, 0x00, 0x00,
    0x00, 0x00, 0x00, 0x00, 0x00, 0x00, 0x00, 0x00, 0x00, 0x00, 0x00, 0x00, 0x00, 0x00, 0x00, 0x00, 0x00, 0x00, 0x00,
    0x00, 0x00, 0x00, 0x00, 0x00, 0x00, 0x00, 0x00, 0x00, 0x00, 0x00, 0x00, 0x00, 0x00, 0x00, 0x00, 0x00, 0x00, 0x00,
    0x00, 0x00, 0x00, 0x00, 0x00, 0x00, 0x00, 0x00, 0x00, 0x00, 0x00, 0x00, 0x00, 0x00, 0x00, 0x00, 0x00, 0x00, 0x00,
    0x00, 0x00, 0x00, 0x00, 0x00, 0x00, 0x00, 0x00, 0x00, 0x00, 0x00, 0x00, 0x00, 0x00, 0x00, 0x00, 0x00, 0x00, 0x00,
    0x00, 0x00, 0x00, 0x00, 0x00, 0x00, 0x00, 0x00, 0x00, 0x00, 0x00, 0x00, 0x00, 0x00, 0x00, 0x00, 0x00, 0x00, 0x00,
    0x00, 0x00, 0x00, 0x00, 0x00, 0x00, 0x00, 0x00, 0x00, 0x00, 0x00, 0x00, 0x00, 0x00, 0x00, 0x00, 0x00, 0x00, 0x00,
    0x00, 0x00, 0x00, 0x00, 0x00, 0x00, 0x00, 0x00, 0x00, 0x00, 0x00, 0x00, 0x00, 0x00, 0x00, 0x00, 0x00, 0x00, 0x00,
    0x00, 0x00, 0x00, 0x00, 0x00, 0x00, 0x00, 0x00, 0x00, 0x00, 0x00, 0x00, 0x00, 0x00, 0x00, 0x00, 0x00, 0x00, 0x00,
    0x00, 0x00, 0x00, 0x00, 0x00, 0x00, 0x00, 0x00, 0x00, 0x00, 0x00, 0x00, 0x00, 0x00, 0x00, 0x00, 0x00, 0x00, 0x00,
    0x00, 0x00, 0x00, 0x00, 0x00, 0x00, 0x00, 0x00, 0x00, 0x00, 0x00, 0x00, 0x00, 0x00, 0x00, 0x00, 0x00, 0x00, 0x00,
    0x00, 0x00, 0x00, 0x00, 0x00, 0x00, 0x00, 0x00, 0x00, 0x00, 0x00, 0x00, 0x00, 0x00, 0x00, 0x00, 0x00, 0x00, 0x00,
    0x00, 0x00, 0x00, 0x00, 0x00, 0x00, 0x00, 0x00, 0x00, 0x00, 0x00, 0x00, 0x00, 0x00, 0x00, 0x00, 0x00, 0x00, 0x00,
    0x00, 0x00, 0x00, 0x00, 0x00, 0x00, 0x00, 0x00, 0x00, 0x00, 0x00, 0x00, 0x00, 0x00, 0x00, 0x00, 0x00, 0x00, 0x00,
    0x00, 0x00, 0x00, 0x00, 0x00, 0x00, 0x00, 0x00, 0x00, 0x00, 0x00, 0x00, 0x00, 0x00, 0x00, 0x00, 0x00, 0x00, 0x00,
    0x00, 0x00, 0x00, 0x00, 0x00, 0x00, 0x00, 0x00, 0x00, 0x00, 0x00, 0x00, 0x00, 0x00, 0x00, 0x00, 0x00, 0x00, 0x00,
    0x00, 0x00, 0x00, 0x00, 0x00, 0x00, 0x00, 0x00, 0x00, 0x00, 0x00, 0x00, 0x00, 0x00, 0x00, 0x00, 0x00, 0x00, 0x00,
    0x00, 0x00, 0x00, 0x00, 0x00, 0x00, 0x00, 0x00, 0x00, 0x00, 0x00, 0x00, 0x00, 0x00, 0x00, 0x00, 0x00, 0x00, 0x00,
    0x00, 0x00, 0x00, 0x00, 0x00, 0x00, 0x00, 0x00, 0x00, 0x00, 0x00, 0x00, 0x00, 0x00, 0x00, 0x00, 0x00, 0x00, 0x00,
    0x00, 0x00, 0x00, 0x00, 0x00, 0x00, 0x00, 0x00, 0x00, 0x00, 0x00, 0x00, 0x00, 0x00, 0x00, 0x00, 0x00, 0x00, 0x00,
    0x00, 0x00, 0x00, 0x00, 0x00, 0x00, 0x00, 0x00, 0x00, 0x00, 0x00, 0x00, 0x00, 0x00, 0x00, 0x00, 0x00, 0x00, 0x00,
    0x00, 0x00, 0x00, 0x00, 0x00, 0x00, 0x00, 0x00, 0x00, 0x00, 0x00, 0x00, 0x00, 0x00, 0x00, 0x00, 0x00, 0x00, 0x00,
    0x00, 0x00, 0x00, 0x00, 0x00, 0x00, 0x00, 0x00, 0x00, 0x00, 0x00, 0x00, 0x00, 0x00, 0x00, 0x00, 0x00, 0x00, 0x00,
    0x00, 0x00, 0x00, 0x00, 0x00, 0x00, 0x00, 0x00, 0x00, 0x00, 0x00, 0x00, 0x00, 0x00, 0x00, 0x00, 0x00, 0x00, 0x00,
    0x00, 0x00, 0x00, 0x00, 0x00, 0x00, 0x00, 0x00, 0x00, 0x00, 0x00, 0x00, 0x00, 0x00, 0x00, 0x00, 0x00, 0x00, 0x00,
    0x00, 0x00, 0x00, 0x00, 0x00, 0x00, 0x00, 0x00, 0x00, 0x00, 0x00, 0x00, 0x00, 0x00, 0x00, 0x00, 0x00, 0x00, 0x00,
    0x00, 0x00, 0x00, 0x00, 0x00, 0x00, 0x00, 0x00, 0x00, 0x00, 0x00, 0x00, 0x00, 0x00, 0x00, 0x00, 0x00, 0x00, 0x00,
    0x00, 0x00, 0x00, 0x00, 0x00, 0x00, 0x00, 0x00, 0x00, 0x00, 0x00, 0x00, 0x00, 0x00, 0x00, 0x00, 0x00, 0x00, 0x00,
    0x00, 0x00, 0x00, 0x00, 0x00, 0x00, 0x00, 0x00, 0x00, 0x00, 0x00, 0x00, 0x00, 0x00, 0x00, 0x00, 0x00, 0x00, 0x00,
    0x00, 0x00, 0x00, 0x00, 0x00, 0x00, 0x00, 0x00, 0x00, 0x00, 0x00, 0x00, 0x00, 0x00, 0x00, 0x00, 0x00, 0x00, 0x00,
    0x00, 0x00, 0x00, 0x00, 0x00, 0x00, 0x00, 0x00, 0x00, 0x00, 0x00, 0x00, 0x00, 0x00, 0x00, 0x00, 0x00, 0x00, 0x00,
    0x00, 0x00, 0x00, 0x00, 0x00, 0x00, 0x00, 0x00, 0x00, 0x00, 0x00, 0x00, 0x00, 0x00, 0x00, 0x00, 0x00, 0x00, 0x00,
    0x00, 0x00, 0x00, 0x00, 0x00, 0x00, 0x00, 0x00, 0x00, 0x00, 0x00, 0x00, 0x00, 0x00, 0x00, 0x00, 0x00, 0x00, 0x00,
    0x00, 0x00, 0x00, 0x00, 0x00, 0x00, 0x00, 0x00, 0x00, 0x00, 0x00, 0x00, 0x00, 0x00, 0x00, 0x00, 0x00, 0x00, 0x00,
    0x00, 0x00, 0x00, 0x00, 0x00, 0x00, 0x00, 0x00, 0x00, 0x00, 0x00, 0x00, 0x00, 0x00, 0x00, 0x00, 0x00, 0x00, 0x00,
    0x00, 0x00, 0x00, 0x00, 0x00, 0x00, 0x00, 0x00, 0x00, 0x00, 0x00, 0x00, 0x00, 0x00, 0x00, 0x00, 0x00, 0x00, 0x00,
    0x00, 0x00, 0x00, 0x00, 0x00, 0x00, 0x00, 0x00, 0x00, 0x00, 0x00, 0x00, 0x00, 0x00, 0x00, 0x00, 0x00, 0x00, 0x00,
    0x00, 0x00, 0x00, 0x00, 0x00, 0x00, 0x00, 0x00, 0x00, 0x00, 0x00, 0x00, 0x00, 0x00, 0x00, 0x00, 0x00, 0x00, 0x00,
    0x00, 0x00, 0x00, 0x00, 0x00, 0x00, 0x00, 0x00, 0x00, 0x00, 0x00, 0x00, 0x00, 0x00, 0x00, 0x00, 0x00, 0x00, 0x00,
    0x00, 0x00, 0x00, 0x00, 0x00, 0x00, 0x00, 0x00, 0x00, 0x00, 0x00, 0x00, 0x00, 0x00, 0x00, 0x00, 0x00, 0x00, 0x00,
    0x00, 0x00, 0x00, 0x00, 0x00, 0x00, 0x00, 0x00, 0x00, 0x00, 0x00, 0x00, 0x00, 0x00, 0x00, 0x00, 0x00, 0x00, 0x00,
    0x00, 0x00, 0x00, 0x00, 0x00, 0x00, 0x00, 0x00, 0x00, 0x00, 0x00, 0x00, 0x00, 0x00, 0x00, 0x00, 0x00, 0x00, 0x00,
    0x00, 0x00, 0x00, 0x00, 0x00, 0x00, 0x00, 0x00, 0x00, 0x00, 0x00, 0x00, 0x00, 0x00, 0x00, 0x00, 0x00, 0x00, 0x00,
    0x00, 0x00, 0x00, 0x00, 0x00, 0x00, 0x00, 0x00, 0x00, 0x00, 0x00, 0x00, 0x00, 0x00, 0x00, 0x00, 0x00, 0x00, 0x00,
    0x00, 0x00, 0x00, 0x00, 0x00, 0x00, 0x00, 0x00, 0x00, 0x00, 0x00, 0x00, 0x00, 0x00, 0x00, 0x00, 0x00, 0x00, 0x00,
    0x00, 0x00, 0x00, 0x00, 0x00, 0x00, 0x00, 0x00, 0x00, 0x00, 0x00, 0x00, 0x00, 0x00, 0x00, 0x00, 0x00, 0x00, 0x00,
    0x00, 0x00, 0x00, 0x00, 0x00, 0x00, 0x00, 0x00, 0x00, 0x00, 0x00, 0x00, 0x00, 0x00, 0x00, 0x00, 0x00, 0x00, 0x00,
    0x00, 0x00, 0x00, 0x00, 0x00, 0x00, 0x00, 0x00, 0x00, 0x00, 0x00, 0x00, 0x00, 0x00, 0x00, 0x00, 0x00, 0x00, 0x00,
    0x00, 0x00, 0x00, 0x00, 0x00, 0x00, 0x00, 0x00, 0x00, 0x00, 0x00, 0x00, 0x00, 0x00, 0x00, 0x00, 0x00, 0x00, 0x00,
    0x00, 0x00, 0x00, 0x00, 0x00, 0x00, 0x00, 0x00, 0x00, 0x00, 0x00, 0x00, 0x00, 0x00, 0x00, 0x00, 0x00, 0x00, 0x00,
    0x00, 0x00, 0x00, 0x00, 0x00, 0x00, 0x00, 0x00, 0x00, 0x00, 0x00, 0x00, 0x00, 0x00, 0x00, 0x00, 0x00, 0x00, 0x00,
    0x00, 0x00, 0x00, 0x00, 0x00, 0x00, 0x00, 0x00, 0x00, 0x00, 0x00, 0x00, 0x00, 0x00, 0x00, 0x00, 0x00, 0x00, 0x00,
    0x00, 0x00, 0x00, 0x00, 0x00, 0x00, 0x00, 0x00, 0x00, 0x00, 0x00, 0x00, 0x00, 0x00, 0x00, 0x00, 0x00, 0x00, 0x00,
    0x00, 0x00, 0x00, 0x00, 0x00, 0x00, 0x00, 0x00, 0x00, 0x00, 0x00, 0x00, 0x00, 0x00, 0x00, 0x00, 0x00, 0x00, 0x00,
    0x00, 0x00, 0x00, 0x00, 0x00, 0x00, 0x00, 0x00, 0x00, 0x00, 0x00, 0x00, 0x00, 0x00, 0x00, 0x00, 0x00, 0x00, 0x00,
    0x00, 0x00, 0x00, 0x00, 0x00, 0x00, 0x00, 0x00, 0x00, 0x00, 0x00, 0x00, 0x00, 0x00, 0x00, 0x00, 0x00, 0x00, 0x00,
    0x00, 0x00, 0x00, 0x00, 0x00, 0x00, 0x00, 0x00, 0x00, 0x00, 0x00, 0x00, 0x00, 0x00, 0x00, 0x00, 0x00, 0x00, 0x00,
    0x00, 0x00, 0x00, 0x00, 0x00, 0x00, 0x00, 0x00, 0x00, 0x00, 0x00, 0x00, 0x00, 0x00, 0x00, 0x00, 0x00, 0x00, 0x00,
    0x00, 0x00, 0x00, 0x00, 0x00, 0x00, 0x00, 0x00, 0x00, 0x00, 0x00, 0x00, 0x00, 0x00, 0x00, 0x00, 0x00, 0x00, 0x00,
    0x00, 0x00, 0x00, 0x00, 0x00, 0x00, 0x00, 0x00, 0x00, 0x00, 0x00, 0x00, 0x00, 0x00, 0x00, 0x00, 0x00, 0x00, 0x00,
    0x00, 0x00, 0x00, 0x00, 0x00, 0x00, 0x00, 0x00, 0x00, 0x00, 0x00, 0x00, 0x00, 0x00, 0x00, 0x00, 0x00, 0x00, 0x00,
    0x00, 0x00, 0x00, 0x00, 0x00, 0x00, 0x00, 0x00, 0x00, 0x00, 0x00, 0x00, 0x00, 0x00, 0x00, 0x00, 0x00, 0x00, 0x00,
    0x00, 0x00, 0x00, 0x00, 0x00, 0x00, 0x00, 0x00, 0x00, 0x00, 0x00, 0x00, 0x00, 0x00, 0x00, 0x00, 0x00, 0x00, 0x00,
    0x00, 0x00, 0x00, 0x00, 0x00, 0x00, 0x00, 0x00, 0x00, 0x00, 0x00, 0x00, 0x00, 0x00, 0x00, 0x00, 0x00, 0x00, 0x00,
    0x00, 0x00, 0x00, 0x00, 0x00, 0x00, 0x00, 0x00, 0x00, 0x00, 0x00, 0x00, 0x00, 0x00, 0x00, 0x00, 0x00, 0x00, 0x00,
    0x00, 0x00, 0x00, 0x00, 0x00, 0x00, 0x00, 0x00, 0x00, 0x00, 0x00, 0x00, 0x00, 0x00, 0x00, 0x00, 0x00, 0x00, 0x00,
    0x00, 0x00, 0x00, 0x00, 0x00, 0x00, 0x00, 0x00, 0x00, 0x00, 0x00, 0x00, 0x00, 0x00, 0x00, 0x00, 0x00, 0x00, 0x00,
    0x00, 0x00, 0x00, 0x00, 0x00, 0x00, 0x00, 0x00, 0x00, 0x00, 0x00, 0x00, 0x00, 0x00, 0x00, 0x00, 0x00, 0x00, 0x00,
    0x00, 0x00, 0x00, 0x00, 0x00, 0x00, 0x00, 0x00, 0x00, 0x00, 0x00, 0x00, 0x00, 0x00, 0x00, 0x00, 0x00, 0x00, 0x00,
    0x00, 0x00, 0x00, 0x00, 0x00, 0x00, 0x00, 0x00, 0x00, 0x00, 0x00, 0x00, 0x00, 0x00, 0x00, 0x00, 0x00, 0x00, 0x00,
    0x00, 0x00, 0x00, 0x00, 0x00, 0x00, 0x00, 0x00, 0x00, 0x00, 0x00, 0x00, 0x00, 0x00, 0x00, 0x00, 0x00, 0x00, 0x00,
    0x00, 0x00, 0x00, 0x00, 0x00, 0x00, 0x00, 0x00, 0x00, 0x00, 0x00, 0x00, 0x00, 0x00, 0x00, 0x00, 0x00, 0x00, 0x00,
    0x00, 0x00, 0x00, 0x00, 0x00, 0x00, 0x00, 0x00, 0x00, 0x00, 0x00, 0x00, 0x00, 0x00, 0x00, 0x00, 0x00, 0x00, 0x00,
    0x00, 0x00, 0x00, 0x00, 0x00, 0x00, 0x00, 0x00, 0x00, 0x00, 0x00, 0x00, 0x00, 0x00, 0x00, 0x00, 0x00, 0x00, 0x00,
    0x00, 0x00, 0x00, 0x00, 0x00, 0x00, 0x00, 0x00, 0x00, 0x00, 0x00, 0x00, 0x00, 0x00, 0x00, 0x00, 0x00, 0x00, 0x00,
    0x00, 0x00, 0x00, 0x00, 0x00, 0x00, 0x00, 0x00, 0x00, 0x00, 0x00, 0x00, 0x00, 0x00, 0x00, 0x00, 0x00, 0x00, 0x00,
    0x00, 0x00, 0x00, 0x00, 0x00, 0x00, 0x00, 0x00, 0x00, 0x00, 0x00, 0x00, 0x00, 0x00, 0x00, 0x00, 0x00, 0x00, 0x00,
    0x00, 0x00, 0x00, 0x00, 0x00, 0x00, 0x00, 0x00, 0x00, 0x00, 0x00, 0x00, 0x00, 0x00, 0x00, 0x00, 0x00, 0x00, 0x00,
    0x00, 0x00, 0x00, 0x00, 0x00, 0x00, 0x00, 0x00, 0x00, 0x00, 0x00, 0x00, 0x00, 0x00, 0x00, 0x00, 0x00, 0x00, 0x00,
    0x00, 0x00, 0x00, 0x00, 0x00, 0x00, 0x00, 0x00, 0x00, 0x00, 0x00, 0x00, 0x00, 0x00, 0x00, 0x00, 0x00, 0x00, 0x00,
    0x00, 0x00, 0x00, 0x00, 0x00, 0x00, 0x00, 0x00, 0x00, 0x00, 0x00, 0x00, 0x00, 0x00, 0x00, 0x00, 0x00, 0x00, 0x00,
    0x00, 0x00, 0x00, 0x00, 0x00, 0x00, 0x00, 0x00, 0x00, 0x00, 0x00, 0x00, 0x00, 0x00, 0x00, 0x00, 0x00, 0x00, 0x00,
    0x00, 0x00, 0x00, 0x00, 0x00, 0x00, 0x00, 0x00, 0x00, 0x00, 0x00, 0x00, 0x00, 0x00, 0x00, 0x00, 0x00, 0x00, 0x00,
    0x00, 0x00, 0x00, 0x00, 0x00, 0x00, 0x00, 0x00, 0x00, 0x00, 0x00, 0x00, 0x00, 0x00, 0x00, 0x00, 0x00, 0x00, 0x00,
    0x00, 0x00, 0x00, 0x00, 0x00, 0x00, 0x00, 0x00, 0x00, 0x00, 0x00, 0x00, 0x00, 0x00, 0x00, 0x00, 0x00, 0x00, 0x00,
    0x00, 0x00, 0x00, 0x00, 0x00, 0x00, 0x00, 0x00, 0x00, 0x00, 0x00, 0x00, 0x00, 0x00, 0x00, 0x00, 0x00, 0x00, 0x00,
    0x00, 0x00, 0x00, 0x00, 0x00, 0x00, 0x00, 0x00, 0x00, 0x00, 0x00, 0x00, 0x00, 0x00, 0x00, 0x00, 0x00, 0x00, 0x00,
    0x00, 0x00, 0x00, 0x00, 0x00, 0x00, 0x00, 0x00, 0x00, 0x00, 0x00, 0x00, 0x00, 0x00, 0x00, 0x00, 0x00, 0x00, 0x00,
    0x00, 0x00, 0x00, 0x00, 0x00, 0x00, 0x00, 0x00, 0x00, 0x00, 0x00, 0x00, 0x00, 0x00, 0x00, 0x00, 0x00, 0x00, 0x00,
    0x00, 0x00, 0x00, 0x00, 0x00, 0x00, 0x00, 0x00, 0x00, 0x00, 0x00, 0x00, 0x00, 0x00, 0x00, 0x00, 0x00, 0x00, 0x00,
    0x00, 0x00, 0x00, 0x00, 0x00, 0x00, 0x00, 0x00, 0x00, 0x00, 0x00, 0x00, 0x00, 0x00, 0x00, 0x00, 0x00, 0x00, 0x00,
    0x00, 0x00, 0x00, 0x00, 0x00, 0x00, 0x00, 0x00, 0x00, 0x00, 0x00, 0x00, 0x00, 0x00, 0x00, 0x00, 0x00, 0x00, 0x00,
    0x00, 0x00, 0x00, 0x00, 0x00, 0x00, 0x00, 0x00, 0x00, 0x00, 0x00, 0x00, 0x00, 0x00, 0x00, 0x00, 0x00, 0x00, 0x00,
    0x00, 0x00, 0x00, 0x00, 0x00, 0x00, 0x00, 0x00, 0x00, 0x00, 0x00, 0x00, 0x00, 0x00, 0x00, 0x00, 0x00, 0x00, 0x00,
    0x00, 0x00, 0x00, 0x00, 0x00, 0x00, 0x00, 0x00, 0x00, 0x00, 0x00, 0x00, 0x00, 0x00, 0x00, 0x00, 0x00, 0x00, 0x00,
    0x00, 0x00, 0x00, 0x00, 0x00, 0x00, 0x00, 0x00, 0x00, 0x00, 0x00, 0x00, 0x00, 0x00, 0x00, 0x00, 0x00, 0x00, 0x00,
    0x00, 0x00, 0x00, 0x00, 0x00, 0x00, 0x00, 0x00, 0x00, 0x00, 0x00, 0x00, 0x00, 0x00, 0x00, 0x00, 0x00, 0x00, 0x00,
    0x00, 0x00, 0x00, 0x00, 0x00, 0x00, 0x00, 0x00, 0x00, 0x00, 0x00, 0x00, 0x00, 0x00, 0x00, 0x00, 0x00, 0x00, 0x00,
    0x00, 0x00, 0x00, 0x00, 0x00, 0x00, 0x00, 0x00, 0x00, 0x00, 0x00, 0x00, 0x00, 0x00, 0x00, 0x00, 0x00, 0x00, 0x00,
    0x00, 0x00, 0x00, 0x00, 0x00, 0x00, 0x00, 0x00, 0x00, 0x00, 0x00, 0x00, 0x00, 0x00, 0x00, 0x00, 0x00, 0x00, 0x00,
    0x00, 0x00, 0x00, 0x00, 0x00, 0x00, 0x00, 0x00, 0x00, 0x00, 0x00, 0x00, 0x00, 0x00, 0x00, 0x00, 0x00, 0x00, 0x00,
    0x00, 0x00, 0x00, 0x00, 0x00, 0x00, 0x00, 0x00, 0x00, 0x00, 0x00, 0x00, 0x00, 0x00, 0x00, 0x00, 0x00, 0x00, 0x00,
    0x00, 0x00, 0x00, 0x00, 0x00, 0x00, 0x00, 0x00, 0x00, 0x00, 0x00, 0x00, 0x00, 0x00, 0x00, 0x00, 0x00, 0x00, 0x00,
    0x00, 0x00, 0x00, 0x00, 0x00, 0x00, 0x00, 0x00, 0x00, 0x00, 0x00, 0x00, 0x00, 0x00, 0x00, 0x00, 0x00, 0x00, 0x00,
    0x00, 0x00, 0x00, 0x00, 0x00, 0x00, 0x00, 0x00, 0x00, 0x00, 0x00, 0x00, 0x00, 0x00, 0x00, 0x00, 0x00, 0x00, 0x00,
    0x00, 0x00, 0x00, 0x00, 0x00, 0x00, 0x00, 0x00, 0x00, 0x00, 0x00, 0x00, 0x00, 0x00, 0x00, 0x00, 0x00, 0x00, 0x00,
    0x00, 0x00, 0x00, 0x00, 0x00, 0x00, 0x00, 0x00, 0x00, 0x00, 0x00, 0x00, 0x00, 0x00, 0x00, 0x00, 0x00, 0x00, 0x00,
    0x00, 0x00, 0x00, 0x00, 0x00, 0x00, 0x00, 0x00, 0x00, 0x00, 0x00, 0x00, 0x00, 0x00, 0x00, 0x00, 0x00, 0x00, 0x00,
    0x00, 0x00, 0x00, 0x00, 0x00, 0x00, 0x00, 0x00, 0x00, 0x00, 0x00, 0x00, 0x00, 0x00, 0x00, 0x00, 0x00, 0x00, 0x00,
    0x00, 0x00, 0x00, 0x00, 0x00, 0x00, 0x00, 0x00, 0x00, 0x00, 0x00, 0x00, 0x00, 0x00, 0x00, 0x00, 0x00, 0x00, 0x00,
    0x00, 0x00, 0x00, 0x00, 0x00, 0x00, 0x00, 0x00, 0x00, 0x00, 0x00, 0x00, 0x00, 0x00, 0x00, 0x00, 0x00, 0x00, 0x00,
    0x00, 0x00, 0x00, 0x00, 0x00, 0x00, 0x00, 0x00, 0x00, 0x00, 0x00, 0x00, 0x00, 0x00, 0x00, 0x00, 0x00, 0x00, 0x00,
    0x00, 0x00, 0x00, 0x00, 0x00, 0x00, 0x00, 0x00, 0x00, 0x00, 0x00, 0x00, 0x00, 0x00, 0x00, 0x00, 0x00, 0x00, 0x00,
    0x00, 0x00, 0x00, 0x00, 0x00, 0x00, 0x00, 0x00, 0x00, 0x00, 0x00, 0x00, 0x00, 0x00, 0x00, 0x00, 0x00, 0x00, 0x00,
    0x00, 0x00, 0x00, 0x00, 0x00, 0x00, 0x00, 0x00, 0x00, 0x00, 0x00, 0x00, 0x00, 0x00, 0x00, 0x00, 0x00, 0x00, 0x00,
    0x00, 0x00, 0x00, 0x00, 0x00, 0x00, 0x00, 0x00, 0x00, 0x00, 0x00, 0x00, 0x00, 0x00, 0x00, 0x00, 0x00, 0x00, 0x00,
    0x00, 0x00, 0x00, 0x00, 0x00, 0x00, 0x00, 0x00, 0x00, 0x00, 0x00, 0x00, 0x00, 0x00, 0x00, 0x00, 0x00, 0x00, 0x00,
    0x00, 0x00, 0x00, 0x00, 0x00, 0x00, 0x00, 0x00, 0x00, 0x00, 0x00, 0x00, 0x00, 0x00, 0x00, 0x00, 0x00, 0x00, 0x00,
    0x00, 0x00, 0x00, 0x00, 0x00, 0x00, 0x00, 0x00, 0x00, 0x00, 0x00, 0x00, 0x00, 0x00, 0x00, 0x00, 0x00, 0x00, 0x00,
    0x00, 0x00, 0x00, 0x00, 0x00, 0x00, 0x00, 0x00, 0x00, 0x00, 0x00, 0x00, 0x00, 0x00, 0x00, 0x00, 0x00, 0x00, 0x00,
    0x00, 0x00, 0x00, 0x00, 0x00, 0x00, 0x00, 0x00, 0x00, 0x00, 0x00, 0x00, 0x00, 0x00, 0x00, 0x00, 0x00, 0x00, 0x00,
    0x00, 0x00, 0x00, 0x00, 0x00, 0x00, 0x00, 0x00, 0x00, 0x00, 0x00, 0x00, 0x00, 0x00, 0x00, 0x00, 0x00, 0x00, 0x00,
    0x00, 0x00, 0x00, 0x00, 0x00, 0x00, 0x00, 0x00, 0x00, 0x00, 0x00, 0x00, 0x00, 0x00, 0x00, 0x00, 0x00, 0x00, 0x00,
    0x00, 0x00, 0x00, 0x00, 0x00, 0x00, 0x00, 0x00, 0x00, 0x00, 0x00, 0x00, 0x00, 0x00, 0x00, 0x00, 0x00, 0x00, 0x00,
    0x00, 0x00, 0x00, 0x00, 0x00, 0x00, 0x00, 0x00, 0x00, 0x00, 0x00, 0x00, 0x00, 0x00, 0x00, 0x00, 0x00, 0x00, 0x00,
    0x00, 0x00, 0x00, 0x00, 0x00, 0x00, 0x00, 0x00, 0x00, 0x00, 0x00, 0x00, 0x00, 0x00, 0x00, 0x00, 0x00, 0x00, 0x00,
    0x00, 0x00, 0x00, 0x00, 0x00, 0x00, 0x00, 0x00, 0x00, 0x00, 0x00, 0x00, 0x00, 0x00, 0x00, 0x00, 0x00, 0x00, 0x00,
    0x00, 0x00, 0x00, 0x00, 0x00, 0x00, 0x00, 0x00, 0x00, 0x00, 0x00, 0x00, 0x00, 0x00, 0x00, 0x00, 0x00, 0x00, 0x00,
    0x00, 0x00, 0x00, 0x00, 0x00, 0x00, 0x00, 0x00, 0x00, 0x00, 0x00, 0x00, 0x00, 0x00, 0x00, 0x00, 0x00, 0x00, 0x00,
    0x00, 0x00, 0x00, 0x00, 0x00, 0x00, 0x00, 0x00, 0x00, 0x00, 0x00, 0x00, 0x00, 0x00, 0x00, 0x00, 0x00, 0x00, 0x00,
    0x00, 0x00, 0x00, 0x00, 0x00, 0x00, 0x00, 0x00, 0x00, 0x00, 0x00, 0x00, 0x00, 0x00, 0x00, 0x00, 0x00, 0x00, 0x00,
    0x00, 0x00, 0x00, 0x00, 0x00, 0x00, 0x00, 0x00, 0x00, 0x00, 0x00, 0x00, 0x00, 0x00, 0x00, 0x00, 0x00, 0x00, 0x00,
    0x00, 0x00, 0x00, 0x00, 0x00, 0x00, 0x00, 0x00, 0x00, 0x00, 0x00, 0x00, 0x00, 0x00, 0x00, 0x00, 0x00, 0x00, 0x00,
    0x00, 0x00, 0x00, 0x00, 0x00, 0x00, 0x00, 0x00, 0x00, 0x00, 0x00, 0x00, 0x00, 0x00, 0x00, 0x00, 0x00, 0x00, 0x00,
    0x00, 0x00, 0x00, 0x00, 0x00, 0x00, 0x00, 0x00, 0x00, 0x00, 0x00, 0x00, 0x00, 0x00, 0x00, 0x00, 0x00, 0x00, 0x00,
    0x00, 0x00, 0x00, 0x00, 0x00, 0x00, 0x00, 0x00, 0x00, 0x00, 0x00, 0x00, 0x00, 0x00, 0x00, 0x00, 0x00, 0x00, 0x00,
    0x00, 0x00, 0x00, 0x00, 0x00, 0x00, 0x00, 0x00, 0x00, 0x00, 0x00, 0x00, 0x00, 0x00, 0x00, 0x00, 0x00, 0x00, 0x00,
    0x00, 0x00, 0x00, 0x00, 0x00, 0x00, 0x00, 0x00, 0x00, 0x00, 0x00, 0x00, 0x00, 0x00, 0x00, 0x00, 0x00, 0x00, 0x00,
    0x00, 0x00, 0x00, 0x00, 0x00, 0x00, 0x00, 0x00, 0x00, 0x00, 0x00, 0x00, 0x00, 0x00, 0x00, 0x00, 0x00, 0x00, 0x00,
    0x00, 0x00, 0x00, 0x00, 0x00, 0x00, 0x00, 0x00, 0x00, 0x00, 0x00, 0x00, 0x00, 0x00, 0x00, 0x00, 0x00, 0x00, 0x00,
    0x00, 0x00, 0x00, 0x00, 0x00, 0x00, 0x00, 0x00, 0x00, 0x00, 0x00, 0x00, 0x00, 0x00, 0x00, 0x00, 0x00, 0x00, 0x00,
    0x00, 0x00, 0x00, 0x00, 0x00, 0x00, 0x00, 0x00, 0x00, 0x00, 0x00, 0x00, 0x00, 0x00, 0x00, 0x00, 0x00, 0x00, 0x00,
    0x00, 0x00, 0x00, 0x00, 0x00, 0x00, 0x00, 0x00, 0x00, 0x00, 0x00, 0x00, 0x00, 0x00, 0x00, 0x00, 0x00, 0x00, 0x00,
    0x00, 0x00, 0x00, 0x00, 0x00, 0x00, 0x00, 0x00, 0x00, 0x00, 0x00, 0x00, 0x00, 0x00, 0x00, 0x00, 0x00, 0x00, 0x00,
    0x00, 0x00, 0x00, 0x00, 0x00, 0x00, 0x00, 0x00, 0x00, 0x00, 0x00, 0x00, 0x00, 0x00, 0x00, 0x00, 0x00, 0x00, 0x00,
    0x00, 0x00, 0x00, 0x00, 0x00, 0x00, 0x00, 0x00, 0x00, 0x00, 0x00, 0x00, 0x00, 0x00, 0x00, 0x00, 0x00, 0x00, 0x00,
    0x00, 0x00, 0x00, 0x00, 0x00, 0x00, 0x00, 0x00, 0x00, 0x00, 0x00, 0x00, 0x00, 0x00, 0x00, 0x00, 0x00, 0x00, 0x00,
    0x00, 0x00, 0x00, 0x00, 0x00, 0x00, 0x00, 0x00, 0x00, 0x00, 0x00, 0x00, 0x00, 0x00, 0x00, 0x00, 0x00, 0x00, 0x00,
    0x00, 0x00, 0x00, 0x00, 0x00, 0x00, 0x00, 0x00, 0x00, 0x00, 0x00, 0x00, 0x00, 0x00, 0x00, 0x00, 0x00, 0x00, 0x00,
    0x00, 0x00, 0x00, 0x00, 0x00, 0x00, 0x00, 0x00, 0x00, 0x00, 0x00, 0x00, 0x00, 0x00, 0x00, 0x00, 0x00, 0x00, 0x00,
    0x00, 0x00, 0x00, 0x00, 0x00, 0x00, 0x00, 0x00, 0x00, 0x00, 0x00, 0x00, 0x00, 0x00, 0x00, 0x00, 0x00, 0x00, 0x00,
    0x00, 0x00, 0x00, 0x00, 0x00, 0x00, 0x00, 0x00, 0x00, 0x00, 0x00, 0x00, 0x00, 0x00, 0x00, 0x00, 0x00, 0x00, 0x00,
    0x00, 0x00, 0x00, 0x00, 0x00, 0x00, 0x00, 0x00, 0x00, 0x00, 0x00, 0x00, 0x00, 0x00, 0x00, 0x00, 0x00, 0x00, 0x00,
    0x00, 0x00, 0x00, 0x00, 0x00, 0x00, 0x00, 0x00, 0x00, 0x00, 0x00, 0x00, 0x00, 0x00, 0x00, 0x00, 0x00, 0x00, 0x00,
    0x00, 0x00, 0x00, 0x00, 0x00, 0x00, 0x00, 0x00, 0x00, 0x00, 0x00, 0x00, 0x00, 0x00, 0x00, 0x00, 0x00, 0x00, 0x00,
    0x00, 0x00, 0x00, 0x00, 0x00, 0x00, 0x00, 0x00, 0x00, 0x00, 0x00, 0x00, 0x00, 0x00, 0x00, 0x00, 0x00, 0x00, 0x00,
    0x00, 0x00, 0x00, 0x00, 0x00, 0x00, 0x00, 0x00, 0x00, 0x00, 0x00, 0x00, 0x00, 0x00, 0x00, 0x00, 0x00, 0x00, 0x00,
    0x00, 0x00, 0x00, 0x00, 0x00, 0x00, 0x00, 0x00, 0x00, 0x00, 0x00, 0x00, 0x00, 0x00, 0x00, 0x00, 0x00, 0x00, 0x00,
    0x00, 0x00, 0x00, 0x00, 0x00, 0x00, 0x00, 0x00, 0x00, 0x00, 0x00, 0x00, 0x00, 0x00, 0x00, 0x00, 0x00, 0x00, 0x00,
    0x00, 0x00, 0x00, 0x00, 0x00, 0x00, 0x00, 0x00, 0x00, 0x00, 0x00, 0x00, 0x00, 0x00, 0x00, 0x00, 0x00, 0x00, 0x00,
    0x00, 0x00, 0x00, 0x00, 0x00, 0x00, 0x00, 0x00, 0x00, 0x00, 0x00, 0x00, 0x00, 0x00, 0x00, 0x00, 0x00, 0x00, 0x00,
    0x00, 0x00, 0x00, 0x00, 0x00, 0x00, 0x00, 0x00, 0x00, 0x00, 0x00, 0x00, 0x00, 0x00, 0x00, 0x00, 0x00, 0x00, 0x00,
    0x00, 0x00, 0x00, 0x00, 0x00, 0x00, 0x00, 0x00, 0x00, 0x00, 0x00, 0x00, 0x00, 0x00, 0x00, 0x00, 0x00, 0x00, 0x00,
    0x00, 0x00, 0x00, 0x00, 0x00, 0x00, 0x00, 0x00, 0x00, 0x00, 0x00, 0x00, 0x00, 0x00, 0x00, 0x00, 0x00, 0x00, 0x00,
    0x00, 0x00, 0x00, 0x00, 0x00, 0x00, 0x00, 0x00, 0x00, 0x00, 0x00, 0x00, 0x00, 0x00, 0x00, 0x00, 0x00, 0x00, 0x00,
    0x00, 0x00, 0x00, 0x00, 0x00, 0x00, 0x00, 0x00, 0x00, 0x00, 0x00, 0x00, 0x00, 0x00, 0x00, 0x00, 0x00, 0x00, 0x00,
    0x00, 0x00, 0x00, 0x00, 0x00, 0x00, 0x00, 0x00, 0x00, 0x00, 0x00, 0x00, 0x00, 0x00, 0x00, 0x00, 0x00, 0x00, 0x00,
    0x00, 0x00, 0x00, 0x00, 0x00, 0x00, 0x00, 0x00, 0x00, 0x00, 0x00, 0x00, 0x00, 0x00, 0x00, 0x00, 0x00, 0x00, 0x00,
    0x00, 0x00, 0x00, 0x00, 0x00, 0x00, 0x00, 0x00, 0x00, 0x00, 0x00, 0x00, 0x00, 0x00, 0x00, 0x00, 0x00, 0x00, 0x00,
    0x00, 0x00, 0x00, 0x00, 0x00, 0x00, 0x00, 0x00, 0x00, 0x00, 0x00, 0x00, 0x00, 0x00, 0x00, 0x00, 0x00, 0x00, 0x00,
    0x00, 0x00, 0x00, 0x00, 0x00, 0x00, 0x00, 0x00, 0x00, 0x00, 0x00, 0x00, 0x00, 0x00, 0x00, 0x00, 0x00, 0x00, 0x00,
    0x00, 0x00, 0x00, 0x00, 0x00, 0x00, 0x00, 0x00, 0x00, 0x00, 0x00, 0x00, 0x00, 0x00, 0x00, 0x00, 0x00, 0x00, 0x00,
    0x00, 0x00, 0x00, 0x00, 0x00, 0x00, 0x00, 0x00, 0x00, 0x00, 0x00, 0x00, 0x00, 0x00, 0x00, 0x00, 0x00, 0x00, 0x00,
    0x00, 0x00, 0x00, 0x00, 0x00, 0x00, 0x00, 0x00, 0x00, 0x00, 0x00, 0x00, 0x00, 0x00, 0x00, 0x00, 0x00, 0x00, 0x00,
    0x00, 0x00, 0x00, 0x00, 0x00, 0x00, 0x00, 0x00, 0x00, 0x00, 0x00, 0x00, 0x00, 0x00, 0x00, 0x00, 0x00, 0x00, 0x00,
    0x00, 0x00, 0x00, 0x00, 0x00, 0x00, 0x00, 0x00, 0x00, 0x00, 0x00, 0x00, 0x00, 0x00, 0x00, 0x00, 0x00, 0x00, 0x00,
    0x00, 0x00, 0x00, 0x00, 0x00, 0x00, 0x00, 0x00, 0x00, 0x00, 0x00, 0x00, 0x00, 0x00, 0x00, 0x00, 0x00, 0x00, 0x00,
    0x00, 0x00, 0x00, 0x00, 0x00, 0x00, 0x00, 0x00, 0x00, 0x00, 0x00, 0x00, 0x00, 0x00, 0x00, 0x00, 0x00, 0x00, 0x00,
    0x00, 0x00, 0x00, 0x00, 0x00, 0x00, 0x00, 0x00, 0x00, 0x00, 0x00, 0x00, 0x00, 0x00, 0x00, 0x00, 0x00, 0x00, 0x00,
    0x00, 0x00, 0x00, 0x00, 0x00, 0x00, 0x00, 0x00, 0x00, 0x00, 0x00, 0x00, 0x00, 0x00, 0x00, 0x00, 0x00, 0x00, 0x00,
    0x00, 0x00, 0x00, 0x00, 0x00, 0x00, 0x00, 0x00, 0x00, 0x00, 0x00, 0x00, 0x00, 0x00, 0x00, 0x00, 0x00, 0x00, 0x00,
    0x00, 0x00, 0x00, 0x00, 0x00, 0x00, 0x00, 0x00, 0x00, 0x00, 0x00, 0x00, 0x00, 0x00, 0x00, 0x00, 0x00, 0x00, 0x00,
    0x00, 0x00, 0x00, 0x00, 0x00, 0x00, 0x00, 0x00, 0x00, 0x00, 0x00, 0x00, 0x00, 0x00, 0x00, 0x00, 0x00, 0x00, 0x00,
    0x00, 0x00, 0x00, 0x00, 0x00, 0x00, 0x00, 0x00, 0x00, 0x00, 0x00, 0x00, 0x00, 0x00, 0x00, 0x00, 0x00, 0x00, 0x00,
    0x00, 0x00, 0x00, 0x00, 0x00, 0x00, 0x00, 0x00, 0x00, 0x00, 0x00, 0x00, 0x00, 0x00, 0x00, 0x00, 0x00, 0x00, 0x00,
    0x00, 0x00, 0x00, 0x00, 0x00, 0x00, 0x00, 0x00, 0x00, 0x00, 0x00, 0x00, 0x00, 0x00, 0x00, 0x00, 0x00, 0x00, 0x00,
    0x00, 0x00, 0x00, 0x00, 0x00, 0x00, 0x00, 0x00, 0x00, 0x00, 0x00, 0x00, 0x00, 0x00, 0x00, 0x00, 0x00, 0x00, 0x00,
    0x00, 0x00, 0x00, 0x00, 0x00, 0x00, 0x00, 0x00, 0x00, 0x00, 0x00, 0x00, 0x00, 0x00, 0x00, 0x00, 0x00, 0x00, 0x00,
    0x00, 0x00, 0x00, 0x00, 0x00, 0x00, 0x00, 0x00, 0x00, 0x00, 0x00, 0x00, 0x00, 0x00, 0x00, 0x00, 0x00, 0x00, 0x00,
    0x00, 0x00, 0x00, 0x00, 0x00, 0x00, 0x00, 0x00, 0x00, 0x00, 0x00, 0x00, 0x00, 0x00, 0x00, 0x00, 0x00, 0x00, 0x00,
    0x00, 0x00, 0x00, 0x00, 0x00, 0x00, 0x00, 0x00, 0x00, 0x00, 0x00, 0x00, 0x00, 0x00, 0x00, 0x00, 0x00, 0x00, 0x00,
    0x00, 0x00, 0x00, 0x00, 0x00, 0x00, 0x00, 0x00, 0x00, 0x00, 0x00, 0x00, 0x00, 0x00, 0x00, 0x00, 0x00, 0x00, 0x00,
    0x00, 0x00, 0x00, 0x00, 0x00, 0x00, 0x00, 0x00, 0x00, 0x00, 0x00, 0x00, 0x00, 0x00, 0x00, 0x00, 0x00, 0x00, 0x00,
    0x00, 0x00, 0x00, 0x00, 0x00, 0x00, 0x00, 0x00, 0x00, 0x00, 0x00, 0x00, 0x00, 0x00, 0x00, 0x00, 0x00, 0x00, 0x00,
    0x00, 0x00, 0x00, 0x00, 0x00, 0x00, 0x00, 0x00, 0x00, 0x00, 0x00, 0x00, 0x00, 0x00, 0x00, 0x00, 0x00, 0x00, 0x00,
    0x00, 0x00, 0x00, 0x00, 0x00, 0x00, 0x00, 0x00, 0x00, 0x00, 0x00, 0x00, 0x00, 0x00, 0x00, 0x00, 0x00, 0x00, 0x00,
    0x00, 0x00, 0x00, 0x00, 0x00, 0x00, 0x00, 0x00, 0x00, 0x00, 0x00, 0x00, 0x00, 0x00, 0x00, 0x00, 0x00, 0x00, 0x00,
    0x00, 0x00, 0x00, 0x00, 0x00, 0x00, 0x00, 0x00, 0x00, 0x00, 0x00, 0x00, 0x00, 0x00, 0x00, 0x00, 0x00, 0x00, 0x00,
    0x00, 0x00, 0x00, 0x00, 0x00, 0x00, 0x00, 0x00, 0x00, 0x00, 0x00, 0x00, 0x00, 0x00, 0x00, 0x00, 0x00, 0x00, 0x00,
    0x00, 0x00, 0x00, 0x00, 0x00, 0x00, 0x00, 0x00, 0x00, 0x00, 0x00, 0x00, 0x00, 0x00, 0x00, 0x00, 0x00, 0x00, 0x00,
    0x00, 0x00, 0x00, 0x00, 0x00, 0x00, 0x00, 0x00, 0x00, 0x00, 0x00, 0x00, 0x00, 0x00, 0x00, 0x00, 0x00, 0x00, 0x00,
    0x00, 0x00, 0x00, 0x00, 0x00, 0x00, 0x00, 0x00, 0x00, 0x00, 0x00, 0x00, 0x00, 0x00, 0x00, 0x00, 0x00, 0x00, 0x00,
    0x00, 0x00, 0x00, 0x00, 0x00, 0x00, 0x00, 0x00, 0x00, 0x00, 0x00, 0x00, 0x00, 0x00, 0x00, 0x00, 0x00, 0x00, 0x00,
    0x00, 0x00, 0x00, 0x00, 0x00, 0x00, 0x00, 0x00, 0x00, 0x00, 0x00, 0x00, 0x00, 0x00, 0x00, 0x00, 0x00, 0x00, 0x00,
    0x00, 0x00, 0x00, 0x00, 0x00, 0x00, 0x00, 0x00, 0x00, 0x00, 0x00, 0x00, 0x00, 0x00, 0x00, 0x00, 0x00, 0x00, 0x00,
    0x00, 0x00, 0x00, 0x00, 0x00, 0x00, 0x00, 0x00, 0x00, 0x00, 0x00, 0x00, 0x00, 0x00, 0x00, 0x00, 0x00, 0x00, 0x00,
    0x00, 0x00, 0x00, 0x00, 0x00, 0x00, 0x00, 0x00, 0x00, 0x00, 0x00, 0x00, 0x00, 0x00, 0x00, 0x00, 0x00, 0x00, 0x00,
    0x00, 0x00, 0x00, 0x00, 0x00, 0x00, 0x00, 0x00, 0x00, 0x00, 0x00, 0x00, 0x00, 0x00, 0x00, 0x00, 0x00, 0x00, 0x00,
    0x00, 0x00, 0x00, 0x00, 0x00, 0x00, 0x00, 0x00, 0x00, 0x00, 0x00, 0x00, 0x00, 0x00, 0x00, 0x00, 0x00, 0x00, 0x00,
    0x00, 0x00, 0x00, 0x00, 0x00, 0x00, 0x00, 0x00, 0x00, 0x00, 0x00, 0x00, 0x00, 0x00, 0x00, 0x00, 0x00, 0x00, 0x00,
    0x00, 0x00, 0x00, 0x00, 0x00, 0x00, 0x00, 0x00, 0x00, 0x00, 0x00, 0x00, 0x00, 0x00, 0x00, 0x00, 0x00, 0x00, 0x00,
    0x00, 0x00, 0x00, 0x00, 0x00, 0x00, 0x00, 0x00, 0x00, 0x00, 0x00, 0x00, 0x00, 0x00, 0x00, 0x00, 0x00, 0x00, 0x00,
    0x00, 0x00, 0x00, 0x00, 0x00, 0x00, 0x00, 0x00, 0x00, 0x00, 0x00, 0x00, 0x00, 0x00, 0x00, 0x00, 0x00, 0x00, 0x00,
    0x00, 0x00, 0x00, 0x00, 0x00, 0x00, 0x00, 0x00, 0x00, 0x00, 0x00, 0x00, 0x00, 0x00, 0x00, 0x00, 0x00, 0x00, 0x00,
    0x00, 0x00, 0x00, 0x00, 0x00, 0x00, 0x00, 0x00, 0x00, 0x00, 0x00, 0x00, 0x00, 0x00, 0x00, 0x00, 0x00, 0x00, 0x00,
    0x00, 0x00, 0x00, 0x00, 0x00, 0x00, 0x00, 0x00, 0x00, 0x00, 0x00, 0x00, 0x00, 0x00, 0x00, 0x00, 0x00, 0x00, 0x00,
    0x00, 0x00, 0x00, 0x00, 0x00, 0x00, 0x00, 0x00, 0x00, 0x00, 0x00, 0x00, 0x00, 0x00, 0x00, 0x00, 0x00, 0x00, 0x00,
    0x00, 0x00, 0x00, 0x00, 0x00, 0x00, 0x00, 0x00, 0x00, 0x00, 0x00, 0x00, 0x00, 0x00, 0x00, 0x00, 0x00, 0x00, 0x00,
    0x00, 0x00, 0x00, 0x00, 0x00, 0x00, 0x00, 0x00, 0x00, 0x00, 0x00, 0x00, 0x00, 0x00, 0x00, 0x00, 0x00, 0x00, 0x00,
    0x00, 0x00, 0x00, 0x00, 0x00, 0x00, 0x00, 0x00, 0x00, 0x00, 0x00, 0x00, 0x00, 0x00, 0x00, 0x00, 0x00, 0x00, 0x00,
    0x00, 0x00, 0x00, 0x00, 0x00, 0x00, 0x00, 0x00, 0x00, 0x00, 0x00, 0x00, 0x00, 0x00, 0x00, 0x00, 0x00, 0x00, 0x00,
    0x00, 0x00, 0x00, 0x00, 0x00, 0x00, 0x00, 0x00, 0x00, 0x00, 0x00, 0x00, 0x00, 0x00, 0x00, 0x00, 0x00, 0x00, 0x00,
    0x00, 0x00, 0x00, 0x00, 0x00, 0x00, 0x00, 0x00, 0x00, 0x00, 0x00, 0x00, 0x00, 0x00, 0x00, 0x00, 0x00, 0x00, 0x00,
    0x00, 0x00, 0x00, 0x00, 0x00, 0x00, 0x00, 0x00, 0x00, 0x00, 0x00, 0x00, 0x00, 0x00, 0x00, 0x00, 0x00, 0x00, 0x00,
    0x00, 0x00, 0x00, 0x00, 0x00, 0x00, 0x00, 0x00, 0x00, 0x00, 0x00, 0x00, 0x00, 0x00, 0x00, 0x00, 0x00, 0x00, 0x00,
    0x00, 0x00, 0x00, 0x00, 0x00, 0x00, 0x00, 0x00, 0x00, 0x00, 0x00, 0x00, 0x00, 0x00, 0x00, 0x00, 0x00, 0x00, 0x00,
    0x00, 0x00, 0x00, 0x00, 0x00, 0x00, 0x00, 0x00, 0x00, 0x00, 0x00, 0x00, 0x00, 0x00, 0x00, 0x00, 0x00, 0x00, 0x00,
    0x00, 0x00, 0x00, 0x00, 0x00, 0x00, 0x00, 0x00, 0x00, 0x00, 0x00, 0x00, 0x00, 0x00, 0x00, 0x00, 0x00, 0x00, 0x00,
    0x00, 0x00, 0x00, 0x00, 0x00, 0x00, 0x00, 0x00, 0x00, 0x00, 0x00, 0x00, 0x00, 0x00, 0x00, 0x00, 0x00, 0x00, 0x00,
    0x00, 0x00, 0x00, 0x00, 0x00, 0x00, 0x00, 0x00, 0x00, 0x00, 0x00, 0x00, 0x00, 0x00, 0x00, 0x00, 0x00, 0x00, 0x00,
    0x00, 0x00, 0x00, 0x00, 0x00, 0x00, 0x00, 0x00, 0x00, 0x00, 0x00, 0x00, 0x00, 0x00, 0x00, 0x00, 0x00, 0x00, 0x00,
    0x00, 0x00, 0x00, 0x00, 0x00, 0x00, 0x00, 0x00, 0x00, 0x00, 0x00, 0x00, 0x00, 0x00, 0x00, 0x00, 0x00, 0x00, 0x00,
    0x00, 0x00, 0x00, 0x00, 0x00, 0x00, 0x00, 0x00, 0x00, 0x00, 0x00, 0x00, 0x00, 0x00, 0x00, 0x00, 0x00, 0x00, 0x00,
    0x00, 0x00, 0x00, 0x00, 0x00, 0x00, 0x00, 0x00, 0x00, 0x00, 0x00, 0x00, 0x00, 0x00, 0x00, 0x00, 0x00, 0x00, 0x00,
    0x00, 0x00, 0x00, 0x00, 0x00, 0x00, 0x00, 0x00, 0x00, 0x00, 0x00, 0x00, 0x00, 0x00, 0x00, 0x00, 0x00, 0x00, 0x00,
    0x00, 0x00, 0x00, 0x00, 0x00, 0x00, 0x00, 0x00, 0x00, 0x00, 0x00, 0x00, 0x00, 0x00, 0x00, 0x00, 0x00, 0x00, 0x00,
    0x00, 0x00, 0x00, 0x00, 0x00, 0x00, 0x00, 0x00, 0x00, 0x00, 0x00, 0x00, 0x00, 0x00, 0x00, 0x00, 0x00, 0x00, 0x00,
    0x00, 0x00, 0x00, 0x00, 0x00, 0x00, 0x00, 0x00, 0x00, 0x00, 0x00, 0x00, 0x00, 0x00, 0x00, 0x00, 0x00, 0x00, 0x00,
    0x00, 0x00, 0x00, 0x00, 0x00, 0x00, 0x00, 0x00, 0x00, 0x00, 0x00, 0x00, 0x00, 0x00, 0x00, 0x00, 0x00, 0x00, 0x00,
    0x00, 0x00, 0x00, 0x00, 0x00, 0x00, 0x00, 0x00, 0x00, 0x00, 0x00, 0x00, 0x00, 0x00, 0x00, 0x00, 0x00, 0x00, 0x00,
    0x00, 0x00, 0x00, 0x00, 0x00, 0x00, 0x00, 0x00, 0x00, 0x00, 0x00, 0x00, 0x00, 0x00, 0x00, 0x00, 0x00, 0x00, 0x00,
    0x00, 0x00, 0x00, 0x00, 0x00, 0x00, 0x00, 0x00, 0x00, 0x00, 0x00, 0x00, 0x00, 0x00, 0x00, 0x00, 0x00, 0x00, 0x00,
    0x00, 0x00, 0x00, 0x00, 0x00, 0x00, 0x00, 0x00, 0x00, 0x00, 0x00, 0x00, 0x00, 0x00, 0x00, 0x00, 0x00, 0x00, 0x00,
    0x00, 0x00, 0x00, 0x00, 0x00, 0x00, 0x00, 0x00, 0x00, 0x00, 0x00, 0x00, 0x00, 0x00, 0x00, 0x00, 0x00, 0x00, 0x00,
    0x00, 0x00, 0x00, 0x00, 0x00, 0x00, 0x00, 0x00, 0x00, 0x00, 0x00, 0x00, 0x00, 0x00, 0x00, 0x00, 0x00, 0x00, 0x00,
    0x00, 0x00, 0x00, 0x00, 0x00, 0x00, 0x00, 0x00, 0x00, 0x00, 0x00, 0x00, 0x00, 0x00, 0x00, 0x00, 0x00, 0x00, 0x00,
    0x00, 0x00, 0x00, 0x00, 0x00, 0x00, 0x00, 0x00, 0x00, 0x00, 0x00, 0x00, 0x00, 0x00, 0x00, 0x00, 0x00, 0x00, 0x00,
    0x00, 0x00, 0x00, 0x00, 0x00, 0x00, 0x00, 0x00, 0x00, 0x00, 0x00, 0x00, 0x00, 0x00, 0x00, 0x00, 0x00, 0x00, 0x00,
    0x00, 0x00, 0x00, 0x00, 0x00, 0x00, 0x00, 0x00, 0x00, 0x00, 0x00, 0x00, 0x00, 0x00, 0x00, 0x00, 0x00, 0x00, 0x00,
    0x00, 0x00, 0x00, 0x00, 0x00, 0x00, 0x00, 0x00, 0x00, 0x00, 0x00, 0x00, 0x00, 0x00, 0x00, 0x00, 0x00, 0x00, 0x00,
    0x00, 0x00, 0x00, 0x00, 0x00, 0x00, 0x00, 0x00, 0x00, 0x00, 0x00, 0x00, 0x00, 0x00, 0x00, 0x00, 0x00, 0x00, 0x00,
    0x00, 0x00, 0x00, 0x00, 0x00, 0x00, 0x00, 0x00, 0x00, 0x00, 0x00, 0x00, 0x00, 0x00, 0x00, 0x00, 0x00, 0x00, 0x00,
    0x00, 0x00, 0x00, 0x00, 0x00, 0x00, 0x00, 0x00, 0x00, 0x00, 0x00, 0x00, 0x00, 0x00, 0x00, 0x00, 0x00, 0x00, 0x00,
    0x00, 0x00, 0x00, 0x00, 0x00, 0x00, 0x00, 0x00, 0x00, 0x00, 0x00, 0x00, 0x00, 0x00, 0x00, 0x00, 0x00, 0x00, 0x00,
    0x00, 0x00, 0x00, 0x00, 0x00, 0x00, 0x00, 0x00, 0x00, 0x00, 0x00, 0x00, 0x00, 0x00, 0x00, 0x00, 0x00, 0x00, 0x00,
    0x00, 0x00, 0x00, 0x00, 0x00, 0x00, 0x00, 0x00, 0x00, 0x00, 0x00, 0x00, 0x00, 0x00, 0x00, 0x00, 0x00, 0x00, 0x00,
    0x00, 0x00, 0x00, 0x00, 0x00, 0x00, 0x00, 0x00, 0x00, 0x00, 0x00, 0x00, 0x00, 0x00, 0x00, 0x00, 0x00, 0x00, 0x00,
    0x00, 0x00, 0x00, 0x00, 0x00, 0x00, 0x00, 0x00, 0x00, 0x00, 0x00, 0x00, 0x00, 0x00, 0x00, 0x00, 0x00, 0x00, 0x00,
    0x00, 0x00, 0x00, 0x00, 0x00, 0x00, 0x00, 0x00, 0x00, 0x00, 0x00, 0x00, 0x00, 0x00, 0x00, 0x00, 0x00, 0x00, 0x00,
    0x00, 0x00, 0x00, 0x00, 0x00, 0x00, 0x00, 0x00, 0x00, 0x00, 0x00, 0x00, 0x00, 0x00, 0x00, 0x00, 0x00, 0x00, 0x00,
    0x00, 0x00, 0x00, 0x00, 0x00, 0x00, 0x00, 0x00, 0x00, 0x00, 0x00, 0x00, 0x00, 0x00, 0x00, 0x00, 0x00, 0x00, 0x00,
    0x00, 0x00, 0x00, 0x00, 0x00, 0x00, 0x00, 0x00, 0x00, 0x00, 0x00, 0x00, 0x00, 0x00, 0x00, 0x00, 0x00, 0x00, 0x00,
    0x00, 0x00, 0x00, 0x00, 0x00, 0x00, 0x00, 0x00, 0x00, 0x00, 0x00, 0x00, 0x00, 0x00, 0x00, 0x00, 0x00, 0x00, 0x00,
    0x00, 0x00, 0x00, 0x00, 0x00, 0x00, 0x00, 0x00, 0x00, 0x00, 0x00, 0x00, 0x00, 0x00, 0x00, 0x00, 0x00, 0x00, 0x00,
    0x00, 0x00, 0x00, 0x00, 0x00, 0x00, 0x00, 0x00, 0x00, 0x00, 0x00, 0x00, 0x00, 0x00, 0x00, 0x00, 0x00, 0x00, 0x00,
    0x00, 0x00, 0x00, 0x00, 0x00, 0x00, 0x00, 0x00, 0x00, 0x00, 0x00, 0x00, 0x00, 0x00, 0x00, 0x00, 0x00, 0x00, 0x00,
    0x00, 0x00, 0x00, 0x00, 0x00, 0x00, 0x00, 0x00, 0x00, 0x00, 0x00, 0x00, 0x00, 0x00, 0x00, 0x00, 0x00, 0x00, 0x00,
    0x00, 0x00, 0x00, 0x00, 0x00, 0x00, 0x00, 0x00, 0x00, 0x00, 0x00, 0x00, 0x00, 0x00, 0x00, 0x00, 0x00, 0x00, 0x00,
    0x00, 0x00, 0x00, 0x00, 0x00, 0x00, 0x00, 0x00, 0x00, 0x00, 0x00, 0x00, 0x00, 0x00, 0x00, 0x00, 0x00, 0x00, 0x00,
    0x00, 0x00, 0x00, 0x00, 0x00, 0x00, 0x00, 0x00, 0x00, 0x00, 0x00, 0x00, 0x00, 0x00, 0x00, 0x00, 0x00, 0x00, 0x00,
    0x00, 0x00, 0x00, 0x00, 0x00, 0x00, 0x00, 0x00, 0x00, 0x00, 0x00, 0x00, 0x00, 0x00, 0x00, 0x00, 0x00, 0x00, 0x00,
    0x00, 0x00, 0x00, 0x00, 0x00, 0x00, 0x00, 0x00, 0x00, 0x00, 0x00, 0x00, 0x00, 0x00, 0x00, 0x00, 0x00, 0x00, 0x00,
    0x00, 0x00, 0x00, 0x00, 0x00, 0x00, 0x00, 0x00, 0x00, 0x00, 0x00, 0x00, 0x00, 0x00, 0x00, 0x00, 0x00, 0x00, 0x00,
    0x00, 0x00, 0x00, 0x00, 0x00, 0x00, 0x00, 0x00, 0x00, 0x00, 0x00, 0x00, 0x00, 0x00, 0x00, 0x00, 0x00, 0x00, 0x00,
    0x00, 0x00, 0x00, 0x00, 0x00, 0x00, 0x00, 0x00, 0x00, 0x00, 0x00, 0x00, 0x00, 0x00, 0x00, 0x00, 0x00, 0x00, 0x00,
    0x00, 0x00, 0x00, 0x00, 0x00, 0x00, 0x00, 0x00, 0x00, 0x00, 0x00, 0x00, 0x00, 0x00, 0x00, 0x00, 0x00, 0x00, 0x00,
    0x00, 0x00, 0x00, 0x00, 0x00, 0x00, 0x00, 0x00, 0x00, 0x00, 0x00, 0x00, 0x00, 0x00, 0x00, 0x00, 0x00, 0x00, 0x00,
    0x00, 0x00, 0x00, 0x00, 0x00, 0x00, 0x00, 0x00, 0x00, 0x00, 0x00, 0x00, 0x00, 0x00, 0x00, 0x00, 0x00, 0x00, 0x00,
    0x00, 0x00, 0x00, 0x00, 0x00, 0x00, 0x00, 0x00, 0x00, 0x00, 0x00, 0x00, 0x00, 0x00, 0x00, 0x00, 0x00, 0x00, 0x00,
    0x00, 0x00, 0x00, 0x00, 0x00, 0x00, 0x00, 0x00, 0x00, 0x00, 0x00, 0x00, 0x00, 0x00, 0x00, 0x00, 0x00, 0x00, 0x00,
    0x00, 0x00, 0x00, 0x00, 0x00, 0x00, 0x00, 0x00, 0x00, 0x00, 0x00, 0x00, 0x00, 0x00, 0x00, 0x00, 0x00, 0x00, 0x00,
    0x00, 0x00, 0x00, 0x00, 0x00, 0x00, 0x00, 0x00, 0x00, 0x00, 0x00, 0x00, 0x00, 0x00, 0x00, 0x00, 0x00, 0x00, 0x00,
    0x00, 0x00, 0x00, 0x00, 0x00, 0x00, 0x00, 0x00, 0x00, 0x00, 0x00, 0x00, 0x00, 0x00, 0x00, 0x00, 0x00, 0x00, 0x00,
    0x00, 0x00, 0x00, 0x00, 0x00, 0x00, 0x00, 0x00, 0x00, 0x00, 0x00, 0x00, 0x00, 0x00, 0x00, 0x00, 0x00, 0x00, 0x00,
    0x00, 0x00, 0x00, 0x00, 0x00, 0x00, 0x00, 0x00, 0x00, 0x00, 0x00, 0x00, 0x00, 0x00, 0x00, 0x00, 0x00, 0x00, 0x00,
    0x00, 0x00, 0x00, 0x00, 0x00, 0x00, 0x00, 0x00, 0x00, 0x00, 0x00, 0x00, 0x00, 0x00, 0x00, 0x00, 0x00, 0x00, 0x00,
    0x00, 0x00, 0x00, 0x00, 0x00, 0x00, 0x00, 0x00, 0x00, 0x00, 0x00, 0x00, 0x00, 0x00, 0x00, 0x00, 0x00, 0x00, 0x00,
    0x00, 0x00, 0x00, 0x00, 0x00, 0x00, 0x00, 0x00, 0x00, 0x00, 0x00, 0x00, 0x00, 0x00, 0x00, 0x00, 0x00, 0x00, 0x00,
    0x00, 0x00, 0x00, 0x00, 0x00, 0x00, 0x00, 0x00, 0x00, 0x00, 0x00, 0x00, 0x00, 0x00, 0x00, 0x00, 0x00, 0x00, 0x00,
    0x00, 0x00, 0x00, 0x00, 0x00, 0x00, 0x00, 0x00, 0x00, 0x00, 0x00, 0x00, 0x00, 0x00, 0x00, 0x00, 0x00, 0x00, 0x00,
    0x00, 0x00, 0x00, 0x00, 0x00, 0x00, 0x00, 0x00, 0x00, 0x00, 0x00, 0x00, 0x00, 0x00, 0x00, 0x00, 0x00, 0x00, 0x00,
    0x00, 0x00, 0x00, 0x00, 0x00, 0x00, 0x00, 0x00, 0x00, 0x00, 0x00, 0x00, 0x00, 0x00, 0x00, 0x00, 0x00, 0x00, 0x00,
    0x00, 0x00, 0x00, 0x00, 0x00, 0x00, 0x00, 0x00, 0x00, 0x00, 0x00, 0x00, 0x00, 0x00, 0x00, 0x00, 0x00, 0x00, 0x00,
    0x00, 0x00, 0x00, 0x00, 0x00, 0x00, 0x00, 0x00, 0x00, 0x00, 0x00, 0x00, 0x00, 0x00, 0x00, 0x00, 0x00, 0x00, 0x00,
    0x00, 0x00, 0x00, 0x00, 0x00, 0x00, 0x00, 0x00, 0x00, 0x00, 0x00, 0x00, 0x00, 0x00, 0x00, 0x00, 0x00, 0x00, 0x00,
    0x00, 0x00, 0x00, 0x00, 0x00, 0x00, 0x00, 0x00, 0x00, 0x00, 0x00, 0x00, 0x00, 0x00, 0x00, 0x00, 0x00, 0x00, 0x00,
    0x00, 0x00, 0x00, 0x00, 0x00, 0x00, 0x00, 0x00, 0x00, 0x00, 0x00, 0x00, 0x00, 0x00, 0x00, 0x00, 0x00, 0x00, 0x00,
    0x00, 0x00, 0x00, 0x00, 0x00, 0x00, 0x00, 0x00, 0x00, 0x00, 0x00, 0x00, 0x00, 0x00, 0x00, 0x00, 0x00, 0x00, 0x00,
    0x00, 0x00, 0x00, 0x00, 0x00, 0x00, 0x00, 0x00, 0x00, 0x00, 0x00, 0x00, 0x00, 0x00, 0x00, 0x00, 0x00, 0x00, 0x00,
    0x00, 0x00, 0x00, 0x00, 0x00, 0x00, 0x00, 0x00, 0x00, 0x00, 0x00, 0x00, 0x00, 0x00, 0x00, 0x00, 0x00, 0x00, 0x00,
    0x00, 0x00, 0x00, 0x00, 0x00, 0x00, 0x00, 0x00, 0x00, 0x00, 0x00, 0x00, 0x00, 0x00, 0x00, 0x00, 0x00, 0x00, 0x00,
    0x00, 0x00, 0x00, 0x00, 0x00, 0x00, 0x00, 0x00, 0x00, 0x00, 0x00, 0x00, 0x00, 0x00, 0x00, 0x00, 0x00, 0x00, 0x00,
    0x00, 0x00, 0x00, 0x00, 0x00, 0x00, 0x00, 0x00, 0x00, 0x00, 0x00, 0x00, 0x00, 0x00, 0x00, 0x00, 0x00, 0x00, 0x00,
    0x00, 0x00, 0x00, 0x00, 0x00, 0x00, 0x00, 0x00, 0x00, 0x00, 0x00, 0x00, 0x00, 0x00, 0x00, 0x00, 0x00, 0x00, 0x00,
    0x00, 0x00, 0x00, 0x00, 0x00, 0x00, 0x00, 0x00, 0x00, 0x00, 0x00, 0x00, 0x00, 0x00, 0x00, 0x00, 0x00, 0x00, 0x00,
    0x00, 0x00, 0x00, 0x00, 0x00, 0x00, 0x00, 0x00, 0x00, 0x00, 0x00, 0x00, 0x00, 0x00, 0x00, 0x00, 0x00, 0x00, 0x00,
    0x00, 0x00, 0x00, 0x00, 0x00, 0x00, 0x00, 0x00, 0x00, 0x00, 0x00, 0x00, 0x00, 0x00, 0x00, 0x00, 0x00, 0x00, 0x00,
    0x00, 0x00, 0x00, 0x00, 0x00, 0x00, 0x00, 0x00, 0x00, 0x00, 0x00, 0x00, 0x00, 0x00, 0x00, 0x00, 0x00, 0x00, 0x00,
    0x00, 0x00, 0x00, 0x00, 0x00, 0x00, 0x00, 0x00, 0x00, 0x00, 0x00, 0x00, 0x00, 0x00, 0x00, 0x00, 0x00, 0x00, 0x00,
    0x00, 0x00, 0x00, 0x00, 0x00, 0x00, 0x00, 0x00, 0x00, 0x00, 0x00, 0x00, 0x00, 0x00, 0x00, 0x00, 0x00, 0x00, 0x00,
    0x00, 0x00, 0x00, 0x00, 0x00, 0x00, 0x00, 0x00, 0x00, 0x00, 0x00, 0x00, 0x00, 0x00, 0x00, 0x00, 0x00, 0x00, 0x00,
    0x00, 0x00, 0x00, 0x00, 0x00, 0x00, 0x00, 0x00, 0x00, 0x00, 0x00, 0x00, 0x00, 0x00, 0x00, 0x00, 0x00, 0x00, 0x00,
    0x00, 0x00, 0x00, 0x00, 0x00, 0x00, 0x00, 0x00, 0x00, 0x00, 0x00, 0x00, 0x00, 0x00, 0x00, 0x00, 0x00, 0x00, 0x00,
    0x00, 0x00, 0x00, 0x00, 0x00, 0x00, 0x00, 0x00, 0x00, 0x00, 0x00, 0x00, 0x00, 0x00, 0x00, 0x00, 0x00, 0x00, 0x00,
    0x00, 0x00, 0x00, 0x00, 0x00, 0x00, 0x00, 0x00, 0x00, 0x00, 0x00, 0x00, 0x00, 0x00, 0x00, 0x00, 0x00, 0x00, 0x00,
    0x00, 0x00, 0x00, 0x00, 0x00, 0x00, 0x00, 0x00, 0x00, 0x00, 0x00, 0x00, 0x00, 0x00, 0x00, 0x00, 0x00, 0x00, 0x00,
    0x00, 0x00, 0x00, 0x00, 0x00, 0x00, 0x00, 0x00, 0x00, 0x00, 0x00, 0x00, 0x00, 0x00, 0x00, 0x00, 0x00, 0x00, 0x00,
    0x00, 0x00, 0x00, 0x00, 0x00, 0x00, 0x00, 0x00, 0x00, 0x00, 0x00, 0x00, 0x00, 0x00, 0x00, 0x00, 0x00, 0x00, 0x00,
    0x00, 0x00, 0x00, 0x00, 0x00, 0x00, 0x00, 0x00, 0x00, 0x00, 0x00, 0x00, 0x00, 0x00, 0x00, 0x00, 0x00, 0x00, 0x00,
    0x00, 0x00, 0x00, 0x00, 0x00, 0x00, 0x00, 0x00, 0x00, 0x00, 0x00, 0x00, 0x00, 0x00, 0x00, 0x00, 0x00, 0x00, 0x00,
    0x00, 0x00, 0x00, 0x00, 0x00, 0x00, 0x00, 0x00, 0x00, 0x00, 0x00, 0x00, 0x00, 0x00, 0x00, 0x00, 0x00, 0x00, 0x00,
    0x00, 0x00, 0x00, 0x00, 0x00, 0x00, 0x00, 0x00, 0x00, 0x00, 0x00, 0x00, 0x00, 0x00, 0x00, 0x00, 0x00, 0x00, 0x00,
    0x00, 0x00, 0x00, 0x00, 0x00, 0x00, 0x00, 0x00, 0x00, 0x00, 0x00, 0x00, 0x00, 0x00, 0x00, 0x62, 0x08, 0xc3, 0x18,
    0x20, 0x00, 0x00, 0x00, 0x00, 0x00, 0x00, 0x00, 0x00, 0x00, 0x00, 0x00, 0x00, 0x00, 0x00, 0x00, 0x00, 0x00, 0x00,
    0x00, 0x00, 0x00, 0x00, 0x00, 0x00, 0x00, 0x00, 0x00, 0x00, 0x00, 0x00, 0x00, 0x00, 0x00, 0x00, 0x00, 0x00, 0x00,
    0x00, 0x00, 0x00, 0x00, 0x00, 0x00, 0x00, 0x00, 0x00, 0x00, 0x00, 0x00, 0x00, 0x00, 0x00, 0x00, 0x00, 0x00, 0x00,
    0x00, 0x00, 0x00, 0x00, 0x00, 0x00, 0x00, 0x00, 0x00, 0x00, 0x00, 0x00, 0x00, 0x00, 0x00, 0x00, 0x00, 0x00, 0x00,
    0x00, 0x00, 0x00, 0x00, 0x00, 0x00, 0x00, 0x00, 0x00, 0x00, 0x00, 0x00, 0x00, 0x00, 0x00, 0x00, 0x00, 0x00, 0x00,
    0x00, 0x00, 0x00, 0x00, 0x00, 0x00, 0x00, 0x00, 0x00, 0x00, 0x00, 0x00, 0x00, 0x00, 0x00, 0x00, 0x00, 0x00, 0x00,
    0x00, 0x00, 0x00, 0x00, 0x00, 0x00, 0x00, 0x00, 0x00, 0x00, 0x00, 0x00, 0x00, 0x00, 0x00, 0x00, 0x00, 0x00, 0x00,
    0x00, 0x00, 0x00, 0x00, 0x00, 0x00, 0x00, 0x00, 0x00, 0x00, 0x00, 0x00, 0x00, 0x00, 0x00, 0x00, 0x00, 0x00, 0x00,
    0x00, 0x00, 0x00, 0x00, 0x00, 0x00, 0x00, 0x00, 0x00, 0x00, 0x00, 0x00, 0x00, 0x00, 0x00, 0x00, 0x00, 0x00, 0x00,
    0x00, 0x00, 0x00, 0x00, 0x00, 0x00, 0x00, 0x00, 0x00, 0x00, 0x00, 0x00, 0x00, 0x00, 0x00, 0x00, 0x00, 0x00, 0x00,
    0x00, 0x00, 0x00, 0x00, 0x00, 0x00, 0x00, 0x00, 0x00, 0x00, 0x00, 0x00, 0x00, 0x00, 0x00, 0x00, 0x00, 0x00, 0x00,
    0x00, 0x00, 0x00, 0x00, 0x00, 0x00, 0x00, 0x00, 0x00, 0x00, 0x00, 0x00, 0x00, 0x00, 0x00, 0x00, 0x00, 0x00, 0x00,
    0x00, 0x00, 0x00, 0x00, 0x00, 0x00, 0x00, 0x00, 0x00, 0x00, 0x00, 0x00, 0x00, 0x00, 0x00, 0x00, 0x00, 0x00, 0x00,
    0x00, 0x00, 0x00, 0x00, 0x00, 0x00, 0x00, 0x00, 0x00, 0x00, 0x00, 0x00, 0x00, 0x00, 0x00, 0x00, 0x00, 0x00, 0x00,
    0x00, 0x00, 0x00, 0x00, 0x00, 0x00, 0x00, 0x00, 0x00, 0x00, 0x00, 0x00, 0x00, 0x00, 0x00, 0x00, 0x00, 0x00, 0x00,
    0x00, 0x00, 0x00, 0x00, 0x00, 0x00, 0x00, 0x00, 0x00, 0x00, 0x00, 0x00, 0x00, 0x00, 0x00, 0x00, 0x00, 0x00, 0x00,
    0x00, 0x00, 0x00, 0x00, 0x00, 0x00, 0x00, 0x00, 0x00, 0x00, 0x00, 0x00, 0x00, 0x00, 0x00, 0x00, 0x00, 0x00, 0x00,
    0x00, 0x00, 0x00, 0x00, 0x00, 0x00, 0x00, 0x00, 0x00, 0x00, 0x00, 0x00, 0x00, 0x00, 0x00, 0x00, 0x00, 0x00, 0x00,
    0x00, 0x00, 0x00, 0x00, 0x00, 0x00, 0x00, 0x00, 0x00, 0x00, 0x00, 0x00, 0x00, 0x00, 0x00, 0x00, 0x00, 0x00, 0x00,
    0x00, 0x00, 0x00, 0x00, 0x00, 0x00, 0x00, 0x00, 0x00, 0x00, 0x00, 0x00, 0x00, 0x00, 0x00, 0x00, 0x00, 0x00, 0x00,
    0x00, 0x00, 0x00, 0x00, 0x00, 0x00, 0x00, 0x00, 0x00, 0x00, 0x00, 0x00, 0x00, 0x00, 0x00, 0x00, 0xc8, 0x39, 0xb1,
    0x73, 0x0e, 0x63, 0x6b, 0x52, 0xa8, 0x39, 0xc3, 0x18, 0x20, 0x00, 0x00, 0x00, 0x00, 0x00, 0x00, 0x00, 0x00, 0x00,
    0x00, 0x00, 0x00, 0x00, 0x00, 0x00, 0x00, 0x00, 0x00, 0x00, 0x00, 0x00, 0x00, 0x00, 0x00, 0x00, 0x00, 0x00, 0x00,
    0x00, 0x00, 0x00, 0x00, 0x00, 0x00, 0x00, 0x00, 0x00, 0x00, 0x00, 0x00, 0x00, 0x00, 0x00, 0x00, 0x00, 0x00, 0x00,
    0x00, 0x00, 0x00, 0x00, 0x00, 0x00, 0x00, 0x00, 0x00, 0x00, 0x00, 0x00, 0x00, 0x00, 0x00, 0x00, 0x00, 0x00, 0x00,
    0x00, 0x00, 0x00, 0x00, 0x00, 0x00, 0x00, 0x00, 0x00, 0x00, 0x00, 0x00, 0x00, 0x00, 0x00, 0x00, 0x00, 0x00, 0x00,
    0x00, 0x00, 0x00, 0x00, 0x00, 0x00, 0x00, 0x00, 0x00, 0x00, 0x00, 0x00, 0x00, 0x00, 0x00, 0x00, 0x00, 0x00, 0x00,
    0x00, 0x00, 0x00, 0x00, 0x00, 0x00, 0x00, 0x00, 0x00, 0x00, 0x00, 0x00, 0x00, 0x00, 0x00, 0x00, 0x00, 0x00, 0x00,
    0x00, 0x00, 0x00, 0x00, 0x00, 0x00, 0x00, 0x00, 0x00, 0x00, 0x00, 0x00, 0x00, 0x00, 0x00, 0x00, 0x00, 0x00, 0x00,
    0x00, 0x00, 0x00, 0x00, 0x00, 0x00, 0x00, 0x00, 0x00, 0x00, 0x00, 0x00, 0x00, 0x00, 0x00, 0x00, 0x00, 0x00, 0x00,
    0x00, 0x00, 0x00, 0x00, 0x00, 0x00, 0x00, 0x00, 0x00, 0x00, 0x00, 0x00, 0x00, 0x00, 0x00, 0x00, 0x00, 0x00, 0x00,
    0x00, 0x00, 0x00, 0x00, 0x00, 0x00, 0x00, 0x00, 0x00, 0x00, 0x00, 0x00, 0x00, 0x00, 0x00, 0x00, 0x00, 0x00, 0x00,
    0x00, 0x00, 0x00, 0x00, 0x00, 0x00, 0x00, 0x00, 0x00, 0x00, 0x00, 0x00, 0x00, 0x00, 0x00, 0x00, 0x00, 0x00, 0x00,
    0x00, 0x00, 0x00, 0x00, 0x00, 0x00, 0x00, 0x00, 0x00, 0x00, 0x00, 0x00, 0x00, 0x00, 0x00, 0x00, 0x00, 0x00, 0x00,
    0x00, 0x00, 0x00, 0x00, 0x00, 0x00, 0x00, 0x00, 0x00, 0x00, 0x00, 0x00, 0x00, 0x00, 0x00, 0x00, 0x00, 0x00, 0x00,
    0x00, 0x00, 0x00, 0x00, 0x00, 0x00, 0x00, 0x00, 0x00, 0x00, 0x00, 0x00, 0x00, 0x00, 0x00, 0x00, 0x00, 0x00, 0x00,
    0x00, 0x00, 0x00, 0x00, 0x00, 0x00, 0x00, 0x00, 0x00, 0x00, 0x00, 0x00, 0x00, 0x00, 0x00, 0x00, 0x00, 0x00, 0x00,
    0x00, 0x00, 0x00, 0x00, 0x00, 0x00, 0x00, 0x00, 0x00, 0x00, 0x00, 0x00, 0x00, 0x00, 0x00, 0x00, 0x00, 0x00, 0x00,
    0x00, 0x00, 0x00, 0x00, 0x00, 0x00, 0x00, 0x00, 0x00, 0x00, 0x00, 0x00, 0x00, 0x00, 0x00, 0x00, 0x00, 0x00, 0x00,
    0x00, 0x00, 0x00, 0x00, 0x00, 0x00, 0x00, 0x00, 0x00, 0x00, 0x00, 0x00, 0x00, 0x00, 0x00, 0x00, 0x00, 0x00, 0x00,
    0x00, 0x00, 0x00, 0x00, 0x00, 0x00, 0x00, 0x00, 0x00, 0x00, 0x00, 0x00, 0x00, 0x00, 0x00, 0x00, 0x00, 0x00, 0x00,
    0x00, 0x00, 0x00, 0x00, 0x00, 0x00, 0x00, 0x00, 0x00, 0x00, 0x00, 0x00, 0x00, 0x00, 0x00, 0x00, 0x00, 0x6b, 0x4a,
    0x90, 0x73, 0x4f, 0x6b, 0x90, 0x73, 0x90, 0x73, 0x70, 0x73, 0x0e, 0x63, 0x09, 0x42, 0xc3, 0x18, 0x00, 0x00, 0x00,
    0x00, 0x00, 0x00, 0x00, 0x00, 0x00, 0x00, 0x00, 0x00, 0x00, 0x00, 0x00, 0x00, 0x00, 0x00, 0x00, 0x00, 0x00, 0x00,
    0x00, 0x00, 0x00, 0x00, 0x00, 0x00, 0x00, 0x00, 0x00, 0x00, 0x00, 0x00, 0x00, 0x00, 0x00, 0x00, 0x00, 0x00, 0x00,
    0x00, 0x00, 0x00, 0x00, 0x00, 0x00, 0x00, 0x00, 0x00, 0x00, 0x00, 0x00, 0x00, 0x00, 0x00, 0x00, 0x00, 0x00, 0x00,
    0x00, 0x00, 0x00, 0x00, 0x00, 0x00, 0x00, 0x00, 0x00, 0x00, 0x00, 0x00, 0x00, 0x00, 0x00, 0x00, 0x00, 0x00, 0x00,
    0x00, 0x00, 0x00, 0x00, 0x00, 0x00, 0x00, 0x00, 0x00, 0x00, 0x00, 0x00, 0x00, 0x00, 0x00, 0x00, 0x00, 0x00, 0x00,
    0x00, 0x00, 0x00, 0x00, 0x00, 0x00, 0x00, 0x00, 0x00, 0x00, 0x00, 0x00, 0x00, 0x00, 0x00, 0x00, 0x00, 0x00, 0x00,
    0x00, 0x00, 0x00, 0x00, 0x00, 0x00, 0x00, 0x00, 0x00, 0x00, 0x00, 0x00, 0x00, 0x00, 0x00, 0x00, 0x00, 0x00, 0x00,
    0x00, 0x00, 0x00, 0x00, 0x00, 0x00, 0x00, 0x00, 0x00, 0x00, 0x00, 0x00, 0x00, 0x00, 0x00, 0x00, 0x00, 0x00, 0x00,
    0x00, 0x00, 0x00, 0x00, 0x00, 0x00, 0x00, 0x00, 0x00, 0x00, 0x00, 0x00, 0x00, 0x00, 0x00, 0x00, 0x00, 0x00, 0x00,
    0x00, 0x00, 0x00, 0x00, 0x00, 0x00, 0x00, 0x00, 0x00, 0x00, 0x00, 0x00, 0x00, 0x00, 0x00, 0x00, 0x00, 0x00, 0x00,
    0x00, 0x00, 0x00, 0x00, 0x00, 0x00, 0x00, 0x00, 0x00, 0x00, 0x00, 0x00, 0x00, 0x00, 0x00, 0x00, 0x00, 0x00, 0x00,
    0x00, 0x00, 0x00, 0x00, 0x00, 0x00, 0x00, 0x00, 0x00, 0x00, 0x00, 0x00, 0x00, 0x00, 0x00, 0x00, 0x00, 0x00, 0x00,
    0x00, 0x00, 0x00, 0x00, 0x00, 0x00, 0x00, 0x00, 0x00, 0x00, 0x00, 0x00, 0x00, 0x00, 0x00, 0x00, 0x00, 0x00, 0x00,
    0x00, 0x00, 0x00, 0x00, 0x00, 0x00, 0x00, 0x00, 0x00, 0x00, 0x00, 0x00, 0x00, 0x00, 0x00, 0x00, 0x00, 0x00, 0x00,
    0x00, 0x00, 0x00, 0x00, 0x00, 0x00, 0x00, 0x00, 0x00, 0x00, 0x00, 0x00, 0x00, 0x00, 0x00, 0x00, 0x00, 0x00, 0x00,
    0x00, 0x00, 0x00, 0x00, 0x00, 0x00, 0x00, 0x00, 0x00, 0x00, 0x00, 0x00, 0x00, 0x00, 0x00, 0x00, 0x00, 0x00, 0x00,
    0x00, 0x00, 0x00, 0x00, 0x00, 0x00, 0x00, 0x00, 0x00, 0x00, 0x00, 0x00, 0x00, 0x00, 0x00, 0x00, 0x00, 0x00, 0x00,
    0x00, 0x00, 0x00, 0x00, 0x00, 0x00, 0x00, 0x00, 0x00, 0x00, 0x00, 0x00, 0x00, 0x00, 0x00, 0x00, 0x00, 0x00, 0x00,
    0x00, 0x00, 0x00, 0x00, 0x00, 0x00, 0x00, 0x00, 0x00, 0x00, 0x00, 0x00, 0x00, 0x00, 0x00, 0x00, 0x00, 0x00, 0x00,
    0x00, 0x00, 0x00, 0x00, 0x00, 0x00, 0x00, 0x00, 0x00, 0x00, 0x00, 0x00, 0x00, 0x00, 0x00, 0x00, 0x20, 0x00, 0xed,
    0x62, 0x70, 0x73, 0x4f, 0x6b, 0x4f, 0x6b, 0x4f, 0x6b, 0x4f, 0x6b, 0x70, 0x73, 0x90, 0x73, 0x70, 0x73, 0xcd, 0x5a,
    0x66, 0x29, 0x41, 0x08, 0x00, 0x00, 0x00, 0x00, 0x00, 0x00, 0x00, 0x00, 0x00, 0x00, 0x00, 0x00, 0x00, 0x00, 0x00,
    0x00, 0x00, 0x00, 0x00, 0x00, 0x00, 0x00, 0x00, 0x00, 0x00, 0x00, 0x00, 0x00, 0x00, 0x00, 0x00, 0x00, 0x00, 0x00,
    0x00, 0x00, 0x00, 0x00, 0x00, 0x00, 0x00, 0x00, 0x00, 0x00, 0x00, 0x00, 0x00, 0x00, 0x00, 0x00, 0x00, 0x00, 0x00,
    0x00, 0x00, 0x00, 0x00, 0x00, 0x00, 0x00, 0x00, 0x00, 0x00, 0x00, 0x00, 0x00, 0x00, 0x00, 0x00, 0x00, 0x00, 0x00,
    0x00, 0x00, 0x00, 0x00, 0x00, 0x00, 0x00, 0x00, 0x00, 0x00, 0x00, 0x00, 0x00, 0x00, 0x00, 0x00, 0x00, 0x00, 0x00,
    0x00, 0x00, 0x00, 0x00, 0x00, 0x00, 0x00, 0x00, 0x00, 0x00, 0x00, 0x00, 0x00, 0x00, 0x00, 0x00, 0x00, 0x00, 0x00,
    0x00, 0x00, 0x00, 0x00, 0x00, 0x00, 0x00, 0x00, 0x00, 0x00, 0x00, 0x00, 0x00, 0x00, 0x00, 0x00, 0x00, 0x00, 0x00,
    0x00, 0x00, 0x00, 0x00, 0x00, 0x00, 0x00, 0x00, 0x00, 0x00, 0x00, 0x00, 0x00, 0x00, 0x00, 0x00, 0x00, 0x00, 0x00,
    0x00, 0x00, 0x00, 0x00, 0x00, 0x00, 0x00, 0x00, 0x00, 0x00, 0x00, 0x00, 0x00, 0x00, 0x00, 0x00, 0x00, 0x00, 0x00,
    0x00, 0x00, 0x00, 0x00, 0x00, 0x00, 0x00, 0x00, 0x00, 0x00, 0x00, 0x00, 0x00, 0x00, 0x00, 0x00, 0x00, 0x00, 0x00,
    0x00, 0x00, 0x00, 0x00, 0x00, 0x00, 0x00, 0x00, 0x00, 0x00, 0x00, 0x00, 0x00, 0x00, 0x00, 0x00, 0x00, 0x00, 0x00,
    0x00, 0x00, 0x00, 0x00, 0x00, 0x00, 0x00, 0x00, 0x00, 0x00, 0x00, 0x00, 0x00, 0x00, 0x00, 0x00, 0x00, 0x00, 0x00,
    0x00, 0x00, 0x00, 0x00, 0x00, 0x00, 0x00, 0x00, 0x00, 0x00, 0x00, 0x00, 0x00, 0x00, 0x00, 0x00, 0x00, 0x00, 0x00,
    0x00, 0x00, 0x00, 0x00, 0x00, 0x00, 0x00, 0x00, 0x00, 0x00, 0x00, 0x00, 0x00, 0x00, 0x00, 0x00, 0x00, 0x00, 0x00,
    0x00, 0x00, 0x00, 0x00, 0x00, 0x00, 0x00, 0x00, 0x00, 0x00, 0x00, 0x00, 0x00, 0x00, 0x00, 0x00, 0x00, 0x00, 0x00,
    0x00, 0x00, 0x00, 0x00, 0x00, 0x00, 0x00, 0x00, 0x00, 0x00, 0x00, 0x00, 0x00, 0x00, 0x00, 0x00, 0x00, 0x00, 0x00,
    0x00, 0x00, 0x00, 0x00, 0x00, 0x00, 0x00, 0x00, 0x00, 0x00, 0x00, 0x00, 0x00, 0x00, 0x00, 0x00, 0x00, 0x00, 0x00,
    0x00, 0x00, 0x00, 0x00, 0x00, 0x00, 0x00, 0x00, 0x00, 0x00, 0x00, 0x00, 0x00, 0x00, 0x00, 0x00, 0x00, 0x00, 0x00,
    0x00, 0x00, 0x00, 0x00, 0x00, 0x00, 0x00, 0x00, 0x00, 0x00, 0x00, 0x00, 0x00, 0x00, 0x00, 0x00, 0x00, 0x00, 0x00,
    0x00, 0x00, 0x00, 0x00, 0x00, 0x00, 0x00, 0x00, 0x00, 0x00, 0x00, 0x00, 0x00, 0x00, 0x00, 0x00, 0x00, 0x61, 0x08,
    0x2f, 0x6b, 0x4f, 0x6b, 0x4f, 0x6b, 0x4f, 0x6b, 0x4f, 0x6b, 0x4f, 0x6b, 0x4f, 0x6b, 0x4f, 0x6b, 0x4f, 0x6b, 0x70,
    0x73, 0x90, 0x73, 0x0e, 0x63, 0xa8, 0x39, 0x41, 0x08, 0x00, 0x00, 0x00, 0x00, 0x00, 0x00, 0x00, 0x00, 0x00, 0x00,
    0x00, 0x00, 0x00, 0x00, 0x00, 0x00, 0x00, 0x00, 0x00, 0x00, 0x00, 0x00, 0x00, 0x00, 0x00, 0x00, 0x00, 0x00, 0x00,
    0x00, 0x00, 0x00, 0x00, 0x00, 0x00, 0x00, 0x00, 0x00, 0x00, 0x00, 0x00, 0x00, 0x00, 0x00, 0x00, 0x00, 0x00, 0x00,
    0x00, 0x00, 0x00, 0x00, 0x00, 0x00, 0x00, 0x00, 0x00, 0x00, 0x00, 0x00, 0x00, 0x00, 0x00, 0x00, 0x00, 0x00, 0x00,
    0x00, 0x00, 0x00, 0x00, 0x00, 0x00, 0x00, 0x00, 0x00, 0x00, 0x00, 0x00, 0x00, 0x00, 0x00, 0x00, 0x00, 0x00, 0x00,
    0x00, 0x00, 0x00, 0x00, 0x00, 0x00, 0x00, 0x00, 0x00, 0x00, 0x00, 0x00, 0x00, 0x00, 0x00, 0x00, 0x00, 0x00, 0x00,
    0x00, 0x00, 0x00, 0x00, 0x00, 0x00, 0x00, 0x00, 0x00, 0x00, 0x00, 0x00, 0x00, 0x00, 0x00, 0x00, 0x00, 0x00, 0x00,
    0x00, 0x00, 0x00, 0x00, 0x00, 0x00, 0x00, 0x00, 0x00, 0x00, 0x00, 0x00, 0x00, 0x00, 0x00, 0x00, 0x00, 0x00, 0x00,
    0x00, 0x00, 0x00, 0x00, 0x00, 0x00, 0x00, 0x00, 0x00, 0x00, 0x00, 0x00, 0x00, 0x00, 0x00, 0x00, 0x00, 0x00, 0x00,
    0x00, 0x00, 0x00, 0x00, 0x00, 0x00, 0x00, 0x00, 0x00, 0x00, 0x00, 0x00, 0x00, 0x00, 0x00, 0x00, 0x00, 0x00, 0x00,
    0x00, 0x00, 0x00, 0x00, 0x00, 0x00, 0x00, 0x00, 0x00, 0x00, 0x00, 0x00, 0x00, 0x00, 0x00, 0x00, 0x00, 0x00, 0x00,
    0x00, 0x00, 0x00, 0x00, 0x00, 0x00, 0x00, 0x00, 0x00, 0x00, 0x00, 0x00, 0x00, 0x00, 0x00, 0x00, 0x00, 0x00, 0x00,
    0x00, 0x00, 0x00, 0x00, 0x00, 0x00, 0x00, 0x00, 0x00, 0x00, 0x00, 0x00, 0x00, 0x00, 0x00, 0x00, 0x00, 0x00, 0x00,
    0x00, 0x00, 0x00, 0x00, 0x00, 0x00, 0x00, 0x00, 0x00, 0x00, 0x00, 0x00, 0x00, 0x00, 0x00, 0x00, 0x00, 0x00, 0x00,
    0x00, 0x00, 0x00, 0x00, 0x00, 0x00, 0x00, 0x00, 0x00, 0x00, 0x00, 0x00, 0x00, 0x00, 0x00, 0x00, 0x00, 0x00, 0x00,
    0x00, 0x00, 0x00, 0x00, 0x00, 0x00, 0x00, 0x00, 0x00, 0x00, 0x00, 0x00, 0x00, 0x00, 0x00, 0x00, 0x00, 0x00, 0x00,
    0x00, 0x00, 0x00, 0x00, 0x00, 0x00, 0x00, 0x00, 0x00, 0x00, 0x00, 0x00, 0x00, 0x00, 0x00, 0x00, 0x00, 0x00, 0x00,
    0x00, 0x00, 0x00, 0x00, 0x00, 0x00, 0x00, 0x00, 0x00, 0x00, 0x00, 0x00, 0x00, 0x00, 0x00, 0x00, 0x00, 0x00, 0x00,
    0x00, 0x00, 0x00, 0x00, 0x00, 0x00, 0x00, 0x00, 0x00, 0x00, 0x00, 0x00, 0x00, 0x00, 0x00, 0x00, 0x00, 0x00, 0x00,
    0x00, 0x00, 0x00, 0x00, 0x00, 0x00, 0x00, 0x00, 0x00, 0x00, 0x00, 0x00, 0x00, 0x00, 0x00, 0x00, 0x00, 0x00, 0xe4,
    0x20, 0xb1, 0x7b, 0x6f, 0x6b, 0x4f, 0x6b, 0x4f, 0x6b, 0x4f, 0x6b, 0x4f, 0x6b, 0x4f, 0x6b, 0x4f, 0x6b, 0x4f, 0x6b,
    0x4f, 0x6b, 0x4f, 0x6b, 0x6f, 0x6b, 0x90, 0x73, 0x2e, 0x63, 0xa7, 0x31, 0x00, 0x00, 0x00, 0x00, 0x00, 0x00, 0x00,
    0x00, 0x00, 0x00, 0x00, 0x00, 0x00, 0x00, 0x00, 0x00, 0x00, 0x00, 0x00, 0x00, 0x00, 0x00, 0x00, 0x00, 0x00, 0x00,
    0x00, 0x00, 0x00, 0x00, 0x00, 0x00, 0x00, 0x00, 0x00, 0x00, 0x00, 0x00, 0x00, 0x00, 0x00, 0x00, 0x00, 0x00, 0x00,
    0x00, 0x00, 0x00, 0x00, 0x00, 0x00, 0x00, 0x00, 0x00, 0x00, 0x00, 0x00, 0x00, 0x00, 0x00, 0x00, 0x00, 0x00, 0x00,
    0x00, 0x00, 0x00, 0x00, 0x00, 0x00, 0x00, 0x00, 0x00, 0x00, 0x00, 0x00, 0x00, 0x00, 0x00, 0x00, 0x00, 0x00, 0x00,
    0x00, 0x00, 0x00, 0x00, 0x00, 0x00, 0x00, 0x00, 0x00, 0x00, 0x00, 0x00, 0x00, 0x00, 0x00, 0x00, 0x00, 0x00, 0x00,
    0x00, 0x00, 0x00, 0x00, 0x00, 0x00, 0x00, 0x00, 0x00, 0x00, 0x00, 0x00, 0x00, 0x00, 0x00, 0x00, 0x00, 0x00, 0x00,
    0x00, 0x00, 0x00, 0x00, 0x00, 0x00, 0x00, 0x00, 0x00, 0x00, 0x00, 0x00, 0x00, 0x00, 0x00, 0x00, 0x00, 0x00, 0x00,
    0x00, 0x00, 0x00, 0x00, 0x00, 0x00, 0x00, 0x00, 0x00, 0x00, 0x00, 0x00, 0x00, 0x00, 0x00, 0x00, 0x00, 0x00, 0x00,
    0x00, 0x00, 0x00, 0x00, 0x00, 0x00, 0x00, 0x00, 0x00, 0x00, 0x00, 0x00, 0x00, 0x00, 0x00, 0x00, 0x00, 0x00, 0x00,
    0x00, 0x00, 0x00, 0x00, 0x00, 0x00, 0x00, 0x00, 0x00, 0x00, 0x00, 0x00, 0x00, 0x00, 0x00, 0x00, 0x00, 0x00, 0x00,
    0x00, 0x00, 0x00, 0x00, 0x00, 0x00, 0x00, 0x00, 0x00, 0x00, 0x00, 0x00, 0x00, 0x00, 0x00, 0x00, 0x00, 0x00, 0x00,
    0x00, 0x00, 0x00, 0x00, 0x00, 0x00, 0x00, 0x00, 0x00, 0x00, 0x00, 0x00, 0x00, 0x00, 0x00, 0x00, 0x00, 0x00, 0x00,
    0x00, 0x00, 0x00, 0x00, 0x00, 0x00, 0x00, 0x00, 0x00, 0x00, 0x00, 0x00, 0x00, 0x00, 0x00, 0x00, 0x00, 0x00, 0x00,
    0x00, 0x00, 0x00, 0x00, 0x00, 0x00, 0x00, 0x00, 0x00, 0x00, 0x00, 0x00, 0x00, 0x00, 0x00, 0x00, 0x00, 0x00, 0x00,
    0x00, 0x00, 0x00, 0x00, 0x00, 0x00, 0x00, 0x00, 0x00, 0x00, 0x00, 0x00, 0x00, 0x00, 0x00, 0x00, 0x00, 0x00, 0x00,
    0x00, 0x00, 0x00, 0x00, 0x00, 0x00, 0x00, 0x00, 0x00, 0x00, 0x00, 0x00, 0x00, 0x00, 0x00, 0x00, 0x00, 0x00, 0x00,
    0x00, 0x00, 0x00, 0x00, 0x00, 0x00, 0x00, 0x00, 0x00, 0x00, 0x00, 0x00, 0x00, 0x00, 0x00, 0x00, 0x00, 0x00, 0x00,
    0x00, 0x00, 0x00, 0x00, 0x00, 0x00, 0x00, 0x00, 0x00, 0x00, 0x00, 0x00, 0x00, 0x00, 0x00, 0x00, 0x00, 0x00, 0x00,
    0x00, 0x00, 0x00, 0x00, 0x00, 0x00, 0x00, 0x00, 0x00, 0x00, 0x00, 0x00, 0x00, 0x00, 0x00, 0x00, 0x00, 0x00, 0x00,
    0xa3, 0x10, 0x8b, 0x52, 0xed, 0x62, 0x70, 0x73, 0x90, 0x73, 0x90, 0x73, 0x4f, 0x6b, 0x4f, 0x6b, 0x4f, 0x6b, 0x4f,
    0x6b, 0x4f, 0x6b, 0x4f, 0x6b, 0x4f, 0x6b, 0x4f, 0x6b, 0x6f, 0x6b, 0x90, 0x73, 0xcd, 0x5a, 0xe4, 0x20, 0x00, 0x00,
    0x00, 0x00, 0x00, 0x00, 0x00, 0x00, 0x00, 0x00, 0x00, 0x00, 0x00, 0x00, 0x00, 0x00, 0x00, 0x00, 0x00, 0x00, 0x00,
    0x00, 0x00, 0x00, 0x00, 0x00, 0x00, 0x00, 0x00, 0x00, 0x00, 0x00, 0x00, 0x00, 0x00, 0x00, 0x00, 0x00, 0x00, 0x00,
    0x00, 0x00, 0x00, 0x00, 0x00, 0x00, 0x00, 0x00, 0x00, 0x00, 0x00, 0x00, 0x00, 0x00, 0x00, 0x00, 0x00, 0x00, 0x00,
    0x00, 0x00, 0x00, 0x00, 0x00, 0x00, 0x00, 0x00, 0x00, 0x00, 0x00, 0x00, 0x00, 0x00, 0x00, 0x00, 0x00, 0x00, 0x00,
    0x00, 0x00, 0x00, 0x00, 0x00, 0x00, 0x00, 0x00, 0x00, 0x00, 0x00, 0x00, 0x00, 0x00, 0x00, 0x00, 0x00, 0x00, 0x00,
    0x00, 0x00, 0x00, 0x00, 0x00, 0x00, 0x00, 0x00, 0x00, 0x00, 0x00, 0x00, 0x00, 0x00, 0x00, 0x00, 0x00, 0x00, 0x00,
    0x00, 0x00, 0x00, 0x00, 0x00, 0x00, 0x00, 0x00, 0x00, 0x00, 0x00, 0x00, 0x00, 0x00, 0x00, 0x00, 0x00, 0x00, 0x00,
    0x00, 0x00, 0x00, 0x00, 0x00, 0x00, 0x00, 0x00, 0x00, 0x00, 0x00, 0x00, 0x00, 0x00, 0x00, 0x00, 0x00, 0x00, 0x00,
    0x00, 0x00, 0x00, 0x00, 0x00, 0x00, 0x00, 0x00, 0x00, 0x00, 0x00, 0x00, 0x00, 0x00, 0x00, 0x00, 0x00, 0x00, 0x00,
    0x00, 0x00, 0x00, 0x00, 0x00, 0x00, 0x00, 0x00, 0x00, 0x00, 0x00, 0x00, 0x00, 0x00, 0x00, 0x00, 0x00, 0x00, 0x00,
    0x00, 0x00, 0x00, 0x00, 0x00, 0x00, 0x00, 0x00, 0x00, 0x00, 0x00, 0x00, 0x00, 0x00, 0x00, 0x00, 0x00, 0x00, 0x00,
    0x00, 0x00, 0x00, 0x00, 0x00, 0x00, 0x00, 0x00, 0x00, 0x00, 0x00, 0x00, 0x00, 0x00, 0x00, 0x00, 0x00, 0x00, 0x00,
    0x00, 0x00, 0x00, 0x00, 0x00, 0x00, 0x00, 0x00, 0x00, 0x00, 0x00, 0x00, 0x00, 0x00, 0x00, 0x00, 0x00, 0x00, 0x00,
    0x00, 0x00, 0x00, 0x00, 0x00, 0x00, 0x00, 0x00, 0x00, 0x00, 0x00, 0x00, 0x00, 0x00, 0x00, 0x00, 0x00, 0x00, 0x00,
    0x00, 0x00, 0x00, 0x00, 0x00, 0x00, 0x00, 0x00, 0x00, 0x00, 0x00, 0x00, 0x00, 0x00, 0x00, 0x00, 0x00, 0x00, 0x00,
    0x00, 0x00, 0x00, 0x00, 0x00, 0x00, 0x00, 0x00, 0x00, 0x00, 0x00, 0x00, 0x00, 0x00, 0x00, 0x00, 0x00, 0x00, 0x00,
    0x00, 0x00, 0x00, 0x00, 0x00, 0x00, 0x00, 0x00, 0x00, 0x00, 0x00, 0x00, 0x00, 0x00, 0x00, 0x00, 0x00, 0x00, 0x00,
    0x00, 0x00, 0x00, 0x00, 0x00, 0x00, 0x00, 0x00, 0x00, 0x00, 0x00, 0x00, 0x00, 0x00, 0x00, 0x00, 0x00, 0x00, 0x00,
    0x00, 0x00, 0x00, 0x00, 0x00, 0x00, 0x00, 0x00, 0x00, 0x00, 0x00, 0x00, 0x00, 0x00, 0x00, 0x00, 0x00, 0x00, 0x00,
    0x00, 0x00, 0x00, 0x00, 0x00, 0x20, 0x00, 0xa3, 0x10, 0x87, 0x31, 0x4b, 0x4a, 0x2f, 0x6b, 0x90, 0x73, 0x70, 0x73,
    0x4f, 0x6b, 0x4f, 0x6b, 0x4f, 0x6b, 0x4f, 0x6b, 0x4f, 0x6b, 0x4f, 0x6b, 0x4f, 0x6b, 0x70, 0x73, 0x70, 0x73, 0x2a,
    0x4a, 0x21, 0x08, 0x00, 0x00, 0x00, 0x00, 0x00, 0x00, 0x00, 0x00, 0x00, 0x00, 0x00, 0x00, 0x00, 0x00, 0x00, 0x00,
    0x00, 0x00, 0x00, 0x00, 0x00, 0x00, 0x00, 0x00, 0x00, 0x00, 0x00, 0x00, 0x00, 0x00, 0x00, 0x00, 0x00, 0x00, 0x00,
    0x00, 0x00, 0x00, 0x00, 0x00, 0x00, 0x00, 0x00, 0x00, 0x00, 0x00, 0x00, 0x00, 0x00, 0x00, 0x00, 0x00, 0x00, 0x00,
    0x00, 0x00, 0x00, 0x00, 0x00, 0x00, 0x00, 0x00, 0x00, 0x00, 0x00, 0x00, 0x00, 0x00, 0x00, 0x00, 0x00, 0x00, 0x00,
    0x00, 0x00, 0x00, 0x00, 0x00, 0x00, 0x00, 0x00, 0x00, 0x00, 0x00, 0x00, 0x00, 0x00, 0x00, 0x00, 0x00, 0x00, 0x00,
    0x00, 0x00, 0x00, 0x00, 0x00, 0x00, 0x00, 0x00, 0x00, 0x00, 0x00, 0x00, 0x00, 0x00, 0x00, 0x00, 0x00, 0x00, 0x00,
    0x00, 0x00, 0x00, 0x00, 0x00, 0x00, 0x00, 0x00, 0x00, 0x00, 0x00, 0x00, 0x00, 0x00, 0x00, 0x00, 0x00, 0x00, 0x00,
    0x00, 0x00, 0x00, 0x00, 0x00, 0x00, 0x00, 0x00, 0x00, 0x00, 0x00, 0x00, 0x00, 0x00, 0x00, 0x00, 0x00, 0x00, 0x00,
    0x00, 0x00, 0x00, 0x00, 0x00, 0x00, 0x00, 0x00, 0x00, 0x00, 0x00, 0x00, 0x00, 0x00, 0x00, 0x00, 0x00, 0x00, 0x00,
    0x00, 0x00, 0x00, 0x00, 0x00, 0x00, 0x00, 0x00, 0x00, 0x00, 0x00, 0x00, 0x00, 0x00, 0x00, 0x00, 0x00, 0x00, 0x00,
    0x00, 0x00, 0x00, 0x00, 0x00, 0x00, 0x00, 0x00, 0x00, 0x00, 0x00, 0x00, 0x00, 0x00, 0x00, 0x00, 0x00, 0x00, 0x00,
    0x00, 0x00, 0x00, 0x00, 0x00, 0x00, 0x00, 0x00, 0x00, 0x00, 0x00, 0x00, 0x00, 0x00, 0x00, 0x00, 0x00, 0x00, 0x00,
    0x00, 0x00, 0x00, 0x00, 0x00, 0x00, 0x00, 0x00, 0x00, 0x00, 0x00, 0x00, 0x00, 0x00, 0x00, 0x00, 0x00, 0x00, 0x00,
    0x00, 0x00, 0x00, 0x00, 0x00, 0x00, 0x00, 0x00, 0x00, 0x00, 0x00, 0x00, 0x00, 0x00, 0x00, 0x00, 0x00, 0x00, 0x00,
    0x00, 0x00, 0x00, 0x00, 0x00, 0x00, 0x00, 0x00, 0x00, 0x00, 0x00, 0x00, 0x00, 0x00, 0x00, 0x00, 0x00, 0x00, 0x00,
    0x00, 0x00, 0x00, 0x00, 0x00, 0x00, 0x00, 0x00, 0x00, 0x00, 0x00, 0x00, 0x00, 0x00, 0x00, 0x00, 0x00, 0x00, 0x00,
    0x00, 0x00, 0x00, 0x00, 0x00, 0x00, 0x00, 0x00, 0x00, 0x00, 0x00, 0x00, 0x00, 0x00, 0x00, 0x00, 0x00, 0x00, 0x00,
    0x00, 0x00, 0x00, 0x00, 0x00, 0x00, 0x00, 0x00, 0x00, 0x00, 0x00, 0x00, 0x00, 0x00, 0x00, 0x00, 0x00, 0x00, 0x00,
    0x00, 0x00, 0x00, 0x00, 0x00, 0x00, 0x00, 0x00, 0x00, 0x00, 0x00, 0x00, 0x00, 0x00, 0x00, 0x00, 0x00, 0x00, 0x00,
    0x00, 0x00, 0x00, 0x00, 0x00, 0x00, 0x00, 0x00, 0x00, 0x00, 0x00, 0x00, 0x00, 0x00, 0x61, 0x08, 0x46, 0x29, 0xac,
    0x52, 0x70, 0x73, 0x90, 0x73, 0x4f, 0x6b, 0x4f, 0x6b, 0x4f, 0x6b, 0x4f, 0x6b, 0x4f, 0x6b, 0x4f, 0x6b, 0x4f, 0x6b,
    0x90, 0x73, 0xed, 0x62, 0xc3, 0x18, 0x00, 0x00, 0x00, 0x00, 0x00, 0x00, 0x00, 0x00, 0x00, 0x00, 0x00, 0x00, 0x00,
    0x00, 0x00, 0x00, 0x00, 0x00, 0x00, 0x00, 0x00, 0x00, 0x00, 0x00, 0x00, 0x00, 0x00, 0x00, 0x00, 0x00, 0x00, 0x00,
    0x00, 0x00, 0x00, 0x00, 0x00, 0x00, 0x00, 0x00, 0x00, 0x00, 0x00, 0x00, 0x00, 0x00, 0x00, 0x00, 0x00, 0x00, 0x00,
    0x00, 0x00, 0x00, 0x00, 0x00, 0x00, 0x00, 0x00, 0x00, 0x00, 0x00, 0x00, 0x00, 0x00, 0x00, 0x00, 0x00, 0x00, 0x00,
    0x00, 0x00, 0x00, 0x00, 0x00, 0x00, 0x00, 0x00, 0x00, 0x00, 0x00, 0x00, 0x00, 0x00, 0x00, 0x00, 0x00, 0x00, 0x00,
    0x00, 0x00, 0x00, 0x00, 0x00, 0x00, 0x00, 0x00, 0x00, 0x00, 0x00, 0x00, 0x00, 0x00, 0x00, 0x00, 0x00, 0x00, 0x00,
    0x00, 0x00, 0x00, 0x00, 0x00, 0x00, 0x00, 0x00, 0x00, 0x00, 0x00, 0x00, 0x00, 0x00, 0x00, 0x00, 0x00, 0x00, 0x00,
    0x00, 0x00, 0x00, 0x00, 0x00, 0x00, 0x00, 0x00, 0x00, 0x00, 0x00, 0x00, 0x00, 0x00, 0x00, 0x00, 0x00, 0x00, 0x00,
    0x00, 0x00, 0x00, 0x00, 0x00, 0x00, 0x00, 0x00, 0x00, 0x00, 0x00, 0x00, 0x00, 0x00, 0x00, 0x00, 0x00, 0x00, 0x00,
    0x00, 0x00, 0x00, 0x00, 0x00, 0x00, 0x00, 0x00, 0x00, 0x00, 0x00, 0x00, 0x00, 0x00, 0x00, 0x00, 0x00, 0x00, 0x00,
    0x00, 0x00, 0x00, 0x00, 0x00, 0x00, 0x00, 0x00, 0x00, 0x00, 0x00, 0x00, 0x00, 0x00, 0x00, 0x00, 0x00, 0x00, 0x00,
    0x00, 0x00, 0x00, 0x00, 0x00, 0x00, 0x00, 0x00, 0x00, 0x00, 0x00, 0x00, 0x00, 0x00, 0x00, 0x00, 0x00, 0x00, 0x00,
    0x00, 0x00, 0x00, 0x00, 0x00, 0x00, 0x00, 0x00, 0x00, 0x00, 0x00, 0x00, 0x00, 0x00, 0x00, 0x00, 0x00, 0x00, 0x00,
    0x00, 0x00, 0x00, 0x00, 0x00, 0x00, 0x00, 0x00, 0x00, 0x00, 0x00, 0x00, 0x00, 0x00, 0x00, 0x00, 0x00, 0x00, 0x00,
    0x00, 0x00, 0x00, 0x00, 0x00, 0x00, 0x00, 0x00, 0x00, 0x00, 0x00, 0x00, 0x00, 0x00, 0x00, 0x00, 0x00, 0x00, 0x00,
    0x00, 0x00, 0x00, 0x00, 0x00, 0x00, 0x00, 0x00, 0x00, 0x00, 0x00, 0x00, 0x00, 0x00, 0x00, 0x00, 0x00, 0x00, 0x00,
    0x00, 0x00, 0x00, 0x00, 0x00, 0x00, 0x00, 0x00, 0x00, 0x00, 0x00, 0x00, 0x00, 0x00, 0x00, 0x00, 0x00, 0x00, 0x00,
    0x00, 0x00, 0x00, 0x00, 0x00, 0x00, 0x00, 0x00, 0x00, 0x00, 0x00, 0x00, 0x00, 0x00, 0x00, 0x00, 0x00, 0x00, 0x00,
    0x00, 0x00, 0x00, 0x00, 0x00, 0x00, 0x00, 0x00, 0x00, 0x00, 0x00, 0x00, 0x00, 0x00, 0x00, 0x00, 0x00, 0x00, 0x00,
    0x00, 0x00, 0x00, 0x00, 0x00, 0x00, 0x00, 0x00, 0x00, 0x00, 0x00, 0x00, 0x00, 0x00, 0x00, 0x00, 0x00, 0x00, 0x00,
    0x00, 0x00, 0xe4, 0x18, 0x2a, 0x42, 0x4f, 0x6b, 0x90, 0x73, 0x4f, 0x6b, 0x4f, 0x6b, 0x4f, 0x6b, 0x4f, 0x6b, 0x4f,
    0x6b, 0x4f, 0x6b, 0x70, 0x73, 0x6f, 0x6b, 0x67, 0x31, 0x00, 0x00, 0x00, 0x00, 0x00, 0x00, 0x00, 0x00, 0x00, 0x00,
    0x00, 0x00, 0x00, 0x00, 0x00, 0x00, 0x00, 0x00, 0x00, 0x00, 0x00, 0x00, 0x00, 0x00, 0x00, 0x00, 0x00, 0x00, 0x00,
    0x00, 0x00, 0x00, 0x00, 0x00, 0x00, 0x00, 0x00, 0x00, 0x00, 0x00, 0x00, 0x00, 0x00, 0x00, 0x00, 0x00, 0x00, 0x00,
    0x00, 0x00, 0x00, 0x00, 0x00, 0x00, 0x00, 0x00, 0x00, 0x00, 0x00, 0x00, 0x00, 0x00, 0x00, 0x00, 0x00, 0x00, 0x00,
    0x00, 0x00, 0x00, 0x00, 0x00, 0x00, 0x00, 0x00, 0x00, 0x00, 0x00, 0x00, 0x00, 0x00, 0x00, 0x00, 0x00, 0x00, 0x00,
    0x00, 0x00, 0x00, 0x00, 0x00, 0x00, 0x00, 0x00, 0x00, 0x00, 0x00, 0x00, 0x00, 0x00, 0x00, 0x00, 0x00, 0x00, 0x00,
    0x00, 0x00, 0x00, 0x00, 0x00, 0x00, 0x00, 0x00, 0x00, 0x00, 0x00, 0x00, 0x00, 0x00, 0x00, 0x00, 0x00, 0x00, 0x00,
    0x00, 0x00, 0x00, 0x00, 0x00, 0x00, 0x00, 0x00, 0x00, 0x00, 0x00, 0x00, 0x00, 0x00, 0x00, 0x00, 0x00, 0x00, 0x00,
    0x00, 0x00, 0x00, 0x00, 0x00, 0x00, 0x00, 0x00, 0x00, 0x00, 0x00, 0x00, 0x00, 0x00, 0x00, 0x00, 0x00, 0x00, 0x00,
    0x00, 0x00, 0x00, 0x00, 0x00, 0x00, 0x00, 0x00, 0x00, 0x00, 0x00, 0x00, 0x00, 0x00, 0x00, 0x00, 0x00, 0x00, 0x00,
    0x00, 0x00, 0x00, 0x00, 0x00, 0x00, 0x00, 0x00, 0x00, 0x00, 0x00, 0x00, 0x00, 0x00, 0x00, 0x00, 0x00, 0x00, 0x00,
    0x00, 0x00, 0x00, 0x00, 0x00, 0x00, 0x00, 0x00, 0x00, 0x00, 0x00, 0x00, 0x00, 0x00, 0x00, 0x00, 0x00, 0x00, 0x00,
    0x00, 0x00, 0x00, 0x00, 0x00, 0x00, 0x00, 0x00, 0x00, 0x00, 0x00, 0x00, 0x00, 0x00, 0x00, 0x00, 0x00, 0x00, 0x00,
    0x00, 0x00, 0x00, 0x00, 0x00, 0x00, 0x00, 0x00, 0x00, 0x00, 0x00, 0x00, 0x00, 0x00, 0x00, 0x00, 0x00, 0x00, 0x00,
    0x00, 0x00, 0x00, 0x00, 0x00, 0x00, 0x00, 0x00, 0x00, 0x00, 0x00, 0x00, 0x00, 0x00, 0x00, 0x00, 0x00, 0x00, 0x00,
    0x00, 0x00, 0x00, 0x00, 0x00, 0x00, 0x00, 0x00, 0x00, 0x00, 0x00, 0x00, 0x00, 0x00, 0x00, 0x00, 0x00, 0x00, 0x00,
    0x00, 0x00, 0x00, 0x00, 0x00, 0x00, 0x00, 0x00, 0x00, 0x00, 0x00, 0x00, 0x00, 0x00, 0x00, 0x00, 0x00, 0x00, 0x00,
    0x00, 0x00, 0x00, 0x00, 0x00, 0x00, 0x00, 0x00, 0x00, 0x00, 0x00, 0x00, 0x00, 0x00, 0x00, 0x00, 0x00, 0x00, 0x00,
    0x00, 0x00, 0x00, 0x00, 0x00, 0x00, 0x00, 0x00, 0x00, 0x00, 0x00, 0x00, 0x00, 0x00, 0x00, 0x00, 0x00, 0x00, 0x00,
    0x00, 0x00, 0x00, 0x00, 0x00, 0x00, 0x00, 0x00, 0x00, 0x00, 0x00, 0x00, 0x00, 0x00, 0x00, 0x00, 0x00, 0x00, 0x00,
    0x00, 0x00, 0x00, 0x00, 0x00, 0x00, 0x00, 0x82, 0x10, 0x6b, 0x52, 0x70, 0x73, 0x70, 0x73, 0x4f, 0x6b, 0x4f, 0x6b,
    0x4f, 0x6b, 0x4f, 0x6b, 0x4f, 0x6b, 0x4f, 0x6b, 0x91, 0x73, 0x09, 0x42, 0x00, 0x00, 0x00, 0x00, 0x00, 0x00, 0x00,
    0x00, 0x00, 0x00, 0x00, 0x00, 0x00, 0x00, 0x00, 0x00, 0x00, 0x00, 0x00, 0x00, 0x00, 0x00, 0x00, 0x00, 0x00, 0x00,
    0x00, 0x00, 0x00, 0x00, 0x00, 0x00, 0x00, 0x00, 0x00, 0x00, 0x00, 0x00, 0x00, 0x00, 0x00, 0x00, 0x00, 0x00, 0x00,
    0x00, 0x00, 0x00, 0x00, 0x00, 0x00, 0x00, 0x00, 0x00, 0x00, 0x00, 0x00, 0x00, 0x00, 0x00, 0x00, 0x00, 0x00, 0x00,
    0x00, 0x00, 0x00, 0x00, 0x00, 0x00, 0x00, 0x00, 0x00, 0x00, 0x00, 0x00, 0x00, 0x00, 0x00, 0x00, 0x00, 0x00, 0x00,
    0x00, 0x00, 0x00, 0x00, 0x00, 0x00, 0x00, 0x00, 0x00, 0x00, 0x00, 0x00, 0x00, 0x00, 0x00, 0x00, 0x00, 0x00, 0x00,
    0x00, 0x00, 0x00, 0x00, 0x00, 0x00, 0x00, 0x00, 0x00, 0x00, 0x00, 0x00, 0x00, 0x00, 0x00, 0x00, 0x00, 0x00, 0x00,
    0x00, 0x00, 0x00, 0x00, 0x00, 0x00, 0x00, 0x00, 0x00, 0x00, 0x00, 0x00, 0x00, 0x00, 0x00, 0x00, 0x00, 0x00, 0x00,
    0x00, 0x00, 0x00, 0x00, 0x00, 0x00, 0x00, 0x00, 0x00, 0x00, 0x00, 0x00, 0x00, 0x00, 0x00, 0x00, 0x00, 0x00, 0x00,
    0x00, 0x00, 0x00, 0x00, 0x00, 0x00, 0x00, 0x00, 0x00, 0x00, 0x00, 0x00, 0x00, 0x00, 0x00, 0x00, 0x00, 0x00, 0x00,
    0x00, 0x00, 0x00, 0x00, 0x00, 0x00, 0x00, 0x00, 0x00, 0x00, 0x00, 0x00, 0x00, 0x00, 0x00, 0x00, 0x00, 0x00, 0x00,
    0x00, 0x00, 0x00, 0x00, 0x00, 0x00, 0x00, 0x00, 0x00, 0x00, 0x00, 0x00, 0x00, 0x00, 0x00, 0x00, 0x00, 0x00, 0x00,
    0x00, 0x00, 0x00, 0x00, 0x00, 0x00, 0x00, 0x00, 0x00, 0x00, 0x00, 0x00, 0x00, 0x00, 0x00, 0x00, 0x00, 0x00, 0x00,
    0x00, 0x00, 0x00, 0x00, 0x00, 0x00, 0x00, 0x00, 0x00, 0x00, 0x00, 0x00, 0x00, 0x00, 0x00, 0x00, 0x00, 0x00, 0x00,
    0x00, 0x00, 0x00, 0x00, 0x00, 0x00, 0x00, 0x00, 0x00, 0x00, 0x00, 0x00, 0x00, 0x00, 0x00, 0x00, 0x00, 0x00, 0x00,
    0x00, 0x00, 0x00, 0x00, 0x00, 0x00, 0x00, 0x00, 0x00, 0x00, 0x00, 0x00, 0x00, 0x00, 0x00, 0x00, 0x00, 0x00, 0x00,
    0x00, 0x00, 0x00, 0x00, 0x00, 0x00, 0x00, 0x00, 0x00, 0x00, 0x00, 0x00, 0x00, 0x00, 0x00, 0x00, 0x00, 0x00, 0x00,
    0x00, 0x00, 0x00, 0x00, 0x00, 0x00, 0x00, 0x00, 0x00, 0x00, 0x00, 0x00, 0x00, 0x00, 0x00, 0x00, 0x00, 0x00, 0x00,
    0x00, 0x00, 0x00, 0x00, 0x00, 0x00, 0x00, 0x00, 0x00, 0x00, 0x00, 0x00, 0x00, 0x00, 0x00, 0x00, 0x00, 0x00, 0x00,
    0x00, 0x00, 0x00, 0x00, 0x00, 0x00, 0x00, 0x00, 0x00, 0x00, 0x00, 0x00, 0x00, 0x00, 0x00, 0x00, 0x00, 0x00, 0x00,
    0x00, 0x00, 0x00, 0x00, 0x00, 0x00, 0x00, 0x00, 0x00, 0x00, 0x00, 0x00, 0xe4, 0x20, 0xcd, 0x5a, 0x90, 0x73, 0x4f,
    0x6b, 0x4f, 0x6b, 0x4f, 0x6b, 0x4f, 0x6b, 0x4f, 0x6b, 0x4f, 0x6b, 0x90, 0x73, 0x6b, 0x52, 0x21, 0x00, 0x00, 0x00,
    0x00, 0x00, 0x00, 0x00, 0x00, 0x00, 0x00, 0x00, 0x00, 0x00, 0x00, 0x00, 0x00, 0x00, 0x00, 0x00, 0x00, 0x00, 0x00,
    0x00, 0x00, 0x00, 0x00, 0x00, 0x00, 0x00, 0x00, 0x00, 0x00, 0x00, 0x00, 0x00, 0x00, 0x00, 0x00, 0x00, 0x00, 0x00,
    0x00, 0x00, 0x00, 0x00, 0x00, 0x00, 0x00, 0x00, 0x00, 0x00, 0x00, 0x00, 0x00, 0x00, 0x00, 0x00, 0x00, 0x00, 0x00,
    0x00, 0x00, 0x00, 0x00, 0x00, 0x00, 0x00, 0x00, 0x00, 0x00, 0x00, 0x00, 0x00, 0x00, 0x00, 0x00, 0x00, 0x00, 0x00,
    0x00, 0x00, 0x00, 0x00, 0x00, 0x00, 0x00, 0x00, 0x00, 0x00, 0x00, 0x00, 0x00, 0x00, 0x00, 0x00, 0x00, 0x00, 0x00,
    0x00, 0x00, 0x00, 0x00, 0x00, 0x00, 0x00, 0x00, 0x00, 0x00, 0x00, 0x00, 0x00, 0x00, 0x00, 0x00, 0x00, 0x00, 0x00,
    0x00, 0x00, 0x00, 0x00, 0x00, 0x00, 0x00, 0x00, 0x00, 0x00, 0x00, 0x00, 0x00, 0x00, 0x00, 0x00, 0x00, 0x00, 0x00,
    0x00, 0x00, 0x00, 0x00, 0x00, 0x00, 0x00, 0x00, 0x00, 0x00, 0x00, 0x00, 0x00, 0x00, 0x00, 0x00, 0x00, 0x00, 0x00,
    0x00, 0x00, 0x00, 0x00, 0x00, 0x00, 0x00, 0x00, 0x00, 0x00, 0x00, 0x00, 0x00, 0x00, 0x00, 0x00, 0x00, 0x00, 0x00,
    0x00, 0x00, 0x00, 0x00, 0x00, 0x00, 0x00, 0x00, 0x00, 0x00, 0x00, 0x00, 0x00, 0x00, 0x00, 0x00, 0x00, 0x00, 0x00,
    0x00, 0x00, 0x00, 0x00, 0x00, 0x00, 0x00, 0x00, 0x00, 0x00, 0x00, 0x00, 0x00, 0x00, 0x00, 0x00, 0x00, 0x00, 0x00,
    0x00, 0x00, 0x00, 0x00, 0x00, 0x00, 0x00, 0x00, 0x00, 0x00, 0x00, 0x00, 0x00, 0x00, 0x00, 0x00, 0x00, 0x00, 0x00,
    0x00, 0x00, 0x00, 0x00, 0x00, 0x00, 0x00, 0x00, 0x00, 0x00, 0x00, 0x00, 0x00, 0x00, 0x00, 0x00, 0x00, 0x00, 0x00,
    0x00, 0x00, 0x00, 0x00, 0x00, 0x00, 0x00, 0x00, 0x00, 0x00, 0x00, 0x00, 0x00, 0x00, 0x00, 0x00, 0x00, 0x00, 0x00,
    0x00, 0x00, 0x00, 0x00, 0x00, 0x00, 0x00, 0x00, 0x00, 0x00, 0x00, 0x00, 0x00, 0x00, 0x00, 0x00, 0x00, 0x00, 0x00,
    0x00, 0x00, 0x00, 0x00, 0x00, 0x00, 0x00, 0x00, 0x00, 0x00, 0x00, 0x00, 0x00, 0x00, 0x00, 0x00, 0x00, 0x00, 0x00,
    0x00, 0x00, 0x00, 0x00, 0x00, 0x00, 0x00, 0x00, 0x00, 0x00, 0x00, 0x00, 0x00, 0x00, 0x00, 0x00, 0x00, 0x00, 0x00,
    0x00, 0x00, 0x00, 0x00, 0x00, 0x00, 0x00, 0x00, 0x00, 0x00, 0x00, 0x00, 0x00, 0x00, 0x00, 0x00, 0x00, 0x00, 0x00,
    0x00, 0x00, 0x00, 0x00, 0x00, 0x00, 0x00, 0x00, 0x00, 0x00, 0x00, 0x00, 0x00, 0x00, 0x00, 0x00, 0x00, 0x00, 0x00,
    0x00, 0x00, 0x00, 0x00, 0x00, 0x00, 0x00, 0x00, 0x00, 0x00, 0x00, 0x00, 0x00, 0x00, 0x00, 0x00, 0x00, 0xa8, 0x31,
    0x70, 0x73, 0x70, 0x73, 0x4f, 0x6b, 0x4f, 0x6b, 0x4f, 0x6b, 0x4f, 0x6b, 0x4f, 0x6b, 0x90, 0x73, 0xac, 0x5a, 0x21,
    0x00, 0x00, 0x00, 0x00, 0x00, 0x00, 0x00, 0x00, 0x00, 0x00, 0x00, 0x00, 0x00, 0x00, 0x00, 0x00, 0x00, 0x00, 0x00,
    0x00, 0x00, 0x00, 0x00, 0x00, 0x00, 0x00, 0x00, 0x00, 0x00, 0x00, 0x00, 0x00, 0x00, 0x00, 0x00, 0x00, 0x00, 0x00,
    0x00, 0x00, 0x00, 0x00, 0x00, 0x00, 0x00, 0x00, 0x00, 0x00, 0x00, 0x00, 0x00, 0x00, 0x00, 0x00, 0x00, 0x00, 0x00,
    0x00, 0x00, 0x00, 0x00, 0x00, 0x00, 0x00, 0x00, 0x00, 0x00, 0x00, 0x00, 0x00, 0x00, 0x00, 0x00, 0x00, 0x00, 0x00,
    0x00, 0x00, 0x00, 0x00, 0x00, 0x00, 0x00, 0x00, 0x00, 0x00, 0x00, 0x00, 0x00, 0x00, 0x00, 0x00, 0x00, 0x00, 0x00,
    0x00, 0x00, 0x00, 0x00, 0x00, 0x00, 0x00, 0x00, 0x00, 0x00, 0x00, 0x00, 0x00, 0x00, 0x00, 0x00, 0x00, 0x00, 0x00,
    0x00, 0x00, 0x00, 0x00, 0x00, 0x00, 0x00, 0x00, 0x00, 0x00, 0x00, 0x00, 0x00, 0x00, 0x00, 0x00, 0x00, 0x00, 0x00,
    0x00, 0x00, 0x00, 0x00, 0x00, 0x00, 0x00, 0x00, 0x00, 0x00, 0x00, 0x00, 0x00, 0x00, 0x00, 0x00, 0x00, 0x00, 0x00,
    0x00, 0x00, 0x00, 0x00, 0x00, 0x00, 0x00, 0x00, 0x00, 0x00, 0x00, 0x00, 0x00, 0x00, 0x00, 0x00, 0x00, 0x00, 0x00,
    0x00, 0x00, 0x00, 0x00, 0x00, 0x00, 0x00, 0x00, 0x00, 0x00, 0x00, 0x00, 0x00, 0x00, 0x00, 0x00, 0x00, 0x00, 0x00,
    0x00, 0x00, 0x00, 0x00, 0x00, 0x00, 0x00, 0x00, 0x00, 0x00, 0x00, 0x00, 0x00, 0x00, 0x00, 0x00, 0x00, 0x00, 0x00,
    0x00, 0x00, 0x00, 0x00, 0x00, 0x00, 0x00, 0x00, 0x00, 0x00, 0x00, 0x00, 0x00, 0x00, 0x00, 0x00, 0x00, 0x00, 0x00,
    0x00, 0x00, 0x00, 0x00, 0x00, 0x00, 0x00, 0x00, 0x00, 0x00, 0x00, 0x00, 0x00, 0x00, 0x00, 0x00, 0x00, 0x00, 0x00,
    0x00, 0x00, 0x00, 0x00, 0x00, 0x00, 0x00, 0x00, 0x00, 0x00, 0x00, 0x00, 0x00, 0x00, 0x00, 0x00, 0x00, 0x00, 0x00,
    0x00, 0x00, 0x00, 0x00, 0x00, 0x00, 0x00, 0x00, 0x00, 0x00, 0x00, 0x00, 0x00, 0x00, 0x00, 0x00, 0x00, 0x00, 0x00,
    0x00, 0x00, 0x00, 0x00, 0x00, 0x00, 0x00, 0x00, 0x00, 0x00, 0x00, 0x00, 0x00, 0x00, 0x00, 0x00, 0x00, 0x00, 0x00,
    0x00, 0x00, 0x00, 0x00, 0x00, 0x00, 0x00, 0x00, 0x00, 0x00, 0x00, 0x00, 0x00, 0x00, 0x00, 0x00, 0x00, 0x00, 0x00,
    0x00, 0x00, 0x00, 0x00, 0x00, 0x00, 0x00, 0x00, 0x00, 0x00, 0x00, 0x00, 0x00, 0x00, 0x00, 0x00, 0x00, 0x00, 0x00,
    0x00, 0x00, 0x00, 0x00, 0x00, 0xc8, 0x39, 0xa8, 0x39, 0xc3, 0x18, 0x00, 0x00, 0x00, 0x00, 0x00, 0x00, 0x00, 0x00,
    0x00, 0x00, 0x00, 0x00, 0x00, 0x00, 0x00, 0x00, 0x00, 0x00, 0x00, 0x00, 0x00, 0x00, 0x00, 0x00, 0x00, 0x00, 0x00,
    0x00, 0xe4, 0x18, 0x0e, 0x63, 0x90, 0x73, 0x4f, 0x6b, 0x4f, 0x6b, 0x4f, 0x6b, 0x4f, 0x6b, 0x4f, 0x6b, 0x90, 0x73,
    0xac, 0x5a, 0x21, 0x00, 0x00, 0x00, 0x00, 0x00, 0x00, 0x00, 0x00, 0x00, 0x00, 0x00, 0x00, 0x00, 0x00, 0x00, 0x00,
    0x00, 0x00, 0x00, 0x00, 0x00, 0x00, 0x00, 0x00, 0x00, 0x00, 0x00, 0x00, 0x00, 0x00, 0x00, 0x00, 0x00, 0x00, 0x00,
    0x00, 0x00, 0x00, 0x00, 0x00, 0x00, 0x00, 0x00, 0x00, 0x00, 0x00, 0x00, 0x00, 0x00, 0x00, 0x00, 0x00, 0x00, 0x00,
    0x00, 0x00, 0x00, 0x00, 0x00, 0x00, 0x00, 0x00, 0x00, 0x00, 0x00, 0x00, 0x00, 0x00, 0x00, 0x00, 0x00, 0x00, 0x00,
    0x00, 0x00, 0x00, 0x00, 0x00, 0x00, 0x00, 0x00, 0x00, 0x00, 0x00, 0x00, 0x00, 0x00, 0x00, 0x00, 0x00, 0x00, 0x00,
    0x00, 0x00, 0x00, 0x00, 0x00, 0x00, 0x00, 0x00, 0x00, 0x00, 0x00, 0x00, 0x00, 0x00, 0x00, 0x00, 0x00, 0x00, 0x00,
    0x00, 0x00, 0x00, 0x00, 0x00, 0x00, 0x00, 0x00, 0x00, 0x00, 0x00, 0x00, 0x00, 0x00, 0x00, 0x00, 0x00, 0x00, 0x00,
    0x00, 0x00, 0x00, 0x00, 0x00, 0x00, 0x00, 0x00, 0x00, 0x00, 0x00, 0x00, 0x00, 0x00, 0x00, 0x00, 0x00, 0x00, 0x00,
    0x00, 0x00, 0x00, 0x00, 0x00, 0x00, 0x00, 0x00, 0x00, 0x00, 0x00, 0x00, 0x00, 0x00, 0x00, 0x00, 0x00, 0x00, 0x00,
    0x00, 0x00, 0x00, 0x00, 0x00, 0x00, 0x00, 0x00, 0x00, 0x00, 0x00, 0x00, 0x00, 0x00, 0x00, 0x00, 0x00, 0x00, 0x00,
    0x00, 0x00, 0x00, 0x00, 0x00, 0x00, 0x00, 0x00, 0x00, 0x00, 0x00, 0x00, 0x00, 0x00, 0x00, 0x00, 0x00, 0x00, 0x00,
    0x00, 0x00, 0x00, 0x00, 0x00, 0x00, 0x00, 0x00, 0x00, 0x00, 0x00, 0x00, 0x00, 0x00, 0x00, 0x00, 0x00, 0x00, 0x00,
    0x00, 0x00, 0x00, 0x00, 0x00, 0x00, 0x00, 0x00, 0x00, 0x00, 0x00, 0x00, 0x00, 0x00, 0x00, 0x00, 0x00, 0x00, 0x00,
    0x00, 0x00, 0x00, 0x00, 0x00, 0x00, 0x00, 0x00, 0x00, 0x00, 0x00, 0x00, 0x00, 0x00, 0x00, 0x00, 0x00, 0x00, 0x00,
    0x00, 0x00, 0x20, 0x00, 0x20, 0x00, 0x20, 0x00, 0x20, 0x00, 0x20, 0x00, 0x20, 0x00, 0x21, 0x00, 0x21, 0x00, 0x21,
    0x00, 0x21, 0x00, 0x21, 0x00, 0x21, 0x00, 0x21, 0x00, 0x20, 0x00, 0x20, 0x00, 0x20, 0x00, 0x20, 0x00, 0x20, 0x00,
    0x20, 0x00, 0x00, 0x00, 0x00, 0x00, 0x00, 0x00, 0x00, 0x00, 0x00, 0x00, 0x00, 0x00, 0x00, 0x00, 0x00, 0x00, 0x00,
    0x00, 0x00, 0x00, 0x00, 0x00, 0x00, 0x00, 0x00, 0x00, 0x00, 0x00, 0x00, 0x00, 0x00, 0x00, 0x00, 0x00, 0x00, 0x00,
    0x00, 0x00, 0x00, 0x00, 0x00, 0x00, 0x13, 0x84, 0x58, 0xad, 0xb6, 0x9c, 0x13, 0x84, 0xac, 0x52, 0x25, 0x21, 0x00,
    0x00, 0x00, 0x00, 0x00, 0x00, 0x00, 0x00, 0x00, 0x00, 0x00, 0x00, 0x00, 0x00, 0x00, 0x00, 0x00, 0x00, 0x00, 0x00,
    0x00, 0x00, 0x00, 0x00, 0x41, 0x08, 0x8c, 0x52, 0x90, 0x73, 0x4f, 0x6b, 0x4f, 0x6b, 0x4f, 0x6b, 0x4f, 0x6b, 0x4f,
    0x6b, 0x90, 0x73, 0x8c, 0x52, 0x00, 0x00, 0x00, 0x00, 0x00, 0x00, 0x00, 0x00, 0x00, 0x00, 0x00, 0x00, 0x00, 0x00,
    0x00, 0x00, 0x00, 0x00, 0x00, 0x00, 0x00, 0x00, 0x00, 0x00, 0x00, 0x00, 0x00, 0x00, 0x00, 0x00, 0x00, 0x00, 0x00,
    0x00, 0x00, 0x00, 0x00, 0x00, 0x00, 0x00, 0x00, 0x00, 0x00, 0x00, 0x00, 0x00, 0x00, 0x00, 0x00, 0x00, 0x00, 0x00,
    0x00, 0x00, 0x00, 0x00, 0x00, 0x00, 0x00, 0x00, 0x00, 0x00, 0x00, 0x00, 0x00, 0x00, 0x00, 0x00, 0x00, 0x00, 0x00,
    0x00, 0x00, 0x00, 0x00, 0x00, 0x00, 0x00, 0x00, 0x00, 0x00, 0x00, 0x00, 0x00, 0x00, 0x00, 0x00, 0x00, 0x00, 0x00,
    0x00, 0x00, 0x00, 0x00, 0x00, 0x00, 0x00, 0x00, 0x00, 0x00, 0x00, 0x00, 0x00, 0x00, 0x00, 0x00, 0x00, 0x00, 0x00,
    0x00, 0x00, 0x00, 0x00, 0x00, 0x00, 0x00, 0x00, 0x00, 0x00, 0x00, 0x00, 0x00, 0x00, 0x00, 0x00, 0x00, 0x00, 0x00,
    0x00, 0x00, 0x00, 0x00, 0x00, 0x00, 0x00, 0x00, 0x00, 0x00, 0x00, 0x00, 0x00, 0x00, 0x00, 0x00, 0x00, 0x00, 0x00,
    0x00, 0x00, 0x00, 0x00, 0x00, 0x00, 0x00, 0x00, 0x00, 0x00, 0x00, 0x00, 0x00, 0x00, 0x00, 0x00, 0x00, 0x00, 0x00,
    0x00, 0x00, 0x00, 0x00, 0x00, 0x00, 0x00, 0x00, 0x00, 0x00, 0x00, 0x00, 0x00, 0x00, 0x00, 0x00, 0x00, 0x00, 0x00,
    0x00, 0x00, 0x00, 0x00, 0x00, 0x00, 0x00, 0x00, 0x00, 0x00, 0x00, 0x00, 0x00, 0x00, 0x00, 0x00, 0x00, 0x00, 0x00,
    0x00, 0x00, 0x00, 0x00, 0x00, 0x00, 0x00, 0x00, 0x00, 0x00, 0x00, 0x00, 0x00, 0x00, 0x00, 0x00, 0x00, 0x00, 0x00,
    0x00, 0x00, 0x00, 0x00, 0x00, 0x00, 0x00, 0x00, 0x00, 0x00, 0x00, 0x00, 0x00, 0x00, 0x00, 0x00, 0x00, 0x00, 0x00,
    0x00, 0x00, 0x00, 0x00, 0x00, 0x00, 0x00, 0x00, 0x00, 0x00, 0x00, 0x00, 0x20, 0x00, 0x20, 0x00, 0x20, 0x00, 0x21,
    0x00, 0x21, 0x00, 0x21, 0x00, 0x21, 0x00, 0x21, 0x00, 0x21, 0x00, 0x21, 0x00, 0x21, 0x00, 0x21, 0x00, 0x21, 0x00,
    0x21, 0x00, 0x21, 0x00, 0x21, 0x00, 0x21, 0x00, 0x21, 0x00, 0x21, 0x00, 0x21, 0x00, 0x21, 0x00, 0x21, 0x00, 0x21,
    0x00, 0x21, 0x00, 0x21, 0x00, 0x20, 0x00, 0x20, 0x00, 0x20, 0x00, 0x00, 0x00, 0x00, 0x00, 0x00, 0x00, 0x00, 0x00,
    0x00, 0x00, 0x00, 0x00, 0x00, 0x00, 0x00, 0x00, 0x00, 0x00, 0x00, 0x00, 0x00, 0x00, 0x00, 0x00, 0x00, 0x00, 0x00,
    0x00, 0x00, 0x00, 0x00, 0x00, 0x62, 0x08, 0x95, 0x94, 0xd6, 0x9c, 0xd6, 0x9c, 0xf7, 0xa4, 0x18, 0xad, 0xf7, 0xa4,
    0xf2, 0x83, 0xe9, 0x41, 0x62, 0x08, 0x00, 0x00, 0x00, 0x00, 0x00, 0x00, 0x00, 0x00, 0x00, 0x00, 0x00, 0x00, 0x00,
    0x00, 0x00, 0x00, 0x00, 0x00, 0x00, 0x00, 0x00, 0x00, 0x09, 0x42, 0x90, 0x73, 0x4f, 0x6b, 0x4f, 0x6b, 0x4f, 0x6b,
    0x4f, 0x6b, 0x4f, 0x6b, 0x90, 0x73, 0x09, 0x42, 0x00, 0x00, 0x00, 0x00, 0x00, 0x00, 0x00, 0x00, 0x00, 0x00, 0x00,
    0x00, 0x00, 0x00, 0x00, 0x00, 0x00, 0x00, 0x00, 0x00, 0x00, 0x00, 0x00, 0x00, 0x00, 0x00, 0x00, 0x00, 0x00, 0x00,
    0x00, 0x00, 0x00, 0x00, 0x00, 0x00, 0x00, 0x00, 0x00, 0x00, 0x00, 0x00, 0x00, 0x00, 0x00, 0x00, 0x00, 0x00, 0x00,
    0x00, 0x00, 0x00, 0x00, 0x00, 0x00, 0x00, 0x00, 0x00, 0x00, 0x00, 0x00, 0x00, 0x00, 0x00, 0x00, 0x00, 0x00, 0x00,
    0x00, 0x00, 0x00, 0x00, 0x00, 0x00, 0x00, 0x00, 0x00, 0x00, 0x00, 0x00, 0x00, 0x00, 0x00, 0x00, 0x00, 0x00, 0x00,
    0x00, 0x00, 0x00, 0x00, 0x00, 0x00, 0x00, 0x00, 0x00, 0x00, 0x00, 0x00, 0x00, 0x00, 0x00, 0x00, 0x00, 0x00, 0x00,
    0x00, 0x00, 0x00, 0x00, 0x00, 0x00, 0x00, 0x00, 0x00, 0x00, 0x00, 0x00, 0x00, 0x00, 0x00, 0x00, 0x00, 0x00, 0x00,
    0x00, 0x00, 0x00, 0x00, 0x00, 0x00, 0x00, 0x00, 0x00, 0x00, 0x00, 0x00, 0x00, 0x00, 0x00, 0x00, 0x00, 0x00, 0x00,
    0x00, 0x00, 0x00, 0x00, 0x00, 0x00, 0x00, 0x00, 0x00, 0x00, 0x00, 0x00, 0x00, 0x00, 0x00, 0x00, 0x00, 0x00, 0x00,
    0x00, 0x00, 0x00, 0x00, 0x00, 0x00, 0x00, 0x00, 0x00, 0x00, 0x00, 0x00, 0x00, 0x00, 0x00, 0x00, 0x00, 0x00, 0x00,
    0x00, 0x00, 0x00, 0x00, 0x00, 0x00, 0x00, 0x00, 0x00, 0x00, 0x00, 0x00, 0x00, 0x00, 0x00, 0x00, 0x00, 0x00, 0x00,
    0x00, 0x00, 0x00, 0x00, 0x00, 0x00, 0x00, 0x00, 0x00, 0x00, 0x00, 0x00, 0x00, 0x00, 0x00, 0x00, 0x00, 0x00, 0x00,
    0x00, 0x00, 0x00, 0x00, 0x00, 0x00, 0x00, 0x00, 0x00, 0x00, 0x00, 0x00, 0x00, 0x00, 0x00, 0x00, 0x00, 0x00, 0x00,
    0x00, 0x00, 0x00, 0x00, 0x00, 0x00, 0x00, 0x20, 0x00, 0x20, 0x00, 0x21, 0x00, 0x21, 0x00, 0x21, 0x00, 0x21, 0x00,
    0x21, 0x00, 0x21, 0x00, 0x21, 0x00, 0x21, 0x00, 0x21, 0x00, 0x21, 0x00, 0x21, 0x00, 0x21, 0x00, 0x21, 0x00, 0x21,
    0x00, 0x21, 0x00, 0x21, 0x00, 0x21, 0x00, 0x21, 0x00, 0x21, 0x00, 0x21, 0x00, 0x21, 0x00, 0x21, 0x00, 0x21, 0x00,
    0x21, 0x00, 0x21, 0x00, 0x21, 0x00, 0x21, 0x00, 0x21, 0x00, 0x21, 0x00, 0x21, 0x00, 0x20, 0x00, 0x20, 0x00, 0x20,
    0x00, 0x00, 0x00, 0x00, 0x00, 0x00, 0x00, 0x00, 0x00, 0x00, 0x00, 0x00, 0x00, 0x00, 0x00, 0x00, 0x00, 0x00, 0x00,
    0x00, 0x00, 0x00, 0x00, 0x00, 0x00, 0x05, 0x21, 0xf7, 0xa4, 0xd6, 0x9c, 0xd6, 0x9c, 0xd6, 0x9c, 0xb6, 0x9c, 0xd6,
    0x9c, 0xf7, 0xa4, 0x18, 0xad, 0x75, 0x94, 0x6b, 0x52, 0x41, 0x08, 0x00, 0x00, 0x00, 0x00, 0x00, 0x00, 0x00, 0x00,
    0x00, 0x00, 0x00, 0x00, 0x00, 0x00, 0x00, 0x00, 0x00, 0x00, 0x00, 0x00, 0x09, 0x42, 0x90, 0x73, 0x4f, 0x6b, 0x4f,
    0x6b, 0x4f, 0x6b, 0x4f, 0x6b, 0x4f, 0x6b, 0xb1, 0x73, 0xa7, 0x31, 0x00, 0x00, 0x00, 0x00, 0x00, 0x00, 0x00, 0x00,
    0x00, 0x00, 0x00, 0x00, 0x00, 0x00, 0x00, 0x00, 0x00, 0x00, 0x00, 0x00, 0x00, 0x00, 0x00, 0x00, 0x00, 0x00, 0x00,
    0x00, 0x00, 0x00, 0x00, 0x00, 0x00, 0x00, 0x00, 0x00, 0x00, 0x00, 0x00, 0x00, 0x00, 0x00, 0x00, 0x00, 0x00, 0x00,
    0x00, 0x00, 0x00, 0x00, 0x00, 0x00, 0x00, 0x00, 0x00, 0x00, 0x00, 0x00, 0x00, 0x00, 0x00, 0x00, 0x00, 0x00, 0x00,
    0x00, 0x00, 0x00, 0x00, 0x00, 0x00, 0x00, 0x00, 0x00, 0x00, 0x00, 0x00, 0x00, 0x00, 0x00, 0x00, 0x00, 0x00, 0x00,
    0x00, 0x00, 0x00, 0x00, 0x00, 0x00, 0x00, 0x00, 0x00, 0x00, 0x00, 0x00, 0x00, 0x00, 0x00, 0x00, 0x00, 0x00, 0x00,
    0x00, 0x00, 0x00, 0x00, 0x00, 0x00, 0x00, 0x00, 0x00, 0x00, 0x00, 0x00, 0x00, 0x00, 0x00, 0x00, 0x00, 0x00, 0x00,
    0x00, 0x00, 0x00, 0x00, 0x00, 0x00, 0x00, 0x00, 0x00, 0x00, 0x00, 0x00, 0x00, 0x00, 0x00, 0x00, 0x00, 0x00, 0x00,
    0x00, 0x00, 0x00, 0x00, 0x00, 0x00, 0x00, 0x00, 0x00, 0x00, 0x00, 0x00, 0x00, 0x00, 0x00, 0x00, 0x00, 0x00, 0x00,
    0x00, 0x00, 0x00, 0x00, 0x00, 0x00, 0x00, 0x00, 0x00, 0x00, 0x00, 0x00, 0x00, 0x00, 0x00, 0x00, 0x00, 0x00, 0x00,
    0x00, 0x00, 0x00, 0x00, 0x00, 0x00, 0x00, 0x00, 0x00, 0x00, 0x00, 0x00, 0x00, 0x00, 0x00, 0x00, 0x00, 0x00, 0x00,
    0x00, 0x00, 0x00, 0x00, 0x00, 0x00, 0x00, 0x00, 0x00, 0x00, 0x00, 0x00, 0x00, 0x00, 0x00, 0x00, 0x00, 0x00, 0x00,
    0x00, 0x00, 0x00, 0x00, 0x00, 0x00, 0x00, 0x00, 0x00, 0x00, 0x00, 0x00, 0x00, 0x00, 0x00, 0x00, 0x00, 0x00, 0x00,
    0x00, 0x00, 0x20, 0x00, 0x20, 0x00, 0x21, 0x00, 0x21, 0x00, 0x21, 0x00, 0x21, 0x00, 0x21, 0x00, 0x21, 0x00, 0x21,
    0x00, 0x21, 0x00, 0x21, 0x00, 0x21, 0x00, 0x21, 0x00, 0x21, 0x08, 0x21, 0x08, 0x21, 0x08, 0x21, 0x08, 0x21, 0x08,
    0x21, 0x08, 0x21, 0x08, 0x21, 0x08, 0x21, 0x08, 0x21, 0x08, 0x21, 0x08, 0x21, 0x08, 0x21, 0x08, 0x21, 0x08, 0x21,
    0x00, 0x21, 0x00, 0x21, 0x00, 0x21, 0x00, 0x21, 0x00, 0x21, 0x00, 0x21, 0x00, 0x21, 0x00, 0x21, 0x00, 0x21, 0x00,
    0x21, 0x00, 0x20, 0x00, 0x20, 0x00, 0x00, 0x00, 0x00, 0x00, 0x00, 0x00, 0x00, 0x00, 0x00, 0x00, 0x00, 0x00, 0x00,
    0x00, 0x00, 0x00, 0x20, 0x00, 0x00, 0x00, 0xc8, 0x39, 0x17, 0xa5, 0xb6, 0x9c, 0xd6, 0x9c, 0xd6, 0x9c, 0xd6, 0x9c,
    0xd6, 0x9c, 0xd6, 0x9c, 0xb6, 0x9c, 0xd6, 0x9c, 0x38, 0xad, 0x33, 0x8c, 0xa8, 0x31, 0x00, 0x00, 0x00, 0x00, 0x00,
    0x00, 0x00, 0x00, 0x00, 0x00, 0x00, 0x00, 0x00, 0x00, 0x00, 0x00, 0x00, 0x00, 0x00, 0x00, 0x09, 0x42, 0x90, 0x73,
    0x4f, 0x6b, 0x4f, 0x6b, 0x4f, 0x6b, 0x4f, 0x6b, 0x4f, 0x6b, 0x70, 0x73, 0xe4, 0x18, 0x00, 0x00, 0x00, 0x00, 0x00,
    0x00, 0x00, 0x00, 0x00, 0x00, 0x00, 0x00, 0x00, 0x00, 0x00, 0x00, 0x00, 0x00, 0x00, 0x00, 0x00, 0x00, 0x00, 0x00,
    0x00, 0x00, 0x00, 0x00, 0x00, 0x00, 0x00, 0x00, 0x00, 0x00, 0x00, 0x00, 0x00, 0x00, 0x00, 0x00, 0x00, 0x00, 0x00,
    0x00, 0x00, 0x00, 0x00, 0x00, 0x00, 0x00, 0x00, 0x00, 0x00, 0x00, 0x00, 0x00, 0x00, 0x00, 0x00, 0x00, 0x00, 0x00,
    0x00, 0x00, 0x00, 0x00, 0x00, 0x00, 0x00, 0x00, 0x00, 0x00, 0x00, 0x00, 0x00, 0x00, 0x00, 0x00, 0x00, 0x00, 0x00,
    0x00, 0x00, 0x00, 0x00, 0x00, 0x00, 0x00, 0x00, 0x00, 0x00, 0x00, 0x00, 0x00, 0x00, 0x00, 0x00, 0x00, 0x00, 0x00,
    0x00, 0x00, 0x00, 0x00, 0x00, 0x00, 0x00, 0x00, 0x00, 0x00, 0x00, 0x00, 0x00, 0x00, 0x00, 0x00, 0x00, 0x00, 0x00,
    0x00, 0x00, 0x00, 0x00, 0x00, 0x00, 0x00, 0x00, 0x00, 0x00, 0x00, 0x00, 0x00, 0x00, 0x00, 0x00, 0x00, 0x00, 0x00,
    0x00, 0x00, 0x00, 0x00, 0x00, 0x00, 0x00, 0x00, 0x00, 0x00, 0x00, 0x00, 0x00, 0x00, 0x00, 0x00, 0x00, 0x00, 0x00,
    0x00, 0x00, 0x00, 0x00, 0x00, 0x00, 0x00, 0x00, 0x00, 0x00, 0x00, 0x00, 0x00, 0x00, 0x00, 0x00, 0x00, 0x00, 0x00,
    0x00, 0x00, 0x00, 0x00, 0x00, 0x00, 0x00, 0x00, 0x00, 0x00, 0x00, 0x00, 0x00, 0x00, 0x00, 0x00, 0x00, 0x00, 0x00,
    0x00, 0x00, 0x00, 0x00, 0x00, 0x00, 0x00, 0x00, 0x00, 0x00, 0x00, 0x00, 0x00, 0x00, 0x00, 0x00, 0x00, 0x00, 0x00,
    0x00, 0x00, 0x00, 0x00, 0x00, 0x00, 0x00, 0x00, 0x00, 0x00, 0x00, 0x00, 0x00, 0x00, 0x00, 0x00, 0x20, 0x00, 0x20,
    0x00, 0x21, 0x00, 0x21, 0x00, 0x21, 0x00, 0x21, 0x00, 0x21, 0x00, 0x21, 0x00, 0x21, 0x00, 0x21, 0x00, 0x21, 0x00,
    0x21, 0x08, 0x21, 0x08, 0x21, 0x08, 0x41, 0x08, 0x41, 0x08, 0x41, 0x08, 0x41, 0x08, 0x41, 0x08, 0x41, 0x08, 0x42,
    0x08, 0x42, 0x08, 0x42, 0x08, 0x42, 0x08, 0x42, 0x08, 0x42, 0x08, 0x41, 0x08, 0x41, 0x08, 0x41, 0x08, 0x41, 0x08,
    0x41, 0x08, 0x41, 0x08, 0x21, 0x08, 0x21, 0x08, 0x21, 0x08, 0x21, 0x00, 0x21, 0x00, 0x21, 0x00, 0x21, 0x00, 0x21,
    0x00, 0x21, 0x00, 0x21, 0x00, 0x21, 0x00, 0x21, 0x00, 0x20, 0x00, 0x20, 0x00, 0x00, 0x00, 0x00, 0x00, 0x00, 0x00,
    0x00, 0x00, 0x00, 0x00, 0x20, 0x00, 0x00, 0x00, 0xcd, 0x5a, 0x79, 0xb5, 0xf7, 0xa4, 0xd6, 0x9c, 0xb6, 0x9c, 0xb6,
    0x9c, 0xd6, 0x9c, 0xd6, 0x9c, 0xd6, 0x9c, 0xd6, 0x9c, 0xb6, 0x9c, 0xf7, 0xa4, 0x17, 0xa5, 0x2f, 0x6b, 0x41, 0x08,
    0x00, 0x00, 0x00, 0x00, 0x00, 0x00, 0x00, 0x00, 0x00, 0x00, 0x00, 0x00, 0x00, 0x00, 0x00, 0x00, 0x00, 0x00, 0x09,
    0x42, 0x90, 0x73, 0x4f, 0x6b, 0x4f, 0x6b, 0x4f, 0x6b, 0x4f, 0x6b, 0x70, 0x73, 0x0e, 0x63, 0x41, 0x08, 0x00, 0x00,
    0x00, 0x00, 0x00, 0x00, 0x00, 0x00, 0x00, 0x00, 0x00, 0x00, 0x00, 0x00, 0x00, 0x00, 0x00, 0x00, 0x00, 0x00, 0x00,
    0x00, 0x00, 0x00, 0x00, 0x00, 0x00, 0x00, 0x00, 0x00, 0x00, 0x00, 0x00, 0x00, 0x00, 0x00, 0x00, 0x00, 0x00, 0x00,
    0x00, 0x00, 0x00, 0x00, 0x00, 0x00, 0x00, 0x00, 0x00, 0x00, 0x00, 0x00, 0x00, 0x00, 0x00, 0x00, 0x00, 0x00, 0x00,
    0x00, 0x00, 0x00, 0x00, 0x00, 0x00, 0x00, 0x00, 0x00, 0x00, 0x00, 0x00, 0x00, 0x00, 0x00, 0x00, 0x00, 0x00, 0x00,
    0x00, 0x00, 0x00, 0x00, 0x00, 0x00, 0x00, 0x00, 0x00, 0x00, 0x00, 0x00, 0x00, 0x00, 0x00, 0x00, 0x00, 0x00, 0x00,
    0x00, 0x00, 0x00, 0x00, 0x00, 0x00, 0x00, 0x00, 0x00, 0x00, 0x00, 0x00, 0x00, 0x00, 0x00, 0x00, 0x00, 0x00, 0x00,
    0x00, 0x00, 0x00, 0x00, 0x00, 0x00, 0x00, 0x00, 0x00, 0x00, 0x00, 0x00, 0x00, 0x00, 0x00, 0x00, 0x00, 0x00, 0x00,
    0x00, 0x00, 0x00, 0x00, 0x00, 0x00, 0x00, 0x00, 0x00, 0x00, 0x00, 0x00, 0x00, 0x00, 0x00, 0x00, 0x00, 0x00, 0x00,
    0x00, 0x00, 0x00, 0x00, 0x00, 0x00, 0x00, 0x00, 0x00, 0x00, 0x00, 0x00, 0x00, 0x00, 0x00, 0x00, 0x00, 0x00, 0x00,
    0x00, 0x00, 0x00, 0x00, 0x00, 0x00, 0x00, 0x00, 0x00, 0x00, 0x00, 0x00, 0x00, 0x00, 0x00, 0x00, 0x00, 0x00, 0x00,
    0x00, 0x00, 0x00, 0x00, 0x00, 0x00, 0x00, 0x00, 0x00, 0x00, 0x00, 0x00, 0x00, 0x00, 0x00, 0x00, 0x00, 0x00, 0x00,
    0x00, 0x00, 0x00, 0x00, 0x00, 0x00, 0x00, 0x00, 0x00, 0x00, 0x00, 0x00, 0x00, 0x20, 0x00, 0x20, 0x00, 0x21, 0x00,
    0x21, 0x00, 0x21, 0x00, 0x21, 0x00, 0x21, 0x00, 0x21, 0x00, 0x21, 0x00, 0x21, 0x08, 0x21, 0x08, 0x21, 0x08, 0x41,
    0x08, 0x41, 0x08, 0x41, 0x08, 0x42, 0x08, 0x42, 0x08, 0x42, 0x08, 0x42, 0x08, 0x42, 0x08, 0x42, 0x08, 0x42, 0x08,
    0x42, 0x08, 0x42, 0x08, 0x42, 0x08, 0x42, 0x08, 0x42, 0x08, 0x42, 0x08, 0x42, 0x08, 0x42, 0x08, 0x42, 0x08, 0x42,
    0x08, 0x42, 0x08, 0x42, 0x08, 0x42, 0x08, 0x41, 0x08, 0x41, 0x08, 0x41, 0x08, 0x41, 0x08, 0x21, 0x08, 0x21, 0x08,
    0x21, 0x00, 0x21, 0x00, 0x21, 0x00, 0x21, 0x00, 0x21, 0x00, 0x21, 0x00, 0x21, 0x00, 0x20, 0x00, 0x20, 0x00, 0x00,
    0x00, 0x00, 0x00, 0x00, 0x00, 0x20, 0x00, 0x00, 0x00, 0x66, 0x29, 0xed, 0x5a, 0xd2, 0x7b, 0xd6, 0x9c, 0x38, 0xad,
    0x17, 0xa5, 0xd6, 0x9c, 0xb6, 0x9c, 0xd6, 0x9c, 0xd6, 0x9c, 0xd6, 0x9c, 0xb6, 0x9c, 0xb6, 0x9c, 0x18, 0xad, 0x33,
    0x8c, 0x05, 0x21, 0x00, 0x00, 0x00, 0x00, 0x00, 0x00, 0x00, 0x00, 0x00, 0x00, 0x00, 0x00, 0x00, 0x00, 0x00, 0x00,
    0x00, 0x00, 0x6b, 0x52, 0x90, 0x73, 0x4f, 0x6b, 0x4f, 0x6b, 0x4f, 0x6b, 0x4f, 0x6b, 0x90, 0x73, 0x6b, 0x52, 0x00,
    0x00, 0x00, 0x00, 0x00, 0x00, 0x00, 0x00, 0x00, 0x00, 0x00, 0x00, 0x00, 0x00, 0x00, 0x00, 0x00, 0x00, 0x00, 0x00,
    0x00, 0x00, 0x00, 0x00, 0x00, 0x00, 0x00, 0x00, 0x00, 0x00, 0x00, 0x00, 0x00, 0x00, 0x00, 0x00, 0x00, 0x00, 0x00,
    0x00, 0x00, 0x00, 0x00, 0x00, 0x00, 0x00, 0x00, 0x00, 0x00, 0x00, 0x00, 0x00, 0x00, 0x00, 0x00, 0x00, 0x00, 0x00,
    0x00, 0x00, 0x00, 0x00, 0x00, 0x00, 0x00, 0x00, 0x00, 0x00, 0x00, 0x00, 0x00, 0x00, 0x00, 0x00, 0x00, 0x00, 0x00,
    0x00, 0x00, 0x00, 0x00, 0x00, 0x00, 0x00, 0x00, 0x00, 0x00, 0x00, 0x00, 0x00, 0x00, 0x00, 0x00, 0x00, 0x00, 0x00,
    0x00, 0x00, 0x00, 0x00, 0x00, 0x00, 0x00, 0x00, 0x00, 0x00, 0x00, 0x00, 0x00, 0x00, 0x00, 0x00, 0x00, 0x00, 0x00,
    0x00, 0x00, 0x00, 0x00, 0x00, 0x00, 0x00, 0x00, 0x00, 0x00, 0x00, 0x00, 0x00, 0x00, 0x00, 0x00, 0x00, 0x00, 0x00,
    0x00, 0x00, 0x00, 0x00, 0x00, 0x00, 0x00, 0x00, 0x00, 0x00, 0x00, 0x00, 0x00, 0x00, 0x00, 0x00, 0x00, 0x00, 0x00,
    0x00, 0x00, 0x00, 0x00, 0x00, 0x00, 0x00, 0x00, 0x00, 0x00, 0x00, 0x00, 0x00, 0x00, 0x00, 0x00, 0x00, 0x00, 0x00,
    0x00, 0x00, 0x00, 0x00, 0x00, 0x00, 0x00, 0x00, 0x00, 0x00, 0x00, 0x00, 0x00, 0x00, 0x00, 0x00, 0x00, 0x00, 0x00,
    0x00, 0x00, 0x00, 0x00, 0x00, 0x00, 0x00, 0x00, 0x00, 0x00, 0x00, 0x00, 0x00, 0x00, 0x00, 0x00, 0x00, 0x00, 0x00,
    0x00, 0x00, 0x00, 0x00, 0x00, 0x00, 0x00, 0x00, 0x00, 0x00, 0x20, 0x00, 0x20, 0x00, 0x21, 0x00, 0x21, 0x00, 0x21,
    0x00, 0x21, 0x00, 0x21, 0x00, 0x21, 0x00, 0x21, 0x08, 0x21, 0x08, 0x41, 0x08, 0x41, 0x08, 0x41, 0x08, 0x42, 0x08,
    0x42, 0x08, 0x42, 0x08, 0x42, 0x08, 0x42, 0x08, 0x42, 0x08, 0x42, 0x08, 0x42, 0x08, 0x42, 0x08, 0x42, 0x08, 0x62,
    0x08, 0x62, 0x08, 0x62, 0x08, 0x42, 0x08, 0x42, 0x08, 0x62, 0x08, 0x62, 0x08, 0x62, 0x08, 0x42, 0x08, 0x42, 0x08,
    0x42, 0x08, 0x42, 0x08, 0x42, 0x08, 0x42, 0x08, 0x42, 0x08, 0x42, 0x08, 0x42, 0x08, 0x42, 0x08, 0x41, 0x08, 0x41,
    0x08, 0x41, 0x08, 0x21, 0x08, 0x21, 0x08, 0x21, 0x00, 0x21, 0x00, 0x21, 0x00, 0x21, 0x00, 0x21, 0x00, 0x21, 0x00,
    0x20, 0x00, 0x20, 0x00, 0x00, 0x00, 0x00, 0x00, 0x00, 0x00, 0x00, 0x00, 0x00, 0x00, 0x00, 0x00, 0xc4, 0x18, 0x4a,
    0x4a, 0xd1, 0x7b, 0xf7, 0xa4, 0x17, 0xa5, 0xd6, 0x9c, 0xb6, 0x9c, 0xd6, 0x9c, 0xd6, 0x9c, 0xd6, 0x9c, 0xb6, 0x9c,
    0xf7, 0xa4, 0xf7, 0xa4, 0xe8, 0x39, 0x00, 0x00, 0x00, 0x00, 0x00, 0x00, 0x00, 0x00, 0x00, 0x00, 0x00, 0x00, 0x00,
    0x00, 0x00, 0x00, 0x41, 0x08, 0xed, 0x62, 0x70, 0x73, 0x4f, 0x6b, 0x4f, 0x6b, 0x4f, 0x6b, 0x4f, 0x6b, 0x90, 0x73,
    0x25, 0x29, 0x00, 0x00, 0x00, 0x00, 0x00, 0x00, 0x00, 0x00, 0x00, 0x00, 0x00, 0x00, 0x00, 0x00, 0x00, 0x00, 0x00,
    0x00, 0x00, 0x00, 0x00, 0x00, 0x00, 0x00, 0x00, 0x00, 0x00, 0x00, 0x00, 0x00, 0x00, 0x00, 0x00, 0x00, 0x00, 0x00,
    0x00, 0x00, 0x00, 0x00, 0x00, 0x00, 0x00, 0x00, 0x00, 0x00, 0x00, 0x00, 0x00, 0x00, 0x00, 0x00, 0x00, 0x00, 0x00,
    0x00, 0x00, 0x00, 0x00, 0x00, 0x00, 0x00, 0x00, 0x00, 0x00, 0x00, 0x00, 0x00, 0x00, 0x00, 0x00, 0x00, 0x00, 0x00,
    0x00, 0x00, 0x00, 0x00, 0x00, 0x00, 0x00, 0x00, 0x00, 0x00, 0x00, 0x00, 0x00, 0x00, 0x00, 0x00, 0x00, 0x00, 0x00,
    0x00, 0x00, 0x00, 0x00, 0x00, 0x00, 0x00, 0x00, 0x00, 0x00, 0x00, 0x00, 0x00, 0x00, 0x00, 0x00, 0x00, 0x00, 0x00,
    0x00, 0x00, 0x00, 0x00, 0x00, 0x00, 0x00, 0x00, 0x00, 0x00, 0x00, 0x00, 0x00, 0x00, 0x00, 0x00, 0x00, 0x00, 0x00,
    0x00, 0x00, 0x00, 0x00, 0x00, 0x00, 0x00, 0x00, 0x00, 0x00, 0x00, 0x00, 0x00, 0x00, 0x00, 0x00, 0x00, 0x00, 0x00,
    0x00, 0x00, 0x00, 0x00, 0x00, 0x00, 0x00, 0x00, 0x00, 0x00, 0x00, 0x00, 0x00, 0x00, 0x00, 0x00, 0x00, 0x00, 0x00,
    0x00, 0x00, 0x00, 0x00, 0x00, 0x00, 0x00, 0x00, 0x00, 0x00, 0x00, 0x00, 0x00, 0x00, 0x00, 0x00, 0x00, 0x00, 0x00,
    0x00, 0x00, 0x00, 0x00, 0x00, 0x00, 0x00, 0x00, 0x00, 0x00, 0x00, 0x00, 0x00, 0x00, 0x00, 0x00, 0x00, 0x00, 0x00,
    0x00, 0x00, 0x00, 0x00, 0x00, 0x00, 0x00, 0x00, 0x00, 0x20, 0x00, 0x21, 0x00, 0x21, 0x00, 0x21, 0x00, 0x21, 0x00,
    0x21, 0x00, 0x21, 0x00, 0x21, 0x08, 0x21, 0x08, 0x41, 0x08, 0x41, 0x08, 0x42, 0x08, 0x42, 0x08, 0x42, 0x08, 0x42,
    0x08, 0x42, 0x08, 0x42, 0x08, 0x42, 0x08, 0x62, 0x08, 0x62, 0x08, 0x62, 0x08, 0x62, 0x08, 0x62, 0x08, 0x62, 0x08,
    0x63, 0x08, 0x63, 0x08, 0x63, 0x08, 0x63, 0x10, 0x63, 0x10, 0x63, 0x08, 0x63, 0x08, 0x63, 0x08, 0x63, 0x08, 0x62,
    0x08, 0x62, 0x08, 0x62, 0x08, 0x62, 0x08, 0x62, 0x08, 0x42, 0x08, 0x42, 0x08, 0x42, 0x08, 0x42, 0x08, 0x42, 0x08,
    0x42, 0x08, 0x42, 0x08, 0x41, 0x08, 0x41, 0x08, 0x41, 0x08, 0x21, 0x08, 0x21, 0x00, 0x21, 0x00, 0x21, 0x00, 0x21,
    0x00, 0x21, 0x00, 0x21, 0x00, 0x20, 0x00, 0x20, 0x00, 0x00, 0x00, 0x20, 0x00, 0x21, 0x00, 0x00, 0x00, 0x00, 0x00,
    0x00, 0x00, 0x00, 0x00, 0x46, 0x29, 0x91, 0x73, 0x17, 0xa5, 0xf7, 0xa4, 0xb6, 0x9c, 0xd6, 0x9c, 0xd6, 0x9c, 0xd6,
    0x9c, 0xb6, 0x9c, 0xd6, 0x9c, 0x17, 0xa5, 0xe8, 0x39, 0x00, 0x00, 0x00, 0x00, 0x00, 0x00, 0x00, 0x00, 0x00, 0x00,
    0x00, 0x00, 0x00, 0x00, 0x00, 0x00, 0xa3, 0x10, 0x70, 0x6b, 0x4f, 0x6b, 0x4f, 0x6b, 0x4f, 0x6b, 0x4f, 0x6b, 0x6f,
    0x6b, 0x0e, 0x63, 0x21, 0x00, 0x00, 0x00, 0x00, 0x00, 0x00, 0x00, 0x00, 0x00, 0x00, 0x00, 0x00, 0x00, 0x00, 0x00,
    0x00, 0x00, 0x00, 0x00, 0x00, 0x00, 0x00, 0x00, 0x00, 0x00, 0x00, 0x00, 0x00, 0x00, 0x00, 0x00, 0x00, 0x00, 0x00,
    0x00, 0x00, 0x00, 0x00, 0x00, 0x00, 0x00, 0x00, 0x00, 0x00, 0x00, 0x00, 0x00, 0x00, 0x00, 0x00, 0x00, 0x00, 0x00,
    0x00, 0x00, 0x00, 0x00, 0x00, 0x00, 0x00, 0x00, 0x00, 0x00, 0x00, 0x00, 0x00, 0x00, 0x00, 0x00, 0x00, 0x00, 0x00,
    0x00, 0x00, 0x00, 0x00, 0x00, 0x00, 0x00, 0x00, 0x00, 0x00, 0x00, 0x00, 0x00, 0x00, 0x00, 0x00, 0x00, 0x00, 0x00,
    0x00, 0x00, 0x00, 0x00, 0x00, 0x00, 0x00, 0x00, 0x00, 0x00, 0x00, 0x00, 0x00, 0x00, 0x00, 0x00, 0x00, 0x00, 0x00,
    0x00, 0x00, 0x00, 0x00, 0x00, 0x00, 0x00, 0x00, 0x00, 0x00, 0x00, 0x00, 0x00, 0x00, 0x00, 0x00, 0x00, 0x00, 0x00,
    0x00, 0x00, 0x00, 0x00, 0x00, 0x00, 0x00, 0x00, 0x00, 0x00, 0x00, 0x00, 0x00, 0x00, 0x00, 0x00, 0x00, 0x00, 0x00,
    0x00, 0x00, 0x00, 0x00, 0x00, 0x00, 0x00, 0x00, 0x00, 0x00, 0x00, 0x00, 0x00, 0x00, 0x00, 0x00, 0x00, 0x00, 0x00,
    0x00, 0x00, 0x00, 0x00, 0x00, 0x00, 0x00, 0x00, 0x00, 0x00, 0x00, 0x00, 0x00, 0x00, 0x00, 0x00, 0x00, 0x00, 0x00,
    0x00, 0x00, 0x00, 0x00, 0x00, 0x00, 0x00, 0x00, 0x00, 0x00, 0x00, 0x00, 0x00, 0x00, 0x00, 0x00, 0x00, 0x00, 0x00,
    0x00, 0x00, 0x00, 0x00, 0x00, 0x00, 0x20, 0x00, 0x21, 0x00, 0x21, 0x00, 0x21, 0x00, 0x21, 0x00, 0x21, 0x00, 0x21,
    0x00, 0x21, 0x08, 0x21, 0x08, 0x41, 0x08, 0x42, 0x08, 0x42, 0x08, 0x42, 0x08, 0x42, 0x08, 0x42, 0x08, 0x42, 0x08,
    0x42, 0x08, 0x62, 0x08, 0x62, 0x08, 0x62, 0x08, 0x63, 0x08, 0x63, 0x10, 0x83, 0x10, 0x83, 0x10, 0x83, 0x10, 0x83,
    0x10, 0x63, 0x10, 0x43, 0x08, 0x63, 0x08, 0x63, 0x08, 0x63, 0x08, 0x63, 0x08, 0x43, 0x08, 0x63, 0x10, 0x83, 0x10,
    0x83, 0x10, 0x83, 0x10, 0x83, 0x10, 0x83, 0x10, 0x63, 0x10, 0x63, 0x08, 0x62, 0x08, 0x62, 0x08, 0x62, 0x08, 0x42,
    0x08, 0x42, 0x08, 0x42, 0x08, 0x42, 0x08, 0x42, 0x08, 0x42, 0x08, 0x41, 0x08, 0x41, 0x08, 0x21, 0x08, 0x21, 0x08,
    0x21, 0x00, 0x21, 0x00, 0x21, 0x00, 0x21, 0x00, 0x21, 0x00, 0x20, 0x00, 0x00, 0x00, 0x00, 0x00, 0x00, 0x00, 0x20,
    0x00, 0x20, 0x00, 0x00, 0x00, 0x00, 0x00, 0x00, 0x00, 0x46, 0x29, 0xd2, 0x7b, 0x38, 0xad, 0xd6, 0x9c, 0xd6, 0x9c,
    0xd6, 0x9c, 0xd6, 0x9c, 0xb6, 0x9c, 0xd6, 0x9c, 0x17, 0xa5, 0xe8, 0x39, 0x00, 0x00, 0x00, 0x00, 0x00, 0x00, 0x00,
    0x00, 0x00, 0x00, 0x00, 0x00, 0x00, 0x00, 0x00, 0x00, 0x66, 0x29, 0x90, 0x73, 0x4f, 0x6b, 0x4f, 0x6b, 0x4f, 0x6b,
    0x4f, 0x6b, 0x90, 0x73, 0xe9, 0x39, 0x00, 0x00, 0x00, 0x00, 0x00, 0x00, 0x00, 0x00, 0x00, 0x00, 0x00, 0x00, 0x00,
    0x00, 0x00, 0x00, 0x00, 0x00, 0x00, 0x00, 0x00, 0x00, 0x00, 0x00, 0x00, 0x00, 0x00, 0x00, 0x00, 0x00, 0x00, 0x00,
    0x00, 0x00, 0x00, 0x00, 0x00, 0x00, 0x00, 0x00, 0x00, 0x00, 0x00, 0x00, 0x00, 0x00, 0x00, 0x00, 0x00, 0x00, 0x00,
    0x00, 0x00, 0x00, 0x00, 0x00, 0x00, 0x00, 0x00, 0x00, 0x00, 0x00, 0x00, 0x00, 0x00, 0x00, 0x00, 0x00, 0x00, 0x00,
    0x00, 0x00, 0x00, 0x00, 0x00, 0x00, 0x00, 0x00, 0x00, 0x00, 0x00, 0x00, 0x00, 0x00, 0x00, 0x00, 0x00, 0x00, 0x00,
    0x00, 0x00, 0x00, 0x00, 0x00, 0x00, 0x00, 0x00, 0x00, 0x00, 0x00, 0x00, 0x00, 0x00, 0x00, 0x00, 0x00, 0x00, 0x00,
    0x00, 0x00, 0x00, 0x00, 0x00, 0x00, 0x00, 0x00, 0x00, 0x00, 0x00, 0x00, 0x00, 0x00, 0x00, 0x00, 0x00, 0x00, 0x00,
    0x00, 0x00, 0x00, 0x00, 0x00, 0x00, 0x00, 0x00, 0x00, 0x00, 0x00, 0x00, 0x00, 0x00, 0x00, 0x00, 0x00, 0x00, 0x00,
    0x00, 0x00, 0x00, 0x00, 0x00, 0x00, 0x00, 0x00, 0x00, 0x00, 0x00, 0x00, 0x00, 0x00, 0x00, 0x00, 0x00, 0x00, 0x00,
    0x00, 0x00, 0x00, 0x00, 0x00, 0x00, 0x00, 0x00, 0x00, 0x00, 0x00, 0x00, 0x00, 0x00, 0x00, 0x00, 0x00, 0x00, 0x00,
    0x00, 0x00, 0x00, 0x00, 0x00, 0x00, 0x00, 0x00, 0x00, 0x00, 0x00, 0x00, 0x00, 0x00, 0x00, 0x00, 0x00, 0x00, 0x00,
    0x00, 0x00, 0x00, 0x20, 0x00, 0x20, 0x00, 0x21, 0x00, 0x21, 0x00, 0x21, 0x00, 0x21, 0x00, 0x21, 0x00, 0x21, 0x08,
    0x41, 0x08, 0x41, 0x08, 0x42, 0x08, 0x42, 0x08, 0x42, 0x08, 0x42, 0x08, 0x42, 0x08, 0x42, 0x08, 0x62, 0x08, 0x62,
    0x08, 0x63, 0x08, 0x83, 0x10, 0x83, 0x10, 0x83, 0x10, 0x63, 0x08, 0x22, 0x08, 0x01, 0x00, 0x01, 0x00, 0x22, 0x00,
    0x22, 0x08, 0x63, 0x08, 0x05, 0x21, 0xe5, 0x20, 0xe5, 0x20, 0xe5, 0x20, 0xe5, 0x20, 0x05, 0x21, 0x84, 0x10, 0x22,
    0x08, 0x22, 0x08, 0x01, 0x00, 0x01, 0x00, 0x22, 0x00, 0x42, 0x08, 0x63, 0x10, 0x83, 0x10, 0x83, 0x10, 0x63, 0x10,
    0x62, 0x08, 0x62, 0x08, 0x42, 0x08, 0x42, 0x08, 0x42, 0x08, 0x42, 0x08, 0x42, 0x08, 0x42, 0x08, 0x41, 0x08, 0x41,
    0x08, 0x21, 0x08, 0x21, 0x00, 0x21, 0x00, 0x21, 0x00, 0x21, 0x00, 0x21, 0x00, 0x21, 0x00, 0x20, 0x00, 0x00, 0x00,
    0x00, 0x00, 0x00, 0x00, 0x00, 0x00, 0x20, 0x00, 0x00, 0x00, 0x00, 0x00, 0x00, 0x00, 0x6b, 0x52, 0xf7, 0xa4, 0xf7,
    0xa4, 0xb6, 0x9c, 0xd6, 0x9c, 0xd6, 0x9c, 0xb6, 0x9c, 0xd6, 0x9c, 0x17, 0xa5, 0xe8, 0x39, 0x00, 0x00, 0x00, 0x00,
    0x00, 0x00, 0x00, 0x00, 0x00, 0x00, 0x00, 0x00, 0x00, 0x00, 0x00, 0x00, 0x8c, 0x52, 0x90, 0x73, 0x4f, 0x6b, 0x4f,
    0x6b, 0x4f, 0x6b, 0x4f, 0x6b, 0x4f, 0x6b, 0x82, 0x10, 0x00, 0x00, 0x00, 0x00, 0x00, 0x00, 0x00, 0x00, 0x00, 0x00,
    0x00, 0x00, 0x00, 0x00, 0x00, 0x00, 0x00, 0x00, 0x00, 0x00, 0x00, 0x00, 0x00, 0x00, 0x00, 0x00, 0x00, 0x00, 0x00,
    0x00, 0x00, 0x00, 0x00, 0x00, 0x00, 0x00, 0x00, 0x00, 0x00, 0x00, 0x00, 0x00, 0x00, 0x00, 0x00, 0x00, 0x00, 0x00,
    0x00, 0x00, 0x00, 0x00, 0x00, 0x00, 0x00, 0x00, 0x00, 0x00, 0x00, 0x00, 0x00, 0x00, 0x00, 0x00, 0x00, 0x00, 0x00,
    0x00, 0x00, 0x00, 0x00, 0x00, 0x00, 0x00, 0x00, 0x00, 0x00, 0x00, 0x00, 0x00, 0x00, 0x00, 0x00, 0x00, 0x00, 0x00,
    0x00, 0x00, 0x00, 0x00, 0x00, 0x00, 0x00, 0x00, 0x00, 0x00, 0x00, 0x00, 0x00, 0x00, 0x00, 0x00, 0x00, 0x00, 0x00,
    0x00, 0x00, 0x00, 0x00, 0x00, 0x00, 0x00, 0x00, 0x00, 0x00, 0x00, 0x00, 0x00, 0x00, 0x00, 0x00, 0x00, 0x00, 0x00,
    0x00, 0x00, 0x00, 0x00, 0x00, 0x00, 0x00, 0x00, 0x00, 0x00, 0x00, 0x00, 0x00, 0x00, 0x00, 0x00, 0x00, 0x00, 0x00,
    0x00, 0x00, 0x00, 0x00, 0x00, 0x00, 0x00, 0x00, 0x00, 0x00, 0x00, 0x00, 0x00, 0x00, 0x00, 0x00, 0x00, 0x00, 0x00,
    0x00, 0x00, 0x00, 0x00, 0x00, 0x00, 0x00, 0x00, 0x00, 0x00, 0x00, 0x00, 0x00, 0x00, 0x00, 0x00, 0x00, 0x00, 0x00,
    0x00, 0x00, 0x00, 0x00, 0x00, 0x00, 0x00, 0x00, 0x00, 0x00, 0x00, 0x00, 0x00, 0x00, 0x00, 0x00, 0x00, 0x00, 0x00,
    0x00, 0x00, 0x20, 0x00, 0x21, 0x00, 0x21, 0x00, 0x21, 0x00, 0x21, 0x00, 0x21, 0x00, 0x21, 0x08, 0x21, 0x08, 0x41,
    0x08, 0x42, 0x08, 0x42, 0x08, 0x42, 0x08, 0x42, 0x08, 0x62, 0x08, 0x62, 0x08, 0x62, 0x08, 0x63, 0x08, 0x83, 0x10,
    0x83, 0x10, 0x63, 0x08, 0x22, 0x00, 0x01, 0x00, 0x42, 0x08, 0xe5, 0x18, 0xc9, 0x39, 0x0e, 0x63, 0xd1, 0x7b, 0xf6,
    0xa4, 0x78, 0xb5, 0xb9, 0xbd, 0xbd, 0xde, 0x9d, 0xd6, 0x9d, 0xd6, 0x9d, 0xd6, 0x9d, 0xd6, 0xbd, 0xde, 0xfb, 0xc5,
    0x58, 0xad, 0x38, 0xad, 0xf2, 0x83, 0x50, 0x6b, 0x0a, 0x42, 0x06, 0x21, 0x63, 0x08, 0x01, 0x00, 0x22, 0x00, 0x63,
    0x08, 0x83, 0x10, 0x83, 0x10, 0x63, 0x08, 0x62, 0x08, 0x62, 0x08, 0x42, 0x08, 0x42, 0x08, 0x42, 0x08, 0x42, 0x08,
    0x42, 0x08, 0x41, 0x08, 0x41, 0x08, 0x21, 0x08, 0x21, 0x00, 0x21, 0x00, 0x21, 0x08, 0x41, 0x08, 0x21, 0x00, 0x21,
    0x00, 0x00, 0x00, 0x00, 0x00, 0x00, 0x00, 0x00, 0x00, 0x00, 0x00, 0x20, 0x00, 0x00, 0x00, 0x00, 0x00, 0x46, 0x29,
    0x95, 0x94, 0x17, 0xa5, 0xb6, 0x9c, 0xd6, 0x9c, 0xd6, 0x9c, 0xb6, 0x9c, 0xd6, 0x9c, 0x17, 0xa5, 0x46, 0x29, 0x00,
    0x00, 0x00, 0x00, 0x00, 0x00, 0x00, 0x00, 0x00, 0x00, 0x00, 0x00, 0x00, 0x00, 0xa3, 0x10, 0x4f, 0x6b, 0x4f, 0x6b,
    0x4f, 0x6b, 0x4f, 0x6b, 0x4f, 0x6b, 0x90, 0x73, 0x09, 0x42, 0x00, 0x00, 0x00, 0x00, 0x00, 0x00, 0x00, 0x00, 0x00,
    0x00, 0x00, 0x00, 0x00, 0x00, 0x00, 0x00, 0x00, 0x00, 0x00, 0x00, 0x00, 0x00, 0x00, 0x00, 0x00, 0x00, 0x00, 0x00,
    0x00, 0x00, 0x00, 0x00, 0x00, 0x00, 0x00, 0x00, 0x00, 0x00, 0x00, 0x00, 0x00, 0x00, 0x00, 0x00, 0x00, 0x00, 0x00,
    0x00, 0x00, 0x00, 0x00, 0x00, 0x00, 0x00, 0x00, 0x00, 0x00, 0x00, 0x00, 0x00, 0x00, 0x00, 0x00, 0x00, 0x00, 0x00,
    0x00, 0x00, 0x00, 0x00, 0x00, 0x00, 0x00, 0x00, 0x00, 0x00, 0x00, 0x00, 0x00, 0x00, 0x00, 0x00, 0x00, 0x00, 0x00,
    0x00, 0x00, 0x00, 0x00, 0x00, 0x00, 0x00, 0x00, 0x00, 0x00, 0x00, 0x00, 0x00, 0x00, 0x00, 0x00, 0x00, 0x00, 0x00,
    0x00, 0x00, 0x00, 0x00, 0x00, 0x00, 0x00, 0x00, 0x00, 0x00, 0x00, 0x00, 0x00, 0x00, 0x00, 0x00, 0x00, 0x00, 0x00,
    0x00, 0x00, 0x00, 0x00, 0x00, 0x00, 0x00, 0x00, 0x00, 0x00, 0x00, 0x00, 0x00, 0x00, 0x00, 0x00, 0x00, 0x00, 0x00,
    0x00, 0x00, 0x00, 0x00, 0x00, 0x00, 0x00, 0x00, 0x00, 0x00, 0x00, 0x00, 0x00, 0x00, 0x00, 0x00, 0x00, 0x00, 0x00,
    0x00, 0x00, 0x00, 0x00, 0x00, 0x00, 0x00, 0x00, 0x00, 0x00, 0x00, 0x00, 0x00, 0x00, 0x00, 0x00, 0x00, 0x00, 0x00,
    0x00, 0x00, 0x00, 0x00, 0x00, 0x00, 0x00, 0x00, 0x00, 0x00, 0x00, 0x00, 0x00, 0x00, 0x00, 0x00, 0x00, 0x00, 0x20,
    0x00, 0x20, 0x00, 0x21, 0x00, 0x21, 0x00, 0x21, 0x00, 0x21, 0x00, 0x21, 0x00, 0x21, 0x08, 0x41, 0x08, 0x42, 0x08,
    0x42, 0x08, 0x42, 0x08, 0x42, 0x08, 0x42, 0x08, 0x62, 0x08, 0x62, 0x08, 0x63, 0x10, 0x83, 0x10, 0x63, 0x08, 0x01,
    0x00, 0x02, 0x00, 0xa4, 0x18, 0x0a, 0x42, 0xf1, 0x7b, 0x78, 0xb5, 0x9d, 0xd6, 0x3f, 0xef, 0x7f, 0xf7, 0x9f, 0xf7,
    0x7f, 0xf7, 0x7f, 0xf7, 0x5f, 0xef, 0x3f, 0xef, 0x3f, 0xef, 0x1f, 0xe7, 0x1f, 0xe7, 0x1f, 0xe7, 0x1f, 0xe7, 0x3f,
    0xef, 0x5f, 0xef, 0x5f, 0xef, 0x7f, 0xf7, 0x5f, 0xef, 0x3f, 0xef, 0x9e, 0xd6, 0x99, 0xb5, 0x33, 0x84, 0x6c, 0x52,
    0xe5, 0x18, 0x22, 0x08, 0x01, 0x00, 0x43, 0x08, 0x83, 0x10, 0x63, 0x10, 0x63, 0x08, 0x62, 0x08, 0x62, 0x08, 0x42,
    0x08, 0x42, 0x08, 0x42, 0x08, 0x42, 0x08, 0x41, 0x08, 0x21, 0x08, 0x21, 0x08, 0x00, 0x00, 0x00, 0x00, 0x00, 0x00,
    0x21, 0x00, 0x21, 0x00, 0x20, 0x00, 0x00, 0x00, 0x00, 0x00, 0x00, 0x00, 0x00, 0x00, 0x00, 0x00, 0x20, 0x00, 0x00,
    0x00, 0xa3, 0x10, 0xf2, 0x83, 0x18, 0xa5, 0xb6, 0x9c, 0xd6, 0x9c, 0xd6, 0x9c, 0xb6, 0x9c, 0xd7, 0xa4, 0x74, 0x94,
    0x62, 0x08, 0x00, 0x00, 0x00, 0x00, 0x00, 0x00, 0x00, 0x00, 0x00, 0x00, 0x00, 0x00, 0x00, 0x00, 0x09, 0x42, 0x90,
    0x73, 0x4f, 0x6b, 0x4f, 0x6b, 0x4f, 0x6b, 0x4f, 0x6b, 0x4f, 0x6b, 0x82, 0x10, 0x00, 0x00, 0x00, 0x00, 0x00, 0x00,
    0x00, 0x00, 0x00, 0x00, 0x00, 0x00, 0x00, 0x00, 0x00, 0x00, 0x00, 0x00, 0x00, 0x00, 0x00, 0x00, 0x00, 0x00, 0x00,
    0x00, 0x00, 0x00, 0x00, 0x00, 0x00, 0x00, 0x00, 0x00, 0x00, 0x00, 0x00, 0x00, 0x00, 0x00, 0x00, 0x00, 0x00, 0x00,
    0x00, 0x00, 0x00, 0x00, 0x00, 0x00, 0x00, 0x00, 0x00, 0x00, 0x00, 0x00, 0x00, 0x00, 0x00, 0x00, 0x00, 0x00, 0x00,
    0x00, 0x00, 0x00, 0x00, 0x00, 0x00, 0x00, 0x00, 0x00, 0x00, 0x00, 0x00, 0x00, 0x00, 0x00, 0x00, 0x00, 0x00, 0x00,
    0x00, 0x00, 0x00, 0x00, 0x00, 0x00, 0x00, 0x00, 0x00, 0x00, 0x00, 0x00, 0x00, 0x00, 0x00, 0x00, 0x00, 0x00, 0x00,
    0x00, 0x00, 0x00, 0x00, 0x00, 0x00, 0x00, 0x00, 0x00, 0x00, 0x00, 0x00, 0x00, 0x00, 0x00, 0x00, 0x00, 0x00, 0x00,
    0x00, 0x00, 0x00, 0x00, 0x00, 0x00, 0x00, 0x00, 0x00, 0x00, 0x00, 0x00, 0x00, 0x00, 0x00, 0x00, 0x00, 0x00, 0x00,
    0x00, 0x00, 0x00, 0x00, 0x00, 0x00, 0x00, 0x00, 0x00, 0x00, 0x00, 0x00, 0x00, 0x00, 0x00, 0x00, 0x00, 0x00, 0x00,
    0x00, 0x00, 0x00, 0x00, 0x00, 0x00, 0x00, 0x00, 0x00, 0x00, 0x00, 0x00, 0x00, 0x00, 0x00, 0x00, 0x00, 0x00, 0x00,
    0x00, 0x00, 0x00, 0x00, 0x00, 0x00, 0x00, 0x00, 0x00, 0x00, 0x00, 0x00, 0x00, 0x00, 0x00, 0x00, 0x00, 0x20, 0x00,
    0x20, 0x00, 0x21, 0x00, 0x21, 0x00, 0x21, 0x00, 0x21, 0x00, 0x21, 0x08, 0x41, 0x08, 0x41, 0x08, 0x42, 0x08, 0x42,
    0x08, 0x42, 0x08, 0x62, 0x08, 0x62, 0x08, 0x62, 0x08, 0x63, 0x10, 0x83, 0x10, 0x42, 0x08, 0x01, 0x00, 0xa4, 0x10,
    0x8c, 0x52, 0xb5, 0x9c, 0x7c, 0xd6, 0x5f, 0xef, 0x9f, 0xf7, 0x7f, 0xf7, 0x3f, 0xef, 0x1f, 0xe7, 0x1f, 0xe7, 0x1f,
    0xe7, 0x1f, 0xe7, 0xff, 0xe6, 0xff, 0xe6, 0xff, 0xe6, 0xff, 0xe6, 0xdf, 0xde, 0xdf, 0xde, 0xdf, 0xe6, 0xdf, 0xe6,
    0xff, 0xe6, 0xff, 0xe6, 0xff, 0xe6, 0xff, 0xe6, 0xff, 0xe6, 0xff, 0xe6, 0xff, 0xe6, 0x3f, 0xef, 0x5f, 0xef, 0x3f,
    0xef, 0x7d, 0xd6, 0x17, 0xa5, 0xee, 0x62, 0x05, 0x21, 0x01, 0x00, 0x42, 0x08, 0x83, 0x10, 0x83, 0x10, 0x63, 0x08,
    0x62, 0x08, 0x42, 0x08, 0x42, 0x08, 0x42, 0x08, 0x42, 0x08, 0x21, 0x00, 0x83, 0x10, 0x13, 0x84, 0xee, 0x62, 0x67,
    0x31, 0x21, 0x00, 0x00, 0x00, 0x00, 0x00, 0x21, 0x00, 0x00, 0x00, 0x00, 0x00, 0x00, 0x00, 0x00, 0x00, 0x00, 0x00,
    0x20, 0x00, 0x00, 0x00, 0x41, 0x08, 0xf2, 0x7b, 0x17, 0xa5, 0xb6, 0x9c, 0xd6, 0x9c, 0xd6, 0x9c, 0xb6, 0x9c, 0x17,
    0xa5, 0x70, 0x73, 0x00, 0x00, 0x00, 0x00, 0x00, 0x00, 0x00, 0x00, 0x00, 0x00, 0x00, 0x00, 0x00, 0x00, 0x41, 0x08,
    0x0e, 0x63, 0x6f, 0x6b, 0x4f, 0x6b, 0x4f, 0x6b, 0x4f, 0x6b, 0x90, 0x73, 0xc8, 0x39, 0x00, 0x00, 0x00, 0x00, 0x00,
    0x00, 0x00, 0x00, 0x00, 0x00, 0x00, 0x00, 0x00, 0x00, 0x00, 0x00, 0x00, 0x00, 0x00, 0x00, 0x00, 0x00, 0x00, 0x00,
    0x00, 0x00, 0x00, 0x00, 0x00, 0x00, 0x00, 0x00, 0x00, 0x00, 0x00, 0x00, 0x00, 0x00, 0x00, 0x00, 0x00, 0x00, 0x00,
    0x00, 0x00, 0x00, 0x00, 0x00, 0x00, 0x00, 0x00, 0x00, 0x00, 0x00, 0x00, 0x00, 0x00, 0x00, 0x00, 0x00, 0x00, 0x00,
    0x00, 0x00, 0x00, 0x00, 0x00, 0x00, 0x00, 0x00, 0x00, 0x00, 0x00, 0x00, 0x00, 0x00, 0x00, 0x00, 0x00, 0x00, 0x00,
    0x00, 0x00, 0x00, 0x00, 0x00, 0x00, 0x00, 0x00, 0x00, 0x00, 0x00, 0x00, 0x00, 0x00, 0x00, 0x00, 0x00, 0x00, 0x00,
    0x00, 0x00, 0x00, 0x00, 0x00, 0x00, 0x00, 0x00, 0x00, 0x00, 0x00, 0x00, 0x00, 0x00, 0x00, 0x00, 0x00, 0x00, 0x00,
    0x00, 0x00, 0x00, 0x00, 0x00, 0x00, 0x00, 0x00, 0x00, 0x00, 0x00, 0x00, 0x00, 0x00, 0x00, 0x00, 0x00, 0x00, 0x00,
    0x00, 0x00, 0x00, 0x00, 0x00, 0x00, 0x00, 0x00, 0x00, 0x00, 0x00, 0x00, 0x00, 0x00, 0x00, 0x00, 0x00, 0x00, 0x00,
    0x00, 0x00, 0x00, 0x00, 0x00, 0x00, 0x00, 0x00, 0x00, 0x00, 0x00, 0x00, 0x00, 0x00, 0x00, 0x00, 0x00, 0x00, 0x00,
    0x00, 0x00, 0x00, 0x00, 0x00, 0x00, 0x00, 0x00, 0x00, 0x00, 0x00, 0x00, 0x00, 0x00, 0x00, 0x00, 0x20, 0x00, 0x21,
    0x00, 0x21, 0x00, 0x21, 0x00, 0x21, 0x00, 0x21, 0x08, 0x21, 0x08, 0x41, 0x08, 0x42, 0x08, 0x42, 0x08, 0x42, 0x08,
    0x42, 0x08, 0x62, 0x08, 0x62, 0x08, 0x63, 0x10, 0x83, 0x10, 0x22, 0x08, 0x02, 0x00, 0x26, 0x21, 0xd1, 0x7b, 0x5b,
    0xce, 0x7f, 0xf7, 0x9f, 0xf7, 0x5f, 0xef, 0x1f, 0xe7, 0x1f, 0xe7, 0x1f, 0xe7, 0x1f, 0xe7, 0xdf, 0xe6, 0xbf, 0xde,
    0x7f, 0xd6, 0x5f, 0xd6, 0x3f, 0xce, 0x1f, 0xce, 0xdf, 0xc5, 0xff, 0xc5, 0xff, 0xc5, 0xff, 0xc5, 0xdf, 0xc5, 0xdf,
    0xc5, 0xff, 0xc5, 0xff, 0xc5, 0x1f, 0xce, 0x5f, 0xce, 0x7f, 0xd6, 0xbf, 0xde, 0xdf, 0xde, 0xdf, 0xe6, 0xdf, 0xde,
    0xdf, 0xde, 0xff, 0xe6, 0x3f, 0xef, 0x5f, 0xef, 0x7d, 0xd6, 0x54, 0x8c, 0x88, 0x31, 0x42, 0x08, 0x22, 0x00, 0x83,
    0x10, 0x83, 0x10, 0x62, 0x08, 0x62, 0x08, 0x42, 0x08, 0x62, 0x08, 0x01, 0x00, 0x26, 0x29, 0x9e, 0xd6, 0xbf, 0xde,
    0x7e, 0xd6, 0x59, 0xad, 0x8c, 0x52, 0x21, 0x08, 0x00, 0x00, 0x21, 0x00, 0x21, 0x00, 0x00, 0x00, 0x00, 0x00, 0x00,
    0x00, 0x00, 0x00, 0x20, 0x00, 0x00, 0x00, 0x62, 0x08, 0x75, 0x94, 0xf7, 0xa4, 0xb6, 0x9c, 0xd6, 0x9c, 0xd6, 0x9c,
    0xb6, 0x9c, 0x18, 0xad, 0xe9, 0x41, 0x00, 0x00, 0x00, 0x00, 0x00, 0x00, 0x00, 0x00, 0x00, 0x00, 0x00, 0x00, 0x00,
    0x00, 0xa7, 0x31, 0x90, 0x73, 0x4f, 0x6b, 0x4f, 0x6b, 0x4f, 0x6b, 0x6f, 0x6b, 0x0e, 0x63, 0x41, 0x08, 0x00, 0x00,
    0x00, 0x00, 0x00, 0x00, 0x00, 0x00, 0x00, 0x00, 0x00, 0x00, 0x00, 0x00, 0x00, 0x00, 0x00, 0x00, 0x00, 0x00, 0x00,
    0x00, 0x00, 0x00, 0x00, 0x00, 0x00, 0x00, 0x00, 0x00, 0x00, 0x00, 0x00, 0x00, 0x00, 0x00, 0x00, 0x00, 0x00, 0x00,
    0x00, 0x00, 0x00, 0x00, 0x00, 0x00, 0x00, 0x00, 0x00, 0x00, 0x00, 0x00, 0x00, 0x00, 0x00, 0x00, 0x00, 0x00, 0x00,
    0x00, 0x00, 0x00, 0x00, 0x00, 0x00, 0x00, 0x00, 0x00, 0x00, 0x00, 0x00, 0x00, 0x00, 0x00, 0x00, 0x00, 0x00, 0x00,
    0x00, 0x00, 0x00, 0x00, 0x00, 0x00, 0x00, 0x00, 0x00, 0x00, 0x00, 0x00, 0x00, 0x00, 0x00, 0x00, 0x00, 0x00, 0x00,
    0x00, 0x00, 0x00, 0x00, 0x00, 0x00, 0x00, 0x00, 0x00, 0x00, 0x00, 0x00, 0x00, 0x00, 0x00, 0x00, 0x00, 0x00, 0x00,
    0x00, 0x00, 0x00, 0x00, 0x00, 0x00, 0x00, 0x00, 0x00, 0x00, 0x00, 0x00, 0x00, 0x00, 0x00, 0x00, 0x00, 0x00, 0x00,
    0x00, 0x00, 0x00, 0x00, 0x00, 0x00, 0x00, 0x00, 0x00, 0x00, 0x00, 0x00, 0x00, 0x00, 0x00, 0x00, 0x00, 0x00, 0x00,
    0x00, 0x00, 0x00, 0x00, 0x00, 0x00, 0x00, 0x00, 0x00, 0x00, 0x00, 0x00, 0x00, 0x00, 0x00, 0x00, 0x00, 0x00, 0x00,
    0x00, 0x00, 0x00, 0x00, 0x00, 0x00, 0x00, 0x00, 0x00, 0x00, 0x00, 0x00, 0x00, 0x00, 0x00, 0x20, 0x00, 0x21, 0x00,
    0x21, 0x00, 0x21, 0x00, 0x21, 0x00, 0x21, 0x08, 0x21, 0x08, 0x41, 0x08, 0x42, 0x08, 0x42, 0x08, 0x42, 0x08, 0x62,
    0x08, 0x62, 0x08, 0x63, 0x08, 0x83, 0x10, 0x42, 0x08, 0x01, 0x00, 0x88, 0x31, 0xb5, 0x9c, 0xfe, 0xe6, 0x9f, 0xf7,
    0x5f, 0xef, 0x1f, 0xe7, 0x1f, 0xe7, 0x1f, 0xe7, 0xff, 0xe6, 0xbf, 0xde, 0x5f, 0xd6, 0x1f, 0xce, 0xff, 0xc5, 0xdf,
    0xc5, 0xdf, 0xc5, 0xdf, 0xc5, 0xdf, 0xc5, 0xdf, 0xc5, 0xbf, 0xc5, 0xff, 0xc5, 0xbf, 0xde, 0xbf, 0xde, 0x5f, 0xd6,
    0x9f, 0xbd, 0x9f, 0xbd, 0x9f, 0xbd, 0x9f, 0xbd, 0x7f, 0xbd, 0x7f, 0xbd, 0x9e, 0xbd, 0xbe, 0xbd, 0xdf, 0xc5, 0x3f,
    0xce, 0x9f, 0xd6, 0xdf, 0xde, 0xdf, 0xde, 0xdf, 0xde, 0xff, 0xe6, 0x3f, 0xef, 0xdf, 0xe6, 0x37, 0xad, 0x2a, 0x42,
    0x22, 0x08, 0x22, 0x08, 0x83, 0x10, 0x63, 0x10, 0x62, 0x08, 0x63, 0x08, 0x00, 0x00, 0x0a, 0x42, 0x9e, 0xd6, 0x1c,
    0xc6, 0x3d, 0xce, 0x7e, 0xd6, 0xbf, 0xde, 0x59, 0xad, 0x6b, 0x52, 0x00, 0x00, 0x00, 0x00, 0x21, 0x00, 0x00, 0x00,
    0x00, 0x00, 0x00, 0x00, 0x00, 0x00, 0x20, 0x00, 0x00, 0x00, 0x05, 0x21, 0xf7, 0xa4, 0xd6, 0x9c, 0xd6, 0x9c, 0xd6,
    0x9c, 0xb6, 0x9c, 0xd6, 0xa4, 0x95, 0x94, 0x62, 0x08, 0x00, 0x00, 0x00, 0x00, 0x00, 0x00, 0x00, 0x00, 0x00, 0x00,
    0x00, 0x00, 0x62, 0x08, 0x4f, 0x6b, 0x4f, 0x6b, 0x4f, 0x6b, 0x4f, 0x6b, 0x4f, 0x6b, 0x90, 0x73, 0x25, 0x29, 0x00,
    0x00, 0x00, 0x00, 0x00, 0x00, 0x00, 0x00, 0x00, 0x00, 0x00, 0x00, 0x00, 0x00, 0x00, 0x00, 0x00, 0x00, 0x00, 0x00,
    0x00, 0x00, 0x00, 0x00, 0x00, 0x00, 0x00, 0x00, 0x00, 0x00, 0x00, 0x00, 0x00, 0x00, 0x00, 0x00, 0x00, 0x00, 0x00,
    0x00, 0x00, 0x00, 0x00, 0x00, 0x00, 0x00, 0x00, 0x00, 0x00, 0x00, 0x00, 0x00, 0x00, 0x00, 0x00, 0x00, 0x00, 0x00,
    0x00, 0x00, 0x00, 0x00, 0x00, 0x00, 0x00, 0x00, 0x00, 0x00, 0x00, 0x00, 0x00, 0x00, 0x00, 0x00, 0x00, 0x00, 0x00,
    0x00, 0x00, 0x00, 0x00, 0x00, 0x00, 0x00, 0x00, 0x00, 0x00, 0x00, 0x00, 0x00, 0x00, 0x00, 0x00, 0x00, 0x00, 0x00,
    0x00, 0x00, 0x00, 0x00, 0x00, 0x00, 0x00, 0x00, 0x00, 0x00, 0x00, 0x00, 0x00, 0x00, 0x00, 0x00, 0x00, 0x00, 0x00,
    0x00, 0x00, 0x00, 0x00, 0x00, 0x00, 0x00, 0x00, 0x00, 0x00, 0x00, 0x00, 0x00, 0x00, 0x00, 0x00, 0x00, 0x00, 0x00,
    0x00, 0x00, 0x00, 0x00, 0x00, 0x00, 0x00, 0x00, 0x00, 0x00, 0x00, 0x00, 0x00, 0x00, 0x00, 0x00, 0x00, 0x00, 0x00,
    0x00, 0x00, 0x00, 0x00, 0x00, 0x00, 0x00, 0x00, 0x00, 0x00, 0x00, 0x00, 0x00, 0x00, 0x00, 0x00, 0x00, 0x00, 0x00,
    0x00, 0x00, 0x00, 0x00, 0x00, 0x00, 0x00, 0x00, 0x00, 0x00, 0x00, 0x00, 0x00, 0x00, 0x20, 0x00, 0x21, 0x00, 0x21,
    0x00, 0x21, 0x00, 0x21, 0x00, 0x21, 0x08, 0x21, 0x08, 0x41, 0x08, 0x42, 0x08, 0x42, 0x08, 0x42, 0x08, 0x62, 0x08,
    0x62, 0x08, 0x83, 0x10, 0x63, 0x10, 0x01, 0x00, 0x06, 0x21, 0xb5, 0x9c, 0x3f, 0xef, 0x9f, 0xf7, 0x3f, 0xef, 0x1f,
    0xe7, 0x3f, 0xe7, 0xff, 0xe6, 0x9f, 0xde, 0x3f, 0xce, 0xff, 0xc5, 0xdf, 0xc5, 0xdf, 0xc5, 0xff, 0xc5, 0xff, 0xc5,
    0xff, 0xc5, 0xdf, 0xc5, 0xdf, 0xc5, 0xdf, 0xc5, 0xdf, 0xc5, 0xbf, 0xc5, 0xff, 0xc5, 0xbf, 0xde, 0xbf, 0xde, 0x7f,
    0xd6, 0x9f, 0xbd, 0xbf, 0xbd, 0xbf, 0xbd, 0x9f, 0xbd, 0x9f, 0xbd, 0x9f, 0xbd, 0x9e, 0xbd, 0x7e, 0xbd, 0x7e, 0xb5,
    0x5e, 0xb5, 0x7e, 0xb5, 0xbe, 0xbd, 0x1f, 0xce, 0x9f, 0xd6, 0xdf, 0xde, 0xde, 0xde, 0xdf, 0xde, 0x1f, 0xe7, 0x1f,
    0xe7, 0x38, 0xad, 0xc9, 0x39, 0x01, 0x00, 0x63, 0x08, 0x83, 0x10, 0x83, 0x10, 0x00, 0x00, 0x2f, 0x6b, 0xbf, 0xde,
    0x3d, 0xce, 0x5d, 0xce, 0x3d, 0xce, 0x3d, 0xce, 0x7e, 0xd6, 0xbf, 0xde, 0x54, 0x8c, 0x62, 0x10, 0x00, 0x00, 0x21,
    0x00, 0x00, 0x00, 0x00, 0x00, 0x00, 0x00, 0x00, 0x00, 0x20, 0x00, 0x00, 0x00, 0x0a, 0x42, 0x38, 0xad, 0xb6, 0x9c,
    0xd6, 0x9c, 0xd6, 0x9c, 0xb6, 0x9c, 0x18, 0xad, 0xee, 0x62, 0x00, 0x00, 0x00, 0x00, 0x00, 0x00, 0x00, 0x00, 0x00,
    0x00, 0x00, 0x00, 0x00, 0x00, 0x2a, 0x42, 0x90, 0x73, 0x4f, 0x6b, 0x4f, 0x6b, 0x4f, 0x6b, 0x90, 0x73, 0x6b, 0x52,
    0x00, 0x00, 0x00, 0x00, 0x00, 0x00, 0x00, 0x00, 0x00, 0x00, 0x00, 0x00, 0x00, 0x00, 0x00, 0x00, 0x00, 0x00, 0x00,
    0x00, 0x00, 0x00, 0x00, 0x00, 0x00, 0x00, 0x00, 0x00, 0x00, 0x00, 0x00, 0x00, 0x00, 0x00, 0x00, 0x00, 0x00, 0x00,
    0x00, 0x00, 0x00, 0x00, 0x00, 0x00, 0x00, 0x00, 0x00, 0x00, 0x00, 0x00, 0x00, 0x00, 0x00, 0x00, 0x00, 0x00, 0x00,
    0x00, 0x00, 0x00, 0x00, 0x00, 0x00, 0x00, 0x00, 0x00, 0x00, 0x00, 0x00, 0x00, 0x00, 0x00, 0x00, 0x00, 0x00, 0x00,
    0x00, 0x00, 0x00, 0x00, 0x00, 0x00, 0x00, 0x00, 0x00, 0x00, 0x00, 0x00, 0x00, 0x00, 0x00, 0x00, 0x00, 0x00, 0x00,
    0x00, 0x00, 0x00, 0x00, 0x00, 0x00, 0x00, 0x00, 0x00, 0x00, 0x00, 0x00, 0x00, 0x00, 0x00, 0x00, 0x00, 0x00, 0x00,
    0x00, 0x00, 0x00, 0x00, 0x00, 0x00, 0x00, 0x00, 0x00, 0x00, 0x00, 0x00, 0x00, 0x00, 0x00, 0x00, 0x00, 0x00, 0x00,
    0x00, 0x00, 0x00, 0x00, 0x00, 0x00, 0x00, 0x00, 0x00, 0x00, 0x00, 0x00, 0x00, 0x00, 0x00, 0x00, 0x00, 0x00, 0x00,
    0x00, 0x00, 0x00, 0x00, 0x00, 0x00, 0x00, 0x00, 0x00, 0x00, 0x00, 0x00, 0x00, 0x00, 0x00, 0x00, 0x00, 0x00, 0x00,
    0x00, 0x00, 0x00, 0x00, 0x00, 0x00, 0x00, 0x00, 0x00, 0x00, 0x00, 0x00, 0x00, 0x20, 0x00, 0x21, 0x00, 0x21, 0x00,
    0x21, 0x00, 0x21, 0x00, 0x21, 0x08, 0x41, 0x08, 0x42, 0x08, 0x42, 0x08, 0x42, 0x08, 0x42, 0x08, 0x62, 0x08, 0x63,
    0x08, 0x83, 0x10, 0x22, 0x00, 0x63, 0x10, 0xd1, 0x7b, 0xdd, 0xde, 0x9f, 0xf7, 0x3f, 0xef, 0x1f, 0xe7, 0x3f, 0xef,
    0xdf, 0xde, 0x7f, 0xd6, 0x1f, 0xce, 0xff, 0xc5, 0xff, 0xc5, 0xff, 0xc5, 0xff, 0xc5, 0xff, 0xc5, 0xff, 0xc5, 0xdf,
    0xc5, 0xdf, 0xc5, 0xdf, 0xc5, 0xdf, 0xc5, 0xdf, 0xc5, 0xdf, 0xc5, 0xbf, 0xbd, 0xff, 0xc5, 0xbf, 0xde, 0xbf, 0xde,
    0x7f, 0xd6, 0x9f, 0xbd, 0x9f, 0xbd, 0x9f, 0xbd, 0x9f, 0xbd, 0x9f, 0xbd, 0x9e, 0xbd, 0x9e, 0xbd, 0x7e, 0xbd, 0x7e,
    0xbd, 0x7e, 0xbd, 0x7e, 0xb5, 0x5e, 0xb5, 0x5e, 0xb5, 0x5e, 0xb5, 0xbe, 0xc5, 0x5f, 0xce, 0xdf, 0xde, 0xdf, 0xde,
    0xbf, 0xde, 0x1f, 0xe7, 0xdf, 0xde, 0x74, 0x94, 0x06, 0x21, 0x01, 0x00, 0x84, 0x10, 0x21, 0x00, 0x54, 0x8c, 0x9e,
    0xd6, 0x3c, 0xce, 0x5d, 0xce, 0x5d, 0xce, 0x5d, 0xce, 0x3d, 0xce, 0x3d, 0xce, 0xbf, 0xde, 0x9a, 0xb5, 0x46, 0x29,
    0x00, 0x00, 0x21, 0x00, 0x00, 0x00, 0x00, 0x00, 0x00, 0x00, 0x00, 0x00, 0x20, 0x00, 0x00, 0x00, 0x90, 0x73, 0x17,
    0xa5, 0xb6, 0x9c, 0xd6, 0x9c, 0xd6, 0x9c, 0xd6, 0x9c, 0xd6, 0x9c, 0xc3, 0x18, 0x00, 0x00, 0x00, 0x00, 0x00, 0x00,
    0x00, 0x00, 0x00, 0x00, 0x00, 0x00, 0xc4, 0x18, 0x70, 0x73, 0x4f, 0x6b, 0x4f, 0x6b, 0x4f, 0x6b, 0x4f, 0x6b, 0x4f,
    0x6b, 0x82, 0x10, 0x00, 0x00, 0x00, 0x00, 0x00, 0x00, 0x00, 0x00, 0x00, 0x00, 0x00, 0x00, 0x00, 0x00, 0x00, 0x00,
    0x00, 0x00, 0x00, 0x00, 0x00, 0x00, 0x00, 0x00, 0x00, 0x00, 0x00, 0x00, 0x00, 0x00, 0x00, 0x00, 0x00, 0x00, 0x00,
    0x00, 0x00, 0x00, 0x00, 0x00, 0x00, 0x00, 0x00, 0x00, 0x00, 0x00, 0x00, 0x00, 0x00, 0x00, 0x00, 0x00, 0x00, 0x00,
    0x00, 0x00, 0x00, 0x00, 0x00, 0x00, 0x00, 0x00, 0x00, 0x00, 0x00, 0x00, 0x00, 0x00, 0x00, 0x00, 0x00, 0x00, 0x00,
    0x00, 0x00, 0x00, 0x00, 0x00, 0x00, 0x00, 0x00, 0x00, 0x00, 0x00, 0x00, 0x00, 0x00, 0x00, 0x00, 0x00, 0x00, 0x00,
    0x00, 0x00, 0x00, 0x00, 0x00, 0x00, 0x00, 0x00, 0x00, 0x00, 0x00, 0x00, 0x00, 0x00, 0x00, 0x00, 0x00, 0x00, 0x00,
    0x00, 0x00, 0x00, 0x00, 0x00, 0x00, 0x00, 0x00, 0x00, 0x00, 0x00, 0x00, 0x00, 0x00, 0x00, 0x00, 0x00, 0x00, 0x00,
    0x00, 0x00, 0x00, 0x00, 0x00, 0x00, 0x00, 0x00, 0x00, 0x00, 0x00, 0x00, 0x00, 0x00, 0x00, 0x00, 0x00, 0x00, 0x00,
    0x00, 0x00, 0x00, 0x00, 0x00, 0x00, 0x00, 0x00, 0x00, 0x00, 0x00, 0x00, 0x00, 0x00, 0x00, 0x00, 0x00, 0x00, 0x00,
    0x00, 0x00, 0x00, 0x00, 0x00, 0x00, 0x00, 0x00, 0x00, 0x00, 0x00, 0x00, 0x20, 0x00, 0x21, 0x00, 0x21, 0x00, 0x21,
    0x00, 0x21, 0x00, 0x21, 0x08, 0x41, 0x08, 0x42, 0x08, 0x42, 0x08, 0x42, 0x08, 0x62, 0x08, 0x62, 0x08, 0x83, 0x10,
    0x83, 0x10, 0x01, 0x00, 0xc9, 0x39, 0xf9, 0xc5, 0xbf, 0xff, 0x3f, 0xef, 0x1f, 0xe7, 0x3f, 0xef, 0xdf, 0xe6, 0x5f,
    0xd6, 0xff, 0xcd, 0xff, 0xc5, 0xff, 0xcd, 0xff, 0xcd, 0xff, 0xc5, 0xff, 0xc5, 0xff, 0xc5, 0xff, 0xc5, 0xdf, 0xc5,
    0xdf, 0xc5, 0xdf, 0xc5, 0xdf, 0xc5, 0xdf, 0xc5, 0xdf, 0xc5, 0xdf, 0xc5, 0xbf, 0xbd, 0xff, 0xc5, 0xbf, 0xde, 0xbf,
    0xde, 0x7f, 0xd6, 0x9f, 0xbd, 0x9f, 0xbd, 0x9f, 0xbd, 0x9f, 0xbd, 0x9e, 0xbd, 0x9e, 0xbd, 0x7e, 0xbd, 0x7e, 0xbd,
    0x7e, 0xbd, 0x7e, 0xb5, 0x7e, 0xb5, 0x7e, 0xb5, 0x7e, 0xb5, 0x5e, 0xb5, 0x3e, 0xb5, 0x3e, 0xb5, 0x9e, 0xbd, 0x3f,
    0xce, 0xbf, 0xde, 0xdf, 0xde, 0xbf, 0xde, 0x3f, 0xef, 0x5c, 0xce, 0xad, 0x52, 0x22, 0x00, 0x42, 0x08, 0x79, 0xb5,
    0xff, 0xe6, 0x7e, 0xd6, 0x3d, 0xce, 0x3d, 0xce, 0x5d, 0xce, 0x5d, 0xce, 0x5d, 0xce, 0x3c, 0xce, 0x9e, 0xd6, 0x1c,
    0xc6, 0x46, 0x29, 0x00, 0x00, 0x21, 0x00, 0x00, 0x00, 0x00, 0x00, 0x00, 0x00, 0x20, 0x00, 0x00, 0x00, 0xc3, 0x18,
    0xd6, 0x9c, 0xd6, 0x9c, 0xd6, 0x9c, 0xd6, 0x9c, 0xb6, 0x9c, 0x18, 0xad, 0x8c, 0x52, 0x00, 0x00, 0x00, 0x00, 0x00,
    0x00, 0x00, 0x00, 0x00, 0x00, 0x00, 0x00, 0x00, 0x00, 0xcd, 0x5a, 0x70, 0x73, 0x4f, 0x6b, 0x4f, 0x6b, 0x4f, 0x6b,
    0x90, 0x73, 0x46, 0x29, 0x00, 0x00, 0x00, 0x00, 0x00, 0x00, 0x00, 0x00, 0x00, 0x00, 0x00, 0x00, 0x00, 0x00, 0x00,
    0x00, 0x00, 0x00, 0x00, 0x00, 0x00, 0x00, 0x00, 0x00, 0x00, 0x00, 0x00, 0x00, 0x00, 0x00, 0x00, 0x00, 0x00, 0x00,
    0x00, 0x00, 0x00, 0x00, 0x00, 0x00, 0x00, 0x00, 0x00, 0x00, 0x00, 0x00, 0x00, 0x00, 0x00, 0x00, 0x00, 0x00, 0x00,
    0x00, 0x00, 0x00, 0x00, 0x00, 0x00, 0x00, 0x00, 0x00, 0x00, 0x00, 0x00, 0x00, 0x00, 0x00, 0x00, 0x00, 0x00, 0x00,
    0x00, 0x00, 0x00, 0x00, 0x00, 0x00, 0x00, 0x00, 0x00, 0x00, 0x00, 0x00, 0x00, 0x00, 0x00, 0x00, 0x00, 0x00, 0x00,
    0x00, 0x00, 0x00, 0x00, 0x00, 0x00, 0x00, 0x00, 0x00, 0x00, 0x00, 0x00, 0x00, 0x00, 0x00, 0x00, 0x00, 0x00, 0x00,
    0x00, 0x00, 0x00, 0x00, 0x00, 0x00, 0x00, 0x00, 0x00, 0x00, 0x00, 0x00, 0x00, 0x00, 0x00, 0x00, 0x00, 0x00, 0x00,
    0x00, 0x00, 0x00, 0x00, 0x00, 0x00, 0x00, 0x00, 0x00, 0x00, 0x00, 0x00, 0x00, 0x00, 0x00, 0x00, 0x00, 0x00, 0x00,
    0x00, 0x00, 0x00, 0x00, 0x00, 0x00, 0x00, 0x00, 0x00, 0x00, 0x00, 0x00, 0x00, 0x00, 0x00, 0x00, 0x00, 0x00, 0x00,
    0x00, 0x00, 0x00, 0x00, 0x00, 0x00, 0x00, 0x00, 0x00, 0x00, 0x00, 0x20, 0x00, 0x21, 0x00, 0x21, 0x00, 0x21, 0x00,
    0x21, 0x00, 0x21, 0x08, 0x41, 0x08, 0x42, 0x08, 0x42, 0x08, 0x42, 0x08, 0x62, 0x08, 0x62, 0x08, 0x83, 0x10, 0x42,
    0x08, 0x42, 0x08, 0xd1, 0x7b, 0x5f, 0xef, 0x7f, 0xf7, 0x1f, 0xe7, 0x3f, 0xef, 0xff, 0xe6, 0x5f, 0xd6, 0xff, 0xcd,
    0xff, 0xc5, 0x1f, 0xce, 0x1f, 0xce, 0xff, 0xc5, 0xff, 0xc5, 0xff, 0xc5, 0xff, 0xc5, 0xff, 0xc5, 0xdf, 0xc5, 0xdf,
    0xc5, 0xdf, 0xc5, 0xdf, 0xc5, 0xdf, 0xc5, 0xdf, 0xc5, 0xbf, 0xc5, 0xbf, 0xc5, 0xbf, 0xbd, 0xff, 0xc5, 0xbf, 0xde,
    0xbf, 0xde, 0x7f, 0xd6, 0x9f, 0xbd, 0x9f, 0xbd, 0x9f, 0xbd, 0x9e, 0xbd, 0x9e, 0xbd, 0x7e, 0xbd, 0x7e, 0xbd, 0x7e,
    0xbd, 0x7e, 0xb5, 0x7e, 0xb5, 0x7e, 0xb5, 0x5e, 0xb5, 0x5e, 0xb5, 0x5e, 0xb5, 0x5e, 0xb5, 0x5e, 0xb5, 0x3e, 0xb5,
    0x3e, 0xad, 0x7e, 0xbd, 0x3f, 0xce, 0xbf, 0xde, 0xbe, 0xde, 0xdf, 0xde, 0x1f, 0xe7, 0x95, 0x94, 0xe5, 0x20, 0x88,
    0x31, 0x2f, 0x6b, 0xf7, 0xa4, 0x7e, 0xd6, 0x9f, 0xde, 0x3d, 0xce, 0x5d, 0xce, 0x5d, 0xce, 0x5d, 0xce, 0x3d, 0xce,
    0x7e, 0xd6, 0xdb, 0xc5, 0xa3, 0x10, 0x00, 0x00, 0x21, 0x00, 0x00, 0x00, 0x00, 0x00, 0x00, 0x00, 0x20, 0x00, 0x00,
    0x00, 0x0e, 0x63, 0x18, 0xad, 0xb6, 0x9c, 0xd6, 0x9c, 0xd6, 0x9c, 0xd6, 0xa4, 0x74, 0x94, 0x61, 0x08, 0x00, 0x00,
    0x00, 0x00, 0x00, 0x00, 0x00, 0x00, 0x00, 0x00, 0x00, 0x00, 0xc8, 0x39, 0x90, 0x73, 0x4f, 0x6b, 0x4f, 0x6b, 0x4f,
    0x6b, 0x90, 0x73, 0x4a, 0x4a, 0x00, 0x00, 0x00, 0x00, 0x00, 0x00, 0x00, 0x00, 0x00, 0x00, 0x00, 0x00, 0x00, 0x00,
    0x00, 0x00, 0x00, 0x00, 0x00, 0x00, 0x00, 0x00, 0x00, 0x00, 0x00, 0x00, 0x00, 0x00, 0x00, 0x00, 0x00, 0x00, 0x00,
    0x00, 0x00, 0x00, 0x00, 0x00, 0x00, 0x00, 0x00, 0x00, 0x00, 0x00, 0x00, 0x00, 0x00, 0x00, 0x00, 0x00, 0x00, 0x00,
    0x00, 0x00, 0x00, 0x00, 0x00, 0x00, 0x00, 0x00, 0x00, 0x00, 0x00, 0x00, 0x00, 0x00, 0x00, 0x00, 0x00, 0x00, 0x00,
    0x00, 0x00, 0x00, 0x00, 0x00, 0x00, 0x00, 0x00, 0x00, 0x00, 0x00, 0x00, 0x00, 0x00, 0x00, 0x00, 0x00, 0x00, 0x00,
    0x00, 0x00, 0x00, 0x00, 0x00, 0x00, 0x00, 0x00, 0x00, 0x00, 0x00, 0x00, 0x00, 0x00, 0x00, 0x00, 0x00, 0x00, 0x00,
    0x00, 0x00, 0x00, 0x00, 0x00, 0x00, 0x00, 0x00, 0x00, 0x00, 0x00, 0x00, 0x00, 0x00, 0x00, 0x00, 0x00, 0x00, 0x00,
    0x00, 0x00, 0x00, 0x00, 0x00, 0x00, 0x00, 0x00, 0x00, 0x00, 0x00, 0x00, 0x00, 0x00, 0x00, 0x00, 0x00, 0x00, 0x00,
    0x00, 0x00, 0x00, 0x00, 0x00, 0x00, 0x00, 0x00, 0x00, 0x00, 0x00, 0x00, 0x00, 0x00, 0x00, 0x00, 0x00, 0x00, 0x00,
    0x00, 0x00, 0x00, 0x00, 0x00, 0x00, 0x00, 0x00, 0x00, 0x00, 0x20, 0x00, 0x21, 0x00, 0x21, 0x00, 0x21, 0x00, 0x21,
    0x00, 0x21, 0x08, 0x41, 0x08, 0x42, 0x08, 0x42, 0x08, 0x42, 0x08, 0x62, 0x08, 0x63, 0x08, 0x83, 0x10, 0x22, 0x00,
    0x06, 0x21, 0x78, 0xb5, 0xbf, 0xff, 0x3f, 0xef, 0x1f, 0xe7, 0x1f, 0xe7, 0x7f, 0xd6, 0x1f, 0xce, 0xff, 0xcd, 0x1f,
    0xce, 0x1f, 0xce, 0xff, 0xcd, 0xff, 0xc5, 0xff, 0xc5, 0xff, 0xc5, 0xff, 0xc5, 0xff, 0xc5, 0xdf, 0xc5, 0xdf, 0xc5,
    0xdf, 0xc5, 0xdf, 0xc5, 0xdf, 0xc5, 0xdf, 0xc5, 0xbf, 0xc5, 0xbf, 0xc5, 0xbf, 0xc5, 0x9f, 0xbd, 0xff, 0xc5, 0xbf,
    0xde, 0xbf, 0xde, 0x5f, 0xd6, 0x9f, 0xbd, 0x9f, 0xbd, 0x9e, 0xbd, 0x9e, 0xbd, 0x7e, 0xbd, 0x7e, 0xbd, 0x7e, 0xbd,
    0x7e, 0xb5, 0x7e, 0xb5, 0x7e, 0xb5, 0x5e, 0xb5, 0x5e, 0xb5, 0x5e, 0xb5, 0x5e, 0xb5, 0x5e, 0xb5, 0x5e, 0xb5, 0x5e,
    0xb5, 0x3e, 0xb5, 0x3e, 0xad, 0x1e, 0xad, 0x9e, 0xbd, 0x7f, 0xd6, 0xdf, 0xde, 0x9e, 0xd6, 0x1f, 0xef, 0xfb, 0xc5,
    0x88, 0x31, 0x00, 0x00, 0x42, 0x08, 0xe9, 0x41, 0xd7, 0x9c, 0xbf, 0xde, 0x3d, 0xce, 0x3d, 0xce, 0x5d, 0xce, 0x5d,
    0xce, 0x3c, 0xce, 0x9f, 0xde, 0x96, 0x9c, 0x00, 0x00, 0x21, 0x00, 0x00, 0x00, 0x00, 0x00, 0x00, 0x00, 0x20, 0x00,
    0x00, 0x00, 0xc3, 0x18, 0xd6, 0x9c, 0xd6, 0x9c, 0xd6, 0x9c, 0xd6, 0x9c, 0xb6, 0x9c, 0x18, 0xad, 0xc8, 0x39, 0x00,
    0x00, 0x00, 0x00, 0x00, 0x00, 0x00, 0x00, 0x00, 0x00, 0x00, 0x00, 0xc3, 0x18, 0x70, 0x73, 0x4f, 0x6b, 0x4f, 0x6b,
    0x4f, 0x6b, 0x70, 0x73, 0xed, 0x62, 0x20, 0x00, 0x00, 0x00, 0x00, 0x00, 0x00, 0x00, 0x00, 0x00, 0x00, 0x00, 0x00,
    0x00, 0x00, 0x00, 0x00, 0x00, 0x00, 0x00, 0x00, 0x00, 0x00, 0x00, 0x00, 0x00, 0x00, 0x00, 0x00, 0x00, 0x00, 0x00,
    0x00, 0x00, 0x00, 0x00, 0x00, 0x00, 0x00, 0x00, 0x00, 0x00, 0x00, 0x00, 0x00, 0x00, 0x00, 0x00, 0x00, 0x00, 0x00,
    0x00, 0x00, 0x00, 0x00, 0x00, 0x00, 0x00, 0x00, 0x00, 0x00, 0x00, 0x00, 0x00, 0x00, 0x00, 0x00, 0x00, 0x00, 0x00,
    0x00, 0x00, 0x00, 0x00, 0x00, 0x00, 0x00, 0x00, 0x00, 0x00, 0x00, 0x00, 0x00, 0x00, 0x00, 0x00, 0x00, 0x00, 0x00,
    0x00, 0x00, 0x00, 0x00, 0x00, 0x00, 0x00, 0x00, 0x00, 0x00, 0x00, 0x00, 0x00, 0x00, 0x00, 0x00, 0x00, 0x00, 0x00,
    0x00, 0x00, 0x00, 0x00, 0x00, 0x00, 0x00, 0x00, 0x00, 0x00, 0x00, 0x00, 0x00, 0x00, 0x00, 0x00, 0x00, 0x00, 0x00,
    0x00, 0x00, 0x00, 0x00, 0x00, 0x00, 0x00, 0x00, 0x00, 0x00, 0x00, 0x00, 0x00, 0x00, 0x00, 0x00, 0x00, 0x00, 0x00,
    0x00, 0x00, 0x00, 0x00, 0x00, 0x00, 0x00, 0x00, 0x00, 0x00, 0x00, 0x00, 0x00, 0x00, 0x00, 0x00, 0x00, 0x00, 0x00,
    0x00, 0x00, 0x00, 0x00, 0x00, 0x00, 0x00, 0x00, 0x00, 0x20, 0x00, 0x21, 0x00, 0x21, 0x00, 0x21, 0x00, 0x21, 0x00,
    0x21, 0x08, 0x41, 0x08, 0x42, 0x08, 0x42, 0x08, 0x42, 0x08, 0x62, 0x08, 0x63, 0x08, 0x83, 0x10, 0x01, 0x00, 0xc9,
    0x39, 0xdd, 0xde, 0x9f, 0xf7, 0x1f, 0xe7, 0x3f, 0xef, 0xdf, 0xde, 0x3f, 0xce, 0xff, 0xcd, 0x1f, 0xce, 0x1f, 0xce,
    0x1f, 0xce, 0xff, 0xcd, 0xff, 0xc5, 0xff, 0xc5, 0xff, 0xc5, 0xff, 0xc5, 0xff, 0xc5, 0xdf, 0xc5, 0xdf, 0xc5, 0xdf,
    0xc5, 0xdf, 0xc5, 0xdf, 0xc5, 0xdf, 0xc5, 0xbf, 0xc5, 0xbf, 0xc5, 0xbf, 0xbd, 0xbf, 0xbd, 0x9f, 0xbd, 0xff, 0xc5,
    0xbf, 0xde, 0xbf, 0xde, 0x5f, 0xd6, 0x9e, 0xbd, 0x9e, 0xbd, 0x9e, 0xbd, 0x7e, 0xbd, 0x7e, 0xbd, 0x7e, 0xbd, 0x7e,
    0xb5, 0x7e, 0xb5, 0x7e, 0xb5, 0x5e, 0xb5, 0x5e, 0xb5, 0x5e, 0xb5, 0x5e, 0xb5, 0x5e, 0xb5, 0x5e, 0xb5, 0x3e, 0xb5,
    0x3e, 0xb5, 0x3e, 0xb5, 0x3e, 0xb5, 0x3e, 0xb5, 0x1e, 0xad, 0x1e, 0xad, 0xfe, 0xc5, 0xbf, 0xde, 0x9e, 0xd6, 0xdf,
    0xe6, 0xff, 0xe6, 0x0e, 0x63, 0x01, 0x00, 0x22, 0x08, 0x22, 0x08, 0x50, 0x6b, 0x7e, 0xd6, 0x5d, 0xce, 0x3d, 0xce,
    0x5d, 0xce, 0x5d, 0xce, 0x3c, 0xce, 0xbf, 0xde, 0x0e, 0x63, 0x00, 0x00, 0x21, 0x00, 0x00, 0x00, 0x00, 0x00, 0x00,
    0x00, 0x20, 0x00, 0x00, 0x00, 0x0e, 0x63, 0x18, 0xa5, 0xb6, 0x9c, 0xd6, 0x9c, 0xb6, 0x9c, 0x17, 0xa5, 0x4f, 0x6b,
    0x00, 0x00, 0x00, 0x00, 0x00, 0x00, 0x00, 0x00, 0x00, 0x00, 0x00, 0x00, 0x41, 0x08, 0x0e, 0x63, 0x6f, 0x6b, 0x4f,
    0x6b, 0x4f, 0x6b, 0x4f, 0x6b, 0x4f, 0x6b, 0x82, 0x10, 0x00, 0x00, 0x00, 0x00, 0x00, 0x00, 0x00, 0x00, 0x00, 0x00,
    0x00, 0x00, 0x00, 0x00, 0x00, 0x00, 0x00, 0x00, 0x00, 0x00, 0x00, 0x00, 0x00, 0x00, 0x00, 0x00, 0x00, 0x00, 0x00,
    0x00, 0x00, 0x00, 0x00, 0x00, 0x00, 0x00, 0x00, 0x00, 0x00, 0x00, 0x00, 0x00, 0x00, 0x00, 0x00, 0x00, 0x00, 0x00,
    0x00, 0x00, 0x00, 0x00, 0x00, 0x00, 0x00, 0x00, 0x00, 0x00, 0x00, 0x00, 0x00, 0x00, 0x00, 0x00, 0x00, 0x00, 0x00,
    0x00, 0x00, 0x00, 0x00, 0x00, 0x00, 0x00, 0x00, 0x00, 0x00, 0x00, 0x00, 0x00, 0x00, 0x00, 0x00, 0x00, 0x00, 0x00,
    0x00, 0x00, 0x00, 0x00, 0x00, 0x00, 0x00, 0x00, 0x00, 0x00, 0x00, 0x00, 0x00, 0x00, 0x00, 0x00, 0x00, 0x00, 0x00,
    0x00, 0x00, 0x00, 0x00, 0x00, 0x00, 0x00, 0x00, 0x00, 0x00, 0x00, 0x00, 0x00, 0x00, 0x00, 0x00, 0x00, 0x00, 0x00,
    0x00, 0x00, 0x00, 0x00, 0x00, 0x00, 0x00, 0x00, 0x00, 0x00, 0x00, 0x00, 0x00, 0x00, 0x00, 0x00, 0x00, 0x00, 0x00,
    0x00, 0x00, 0x00, 0x00, 0x00, 0x00, 0x00, 0x00, 0x00, 0x00, 0x00, 0x00, 0x00, 0x00, 0x00, 0x00, 0x00, 0x00, 0x00,
    0x00, 0x00, 0x00, 0x00, 0x00, 0x00, 0x00, 0x00, 0x20, 0x00, 0x21, 0x00, 0x21, 0x00, 0x21, 0x00, 0x21, 0x00, 0x21,
    0x08, 0x41, 0x08, 0x42, 0x08, 0x42, 0x08, 0x42, 0x08, 0x62, 0x08, 0x63, 0x08, 0x83, 0x10, 0x01, 0x00, 0xee, 0x62,
    0x3e, 0xe7, 0x5f, 0xef, 0x1f, 0xe7, 0x3f, 0xef, 0x9f, 0xde, 0x1f, 0xce, 0x1f, 0xce, 0x1f, 0xce, 0x1f, 0xce, 0x1f,
    0xce, 0xff, 0xcd, 0xff, 0xc5, 0xff, 0xc5, 0xff, 0xc5, 0xff, 0xc5, 0xff, 0xc5, 0xdf, 0xc5, 0xdf, 0xc5, 0xdf, 0xc5,
    0xdf, 0xc5, 0xdf, 0xc5, 0xdf, 0xc5, 0xbf, 0xc5, 0xbf, 0xc5, 0xbf, 0xbd, 0xbf, 0xbd, 0xbf, 0xbd, 0x9f, 0xbd, 0xff,
    0xc5, 0xbf, 0xde, 0xbf, 0xde, 0x5f, 0xd6, 0x7e, 0xbd, 0x9e, 0xbd, 0x7e, 0xbd, 0x7e, 0xbd, 0x7e, 0xbd, 0x7e, 0xb5,
    0x7e, 0xb5, 0x7e, 0xb5, 0x5e, 0xb5, 0x5e, 0xb5, 0x5e, 0xb5, 0x5e, 0xb5, 0x5e, 0xb5, 0x5e, 0xb5, 0x3e, 0xb5, 0x3e,
    0xb5, 0x3e, 0xb5, 0x3e, 0xb5, 0x3e, 0xb5, 0x3e, 0xad, 0x3e, 0xad, 0x1e, 0xad, 0xfe, 0xac, 0x7e, 0xbd, 0x9f, 0xd6,
    0xbe, 0xde, 0xbf, 0xde, 0xff, 0xe6, 0xf3, 0x83, 0x42, 0x08, 0x83, 0x10, 0x00, 0x00, 0xad, 0x5a, 0x9e, 0xd6, 0x3d,
    0xce, 0x5d, 0xce, 0x5d, 0xce, 0x3d, 0xce, 0x5e, 0xd6, 0xfb, 0xc5, 0x83, 0x10, 0x00, 0x00, 0x21, 0x00, 0x00, 0x00,
    0x00, 0x00, 0x20, 0x00, 0x00, 0x00, 0x66, 0x29, 0x17, 0xa5, 0xb6, 0x9c, 0xd6, 0x9c, 0xd6, 0x9c, 0xd6, 0x9c, 0x95,
    0x94, 0x62, 0x08, 0x00, 0x00, 0x00, 0x00, 0x00, 0x00, 0x00, 0x00, 0x00, 0x00, 0x00, 0x00, 0x6b, 0x52, 0x70, 0x73,
    0x4f, 0x6b, 0x4f, 0x6b, 0x70, 0x73, 0xd1, 0x7b, 0x66, 0x29, 0x00, 0x00, 0x00, 0x00, 0x00, 0x00, 0x00, 0x00, 0x00,
    0x00, 0x00, 0x00, 0x00, 0x00, 0x00, 0x00, 0x00, 0x00, 0x00, 0x00, 0x00, 0x00, 0x00, 0x00, 0x00, 0x00, 0x00, 0x00,
    0x00, 0x00, 0x00, 0x00, 0x00, 0x00, 0x00, 0x00, 0x00, 0x00, 0x00, 0x00, 0x00, 0x00, 0x00, 0x00, 0x00, 0x00, 0x00,
    0x00, 0x00, 0x00, 0x00, 0x00, 0x00, 0x00, 0x00, 0x00, 0x00, 0x00, 0x00, 0x00, 0x00, 0x00, 0x00, 0x00, 0x00, 0x00,
    0x00, 0x00, 0x00, 0x00, 0x00, 0x00, 0x00, 0x00, 0x00, 0x00, 0x00, 0x00, 0x00, 0x00, 0x00, 0x00, 0x00, 0x00, 0x00,
    0x00, 0x00, 0x00, 0x00, 0x00, 0x00, 0x00, 0x00, 0x00, 0x00, 0x00, 0x00, 0x00, 0x00, 0x00, 0x00, 0x00, 0x00, 0x00,
    0x00, 0x00, 0x00, 0x00, 0x00, 0x00, 0x00, 0x00, 0x00, 0x00, 0x00, 0x00, 0x00, 0x00, 0x00, 0x00, 0x00, 0x00, 0x00,
    0x00, 0x00, 0x00, 0x00, 0x00, 0x00, 0x00, 0x00, 0x00, 0x00, 0x00, 0x00, 0x00, 0x00, 0x00, 0x00, 0x00, 0x00, 0x00,
    0x00, 0x00, 0x00, 0x00, 0x00, 0x00, 0x00, 0x00, 0x00, 0x00, 0x00, 0x00, 0x00, 0x00, 0x00, 0x00, 0x00, 0x00, 0x00,
    0x00, 0x00, 0x00, 0x00, 0x00, 0x00, 0x00, 0x00, 0x00, 0x20, 0x00, 0x21, 0x00, 0x21, 0x00, 0x21, 0x00, 0x21, 0x08,
    0x41, 0x08, 0x42, 0x08, 0x42, 0x08, 0x42, 0x08, 0x62, 0x08, 0x63, 0x08, 0x83, 0x10, 0x01, 0x00, 0x0e, 0x63, 0x9f,
    0xf7, 0x3f, 0xef, 0x1f, 0xe7, 0x1f, 0xe7, 0x5f, 0xd6, 0x1f, 0xce, 0x1f, 0xce, 0x1f, 0xce, 0x1f, 0xce, 0x1f, 0xce,
    0xff, 0xcd, 0xff, 0xc5, 0xff, 0xc5, 0xff, 0xc5, 0xff, 0xc5, 0xff, 0xc5, 0xdf, 0xc5, 0xdf, 0xc5, 0xdf, 0xc5, 0xdf,
    0xc5, 0xdf, 0xc5, 0xdf, 0xc5, 0xbf, 0xc5, 0xbf, 0xc5, 0xbf, 0xbd, 0xbf, 0xbd, 0xbf, 0xbd, 0xbf, 0xbd, 0x9f, 0xbd,
    0xdf, 0xc5, 0xbf, 0xde, 0xbf, 0xde, 0x5f, 0xd6, 0x7e, 0xbd, 0x7e, 0xbd, 0x7e, 0xbd, 0x7e, 0xbd, 0x7e, 0xb5, 0x7e,
    0xb5, 0x7e, 0xb5, 0x5e, 0xb5, 0x5e, 0xb5, 0x5e, 0xb5, 0x5e, 0xb5, 0x5e, 0xb5, 0x5e, 0xb5, 0x3e, 0xb5, 0x3e, 0xb5,
    0x3e, 0xb5, 0x3e, 0xb5, 0x3e, 0xb5, 0x3e, 0xad, 0x1e, 0xad, 0x1e, 0xad, 0x1e, 0xad, 0x1e, 0xad, 0xfe, 0xac, 0x1e,
    0xad, 0x3e, 0xce, 0xbf, 0xde, 0x9e, 0xd6, 0x3f, 0xef, 0x34, 0x8c, 0x22, 0x08, 0x84, 0x10, 0x00, 0x00, 0xee, 0x62,
    0xbf, 0xde, 0x3d, 0xce, 0x5d, 0xce, 0x5d, 0xce, 0x3d, 0xce, 0xbf, 0xde, 0x2f, 0x6b, 0x00, 0x00, 0x21, 0x08, 0x00,
    0x00, 0x00, 0x00, 0x00, 0x00, 0x00, 0x00, 0x41, 0x08, 0x54, 0x8c, 0xf7, 0xa4, 0xd6, 0x9c, 0xd6, 0x9c, 0xb6, 0x9c,
    0x17, 0xa5, 0x87, 0x31, 0x00, 0x00, 0x00, 0x00, 0x00, 0x00, 0x00, 0x00, 0x00, 0x00, 0x00, 0x00, 0xc8, 0x39, 0xd1,
    0x7b, 0x70, 0x6b, 0x2e, 0x63, 0xac, 0x52, 0x6b, 0x4a, 0xe4, 0x18, 0x00, 0x00, 0x00, 0x00, 0x00, 0x00, 0x00, 0x00,
    0x00, 0x00, 0x00, 0x00, 0x00, 0x00, 0x00, 0x00, 0x00, 0x00, 0x00, 0x00, 0x00, 0x00, 0x00, 0x00, 0x00, 0x00, 0x00,
    0x00, 0x00, 0x00, 0x00, 0x00, 0x00, 0x00, 0x00, 0x00, 0x00, 0x00, 0x00, 0x00, 0x00, 0x00, 0x00, 0x00, 0x00, 0x00,
    0x00, 0x00, 0x00, 0x00, 0x00, 0x00, 0x00, 0x00, 0x00, 0x00, 0x00, 0x00, 0x00, 0x00, 0x00, 0x00, 0x00, 0x00, 0x00,
    0x00, 0x00, 0x00, 0x00, 0x00, 0x00, 0x00, 0x00, 0x00, 0x00, 0x00, 0x00, 0x00, 0x00, 0x00, 0x00, 0x00, 0x00, 0x00,
    0x00, 0x00, 0x00, 0x00, 0x00, 0x00, 0x00, 0x00, 0x00, 0x00, 0x00, 0x00, 0x00, 0x00, 0x00, 0x00, 0x00, 0x00, 0x00,
    0x00, 0x00, 0x00, 0x00, 0x00, 0x00, 0x00, 0x00, 0x00, 0x00, 0x00, 0x00, 0x00, 0x00, 0x00, 0x00, 0x00, 0x00, 0x00,
    0x00, 0x00, 0x00, 0x00, 0x00, 0x00, 0x00, 0x00, 0x00, 0x00, 0x00, 0x00, 0x00, 0x00, 0x00, 0x00, 0x00, 0x00, 0x00,
    0x00, 0x00, 0x00, 0x00, 0x00, 0x00, 0x00, 0x00, 0x00, 0x00, 0x00, 0x00, 0x00, 0x00, 0x00, 0x00, 0x00, 0x00, 0x00,
    0x00, 0x00, 0x00, 0x00, 0x00, 0x00, 0x00, 0x00, 0x20, 0x00, 0x21, 0x00, 0x21, 0x00, 0x21, 0x00, 0x21, 0x08, 0x41,
    0x08, 0x41, 0x08, 0x42, 0x08, 0x42, 0x08, 0x62, 0x08, 0x63, 0x08, 0x83, 0x10, 0x01, 0x00, 0x2e, 0x63, 0x9f, 0xf7,
    0x3f, 0xe7, 0x3f, 0xef, 0xff, 0xe6, 0x3f, 0xce, 0x1f, 0xce, 0x1f, 0xce, 0x1f, 0xce, 0x1f, 0xce, 0x1f, 0xce, 0xff,
    0xcd, 0xff, 0xc5, 0xff, 0xc5, 0xff, 0xc5, 0xff, 0xc5, 0xff, 0xc5, 0xdf, 0xc5, 0xdf, 0xc5, 0xdf, 0xc5, 0xdf, 0xc5,
    0xdf, 0xc5, 0xdf, 0xc5, 0xbf, 0xc5, 0xbf, 0xc5, 0xbf, 0xbd, 0xbf, 0xbd, 0xbf, 0xbd, 0xbf, 0xbd, 0xbf, 0xbd, 0x9f,
    0xbd, 0xdf, 0xc5, 0xbf, 0xde, 0xbf, 0xde, 0x5f, 0xd6, 0x7e, 0xbd, 0x7e, 0xbd, 0x7e, 0xbd, 0x7e, 0xb5, 0x7e, 0xb5,
    0x7e, 0xb5, 0x5e, 0xb5, 0x5e, 0xb5, 0x5e, 0xb5, 0x5e, 0xb5, 0x5e, 0xb5, 0x5e, 0xb5, 0x3e, 0xb5, 0x3e, 0xb5, 0x3e,
    0xb5, 0x3e, 0xb5, 0x3e, 0xb5, 0x3e, 0xad, 0x1e, 0xad, 0x1e, 0xad, 0x1e, 0xad, 0x1e, 0xad, 0x1e, 0xad, 0x1e, 0xad,
    0xfe, 0xac, 0xde, 0xac, 0xfe, 0xc5, 0xdf, 0xde, 0x7e, 0xd6, 0x1f, 0xe7, 0x54, 0x8c, 0x22, 0x08, 0x83, 0x10, 0x21,
    0x00, 0x55, 0x94, 0x9f, 0xde, 0x3d, 0xce, 0x5d, 0xce, 0x3d, 0xce, 0x5e, 0xd6, 0xdb, 0xc5, 0xa3, 0x10, 0x00, 0x00,
    0x21, 0x00, 0x00, 0x00, 0x00, 0x00, 0x20, 0x00, 0x00, 0x00, 0x0e, 0x63, 0x17, 0xa5, 0xb5, 0x9c, 0xb6, 0x9c, 0xb6,
    0x9c, 0x58, 0xad, 0xac, 0x5a, 0x00, 0x00, 0x00, 0x00, 0x00, 0x00, 0x00, 0x00, 0x00, 0x00, 0x00, 0x00, 0xa3, 0x10,
    0x66, 0x29, 0xc3, 0x18, 0x41, 0x08, 0x00, 0x00, 0x00, 0x00, 0x00, 0x00, 0x00, 0x00, 0x00, 0x00, 0x00, 0x00, 0x00,
    0x00, 0x00, 0x00, 0x00, 0x00, 0x00, 0x00, 0x00, 0x00, 0x00, 0x00, 0x00, 0x00, 0x00, 0x00, 0x00, 0x00, 0x00, 0x00,
    0x00, 0x00, 0x00, 0x00, 0x00, 0x00, 0x00, 0x00, 0x00, 0x00, 0x00, 0x00, 0x00, 0x00, 0x00, 0x00, 0x00, 0x00, 0x00,
    0x00, 0x00, 0x00, 0x00, 0x00, 0x00, 0x00, 0x00, 0x00, 0x00, 0x00, 0x00, 0x00, 0x00, 0x00, 0x00, 0x00, 0x00, 0x00,
    0x00, 0x00, 0x00, 0x00, 0x00, 0x00, 0x00, 0x00, 0x00, 0x00, 0x00, 0x00, 0x00, 0x00, 0x00, 0x00, 0x00, 0x00, 0x00,
    0x00, 0x00, 0x00, 0x00, 0x00, 0x00, 0x00, 0x00, 0x00, 0x00, 0x00, 0x00, 0x00, 0x00, 0x00, 0x00, 0x00, 0x00, 0x00,
    0x00, 0x00, 0x00, 0x00, 0x00, 0x00, 0x00, 0x00, 0x00, 0x00, 0x00, 0x00, 0x00, 0x00, 0x00, 0x00, 0x00, 0x00, 0x00,
    0x00, 0x00, 0x00, 0x00, 0x00, 0x00, 0x00, 0x00, 0x00, 0x00, 0x00, 0x00, 0x00, 0x00, 0x00, 0x00, 0x00, 0x00, 0x00,
    0x00, 0x00, 0x00, 0x00, 0x00, 0x00, 0x00, 0x00, 0x00, 0x00, 0x00, 0x00, 0x00, 0x00, 0x00, 0x00, 0x00, 0x00, 0x00,
    0x00, 0x00, 0x00, 0x00, 0x00, 0x00, 0x00, 0x20, 0x00, 0x21, 0x00, 0x21, 0x00, 0x21, 0x00, 0x21, 0x00, 0x21, 0x08,
    0x41, 0x08, 0x42, 0x08, 0x42, 0x08, 0x62, 0x08, 0x63, 0x08, 0x83, 0x10, 0x01, 0x00, 0x0e, 0x63, 0x9f, 0xf7, 0x3f,
    0xe7, 0x3f, 0xef, 0xdf, 0xde, 0x3f, 0xce, 0x1f, 0xce, 0x1f, 0xce, 0x1f, 0xce, 0x1f, 0xce, 0x1f, 0xce, 0xff, 0xcd,
    0xff, 0xc5, 0xff, 0xc5, 0xff, 0xc5, 0xff, 0xc5, 0xff, 0xc5, 0xdf, 0xc5, 0xdf, 0xc5, 0xdf, 0xc5, 0xdf, 0xc5, 0xdf,
    0xc5, 0xdf, 0xc5, 0xbf, 0xc5, 0xbf, 0xc5, 0xbf, 0xbd, 0xbf, 0xbd, 0xbf, 0xbd, 0xbf, 0xbd, 0x9f, 0xbd, 0x9f, 0xbd,
    0x9f, 0xbd, 0xdf, 0xc5, 0xbf, 0xde, 0xbf, 0xde, 0x5f, 0xd6, 0x7e, 0xbd, 0x7e, 0xbd, 0x7e, 0xb5, 0x7e, 0xb5, 0x7e,
    0xb5, 0x5e, 0xb5, 0x5e, 0xb5, 0x5e, 0xb5, 0x5e, 0xb5, 0x5e, 0xb5, 0x5e, 0xb5, 0x3e, 0xb5, 0x3e, 0xb5, 0x3e, 0xb5,
    0x3e, 0xb5, 0x3e, 0xb5, 0x3e, 0xad, 0x1e, 0xad, 0x1e, 0xad, 0x1e, 0xad, 0x1e, 0xad, 0x1e, 0xad, 0x1e, 0xad, 0xfe,
    0xac, 0xfe, 0xac, 0xfe, 0xac, 0xde, 0xa4, 0xde, 0xc5, 0xbf, 0xde, 0x7e, 0xd6, 0x1f, 0xe7, 0x34, 0x8c, 0x42, 0x08,
    0x42, 0x08, 0x46, 0x29, 0x5d, 0xce, 0x5d, 0xce, 0x5d, 0xce, 0x5d, 0xce, 0x3d, 0xce, 0xbf, 0xde, 0x6b, 0x52, 0x00,
    0x00, 0x21, 0x08, 0x20, 0x00, 0x00, 0x00, 0x21, 0x00, 0x00, 0x00, 0xc8, 0x39, 0x59, 0xb5, 0x18, 0xa5, 0x18, 0xa5,
    0xb6, 0x9c, 0x95, 0x94, 0xac, 0x52, 0x00, 0x00, 0x00, 0x00, 0x00, 0x00, 0x00, 0x00, 0x00, 0x00, 0x00, 0x00, 0x00,
    0x00, 0x00, 0x00, 0x00, 0x00, 0x00, 0x00, 0x00, 0x00, 0x00, 0x00, 0x00, 0x00, 0x00, 0x00, 0x00, 0x00, 0x00, 0x00,
    0x00, 0x00, 0x00, 0x00, 0x00, 0x00, 0x00, 0x00, 0x00, 0x00, 0x00, 0x00, 0x00, 0x00, 0x00, 0x00, 0x00, 0x00, 0x00,
    0x00, 0x00, 0x00, 0x00, 0x00, 0x00, 0x00, 0x00, 0x00, 0x00, 0x00, 0x00, 0x00, 0x00, 0x00, 0x00, 0x00, 0x00, 0x00,
    0x00, 0x00, 0x00, 0x00, 0x00, 0x00, 0x00, 0x00, 0x00, 0x00, 0x00, 0x00, 0x00, 0x00, 0x00, 0x00, 0x00, 0x00, 0x00,
    0x00, 0x00, 0x00, 0x00, 0x00, 0x00, 0x00, 0x00, 0x00, 0x00, 0x00, 0x00, 0x00, 0x00, 0x00, 0x00, 0x00, 0x00, 0x00,
    0x00, 0x00, 0x00, 0x00, 0x00, 0x00, 0x00, 0x00, 0x00, 0x00, 0x00, 0x00, 0x00, 0x00, 0x00, 0x00, 0x00, 0x00, 0x00,
    0x00, 0x00, 0x00, 0x00, 0x00, 0x00, 0x00, 0x00, 0x00, 0x00, 0x00, 0x00, 0x00, 0x00, 0x00, 0x00, 0x00, 0x00, 0x00,
    0x00, 0x00, 0x00, 0x00, 0x00, 0x00, 0x00, 0x00, 0x00, 0x00, 0x00, 0x00, 0x00, 0x00, 0x00, 0x00, 0x00, 0x00, 0x00,
    0x00, 0x00, 0x00, 0x00, 0x00, 0x00, 0x00, 0x00, 0x00, 0x00, 0x00, 0x00, 0x00, 0x00, 0x00, 0x00, 0x00, 0x00, 0x00,
    0x00, 0x00, 0x00, 0x00, 0x00, 0x00, 0x00, 0x00, 0x20, 0x00, 0x21, 0x00, 0x21, 0x00, 0x21, 0x00, 0x21, 0x08, 0x41,
    0x08, 0x42, 0x08, 0x42, 0x08, 0x62, 0x08, 0x62, 0x08, 0x83, 0x10, 0x01, 0x00, 0xee, 0x62, 0x9f, 0xf7, 0x3f, 0xe7,
    0x3f, 0xef, 0xdf, 0xde, 0x1f, 0xce, 0x1f, 0xce, 0x1f, 0xce, 0x1f, 0xce, 0x1f, 0xce, 0x1f, 0xce, 0xff, 0xcd, 0xff,
    0xc5, 0xff, 0xc5, 0xff, 0xc5, 0xff, 0xc5, 0xff, 0xc5, 0xdf, 0xc5, 0xdf, 0xc5, 0xdf, 0xc5, 0xdf, 0xc5, 0xdf, 0xc5,
    0xdf, 0xc5, 0xbf, 0xc5, 0xbf, 0xc5, 0xbf, 0xbd, 0xbf, 0xbd, 0xbf, 0xbd, 0xbf, 0xbd, 0x9f, 0xbd, 0x9f, 0xbd, 0x9f,
    0xbd, 0x7e, 0xbd, 0xdf, 0xc5, 0x9f, 0xde, 0xbf, 0xde, 0x5f, 0xce, 0x7e, 0xb5, 0x7e, 0xbd, 0x7e, 0xb5, 0x7e, 0xb5,
    0x5e, 0xb5, 0x5e, 0xb5, 0x5e, 0xb5, 0x5e, 0xb5, 0x5e, 0xb5, 0x5e, 0xb5, 0x3e, 0xb5, 0x3e, 0xb5, 0x3e, 0xb5, 0x3e,
    0xb5, 0x3e, 0xb5, 0x3e, 0xad, 0x1e, 0xad, 0x1e, 0xad, 0x1e, 0xad, 0x1e, 0xad, 0x1e, 0xad, 0x1e, 0xad, 0xfe, 0xac,
    0xfe, 0xac, 0xfe, 0xac, 0xfe, 0xac, 0xfe, 0xac, 0xbd, 0xa4, 0x9e, 0xbd, 0xbf, 0xde, 0x7e, 0xd6, 0x1f, 0xe7, 0x34,
    0x84, 0x22, 0x08, 0x21, 0x00, 0x34, 0x8c, 0xbf, 0xde, 0x1c, 0xce, 0x3d, 0xce, 0x1c, 0xce, 0x9f, 0xde, 0x13, 0x84,
    0x00, 0x00, 0x41, 0x08, 0x20, 0x00, 0x00, 0x00, 0x20, 0x00, 0x00, 0x00, 0xe4, 0x20, 0x70, 0x73, 0x6b, 0x52, 0xa7,
    0x31, 0xc3, 0x18, 0x41, 0x08, 0x00, 0x00, 0x00, 0x00, 0x00, 0x00, 0x00, 0x00, 0x00, 0x00, 0x00, 0x00, 0x00, 0x00,
    0x00, 0x00, 0x00, 0x00, 0x00, 0x00, 0x00, 0x00, 0x00, 0x00, 0x00, 0x00, 0x00, 0x00, 0x00, 0x00, 0x00, 0x00, 0x00,
    0x00, 0x00, 0x00, 0x00, 0x00, 0x00, 0x00, 0x00, 0x00, 0x00, 0x00, 0x00, 0x00, 0x00, 0x00, 0x00, 0x00, 0x00, 0x00,
    0x00, 0x00, 0x00, 0x00, 0x00, 0x00, 0x00, 0x00, 0x00, 0x00, 0x00, 0x00, 0x00, 0x00, 0x00, 0x00, 0x00, 0x00, 0x00,
    0x00, 0x00, 0x00, 0x00, 0x00, 0x00, 0x00, 0x00, 0x00, 0x00, 0x00, 0x00, 0x00, 0x00, 0x00, 0x00, 0x00, 0x00, 0x00,
    0x00, 0x00, 0x00, 0x00, 0x00, 0x00, 0x00, 0x00, 0x00, 0x00, 0x00, 0x00, 0x00, 0x00, 0x00, 0x00, 0x00, 0x00, 0x00,
    0x00, 0x00, 0x00, 0x00, 0x00, 0x00, 0x00, 0x00, 0x00, 0x00, 0x00, 0x00, 0x00, 0x00, 0x00, 0x00, 0x00, 0x00, 0x00,
    0x00, 0x00, 0x00, 0x00, 0x00, 0x00, 0x00, 0x00, 0x00, 0x00, 0x00, 0x00, 0x00, 0x00, 0x00, 0x00, 0x00, 0x00, 0x00,
    0x00, 0x00, 0x00, 0x00, 0x00, 0x00, 0x00, 0x00, 0x00, 0x00, 0x00, 0x00, 0x00, 0x00, 0x00, 0x00, 0x00, 0x00, 0x00,
    0x00, 0x00, 0x00, 0x00, 0x00, 0x00, 0x00, 0x00, 0x00, 0x00, 0x00, 0x00, 0x00, 0x00, 0x00, 0x00, 0x00, 0x00, 0x00,
    0x00, 0x00, 0x00, 0x00, 0x00, 0x00, 0x00, 0x20, 0x00, 0x21, 0x00, 0x21, 0x00, 0x21, 0x00, 0x21, 0x08, 0x41, 0x08,
    0x42, 0x08, 0x42, 0x08, 0x62, 0x08, 0x62, 0x08, 0x83, 0x10, 0x22, 0x08, 0xc9, 0x39, 0x3e, 0xe7, 0x3f, 0xef, 0x3f,
    0xef, 0xdf, 0xde, 0x1f, 0xce, 0x1f, 0xce, 0x1f, 0xce, 0x1f, 0xce, 0x1f, 0xce, 0x1f, 0xce, 0xff, 0xcd, 0xff, 0xc5,
    0xff, 0xc5, 0xff, 0xc5, 0xff, 0xc5, 0xff, 0xc5, 0xdf, 0xc5, 0xdf, 0xc5, 0xdf, 0xc5, 0xdf, 0xc5, 0xdf, 0xc5, 0xdf,
    0xc5, 0xbf, 0xc5, 0xbf, 0xc5, 0xbf, 0xbd, 0xbf, 0xbd, 0xbf, 0xbd, 0xbf, 0xbd, 0x9f, 0xbd, 0x9f, 0xbd, 0x9f, 0xbd,
    0x9f, 0xbd, 0x7e, 0xbd, 0xdf, 0xc5, 0x9f, 0xde, 0x9f, 0xde, 0x5f, 0xce, 0x7e, 0xb5, 0x7e, 0xb5, 0x7e, 0xb5, 0x5e,
    0xb5, 0x5e, 0xb5, 0x5e, 0xb5, 0x5e, 0xb5, 0x5e, 0xb5, 0x5e, 0xb5, 0x3e, 0xb5, 0x3e, 0xb5, 0x3e, 0xb5, 0x3e, 0xb5,
    0x3e, 0xb5, 0x3e, 0xad, 0x1e, 0xad, 0x1e, 0xad, 0x1e, 0xad, 0x1e, 0xad, 0x1e, 0xad, 0x1e, 0xad, 0xfe, 0xac, 0xfe,
    0xac, 0xfe, 0xac, 0xfe, 0xac, 0xfe, 0xac, 0xfe, 0xac, 0xfe, 0xac, 0xbe, 0xa4, 0x9e, 0xbd, 0xbf, 0xde, 0x7e, 0xd6,
    0xff, 0xe6, 0x0f, 0x63, 0x00, 0x00, 0x2b, 0x4a, 0xbf, 0xde, 0x7e, 0xd6, 0xbf, 0xde, 0x9f, 0xde, 0xbf, 0xde, 0x38,
    0xad, 0x41, 0x08, 0x21, 0x00, 0x21, 0x00, 0x20, 0x00, 0x00, 0x00, 0x00, 0x00, 0x00, 0x00, 0x00, 0x00, 0x00, 0x00,
    0x00, 0x00, 0x00, 0x00, 0x00, 0x00, 0x00, 0x00, 0x00, 0x00, 0x00, 0x00, 0x00, 0x00, 0x00, 0x00, 0x00, 0x00, 0x00,
    0x00, 0x00, 0x00, 0x00, 0x00, 0x00, 0x00, 0x00, 0x00, 0x00, 0x00, 0x00, 0x00, 0x00, 0x00, 0x00, 0x00, 0x00, 0x00,
    0x00, 0x00, 0x00, 0x00, 0x00, 0x00, 0x00, 0x00, 0x00, 0x00, 0x00, 0x00, 0x00, 0x00, 0x00, 0x00, 0x00, 0x00, 0x00,
    0x00, 0x00, 0x00, 0x00, 0x00, 0x00, 0x00, 0x00, 0x00, 0x00, 0x00, 0x00, 0x00, 0x00, 0x00, 0x00, 0x00, 0x00, 0x00,
    0x00, 0x00, 0x00, 0x00, 0x00, 0x00, 0x00, 0x00, 0x00, 0x00, 0x00, 0x00, 0x00, 0x00, 0x00, 0x00, 0x00, 0x00, 0x00,
    0x00, 0x00, 0x00, 0x00, 0x00, 0x00, 0x00, 0x00, 0x00, 0x00, 0x00, 0x00, 0x00, 0x00, 0x00, 0x00, 0x00, 0x00, 0x00,
    0x00, 0x00, 0x00, 0x00, 0x00, 0x00, 0x00, 0x00, 0x00, 0x00, 0x00, 0x00, 0x00, 0x00, 0x00, 0x00, 0x00, 0x00, 0x00,
    0x00, 0x00, 0x00, 0x00, 0x00, 0x00, 0x00, 0x00, 0x00, 0x00, 0x00, 0x00, 0x00, 0x00, 0x00, 0x00, 0x00, 0x00, 0x00,
    0x00, 0x00, 0x00, 0x00, 0x00, 0x00, 0x00, 0x00, 0x00, 0x00, 0x00, 0x00, 0x00, 0x00, 0x00, 0x00, 0x00, 0x00, 0x00,
    0x00, 0x00, 0x00, 0x00, 0x00, 0x00, 0x00, 0x00, 0x00, 0x00, 0x00, 0x00, 0x00, 0x00, 0x00, 0x00, 0x00, 0x00, 0x00,
    0x00, 0x00, 0x00, 0x00, 0x00, 0x00, 0x00, 0x00, 0x21, 0x00, 0x21, 0x00, 0x21, 0x00, 0x21, 0x00, 0x41, 0x08, 0x42,
    0x08, 0x42, 0x08, 0x42, 0x08, 0x62, 0x08, 0x83, 0x10, 0x42, 0x08, 0x05, 0x21, 0xbd, 0xde, 0x5f, 0xef, 0x1f, 0xe7,
    0xff, 0xe6, 0x3f, 0xce, 0x1f, 0xce, 0x1f, 0xce, 0x1f, 0xce, 0x1f, 0xce, 0x1f, 0xce, 0xff, 0xcd, 0xff, 0xc5, 0xff,
    0xc5, 0xff, 0xc5, 0xff, 0xc5, 0xff, 0xc5, 0xdf, 0xc5, 0xdf, 0xc5, 0xdf, 0xc5, 0xdf, 0xc5, 0xdf, 0xc5, 0xdf, 0xc5,
    0xbf, 0xc5, 0xbf, 0xc5, 0xbf, 0xbd, 0xbf, 0xbd, 0xbf, 0xbd, 0xbf, 0xbd, 0x9f, 0xbd, 0x9f, 0xbd, 0x9f, 0xbd, 0x9f,
    0xbd, 0x9e, 0xbd, 0x7e, 0xbd, 0xdf, 0xc5, 0x9f, 0xd6, 0x9f, 0xd6, 0x3f, 0xce, 0x7e, 0xb5, 0x7e, 0xb5, 0x5e, 0xb5,
    0x5e, 0xb5, 0x5e, 0xb5, 0x5e, 0xb5, 0x5e, 0xb5, 0x5e, 0xb5, 0x3e, 0xb5, 0x3e, 0xb5, 0x3e, 0xb5, 0x3e, 0xb5, 0x3e,
    0xb5, 0x3e, 0xad, 0x1e, 0xad, 0x1e, 0xad, 0x1e, 0xad, 0x1e, 0xad, 0x1e, 0xad, 0x1e, 0xad, 0xfe, 0xac, 0xfe, 0xac,
    0xfe, 0xac, 0xfe, 0xac, 0xfe, 0xac, 0xfe, 0xac, 0xde, 0xa4, 0xde, 0xa4, 0xde, 0xa4, 0xbd, 0xa4, 0xde, 0xc5, 0xbf,
    0xde, 0x7e, 0xd6, 0xdf, 0xe6, 0x0a, 0x42, 0x83, 0x10, 0x9a, 0xb5, 0xf7, 0xa4, 0xb2, 0x7b, 0xcd, 0x5a, 0xc9, 0x39,
    0xe5, 0x20, 0x41, 0x08, 0x21, 0x00, 0x21, 0x00, 0x21, 0x00, 0x20, 0x00, 0x00, 0x00, 0x00, 0x00, 0x20, 0x00, 0x20,
    0x00, 0x20, 0x00, 0x00, 0x00, 0x00, 0x00, 0x00, 0x00, 0x00, 0x00, 0x00, 0x00, 0x00, 0x00, 0x00, 0x00, 0x00, 0x00,
    0x00, 0x00, 0x00, 0x00, 0x00, 0x00, 0x00, 0x00, 0x00, 0x00, 0x00, 0x00, 0x00, 0x00, 0x00, 0x00, 0x00, 0x00, 0x00,
    0x00, 0x00, 0x00, 0x00, 0x00, 0x00, 0x00, 0x00, 0x00, 0x00, 0x00, 0x00, 0x00, 0x00, 0x00, 0x00, 0x00, 0x00, 0x00,
    0x00, 0x00, 0x00, 0x00, 0x00, 0x00, 0x00, 0x00, 0x00, 0x00, 0x00, 0x00, 0x00, 0x00, 0x00, 0x00, 0x00, 0x00, 0x00,
    0x00, 0x00, 0x00, 0x00, 0x00, 0x00, 0x00, 0x00, 0x00, 0x00, 0x00, 0x00, 0x00, 0x00, 0x00, 0x00, 0x00, 0x00, 0x00,
    0x00, 0x00, 0x00, 0x00, 0x00, 0x00, 0x00, 0x00, 0x00, 0x00, 0x00, 0x00, 0x00, 0x00, 0x00, 0x00, 0x00, 0x00, 0x00,
    0x00, 0x00, 0x00, 0x00, 0x00, 0x00, 0x00, 0x00, 0x00, 0x00, 0x00, 0x00, 0x00, 0x00, 0x00, 0x00, 0x00, 0x00, 0x00,
    0x00, 0x00, 0x00, 0x00, 0x00, 0x00, 0x00, 0x00, 0x00, 0x00, 0x00, 0x00, 0x00, 0x00, 0x00, 0x00, 0x00, 0x00, 0x00,
    0x00, 0x00, 0x00, 0x00, 0x00, 0x00, 0x00, 0x00, 0x00, 0x00, 0x00, 0x00, 0x00, 0x00, 0x00, 0x00, 0x00, 0x00, 0x00,
    0x00, 0x00, 0x00, 0x00, 0x00, 0x00, 0x00, 0x00, 0x00, 0x00, 0x00, 0x00, 0x00, 0x00, 0x00, 0x00, 0x00, 0x00, 0x00,
    0x00, 0x00, 0x00, 0x00, 0x00, 0x00, 0x00, 0x20, 0x00, 0x21, 0x00, 0x21, 0x00, 0x21, 0x00, 0x21, 0x08, 0x41, 0x08,
    0x42, 0x08, 0x42, 0x08, 0x62, 0x08, 0x63, 0x08, 0x83, 0x10, 0x42, 0x08, 0x78, 0xb5, 0x9f, 0xf7, 0x1f, 0xe7, 0x1f,
    0xe7, 0x3f, 0xce, 0x1f, 0xce, 0x1f, 0xce, 0x1f, 0xce, 0x1f, 0xce, 0x1f, 0xce, 0xff, 0xcd, 0xff, 0xc5, 0xff, 0xc5,
    0xff, 0xc5, 0xff, 0xc5, 0xff, 0xc5, 0xdf, 0xc5, 0xdf, 0xc5, 0xdf, 0xc5, 0xdf, 0xc5, 0xdf, 0xc5, 0xdf, 0xc5, 0xbf,
    0xc5, 0xbf, 0xc5, 0xbf, 0xbd, 0xbf, 0xbd, 0xbf, 0xbd, 0xbf, 0xbd, 0x9f, 0xbd, 0x9f, 0xbd, 0x9f, 0xbd, 0x9e, 0xbd,
    0x9e, 0xbd, 0x9e, 0xbd, 0x5e, 0xb5, 0xbf, 0xbd, 0xbf, 0xde, 0xbf, 0xde, 0x3f, 0xce, 0x3e, 0xb5, 0x5e, 0xb5, 0x5e,
    0xb5, 0x5e, 0xb5, 0x5e, 0xb5, 0x5e, 0xb5, 0x5e, 0xb5, 0x3e, 0xb5, 0x3e, 0xb5, 0x3e, 0xb5, 0x3e, 0xb5, 0x3e, 0xb5,
    0x3e, 0xad, 0x1e, 0xad, 0x1e, 0xad, 0x1e, 0xad, 0x1e, 0xad, 0x1e, 0xad, 0x1e, 0xad, 0xfe, 0xac, 0xfe, 0xac, 0xfe,
    0xac, 0xfe, 0xac, 0xfe, 0xac, 0xfe, 0xac, 0xde, 0xa4, 0xde, 0xa4, 0xde, 0xa4, 0xdd, 0xa4, 0xdd, 0xa4, 0xbd, 0xa4,
    0xfe, 0xc5, 0x9e, 0xde, 0x9f, 0xde, 0x1c, 0xc6, 0x06, 0x21, 0xa4, 0x10, 0x42, 0x08, 0x00, 0x00, 0x00, 0x00, 0x00,
    0x00, 0x01, 0x00, 0x21, 0x08, 0x21, 0x00, 0x21, 0x00, 0x21, 0x00, 0x20, 0x00, 0x00, 0x00, 0x00, 0x00, 0x00, 0x00,
    0x00, 0x00, 0x00, 0x00, 0x00, 0x00, 0x00, 0x00, 0x00, 0x00, 0x00, 0x00, 0x00, 0x00, 0x00, 0x00, 0x00, 0x00, 0x00,
    0x00, 0x00, 0x00, 0x00, 0x00, 0x00, 0x00, 0x00, 0x00, 0x00, 0x00, 0x00, 0x00, 0x00, 0x00, 0x00, 0x00, 0x00, 0x00,
    0x00, 0x00, 0x00, 0x00, 0x00, 0x00, 0x00, 0x00, 0x00, 0x00, 0x00, 0x00, 0x00, 0x00, 0x00, 0x00, 0x00, 0x00, 0x00,
    0x00, 0x00, 0x00, 0x00, 0x00, 0x00, 0x00, 0x00, 0x00, 0x00, 0x00, 0x00, 0x00, 0x00, 0x00, 0x00, 0x00, 0x00, 0x00,
    0x00, 0x00, 0x00, 0x00, 0x00, 0x00, 0x00, 0x00, 0x00, 0x00, 0x00, 0x00, 0x00, 0x00, 0x00, 0x00, 0x00, 0x00, 0x00,
    0x00, 0x00, 0x00, 0x00, 0x00, 0x00, 0x00, 0x00, 0x00, 0x00, 0x00, 0x00, 0x00, 0x00, 0x00, 0x00, 0x00, 0x00, 0x00,
    0x00, 0x00, 0x00, 0x00, 0x00, 0x00, 0x00, 0x00, 0x00, 0x00, 0x00, 0x00, 0x00, 0x00, 0x00, 0x00, 0x00, 0x00, 0x00,
    0x00, 0x00, 0x00, 0x00, 0x00, 0x00, 0x00, 0x00, 0x00, 0x00, 0x00, 0x00, 0x00, 0x00, 0x00, 0x00, 0x00, 0x00, 0x00,
    0x00, 0x00, 0x00, 0x00, 0x00, 0x00, 0x00, 0x00, 0x00, 0x00, 0x00, 0x00, 0x00, 0x00, 0x00, 0x00, 0x00, 0x00, 0x00,
    0x00, 0x00, 0x00, 0x00, 0x00, 0x00, 0x00, 0x00, 0x00, 0x00, 0x00, 0x00, 0x00, 0x00, 0x00, 0x00, 0x00, 0x00, 0x00,
    0x00, 0x00, 0x00, 0x00, 0x00, 0x00, 0x20, 0x00, 0x21, 0x00, 0x21, 0x00, 0x21, 0x00, 0x21, 0x08, 0x41, 0x08, 0x42,
    0x08, 0x42, 0x08, 0x62, 0x08, 0x62, 0x08, 0x83, 0x10, 0x01, 0x00, 0xd2, 0x7b, 0xbf, 0xff, 0x1f, 0xe7, 0x3f, 0xef,
    0x5f, 0xd6, 0x1f, 0xce, 0x1f, 0xce, 0x1f, 0xce, 0x1f, 0xce, 0x1f, 0xce, 0xff, 0xcd, 0xff, 0xc5, 0xff, 0xc5, 0xff,
    0xc5, 0xff, 0xc5, 0xff, 0xc5, 0xdf, 0xc5, 0xdf, 0xc5, 0xdf, 0xc5, 0xdf, 0xc5, 0xdf, 0xc5, 0xdf, 0xc5, 0xbf, 0xc5,
    0xbf, 0xc5, 0xbf, 0xbd, 0xbf, 0xbd, 0xbf, 0xbd, 0xbf, 0xbd, 0x9f, 0xbd, 0x9f, 0xbd, 0x9f, 0xbd, 0x9f, 0xbd, 0x9e,
    0xbd, 0x7e, 0xbd, 0x7e, 0xb5, 0x5f, 0xd6, 0x5f, 0xef, 0xbf, 0xf7, 0xbf, 0xf7, 0x7f, 0xf7, 0x9f, 0xde, 0x7e, 0xb5,
    0x3e, 0xb5, 0x5e, 0xb5, 0x5e, 0xb5, 0x5e, 0xb5, 0x3e, 0xb5, 0x3e, 0xb5, 0x3e, 0xb5, 0x3e, 0xb5, 0x3e, 0xb5, 0x3e,
    0xad, 0x1e, 0xad, 0x1e, 0xad, 0x1e, 0xad, 0x1e, 0xad, 0x1e, 0xad, 0x1e, 0xad, 0xfe, 0xac, 0xfe, 0xac, 0xfe, 0xac,
    0xfe, 0xac, 0xfe, 0xac, 0xfe, 0xac, 0xde, 0xa4, 0xde, 0xa4, 0xde, 0xa4, 0xdd, 0xa4, 0xdd, 0xa4, 0xdd, 0xa4, 0xbd,
    0xa4, 0xdd, 0xa4, 0x5e, 0xd6, 0x7e, 0xd6, 0xdf, 0xe6, 0xf7, 0xa4, 0x22, 0x00, 0x83, 0x10, 0x83, 0x10, 0x63, 0x10,
    0x62, 0x08, 0x42, 0x08, 0x41, 0x08, 0x21, 0x08, 0x21, 0x00, 0x21, 0x00, 0x21, 0x00, 0x20, 0x00, 0x00, 0x00, 0x00,
    0x00, 0x00, 0x00, 0x00, 0x00, 0x00, 0x00, 0x00, 0x00, 0x00, 0x00, 0x00, 0x00, 0x00, 0x00, 0x00, 0x00, 0x00, 0x00,
    0x00, 0x00, 0x00, 0x00, 0x00, 0x00, 0x00, 0x00, 0x00, 0x00, 0x00, 0x00, 0x00, 0x00, 0x00, 0x00, 0x00, 0x00, 0x00,
    0x00, 0x00, 0x00, 0x00, 0x00, 0x00, 0x00, 0x00, 0x00, 0x00, 0x00, 0x00, 0x00, 0x00, 0x00, 0x00, 0x00, 0x00, 0x00,
    0x00, 0x00, 0x00, 0x00, 0x00, 0x00, 0x00, 0x00, 0x00, 0x00, 0x00, 0x00, 0x00, 0x00, 0x00, 0x00, 0x00, 0x00, 0x00,
    0x00, 0x00, 0x00, 0x00, 0x00, 0x00, 0x00, 0x00, 0x00, 0x00, 0x00, 0x00, 0x00, 0x00, 0x00, 0x00, 0x00, 0x00, 0x00,
    0x00, 0x00, 0x00, 0x00, 0x00, 0x00, 0x00, 0x00, 0x00, 0x00, 0x00, 0x00, 0x00, 0x00, 0x00, 0x00, 0x00, 0x00, 0x00,
    0x00, 0x00, 0x00, 0x00, 0x00, 0x00, 0x00, 0x00, 0x00, 0x00, 0x00, 0x00, 0x00, 0x00, 0x00, 0x00, 0x00, 0x00, 0x00,
    0x00, 0x00, 0x00, 0x00, 0x00, 0x00, 0x00, 0x00, 0x00, 0x00, 0x00, 0x00, 0x00, 0x00, 0x00, 0x00, 0x00, 0x00, 0x00,
    0x00, 0x00, 0x00, 0x00, 0x00, 0x00, 0x00, 0x00, 0x00, 0x00, 0x00, 0x00, 0x00, 0x00, 0x00, 0x00, 0x00, 0x00, 0x00,
    0x00, 0x00, 0x00, 0x00, 0x00, 0x00, 0x00, 0x00, 0x00, 0x00, 0x00, 0x00, 0x00, 0x00, 0x00, 0x00, 0x00, 0x00, 0x00,
    0x00, 0x00, 0x00, 0x00, 0x00, 0x00, 0x00, 0x20, 0x00, 0x21, 0x00, 0x21, 0x00, 0x21, 0x00, 0x21, 0x08, 0x42, 0x08,
    0x42, 0x08, 0x42, 0x08, 0x62, 0x08, 0x83, 0x10, 0x22, 0x08, 0xc9, 0x39, 0x5f, 0xef, 0x3f, 0xe7, 0x3f, 0xef, 0x9f,
    0xde, 0x1f, 0xce, 0x1f, 0xce, 0x1f, 0xce, 0x1f, 0xce, 0x1f, 0xce, 0xff, 0xcd, 0xff, 0xc5, 0xff, 0xc5, 0xff, 0xc5,
    0xff, 0xc5, 0xff, 0xc5, 0xdf, 0xc5, 0xdf, 0xc5, 0xdf, 0xc5, 0xdf, 0xc5, 0xdf, 0xc5, 0xdf, 0xc5, 0xbf, 0xc5, 0xbf,
    0xc5, 0xbf, 0xbd, 0xbf, 0xbd, 0xbf, 0xbd, 0xbf, 0xbd, 0x9f, 0xbd, 0x9f, 0xbd, 0x9f, 0xbd, 0x9f, 0xbd, 0x9e, 0xbd,
    0x7e, 0xbd, 0x9f, 0xbd, 0x3f, 0xef, 0xff, 0xff, 0xff, 0xff, 0xdf, 0xff, 0xdf, 0xff, 0xdf, 0xff, 0xff, 0xff, 0x7f,
    0xf7, 0xbe, 0xc5, 0x3e, 0xb5, 0x5e, 0xb5, 0x3e, 0xb5, 0x3e, 0xb5, 0x3e, 0xb5, 0x3e, 0xb5, 0x3e, 0xb5, 0x3e, 0xad,
    0x1e, 0xad, 0x1e, 0xad, 0x1e, 0xad, 0x1e, 0xad, 0x1e, 0xad, 0x1e, 0xad, 0xfe, 0xac, 0xfe, 0xac, 0xfe, 0xac, 0xfe,
    0xac, 0xfe, 0xac, 0xfe, 0xac, 0xde, 0xa4, 0xde, 0xa4, 0xde, 0xa4, 0xdd, 0xa4, 0xdd, 0xa4, 0xdd, 0xa4, 0xbd, 0xa4,
    0xbd, 0xa4, 0x9d, 0xa4, 0x1e, 0xad, 0x9e, 0xd6, 0x7e, 0xd6, 0xff, 0xe6, 0x0f, 0x63, 0x01, 0x00, 0x83, 0x10, 0x62,
    0x08, 0x42, 0x08, 0x42, 0x08, 0x42, 0x08, 0x41, 0x08, 0x21, 0x08, 0x21, 0x00, 0x21, 0x00, 0x20, 0x00, 0x00, 0x00,
    0x00, 0x00, 0x00, 0x00, 0x00, 0x00, 0x00, 0x00, 0x00, 0x00, 0x00, 0x00, 0x00, 0x00, 0x00, 0x00, 0x00, 0x00, 0x00,
    0x00, 0x00, 0x00, 0x00, 0x00, 0x00, 0x00, 0x00, 0x00, 0x00, 0x00, 0x00, 0x00, 0x00, 0x00, 0x00, 0x00, 0x00, 0x00,
    0x00, 0x00, 0x00, 0x00, 0x00, 0x00, 0x00, 0x00, 0x00, 0x00, 0x00, 0x00, 0x00, 0x00, 0x00, 0x00, 0x00, 0x00, 0x00,
    0x00, 0x00, 0x00, 0x00, 0x00, 0x00, 0x00, 0x00, 0x00, 0x00, 0x00, 0x00, 0x00, 0x00, 0x00, 0x00, 0x00, 0x00, 0x00,
    0x00, 0x00, 0x00, 0x00, 0x00, 0x00, 0x00, 0x00, 0x00, 0x00, 0x00, 0x00, 0x00, 0x00, 0x00, 0x00, 0x00, 0x00, 0x00,
    0x00, 0x00, 0x00, 0x00, 0x00, 0x00, 0x00, 0x00, 0x00, 0x00, 0x00, 0x00, 0x00, 0x00, 0x00, 0x00, 0x00, 0x00, 0x00,
    0x00, 0x00, 0x00, 0x00, 0x00, 0x00, 0x00, 0x00, 0x00, 0x00, 0x00, 0x00, 0x00, 0x00, 0x00, 0x00, 0x00, 0x00, 0x00,
    0x00, 0x00, 0x00, 0x00, 0x00, 0x00, 0x00, 0x00, 0x00, 0x00, 0x00, 0x00, 0x00, 0x00, 0x00, 0x00, 0x00, 0x00, 0x00,
    0x00, 0x00, 0x00, 0x00, 0x00, 0x00, 0x00, 0x00, 0x00, 0x00, 0x00, 0x00, 0x00, 0x00, 0x00, 0x00, 0x00, 0x00, 0x00,
    0x00, 0x00, 0x00, 0x00, 0x00, 0x00, 0x00, 0x00, 0x00, 0x00, 0x00, 0x00, 0x00, 0x00, 0x00, 0x00, 0x00, 0x00, 0x00,
    0x00, 0x00, 0x00, 0x00, 0x00, 0x00, 0x20, 0x00, 0x21, 0x00, 0x21, 0x00, 0x21, 0x00, 0x21, 0x08, 0x41, 0x08, 0x42,
    0x08, 0x42, 0x08, 0x62, 0x08, 0x63, 0x08, 0x63, 0x10, 0x63, 0x10, 0xfa, 0xc5, 0x7f, 0xf7, 0x1f, 0xe7, 0xdf, 0xde,
    0x1f, 0xce, 0x1f, 0xce, 0x1f, 0xce, 0x1f, 0xce, 0x1f, 0xce, 0xff, 0xcd, 0xff, 0xc5, 0xff, 0xc5, 0xff, 0xc5, 0xff,
    0xc5, 0xff, 0xc5, 0xdf, 0xc5, 0xdf, 0xc5, 0xdf, 0xc5, 0xdf, 0xc5, 0xdf, 0xc5, 0xdf, 0xc5, 0xbf, 0xc5, 0xbf, 0xc5,
    0xbf, 0xbd, 0xbf, 0xbd, 0xbf, 0xbd, 0xbf, 0xbd, 0x9f, 0xbd, 0x9f, 0xbd, 0x9f, 0xbd, 0x9f, 0xbd, 0x9e, 0xbd, 0x9e,
    0xbd, 0x7e, 0xb5, 0x3f, 0xef, 0xff, 0xff, 0xbf, 0xf7, 0xdf, 0xff, 0xdf, 0xff, 0xdf, 0xff, 0xdf, 0xff, 0xbf, 0xf7,
    0xff, 0xff, 0x9f, 0xf7, 0x7e, 0xbd, 0x3e, 0xb5, 0x3e, 0xb5, 0x3e, 0xb5, 0x3e, 0xb5, 0x3e, 0xb5, 0x3e, 0xad, 0x1e,
    0xad, 0x1e, 0xad, 0x1e, 0xad, 0x1e, 0xad, 0x1e, 0xad, 0x1e, 0xad, 0xfe, 0xac, 0xfe, 0xac, 0xfe, 0xac, 0xfe, 0xac,
    0xfe, 0xac, 0xfe, 0xac, 0xde, 0xa4, 0xde, 0xa4, 0xde, 0xa4, 0xdd, 0xa4, 0xdd, 0xa4, 0xdd, 0xa4, 0xbd, 0xa4, 0xbd,
    0xa4, 0xbd, 0xa4, 0xbd, 0xa4, 0x9d, 0x9c, 0x7e, 0xbd, 0x9e, 0xd6, 0x7f, 0xd6, 0x5e, 0xd6, 0x47, 0x29, 0x42, 0x08,
    0x63, 0x10, 0x62, 0x08, 0x42, 0x08, 0x42, 0x08, 0x41, 0x08, 0x21, 0x08, 0x21, 0x00, 0x21, 0x00, 0x21, 0x00, 0x20,
    0x00, 0x00, 0x00, 0x00, 0x00, 0x00, 0x00, 0x00, 0x00, 0x00, 0x00, 0x00, 0x00, 0x00, 0x00, 0x00, 0x00, 0x00, 0x00,
    0x00, 0x00, 0x00, 0x00, 0x00, 0x00, 0x00, 0x00, 0x00, 0x00, 0x00, 0x00, 0x00, 0x00, 0x00, 0x00, 0x00, 0x00, 0x00,
    0x00, 0x00, 0x00, 0x00, 0x00, 0x00, 0x00, 0x00, 0x00, 0x00, 0x00, 0x00, 0x00, 0x00, 0x00, 0x00, 0x00, 0x00, 0x00,
    0x00, 0x00, 0x00, 0x00, 0x00, 0x00, 0x00, 0x00, 0x00, 0x00, 0x00, 0x00, 0x00, 0x00, 0x00, 0x00, 0x00, 0x00, 0x00,
    0x00, 0x00, 0x00, 0x00, 0x00, 0x00, 0x00, 0x00, 0x00, 0x00, 0x00, 0x00, 0x00, 0x00, 0x00, 0x00, 0x00, 0x00, 0x00,
    0x00, 0x00, 0x00, 0x00, 0x00, 0x00, 0x00, 0x00, 0x00, 0x00, 0x00, 0x00, 0x00, 0x00, 0x00, 0x00, 0x00, 0x00, 0x00,
    0x00, 0x00, 0x00, 0x00, 0x00, 0x00, 0x00, 0x00, 0x00, 0x00, 0x00, 0x00, 0x00, 0x00, 0x00, 0x00, 0x00, 0x00, 0x00,
    0x00, 0x00, 0x00, 0x00, 0x00, 0x00, 0x00, 0x00, 0x00, 0x00, 0x00, 0x00, 0x00, 0x00, 0x00, 0x00, 0x00, 0x00, 0x00,
    0x00, 0x00, 0x00, 0x00, 0x00, 0x00, 0x00, 0x00, 0x00, 0x00, 0x00, 0x00, 0x00, 0x00, 0x00, 0x00, 0x00, 0x00, 0x00,
    0x00, 0x00, 0x00, 0x00, 0x00, 0x00, 0x00, 0x00, 0x00, 0x00, 0x00, 0x00, 0x00, 0x00, 0x00, 0x00, 0x00, 0x00, 0x00,
    0x00, 0x00, 0x00, 0x00, 0x00, 0x00, 0x00, 0x20, 0x00, 0x21, 0x00, 0x21, 0x00, 0x21, 0x00, 0x41, 0x08, 0x42, 0x08,
    0x42, 0x08, 0x62, 0x08, 0x62, 0x08, 0x83, 0x10, 0x01, 0x00, 0xd1, 0x7b, 0xbf, 0xff, 0x1f, 0xe7, 0x1f, 0xe7, 0x3f,
    0xce, 0x1f, 0xce, 0x1f, 0xce, 0x1f, 0xce, 0x1f, 0xce, 0xff, 0xcd, 0xff, 0xc5, 0xff, 0xc5, 0xff, 0xc5, 0xff, 0xc5,
    0xff, 0xc5, 0xdf, 0xc5, 0xdf, 0xc5, 0xdf, 0xc5, 0xdf, 0xc5, 0xdf, 0xc5, 0xdf, 0xc5, 0xbf, 0xc5, 0xbf, 0xc5, 0xbf,
    0xbd, 0xbf, 0xbd, 0xbf, 0xbd, 0xbf, 0xbd, 0x9f, 0xbd, 0x9f, 0xbd, 0x9f, 0xbd, 0x9f, 0xbd, 0x9e, 0xbd, 0x9e, 0xbd,
    0x5e, 0xb5, 0x7f, 0xd6, 0xff, 0xff, 0xbf, 0xf7, 0xdf, 0xff, 0xdf, 0xff, 0xdf, 0xff, 0xdf, 0xff, 0xdf, 0xff, 0xdf,
    0xff, 0xbf, 0xf7, 0xff, 0xff, 0xdf, 0xde, 0x1e, 0xad, 0x3e, 0xb5, 0x3e, 0xb5, 0x3e, 0xb5, 0x3e, 0xad, 0x1e, 0xad,
    0x1e, 0xad, 0x1e, 0xad, 0x1e, 0xad, 0x1e, 0xad, 0x1e, 0xad, 0xfe, 0xac, 0xfe, 0xac, 0xfe, 0xac, 0xfe, 0xac, 0xfe,
    0xac, 0xfe, 0xac, 0xde, 0xa4, 0xde, 0xa4, 0xde, 0xa4, 0xdd, 0xa4, 0xdd, 0xa4, 0xdd, 0xa4, 0xbd, 0xa4, 0xbd, 0xa4,
    0xbd, 0xa4, 0xbd, 0xa4, 0xbd, 0xa4, 0xbd, 0xa4, 0x9d, 0x9c, 0xfe, 0xc5, 0x7e, 0xd6, 0xbf, 0xde, 0xd7, 0x9c, 0x22,
    0x08, 0x83, 0x10, 0x63, 0x08, 0x62, 0x08, 0x42, 0x08, 0x42, 0x08, 0x41, 0x08, 0x21, 0x00, 0x21, 0x00, 0x21, 0x00,
    0x20, 0x00, 0x00, 0x00, 0x00, 0x00, 0x00, 0x00, 0x00, 0x00, 0x00, 0x00, 0x00, 0x00, 0x00, 0x00, 0x00, 0x00, 0x00,
    0x00, 0x00, 0x00, 0x00, 0x00, 0x00, 0x00, 0x00, 0x00, 0x00, 0x00, 0x00, 0x00, 0x00, 0x00, 0x00, 0x00, 0x00, 0x00,
    0x00, 0x00, 0x00, 0x00, 0x00, 0x00, 0x00, 0x00, 0x00, 0x00, 0x00, 0x00, 0x00, 0x00, 0x00, 0x00, 0x00, 0x00, 0x00,
    0x00, 0x00, 0x00, 0x00, 0x00, 0x00, 0x00, 0x00, 0x00, 0x00, 0x00, 0x00, 0x00, 0x00, 0x00, 0x00, 0x00, 0x00, 0x00,
    0x00, 0x00, 0x00, 0x00, 0x00, 0x00, 0x00, 0x00, 0x00, 0x00, 0x00, 0x00, 0x00, 0x00, 0x00, 0x00, 0x00, 0x00, 0x00,
    0x00, 0x00, 0x00, 0x00, 0x00, 0x00, 0x00, 0x00, 0x00, 0x00, 0x00, 0x00, 0x00, 0x00, 0x00, 0x00, 0x00, 0x00, 0x00,
    0x00, 0x00, 0x00, 0x00, 0x00, 0x00, 0x00, 0x00, 0x00, 0x00, 0x00, 0x00, 0x00, 0x00, 0x00, 0x00, 0x00, 0x00, 0x00,
    0x00, 0x00, 0x00, 0x00, 0x00, 0x00, 0x00, 0x00, 0x00, 0x00, 0x00, 0x00, 0x00, 0x00, 0x00, 0x00, 0x00, 0x00, 0x00,
    0x00, 0x00, 0x00, 0x00, 0x00, 0x00, 0x00, 0x00, 0x00, 0x00, 0x00, 0x00, 0x00, 0x00, 0x00, 0x00, 0x00, 0x00, 0x00,
    0x00, 0x00, 0x00, 0x00, 0x00, 0x00, 0x00, 0x00, 0x00, 0x00, 0x00, 0x00, 0x00, 0x00, 0x00, 0x00, 0x00, 0x00, 0x00,
    0x00, 0x00, 0x00, 0x00, 0x00, 0x00, 0x20, 0x00, 0x21, 0x00, 0x21, 0x00, 0x21, 0x00, 0x21, 0x08, 0x41, 0x08, 0x42,
    0x08, 0x42, 0x08, 0x62, 0x08, 0x63, 0x10, 0x42, 0x08, 0x06, 0x21, 0xdd, 0xde, 0x3f, 0xef, 0x3f, 0xef, 0x7f, 0xd6,
    0xff, 0xcd, 0x1f, 0xce, 0x1f, 0xce, 0x1f, 0xce, 0xff, 0xcd, 0xff, 0xc5, 0xff, 0xc5, 0xff, 0xc5, 0xff, 0xc5, 0xff,
    0xc5, 0xdf, 0xc5, 0xdf, 0xc5, 0xdf, 0xc5, 0xdf, 0xc5, 0xdf, 0xc5, 0xdf, 0xc5, 0xbf, 0xc5, 0xbf, 0xc5, 0xbf, 0xbd,
    0xbf, 0xbd, 0xbf, 0xbd, 0xbf, 0xbd, 0x9f, 0xbd, 0x9f, 0xbd, 0x9f, 0xbd, 0x9f, 0xbd, 0x9e, 0xbd, 0x9e, 0xbd, 0x9e,
    0xbd, 0x5e, 0xb5, 0x3f, 0xef, 0xff, 0xff, 0xdf, 0xff, 0xdf, 0xff, 0xdf, 0xff, 0xdf, 0xff, 0xdf, 0xff, 0xdf, 0xff,
    0xdf, 0xff, 0xdf, 0xff, 0xdf, 0xff, 0xbf, 0xf7, 0x7e, 0xb5, 0x3e, 0xad, 0x3e, 0xb5, 0x3e, 0xad, 0x1e, 0xad, 0x1e,
    0xad, 0x1e, 0xad, 0x1e, 0xad, 0x1e, 0xad, 0x1e, 0xad, 0xfe, 0xac, 0xfe, 0xac, 0xfe, 0xac, 0xfe, 0xac, 0xfe, 0xac,
    0xfe, 0xac, 0xde, 0xa4, 0xde, 0xa4, 0xde, 0xa4, 0xdd, 0xa4, 0xdd, 0xa4, 0xdd, 0xa4, 0xbd, 0xa4, 0xbd, 0xa4, 0xbd,
    0xa4, 0xbd, 0xa4, 0xbd, 0xa4, 0xbd, 0xa4, 0xbd, 0xa4, 0x9d, 0x9c, 0xdd, 0xa4, 0x7e, 0xd6, 0x5e, 0xd6, 0xbf, 0xde,
    0x2b, 0x4a, 0x22, 0x00, 0x83, 0x10, 0x62, 0x08, 0x42, 0x08, 0x42, 0x08, 0x42, 0x08, 0x21, 0x08, 0x21, 0x00, 0x21,
    0x00, 0x21, 0x00, 0x20, 0x00, 0x00, 0x00, 0x00, 0x00, 0x00, 0x00, 0x00, 0x00, 0x00, 0x00, 0x00, 0x00, 0x00, 0x00,
    0x00, 0x00, 0x00, 0x00, 0x00, 0x00, 0x00, 0x00, 0x00, 0x00, 0x00, 0x00, 0x00, 0x00, 0x00, 0x00, 0x00, 0x00, 0x00,
    0x00, 0x00, 0x00, 0x00, 0x00, 0x00, 0x00, 0x00, 0x00, 0x00, 0x00, 0x00, 0x00, 0x00, 0x00, 0x00, 0x00, 0x00, 0x00,
    0x00, 0x00, 0x00, 0x00, 0x00, 0x00, 0x00, 0x00, 0x00, 0x00, 0x00, 0x00, 0x00, 0x00, 0x00, 0x00, 0x00, 0x00, 0x00,
    0x00, 0x00, 0x00, 0x00, 0x00, 0x00, 0x00, 0x00, 0x00, 0x00, 0x00, 0x00, 0x00, 0x00, 0x00, 0x00, 0x00, 0x00, 0x00,
    0x00, 0x00, 0x00, 0x00, 0x00, 0x00, 0x00, 0x00, 0x00, 0x00, 0x00, 0x00, 0x00, 0x00, 0x00, 0x00, 0x00, 0x00, 0x00,
    0x00, 0x00, 0x00, 0x00, 0x00, 0x00, 0x00, 0x00, 0x00, 0x00, 0x00, 0x00, 0x00, 0x00, 0x00, 0x00, 0x00, 0x00, 0x00,
    0x00, 0x00, 0x00, 0x00, 0x00, 0x00, 0x00, 0x00, 0x00, 0x00, 0x00, 0x00, 0x00, 0x00, 0x00, 0x00, 0x00, 0x00, 0x00,
    0x00, 0x00, 0x00, 0x00, 0x00, 0x00, 0x00, 0x00, 0x00, 0x00, 0x00, 0x00, 0x00, 0x00, 0x00, 0x00, 0x00, 0x00, 0x00,
    0x00, 0x00, 0x00, 0x00, 0x00, 0x00, 0x00, 0x00, 0x00, 0x00, 0x00, 0x00, 0x00, 0x00, 0x00, 0x00, 0x00, 0x00, 0x00,
    0x00, 0x00, 0x00, 0x00, 0x00, 0x00, 0x00, 0x20, 0x00, 0x21, 0x00, 0x21, 0x00, 0x21, 0x00, 0x41, 0x08, 0x42, 0x08,
    0x42, 0x08, 0x42, 0x08, 0x62, 0x08, 0x83, 0x10, 0x01, 0x00, 0xb5, 0x9c, 0x9f, 0xf7, 0x1f, 0xe7, 0xff, 0xe6, 0x1f,
    0xce, 0x1f, 0xce, 0x1f, 0xce, 0x1f, 0xce, 0xff, 0xcd, 0xff, 0xc5, 0xff, 0xc5, 0xff, 0xc5, 0xff, 0xc5, 0xff, 0xc5,
    0xdf, 0xc5, 0xdf, 0xc5, 0xdf, 0xc5, 0xdf, 0xc5, 0xdf, 0xc5, 0xdf, 0xc5, 0xbf, 0xc5, 0xbf, 0xc5, 0xbf, 0xbd, 0xbf,
    0xbd, 0xbf, 0xbd, 0xbf, 0xbd, 0x9f, 0xbd, 0x9f, 0xbd, 0x9f, 0xbd, 0x9f, 0xbd, 0x9e, 0xbd, 0x9e, 0xbd, 0x7e, 0xbd,
    0x7e, 0xbd, 0x9e, 0xbd, 0x9f, 0xf7, 0xdf, 0xff, 0xdf, 0xff, 0xdf, 0xff, 0xdf, 0xff, 0xdf, 0xff, 0xdf, 0xff, 0xdf,
    0xff, 0xdf, 0xff, 0xdf, 0xff, 0xbf, 0xff, 0xdf, 0xff, 0xde, 0xc5, 0x1e, 0xad, 0x3e, 0xb5, 0x1e, 0xad, 0x1e, 0xad,
    0x1e, 0xad, 0x1e, 0xad, 0x1e, 0xad, 0x1e, 0xad, 0xfe, 0xac, 0xfe, 0xac, 0xfe, 0xac, 0xfe, 0xac, 0xfe, 0xac, 0xfe,
    0xac, 0xde, 0xa4, 0xde, 0xa4, 0xde, 0xa4, 0xdd, 0xa4, 0xdd, 0xa4, 0xdd, 0xa4, 0xbd, 0xa4, 0xbd, 0xa4, 0xbd, 0xa4,
    0xbd, 0xa4, 0xbd, 0xa4, 0xbd, 0xa4, 0x9d, 0xa4, 0x9d, 0x9c, 0x9d, 0xa4, 0x7d, 0x9c, 0x9e, 0xbd, 0x7e, 0xd6, 0x9f,
    0xde, 0x9a, 0xb5, 0x83, 0x10, 0x63, 0x10, 0x63, 0x08, 0x62, 0x08, 0x42, 0x08, 0x42, 0x08, 0x41, 0x08, 0x21, 0x00,
    0x21, 0x00, 0x21, 0x00, 0x20, 0x00, 0x00, 0x00, 0x00, 0x00, 0x00, 0x00, 0x00, 0x00, 0x00, 0x00, 0x00, 0x00, 0x00,
    0x00, 0x00, 0x00, 0x00, 0x00, 0x00, 0x00, 0x00, 0x00, 0x00, 0x00, 0x00, 0x00, 0x00, 0x00, 0x00, 0x00, 0x00, 0x00,
    0x00, 0x00, 0x00, 0x00, 0x00, 0x00, 0x00, 0x00, 0x00, 0x00, 0x00, 0x00, 0x00, 0x00, 0x00, 0x00, 0x00, 0x00, 0x00,
    0x00, 0x00, 0x00, 0x00, 0x00, 0x00, 0x00, 0x00, 0x00, 0x00, 0x00, 0x00, 0x00, 0x00, 0x00, 0x00, 0x00, 0x00, 0x00,
    0x00, 0x00, 0x00, 0x00, 0x00, 0x00, 0x00, 0x00, 0x00, 0x00, 0x00, 0x00, 0x00, 0x00, 0x00, 0x00, 0x00, 0x00, 0x00,
    0x00, 0x00, 0x00, 0x00, 0x00, 0x00, 0x00, 0x00, 0x00, 0x00, 0x00, 0x00, 0x00, 0x00, 0x00, 0x00, 0x00, 0x00, 0x00,
    0x00, 0x00, 0x00, 0x00, 0x00, 0x00, 0x00, 0x00, 0x00, 0x00, 0x00, 0x00, 0x00, 0x00, 0x00, 0x00, 0x00, 0x00, 0x00,
    0x00, 0x00, 0x00, 0x00, 0x00, 0x00, 0x00, 0x00, 0x00, 0x00, 0x00, 0x00, 0x00, 0x00, 0x00, 0x00, 0x00, 0x00, 0x00,
    0x00, 0x00, 0x00, 0x00, 0x00, 0x00, 0x00, 0x00, 0x00, 0x00, 0x00, 0x00, 0x00, 0x00, 0x00, 0x00, 0x00, 0x00, 0x00,
    0x00, 0x00, 0x00, 0x00, 0x00, 0x00, 0x00, 0x00, 0x00, 0x00, 0x00, 0x00, 0x00, 0x00, 0x00, 0x00, 0x00, 0x00, 0x00,
    0x00, 0x00, 0x00, 0x00, 0x00, 0x00, 0x00, 0x00, 0x21, 0x00, 0x21, 0x00, 0x21, 0x00, 0x21, 0x08, 0x41, 0x08, 0x42,
    0x08, 0x42, 0x08, 0x62, 0x08, 0x63, 0x10, 0x22, 0x08, 0x88, 0x31, 0x3f, 0xef, 0x3f, 0xef, 0x3f, 0xef, 0x5f, 0xd6,
    0xff, 0xcd, 0x1f, 0xce, 0x1f, 0xce, 0xff, 0xcd, 0xff, 0xc5, 0xff, 0xc5, 0xff, 0xc5, 0xff, 0xc5, 0xff, 0xc5, 0xdf,
    0xc5, 0xdf, 0xc5, 0xdf, 0xc5, 0xdf, 0xc5, 0xdf, 0xc5, 0xdf, 0xc5, 0xbf, 0xc5, 0xbf, 0xc5, 0xbf, 0xbd, 0xbf, 0xbd,
    0xbf, 0xbd, 0xbf, 0xbd, 0x9f, 0xbd, 0x9f, 0xbd, 0x9f, 0xbd, 0x9f, 0xbd, 0x9e, 0xbd, 0x9e, 0xbd, 0x7e, 0xbd, 0x7e,
    0xbd, 0x7e, 0xb5, 0x9e, 0xbd, 0xbf, 0xf7, 0xdf, 0xff, 0xdf, 0xff, 0xdf, 0xff, 0xdf, 0xff, 0xdf, 0xff, 0xdf, 0xff,
    0xdf, 0xff, 0xdf, 0xff, 0xdf, 0xff, 0xbf, 0xff, 0xff, 0xff, 0xde, 0xc5, 0xfe, 0xac, 0x3e, 0xad, 0x1e, 0xad, 0x1e,
    0xad, 0x1e, 0xad, 0x1e, 0xad, 0x1e, 0xad, 0xfe, 0xac, 0xfe, 0xac, 0xfe, 0xac, 0xfe, 0xac, 0xfe, 0xac, 0xfe, 0xac,
    0xde, 0xa4, 0xde, 0xa4, 0xde, 0xa4, 0xdd, 0xa4, 0xdd, 0xa4, 0xdd, 0xa4, 0xbd, 0xa4, 0xbd, 0xa4, 0xbd, 0xa4, 0xbd,
    0xa4, 0xbd, 0xa4, 0xbd, 0xa4, 0x9d, 0xa4, 0x9d, 0x9c, 0x9d, 0x9c, 0x9d, 0x9c, 0x7d, 0x9c, 0xbd, 0xa4, 0x5e, 0xce,
    0x5e, 0xd6, 0xdf, 0xde, 0xae, 0x5a, 0x01, 0x00, 0x83, 0x10, 0x62, 0x08, 0x42, 0x08, 0x42, 0x08, 0x41, 0x08, 0x21,
    0x08, 0x21, 0x00, 0x21, 0x00, 0x21, 0x00, 0x20, 0x00, 0x00, 0x00, 0x00, 0x00, 0x00, 0x00, 0x00, 0x00, 0x00, 0x00,
    0x00, 0x00, 0x00, 0x00, 0x00, 0x00, 0x00, 0x00, 0x00, 0x00, 0x00, 0x00, 0x00, 0x00, 0x00, 0x00, 0x00, 0x00, 0x00,
    0x00, 0x00, 0x00, 0x00, 0x00, 0x00, 0x00, 0x00, 0x00, 0x00, 0x00, 0x00, 0x00, 0x00, 0x00, 0x00, 0x00, 0x00, 0x00,
    0x00, 0x00, 0x00, 0x00, 0x00, 0x00, 0x00, 0x00, 0x00, 0x00, 0x00, 0x00, 0x00, 0x00, 0x00, 0x00, 0x00, 0x00, 0x00,
    0x00, 0x00, 0x00, 0x00, 0x00, 0x00, 0x00, 0x00, 0x00, 0x00, 0x00, 0x00, 0x00, 0x00, 0x00, 0x00, 0x00, 0x00, 0x00,
    0x00, 0x00, 0x00, 0x00, 0x00, 0x00, 0x00, 0x00, 0x00, 0x00, 0x00, 0x00, 0x00, 0x00, 0x00, 0x00, 0x00, 0x00, 0x00,
    0x00, 0x00, 0x00, 0x00, 0x00, 0x00, 0x00, 0x00, 0x00, 0x00, 0x00, 0x00, 0x00, 0x00, 0x00, 0x00, 0x00, 0x00, 0x00,
    0x00, 0x00, 0x00, 0x00, 0x00, 0x00, 0x00, 0x00, 0x00, 0x00, 0x00, 0x00, 0x00, 0x00, 0x00, 0x00, 0x00, 0x00, 0x00,
    0x00, 0x00, 0x00, 0x00, 0x00, 0x00, 0x00, 0x00, 0x00, 0x00, 0x00, 0x00, 0x00, 0x00, 0x00, 0x00, 0x00, 0x00, 0x00,
    0x00, 0x00, 0x00, 0x00, 0x00, 0x00, 0x00, 0x00, 0x00, 0x00, 0x00, 0x00, 0x00, 0x00, 0x00, 0x00, 0x00, 0x00, 0x00,
    0x00, 0x00, 0x00, 0x00, 0x00, 0x00, 0x00, 0x20, 0x00, 0x21, 0x00, 0x21, 0x00, 0x21, 0x00, 0x21, 0x08, 0x42, 0x08,
    0x42, 0x08, 0x42, 0x08, 0x62, 0x08, 0x83, 0x10, 0x22, 0x00, 0xb5, 0x9c, 0x9f, 0xf7, 0x1f, 0xe7, 0xdf, 0xe6, 0x1f,
    0xce, 0x1f, 0xce, 0x1f, 0xce, 0xff, 0xcd, 0xff, 0xc5, 0xff, 0xc5, 0xff, 0xc5, 0xff, 0xc5, 0xff, 0xc5, 0xdf, 0xc5,
    0xdf, 0xc5, 0xdf, 0xc5, 0xdf, 0xc5, 0xdf, 0xc5, 0xdf, 0xc5, 0xbf, 0xc5, 0xbf, 0xc5, 0xbf, 0xbd, 0xbf, 0xbd, 0xbf,
    0xbd, 0xbf, 0xbd, 0x9f, 0xbd, 0x9f, 0xbd, 0x9f, 0xbd, 0x9f, 0xbd, 0x9e, 0xbd, 0x9e, 0xbd, 0x7e, 0xbd, 0x7e, 0xbd,
    0x7e, 0xbd, 0x7e, 0xb5, 0x9e, 0xbd, 0x9f, 0xf7, 0xdf, 0xff, 0xdf, 0xff, 0xdf, 0xff, 0xdf, 0xff, 0xdf, 0xff, 0xdf,
    0xff, 0xdf, 0xff, 0xdf, 0xff, 0xdf, 0xff, 0xbf, 0xff, 0xff, 0xff, 0xde, 0xc5, 0xfe, 0xac, 0x3e, 0xad, 0x1e, 0xad,
    0x1e, 0xad, 0x1e, 0xad, 0x1e, 0xad, 0xfe, 0xac, 0xfe, 0xac, 0xfe, 0xac, 0xfe, 0xac, 0xfe, 0xac, 0xfe, 0xac, 0xde,
    0xa4, 0xde, 0xa4, 0xde, 0xa4, 0xdd, 0xa4, 0xdd, 0xa4, 0xdd, 0xa4, 0xbd, 0xa4, 0xbd, 0xa4, 0xbd, 0xa4, 0xbd, 0xa4,
    0xbd, 0xa4, 0xbd, 0xa4, 0x9d, 0xa4, 0x9d, 0x9c, 0x9d, 0x9c, 0x9d, 0x9c, 0x9d, 0x9c, 0x9d, 0x9c, 0x5d, 0x9c, 0x7e,
    0xb5, 0x7e, 0xd6, 0x9f, 0xde, 0x7a, 0xb5, 0x84, 0x10, 0x63, 0x10, 0x63, 0x10, 0x42, 0x08, 0x42, 0x08, 0x42, 0x08,
    0x41, 0x08, 0x21, 0x08, 0x21, 0x00, 0x21, 0x00, 0x20, 0x00, 0x00, 0x00, 0x00, 0x00, 0x00, 0x00, 0x00, 0x00, 0x00,
    0x00, 0x00, 0x00, 0x00, 0x00, 0x00, 0x00, 0x00, 0x00, 0x00, 0x00, 0x00, 0x00, 0x00, 0x00, 0x00, 0x00, 0x00, 0x00,
    0x00, 0x00, 0x00, 0x00, 0x00, 0x00, 0x00, 0x00, 0x00, 0x00, 0x00, 0x00, 0x00, 0x00, 0x00, 0x00, 0x00, 0x00, 0x00,
    0x00, 0x00, 0x00, 0x00, 0x00, 0x00, 0x00, 0x00, 0x00, 0x00, 0x00, 0x00, 0x00, 0x00, 0x00, 0x00, 0x00, 0x00, 0x00,
    0x00, 0x00, 0x00, 0x00, 0x00, 0x00, 0x00, 0x00, 0x00, 0x00, 0x00, 0x00, 0x00, 0x00, 0x00, 0x00, 0x00, 0x00, 0x00,
    0x00, 0x00, 0x00, 0x00, 0x00, 0x00, 0x00, 0x00, 0x00, 0x00, 0x00, 0x00, 0x00, 0x00, 0x00, 0x00, 0x00, 0x00, 0x00,
    0x00, 0x00, 0x00, 0x00, 0x00, 0x00, 0x00, 0x00, 0x00, 0x00, 0x00, 0x00, 0x00, 0x00, 0x00, 0x00, 0x00, 0x00, 0x00,
    0x00, 0x00, 0x00, 0x00, 0x00, 0x00, 0x00, 0x00, 0x00, 0x00, 0x00, 0x00, 0x00, 0x00, 0x00, 0x00, 0x00, 0x00, 0x00,
    0x00, 0x00, 0x00, 0x00, 0x00, 0x00, 0x00, 0x00, 0x00, 0x00, 0x00, 0x00, 0x00, 0x00, 0x00, 0x00, 0x00, 0x00, 0x00,
    0x00, 0x00, 0x00, 0x00, 0x00, 0x00, 0x00, 0x00, 0x00, 0x00, 0x00, 0x00, 0x00, 0x00, 0x00, 0x00, 0x00, 0x00, 0x00,
    0x00, 0x00, 0x00, 0x00, 0x00, 0x00, 0x00, 0x00, 0x20, 0x00, 0x21, 0x00, 0x21, 0x00, 0x21, 0x08, 0x41, 0x08, 0x42,
    0x08, 0x42, 0x08, 0x62, 0x08, 0x63, 0x10, 0x42, 0x08, 0x26, 0x21, 0xfe, 0xe6, 0x3f, 0xef, 0x3f, 0xef, 0x5f, 0xd6,
    0xff, 0xc5, 0x1f, 0xce, 0xff, 0xcd, 0xff, 0xc5, 0xff, 0xc5, 0xff, 0xc5, 0xff, 0xc5, 0xff, 0xc5, 0xdf, 0xc5, 0xdf,
    0xc5, 0xdf, 0xc5, 0xdf, 0xc5, 0xdf, 0xc5, 0xdf, 0xc5, 0xbf, 0xc5, 0xbf, 0xc5, 0xbf, 0xbd, 0xbf, 0xbd, 0xbf, 0xbd,
    0xbf, 0xbd, 0x9f, 0xbd, 0x9f, 0xbd, 0x9f, 0xbd, 0x9f, 0xbd, 0x9e, 0xbd, 0x9e, 0xbd, 0x7e, 0xbd, 0x7e, 0xbd, 0x7e,
    0xbd, 0x7e, 0xbd, 0x5e, 0xb5, 0x9e, 0xbd, 0x9f, 0xf7, 0xdf, 0xff, 0xdf, 0xff, 0xdf, 0xff, 0xdf, 0xff, 0xdf, 0xff,
    0xdf, 0xff, 0xdf, 0xff, 0xdf, 0xff, 0xdf, 0xff, 0xbf, 0xff, 0xff, 0xff, 0xde, 0xc5, 0xfe, 0xac, 0x1e, 0xad, 0x1e,
    0xad, 0x1e, 0xad, 0x1e, 0xad, 0xfe, 0xac, 0xfe, 0xac, 0xfe, 0xac, 0xfe, 0xac, 0xfe, 0xac, 0xfe, 0xac, 0xde, 0xa4,
    0xde, 0xa4, 0xde, 0xa4, 0xdd, 0xa4, 0xdd, 0xa4, 0xdd, 0xa4, 0xbd, 0xa4, 0xbd, 0xa4, 0xbd, 0xa4, 0xbd, 0xa4, 0xbd,
    0xa4, 0xbd, 0xa4, 0x9d, 0xa4, 0x9d, 0x9c, 0x9d, 0x9c, 0x9d, 0x9c, 0x9d, 0x9c, 0x9d, 0x9c, 0x7d, 0x9c, 0x7d, 0x9c,
    0x9d, 0x9c, 0x5e, 0xce, 0x5e, 0xce, 0xbf, 0xde, 0x4b, 0x4a, 0x22, 0x00, 0x83, 0x10, 0x62, 0x08, 0x42, 0x08, 0x42,
    0x08, 0x41, 0x08, 0x21, 0x08, 0x21, 0x00, 0x21, 0x00, 0x21, 0x00, 0x00, 0x00, 0x00, 0x00, 0x00, 0x00, 0x00, 0x00,
    0x00, 0x00, 0x00, 0x00, 0x00, 0x00, 0x00, 0x00, 0x00, 0x00, 0x00, 0x00, 0x00, 0x00, 0x00, 0x00, 0x00, 0x00, 0x00,
    0x00, 0x00, 0x00, 0x00, 0x00, 0x00, 0x00, 0x00, 0x00, 0x00, 0x00, 0x00, 0x00, 0x00, 0x00, 0x00, 0x00, 0x00, 0x00,
    0x00, 0x00, 0x00, 0x00, 0x00, 0x00, 0x00, 0x00, 0x00, 0x00, 0x00, 0x00, 0x00, 0x00, 0x00, 0x00, 0x00, 0x00, 0x00,
    0x00, 0x00, 0x00, 0x00, 0x00, 0x00, 0x00, 0x00, 0x00, 0x00, 0x00, 0x00, 0x00, 0x00, 0x00, 0x00, 0x00, 0x00, 0x00,
    0x00, 0x00, 0x00, 0x00, 0x00, 0x00, 0x00, 0x00, 0x00, 0x00, 0x00, 0x00, 0x00, 0x00, 0x00, 0x00, 0x00, 0x00, 0x00,
    0x00, 0x00, 0x00, 0x00, 0x00, 0x00, 0x00, 0x00, 0x00, 0x00, 0x00, 0x00, 0x00, 0x00, 0x00, 0x00, 0x00, 0x00, 0x00,
    0x00, 0x00, 0x00, 0x00, 0x00, 0x00, 0x00, 0x00, 0x00, 0x00, 0x00, 0x00, 0x00, 0x00, 0x00, 0x00, 0x00, 0x00, 0x00,
    0x00, 0x00, 0x00, 0x00, 0x00, 0x00, 0x00, 0x00, 0x00, 0x00, 0x00, 0x00, 0x00, 0x00, 0x00, 0x00, 0x00, 0x00, 0x00,
    0x00, 0x00, 0x00, 0x00, 0x00, 0x00, 0x00, 0x00, 0x00, 0x00, 0x00, 0x00, 0x00, 0x00, 0x00, 0x00, 0x00, 0x00, 0x00,
    0x00, 0x00, 0x00, 0x00, 0x00, 0x00, 0x00, 0x20, 0x00, 0x21, 0x00, 0x21, 0x00, 0x21, 0x00, 0x21, 0x08, 0x41, 0x08,
    0x42, 0x08, 0x42, 0x08, 0x62, 0x08, 0x83, 0x10, 0x01, 0x00, 0xd1, 0x7b, 0x9f, 0xf7, 0x1f, 0xe7, 0xdf, 0xde, 0xff,
    0xcd, 0x1f, 0xce, 0xff, 0xcd, 0xff, 0xc5, 0xff, 0xc5, 0xff, 0xc5, 0xff, 0xc5, 0xff, 0xc5, 0xdf, 0xc5, 0xdf, 0xc5,
    0xdf, 0xc5, 0xdf, 0xc5, 0xdf, 0xc5, 0xdf, 0xc5, 0xbf, 0xc5, 0xbf, 0xc5, 0xbf, 0xbd, 0xbf, 0xbd, 0xbf, 0xbd, 0xbf,
    0xbd, 0x9f, 0xbd, 0x9f, 0xbd, 0x9f, 0xbd, 0x9f, 0xbd, 0x9e, 0xbd, 0x9e, 0xbd, 0x7e, 0xbd, 0x7e, 0xbd, 0x7e, 0xbd,
    0x7e, 0xb5, 0x7e, 0xb5, 0x5e, 0xb5, 0x9e, 0xbd, 0x9f, 0xf7, 0xdf, 0xff, 0xdf, 0xff, 0xdf, 0xff, 0xdf, 0xff, 0xdf,
    0xff, 0xdf, 0xff, 0xdf, 0xff, 0xdf, 0xff, 0xdf, 0xff, 0xbf, 0xff, 0xff, 0xff, 0xde, 0xc5, 0xfe, 0xac, 0x1e, 0xad,
    0x1e, 0xad, 0x1e, 0xad, 0xfe, 0xac, 0xfe, 0xac, 0xfe, 0xac, 0xfe, 0xac, 0xfe, 0xac, 0xfe, 0xac, 0xde, 0xa4, 0xde,
    0xa4, 0xde, 0xa4, 0xdd, 0xa4, 0xdd, 0xa4, 0xdd, 0xa4, 0xbd, 0xa4, 0xbd, 0xa4, 0xbd, 0xa4, 0xbd, 0xa4, 0xbd, 0xa4,
    0xbd, 0xa4, 0x9d, 0xa4, 0x9d, 0x9c, 0x9d, 0x9c, 0x9d, 0x9c, 0x9d, 0x9c, 0x9d, 0x9c, 0x7d, 0x9c, 0x7d, 0x9c, 0x7d,
    0x9c, 0x5d, 0x94, 0x7e, 0xb5, 0x7e, 0xd6, 0x9f, 0xde, 0xd7, 0x9c, 0x42, 0x08, 0x83, 0x10, 0x63, 0x08, 0x42, 0x08,
    0x42, 0x08, 0x42, 0x08, 0x41, 0x08, 0x21, 0x00, 0x21, 0x00, 0x21, 0x00, 0x20, 0x00, 0x00, 0x00, 0x00, 0x00, 0x00,
    0x00, 0x00, 0x00, 0x00, 0x00, 0x00, 0x00, 0x00, 0x00, 0x00, 0x00, 0x00, 0x00, 0x00, 0x00, 0x00, 0x00, 0x00, 0x00,
    0x00, 0x00, 0x00, 0x00, 0x00, 0x00, 0x00, 0x00, 0x00, 0x00, 0x00, 0x00, 0x00, 0x00, 0x00, 0x00, 0x00, 0x00, 0x00,
    0x00, 0x00, 0x00, 0x00, 0x00, 0x00, 0x00, 0x00, 0x00, 0x00, 0x00, 0x00, 0x00, 0x00, 0x00, 0x00, 0x00, 0x00, 0x00,
    0x00, 0x00, 0x00, 0x00, 0x00, 0x00, 0x00, 0x00, 0x00, 0x00, 0x00, 0x00, 0x00, 0x00, 0x00, 0x00, 0x00, 0x00, 0x00,
    0x00, 0x00, 0x00, 0x00, 0x00, 0x00, 0x00, 0x00, 0x00, 0x00, 0x00, 0x00, 0x00, 0x00, 0x00, 0x00, 0x00, 0x00, 0x00,
    0x00, 0x00, 0x00, 0x00, 0x00, 0x00, 0x00, 0x00, 0x00, 0x00, 0x00, 0x00, 0x00, 0x00, 0x00, 0x00, 0x00, 0x00, 0x00,
    0x00, 0x00, 0x00, 0x00, 0x00, 0x00, 0x00, 0x00, 0x00, 0x00, 0x00, 0x00, 0x00, 0x00, 0x00, 0x00, 0x00, 0x00, 0x00,
    0x00, 0x00, 0x00, 0x00, 0x00, 0x00, 0x00, 0x00, 0x00, 0x00, 0x00, 0x00, 0x00, 0x00, 0x00, 0x00, 0x00, 0x00, 0x00,
    0x00, 0x00, 0x00, 0x00, 0x00, 0x00, 0x00, 0x00, 0x00, 0x00, 0x00, 0x00, 0x00, 0x00, 0x00, 0x00, 0x00, 0x00, 0x00,
    0x00, 0x00, 0x00, 0x00, 0x00, 0x00, 0x00, 0x00, 0x20, 0x00, 0x21, 0x00, 0x21, 0x00, 0x21, 0x00, 0x41, 0x08, 0x42,
    0x08, 0x42, 0x08, 0x62, 0x08, 0x63, 0x10, 0x63, 0x10, 0xa4, 0x10, 0x3c, 0xce, 0x5f, 0xef, 0x3f, 0xe7, 0x7f, 0xd6,
    0xff, 0xc5, 0x1f, 0xce, 0xff, 0xc5, 0xff, 0xc5, 0xff, 0xc5, 0xff, 0xc5, 0xff, 0xc5, 0xdf, 0xc5, 0xdf, 0xc5, 0xdf,
    0xc5, 0xdf, 0xc5, 0xdf, 0xc5, 0xdf, 0xc5, 0xbf, 0xc5, 0xbf, 0xc5, 0xbf, 0xbd, 0xbf, 0xbd, 0xbf, 0xbd, 0xbf, 0xbd,
    0x9f, 0xbd, 0x9f, 0xbd, 0x9f, 0xbd, 0x9f, 0xbd, 0x9e, 0xbd, 0x9e, 0xbd, 0x7e, 0xbd, 0x7e, 0xbd, 0x7e, 0xbd, 0x7e,
    0xb5, 0x7e, 0xb5, 0x7e, 0xb5, 0x5e, 0xb5, 0x9e, 0xbd, 0x9f, 0xf7, 0xdf, 0xff, 0xdf, 0xff, 0xdf, 0xff, 0xdf, 0xff,
    0xdf, 0xff, 0xdf, 0xff, 0xdf, 0xff, 0xdf, 0xff, 0xdf, 0xff, 0xbf, 0xff, 0xff, 0xff, 0xde, 0xc5, 0xfe, 0xac, 0x1e,
    0xad, 0x1e, 0xad, 0xfe, 0xac, 0xfe, 0xac, 0xfe, 0xac, 0xfe, 0xac, 0xfe, 0xac, 0xfe, 0xac, 0xde, 0xa4, 0xde, 0xa4,
    0xde, 0xa4, 0xdd, 0xa4, 0xdd, 0xa4, 0xdd, 0xa4, 0xbd, 0xa4, 0xbd, 0xa4, 0xbd, 0xa4, 0xbd, 0xa4, 0xbd, 0xa4, 0xbd,
    0xa4, 0x9d, 0xa4, 0x9d, 0x9c, 0x9d, 0x9c, 0x9d, 0x9c, 0x9d, 0x9c, 0x9d, 0x9c, 0x7d, 0x9c, 0x7d, 0x9c, 0x7d, 0x9c,
    0x7d, 0x9c, 0x5d, 0x9c, 0xbd, 0xa4, 0x5e, 0xd6, 0x5e, 0xd6, 0x7e, 0xd6, 0x88, 0x31, 0x42, 0x08, 0x63, 0x10, 0x62,
    0x08, 0x42, 0x08, 0x42, 0x08, 0x41, 0x08, 0x21, 0x08, 0x21, 0x00, 0x21, 0x00, 0x21, 0x00, 0x00, 0x00, 0x00, 0x00,
    0x00, 0x00, 0x00, 0x00, 0x00, 0x00, 0x00, 0x00, 0x00, 0x00, 0x00, 0x00, 0x00, 0x00, 0x00, 0x00, 0x00, 0x00, 0x00,
    0x00, 0x00, 0x00, 0x00, 0x00, 0x00, 0x00, 0x00, 0x00, 0x00, 0x00, 0x00, 0x00, 0x00, 0x00, 0x00, 0x00, 0x00, 0x00,
    0x00, 0x00, 0x00, 0x00, 0x00, 0x00, 0x00, 0x00, 0x00, 0x00, 0x00, 0x00, 0x00, 0x00, 0x00, 0x00, 0x00, 0x00, 0x00,
    0x00, 0x00, 0x00, 0x00, 0x00, 0x00, 0x00, 0x00, 0x00, 0x00, 0x00, 0x00, 0x00, 0x00, 0x00, 0x00, 0x00, 0x00, 0x00,
    0x00, 0x00, 0x00, 0x00, 0x00, 0x00, 0x00, 0x00, 0x00, 0x00, 0x00, 0x00, 0x00, 0x00, 0x00, 0x00, 0x00, 0x00, 0x00,
    0x00, 0x00, 0x00, 0x00, 0x00, 0x00, 0x00, 0x00, 0x00, 0x00, 0x00, 0x00, 0x00, 0x00, 0x00, 0x00, 0x00, 0x00, 0x00,
    0x00, 0x00, 0x00, 0x00, 0x00, 0x00, 0x00, 0x00, 0x00, 0x00, 0x00, 0x00, 0x00, 0x00, 0x00, 0x00, 0x00, 0x00, 0x00,
    0x00, 0x00, 0x00, 0x00, 0x00, 0x00, 0x00, 0x00, 0x00, 0x00, 0x00, 0x00, 0x00, 0x00, 0x00, 0x00, 0x00, 0x00, 0x00,
    0x00, 0x00, 0x00, 0x00, 0x00, 0x00, 0x00, 0x00, 0x00, 0x00, 0x00, 0x00, 0x00, 0x00, 0x00, 0x00, 0x00, 0x00, 0x00,
    0x00, 0x00, 0x00, 0x00, 0x00, 0x00, 0x00, 0x00, 0x00, 0x20, 0x00, 0x21, 0x00, 0x21, 0x00, 0x21, 0x08, 0x41, 0x08,
    0x42, 0x08, 0x42, 0x08, 0x62, 0x08, 0x83, 0x10, 0x02, 0x00, 0x8c, 0x52, 0x7f, 0xf7, 0x1f, 0xe7, 0xff, 0xe6, 0x1f,
    0xce, 0xff, 0xcd, 0xff, 0xc5, 0xff, 0xc5, 0xff, 0xc5, 0xff, 0xc5, 0xff, 0xc5, 0xdf, 0xc5, 0xdf, 0xc5, 0xdf, 0xc5,
    0xdf, 0xc5, 0xdf, 0xc5, 0xdf, 0xc5, 0xbf, 0xc5, 0xbf, 0xc5, 0xbf, 0xbd, 0xbf, 0xbd, 0xbf, 0xbd, 0xbf, 0xbd, 0x9f,
    0xbd, 0x9f, 0xbd, 0x9f, 0xbd, 0x9f, 0xbd, 0x9e, 0xbd, 0x9e, 0xbd, 0x7e, 0xbd, 0x7e, 0xbd, 0x7e, 0xbd, 0x7e, 0xb5,
    0x7e, 0xb5, 0x7e, 0xb5, 0x5e, 0xb5, 0x5e, 0xb5, 0x7e, 0xbd, 0x9f, 0xf7, 0xdf, 0xff, 0xdf, 0xff, 0xdf, 0xff, 0xdf,
    0xff, 0xdf, 0xff, 0xdf, 0xff, 0xdf, 0xff, 0xdf, 0xff, 0xdf, 0xff, 0xbf, 0xff, 0xff, 0xff, 0xbe, 0xc5, 0xfe, 0xac,
    0x1e, 0xad, 0xfe, 0xac, 0xfe, 0xac, 0xfe, 0xac, 0xfe, 0xac, 0xfe, 0xac, 0xfe, 0xac, 0xde, 0xa4, 0xde, 0xa4, 0xde,
    0xa4, 0xdd, 0xa4, 0xdd, 0xa4, 0xdd, 0xa4, 0xbd, 0xa4, 0xbd, 0xa4, 0xbd, 0xa4, 0xbd, 0xa4, 0xbd, 0xa4, 0xbd, 0xa4,
    0x9d, 0xa4, 0x9d, 0x9c, 0x9d, 0x9c, 0x9d, 0x9c, 0x9d, 0x9c, 0x9d, 0x9c, 0x7d, 0x9c, 0x7d, 0x9c, 0x7d, 0x9c, 0x7d,
    0x9c, 0x7d, 0x9c, 0x7d, 0x9c, 0x3d, 0x94, 0x9e, 0xbd, 0x5e, 0xd6, 0xbf, 0xde, 0xb2, 0x7b, 0x01, 0x00, 0x83, 0x10,
    0x62, 0x08, 0x42, 0x08, 0x42, 0x08, 0x42, 0x08, 0x21, 0x08, 0x21, 0x00, 0x21, 0x00, 0x21, 0x00, 0x20, 0x00, 0x00,
    0x00, 0x00, 0x00, 0x00, 0x00, 0x00, 0x00, 0x00, 0x00, 0x00, 0x00, 0x00, 0x00, 0x00, 0x00, 0x00, 0x00, 0x00, 0x00,
    0x00, 0x00, 0x00, 0x00, 0x00, 0x00, 0x00, 0x00, 0x00, 0x00, 0x00, 0x00, 0x00, 0x00, 0x00, 0x00, 0x00, 0x00, 0x00,
    0x00, 0x00, 0x00, 0x00, 0x00, 0x00, 0x00, 0x00, 0x00, 0x00, 0x00, 0x00, 0x00, 0x00, 0x00, 0x00, 0x00, 0x00, 0x00,
    0x00, 0x00, 0x00, 0x00, 0x00, 0x00, 0x00, 0x00, 0x00, 0x00, 0x00, 0x00, 0x00, 0x00, 0x00, 0x00, 0x00, 0x00, 0x00,
    0x00, 0x00, 0x00, 0x00, 0x00, 0x00, 0x00, 0x00, 0x00, 0x00, 0x00, 0x00, 0x00, 0x00, 0x00, 0x00, 0x00, 0x00, 0x00,
    0x00, 0x00, 0x00, 0x00, 0x00, 0x00, 0x00, 0x00, 0x00, 0x00, 0x00, 0x00, 0x00, 0x00, 0x00, 0x00, 0x00, 0x00, 0x00,
    0x00, 0x00, 0x00, 0x00, 0x00, 0x00, 0x00, 0x00, 0x00, 0x00, 0x00, 0x00, 0x00, 0x00, 0x00, 0x00, 0x00, 0x00, 0x00,
    0x00, 0x00, 0x00, 0x00, 0x00, 0x00, 0x00, 0x00, 0x00, 0x00, 0x00, 0x00, 0x00, 0x00, 0x00, 0x00, 0x00, 0x00, 0x00,
    0x00, 0x00, 0x00, 0x00, 0x00, 0x00, 0x00, 0x00, 0x00, 0x00, 0x00, 0x00, 0x00, 0x00, 0x00, 0x00, 0x00, 0x00, 0x00,
    0x00, 0x00, 0x00, 0x00, 0x00, 0x00, 0x00, 0x00, 0x20, 0x00, 0x21, 0x00, 0x21, 0x00, 0x21, 0x00, 0x21, 0x08, 0x41,
    0x08, 0x42, 0x08, 0x42, 0x08, 0x62, 0x08, 0x83, 0x10, 0x02, 0x00, 0xb5, 0x9c, 0x9f, 0xf7, 0x1f, 0xe7, 0x9f, 0xde,
    0xff, 0xc5, 0xff, 0xcd, 0xff, 0xc5, 0xff, 0xc5, 0xff, 0xc5, 0xff, 0xc5, 0xdf, 0xc5, 0xdf, 0xc5, 0xdf, 0xc5, 0xdf,
    0xc5, 0xdf, 0xc5, 0xdf, 0xc5, 0xbf, 0xc5, 0xbf, 0xc5, 0xbf, 0xbd, 0xbf, 0xbd, 0xbf, 0xbd, 0xbf, 0xbd, 0x9f, 0xbd,
    0x9f, 0xbd, 0x9f, 0xbd, 0x9f, 0xbd, 0x9e, 0xbd, 0x9e, 0xbd, 0x7e, 0xbd, 0x7e, 0xbd, 0x7e, 0xbd, 0x7e, 0xb5, 0x7e,
    0xb5, 0x7e, 0xb5, 0x5e, 0xb5, 0x5e, 0xb5, 0x5e, 0xb5, 0x7e, 0xbd, 0x9f, 0xf7, 0xdf, 0xff, 0xdf, 0xff, 0xdf, 0xff,
    0xdf, 0xff, 0xdf, 0xff, 0xdf, 0xff, 0xdf, 0xff, 0xdf, 0xff, 0xdf, 0xff, 0xbf, 0xff, 0xff, 0xff, 0xbe, 0xbd, 0xde,
    0xa4, 0x1e, 0xad, 0xfe, 0xac, 0xfe, 0xac, 0xfe, 0xac, 0xfe, 0xac, 0xfe, 0xac, 0xde, 0xa4, 0xde, 0xa4, 0xde, 0xa4,
    0xdd, 0xa4, 0xdd, 0xa4, 0xdd, 0xa4, 0xbd, 0xa4, 0xbd, 0xa4, 0xbd, 0xa4, 0xbd, 0xa4, 0xbd, 0xa4, 0xbd, 0xa4, 0x9d,
    0xa4, 0x9d, 0x9c, 0x9d, 0x9c, 0x9d, 0x9c, 0x9d, 0x9c, 0x9d, 0x9c, 0x7d, 0x9c, 0x7d, 0x9c, 0x7d, 0x9c, 0x7d, 0x9c,
    0x7d, 0x9c, 0x7d, 0x9c, 0x7d, 0x9c, 0x3d, 0x94, 0xfd, 0xac, 0x7e, 0xd6, 0x7f, 0xd6, 0x7a, 0xb5, 0x84, 0x10, 0x63,
    0x10, 0x63, 0x08, 0x62, 0x08, 0x42, 0x08, 0x42, 0x08, 0x41, 0x08, 0x21, 0x00, 0x21, 0x00, 0x21, 0x00, 0x20, 0x00,
    0x00, 0x00, 0x00, 0x00, 0x00, 0x00, 0x00, 0x00, 0x00, 0x00, 0x00, 0x00, 0x00, 0x00, 0x00, 0x00, 0x00, 0x00, 0x00,
    0x00, 0x00, 0x00, 0x00, 0x00, 0x00, 0x00, 0x00, 0x00, 0x00, 0x00, 0x00, 0x00, 0x00, 0x00, 0x00, 0x00, 0x00, 0x00,
    0x00, 0x00, 0x00, 0x00, 0x00, 0x00, 0x00, 0x00, 0x00, 0x00, 0x00, 0x00, 0x00, 0x00, 0x00, 0x00, 0x00, 0x00, 0x00,
    0x00, 0x00, 0x00, 0x00, 0x00, 0x00, 0x00, 0x00, 0x00, 0x00, 0x00, 0x00, 0x00, 0x00, 0x00, 0x00, 0x00, 0x00, 0x00,
    0x00, 0x00, 0x00, 0x00, 0x00, 0x00, 0x00, 0x00, 0x00, 0x00, 0x00, 0x00, 0x00, 0x00, 0x00, 0x00, 0x00, 0x00, 0x00,
    0x00, 0x00, 0x00, 0x00, 0x00, 0x00, 0x00, 0x00, 0x00, 0x00, 0x00, 0x00, 0x00, 0x00, 0x00, 0x00, 0x00, 0x00, 0x00,
    0x00, 0x00, 0x00, 0x00, 0x00, 0x00, 0x00, 0x00, 0x00, 0x00, 0x00, 0x00, 0x00, 0x00, 0x00, 0x00, 0x00, 0x00, 0x00,
    0x00, 0x00, 0x00, 0x00, 0x00, 0x00, 0x00, 0x00, 0x00, 0x00, 0x00, 0x00, 0x00, 0x00, 0x00, 0x00, 0x00, 0x00, 0x00,
    0x00, 0x00, 0x00, 0x00, 0x00, 0x00, 0x00, 0x00, 0x00, 0x00, 0x00, 0x00, 0x00, 0x00, 0x00, 0x00, 0x00, 0x00, 0x00,
    0x00, 0x00, 0x00, 0x00, 0x00, 0x00, 0x00, 0x00, 0x00, 0x20, 0x00, 0x21, 0x00, 0x21, 0x00, 0x21, 0x00, 0x41, 0x08,
    0x42, 0x08, 0x42, 0x08, 0x62, 0x08, 0x63, 0x10, 0x63, 0x08, 0xa4, 0x18, 0x7d, 0xd6, 0x5f, 0xef, 0x1f, 0xe7, 0x3f,
    0xce, 0xff, 0xc5, 0xff, 0xc5, 0xff, 0xc5, 0xff, 0xc5, 0xff, 0xc5, 0xdf, 0xc5, 0xdf, 0xc5, 0xdf, 0xc5, 0xdf, 0xc5,
    0xdf, 0xc5, 0xdf, 0xc5, 0xbf, 0xc5, 0xbf, 0xc5, 0xbf, 0xbd, 0xbf, 0xbd, 0xbf, 0xbd, 0xbf, 0xbd, 0x9f, 0xbd, 0x9f,
    0xbd, 0x9f, 0xbd, 0x9f, 0xbd, 0x9e, 0xbd, 0x9e, 0xbd, 0x7e, 0xbd, 0x7e, 0xbd, 0x7e, 0xbd, 0x7e, 0xb5, 0x7e, 0xb5,
    0x7e, 0xb5, 0x5e, 0xb5, 0x5e, 0xb5, 0x5e, 0xb5, 0x5e, 0xb5, 0x7e, 0xbd, 0x9f, 0xf7, 0xdf, 0xff, 0xdf, 0xff, 0xdf,
    0xff, 0xdf, 0xff, 0xdf, 0xff, 0xdf, 0xff, 0xdf, 0xff, 0xdf, 0xff, 0xdf, 0xff, 0xbf, 0xff, 0xff, 0xff, 0xbe, 0xbd,
    0xde, 0xa4, 0x1e, 0xad, 0xfe, 0xac, 0xfe, 0xac, 0xfe, 0xac, 0xfe, 0xac, 0xde, 0xa4, 0xde, 0xa4, 0xde, 0xa4, 0xdd,
    0xa4, 0xdd, 0xa4, 0xdd, 0xa4, 0xbd, 0xa4, 0xbd, 0xa4, 0xbd, 0xa4, 0xbd, 0xa4, 0xbd, 0xa4, 0xbd, 0xa4, 0x9d, 0xa4,
    0x9d, 0x9c, 0x9d, 0x9c, 0x9d, 0x9c, 0x9d, 0x9c, 0x9d, 0x9c, 0x7d, 0x9c, 0x7d, 0x9c, 0x7d, 0x9c, 0x7d, 0x9c, 0x7d,
    0x9c, 0x7d, 0x9c, 0x5d, 0x9c, 0x5d, 0x9c, 0x5d, 0x94, 0x7d, 0x9c, 0x1e, 0xce, 0x5e, 0xd6, 0x7f, 0xd6, 0xa9, 0x39,
    0x22, 0x08, 0x63, 0x10, 0x62, 0x08, 0x42, 0x08, 0x42, 0x08, 0x41, 0x08, 0x21, 0x08, 0x21, 0x00, 0x21, 0x00, 0x20,
    0x00, 0x00, 0x00, 0x00, 0x00, 0x00, 0x00, 0x00, 0x00, 0x00, 0x00, 0x00, 0x00, 0x00, 0x00, 0x00, 0x00, 0x00, 0x00,
    0x00, 0x00, 0x00, 0x00, 0x00, 0x00, 0x00, 0x00, 0x00, 0x00, 0x00, 0x00, 0x00, 0x00, 0x00, 0x00, 0x00, 0x00, 0x00,
    0x00, 0x00, 0x00, 0x00, 0x00, 0x00, 0x00, 0x00, 0x00, 0x00, 0x00, 0x00, 0x00, 0x00, 0x00, 0x00, 0x00, 0x00, 0x00,
    0x00, 0x00, 0x00, 0x00, 0x00, 0x00, 0x00, 0x00, 0x00, 0x00, 0x00, 0x00, 0x00, 0x00, 0x00, 0x00, 0x00, 0x00, 0x00,
    0x00, 0x00, 0x00, 0x00, 0x00, 0x00, 0x00, 0x00, 0x00, 0x00, 0x00, 0x00, 0x00, 0x00, 0x00, 0x00, 0x00, 0x00, 0x00,
    0x00, 0x00, 0x00, 0x00, 0x00, 0x00, 0x00, 0x00, 0x00, 0x00, 0x00, 0x00, 0x00, 0x00, 0x00, 0x00, 0x00, 0x00, 0x00,
    0x00, 0x00, 0x00, 0x00, 0x00, 0x00, 0x00, 0x00, 0x00, 0x00, 0x00, 0x00, 0x00, 0x00, 0x00, 0x00, 0x00, 0x00, 0x00,
    0x00, 0x00, 0x00, 0x00, 0x00, 0x00, 0x00, 0x00, 0x00, 0x00, 0x00, 0x00, 0x00, 0x00, 0x00, 0x00, 0x00, 0x00, 0x00,
    0x00, 0x00, 0x00, 0x00, 0x00, 0x00, 0x00, 0x00, 0x00, 0x00, 0x00, 0x00, 0x00, 0x00, 0x00, 0x00, 0x00, 0x00, 0x00,
    0x00, 0x00, 0x00, 0x00, 0x00, 0x00, 0x00, 0x00, 0x00, 0x00, 0x20, 0x00, 0x21, 0x00, 0x21, 0x00, 0x21, 0x08, 0x41,
    0x08, 0x42, 0x08, 0x42, 0x08, 0x62, 0x08, 0x83, 0x10, 0x22, 0x08, 0x0a, 0x42, 0x5f, 0xef, 0x1f, 0xe7, 0xff, 0xe6,
    0xff, 0xc5, 0xff, 0xc5, 0xff, 0xc5, 0xff, 0xc5, 0xff, 0xc5, 0xdf, 0xc5, 0xdf, 0xc5, 0xdf, 0xc5, 0xdf, 0xc5, 0xdf,
    0xc5, 0xdf, 0xc5, 0xbf, 0xc5, 0xbf, 0xc5, 0xbf, 0xbd, 0xbf, 0xbd, 0xbf, 0xbd, 0xbf, 0xbd, 0x9f, 0xbd, 0x9f, 0xbd,
    0x9f, 0xbd, 0x9f, 0xbd, 0x9e, 0xbd, 0x9e, 0xbd, 0x7e, 0xbd, 0x7e, 0xbd, 0x7e, 0xbd, 0x7e, 0xb5, 0x7e, 0xb5, 0x7e,
    0xb5, 0x5e, 0xb5, 0x5e, 0xb5, 0x5e, 0xb5, 0x5e, 0xb5, 0x3e, 0xb5, 0x7e, 0xb5, 0x9f, 0xf7, 0xdf, 0xff, 0xdf, 0xff,
    0xdf, 0xff, 0xdf, 0xff, 0xdf, 0xff, 0xdf, 0xff, 0xdf, 0xff, 0xdf, 0xff, 0xdf, 0xff, 0xbf, 0xf7, 0xff, 0xff, 0xbe,
    0xbd, 0xde, 0xa4, 0xfe, 0xac, 0xfe, 0xac, 0xfe, 0xac, 0xfe, 0xac, 0xde, 0xa4, 0xde, 0xa4, 0xde, 0xa4, 0xdd, 0xa4,
    0xdd, 0xa4, 0xdd, 0xa4, 0xbd, 0xa4, 0xbd, 0xa4, 0xbd, 0xa4, 0xbd, 0xa4, 0xbd, 0xa4, 0xbd, 0xa4, 0x9d, 0xa4, 0x9d,
    0x9c, 0x9d, 0x9c, 0x9d, 0x9c, 0x9d, 0x9c, 0x9d, 0x9c, 0x7d, 0x9c, 0x7d, 0x9c, 0x7d, 0x9c, 0x7d, 0x9c, 0x7d, 0x9c,
    0x7d, 0x9c, 0x5d, 0x9c, 0x5d, 0x9c, 0x5d, 0x9c, 0x5d, 0x9c, 0x3d, 0x94, 0x9e, 0xbd, 0x5e, 0xd6, 0xbf, 0xde, 0x30,
    0x6b, 0x21, 0x00, 0x83, 0x10, 0x62, 0x08, 0x42, 0x08, 0x42, 0x08, 0x41, 0x08, 0x21, 0x08, 0x21, 0x00, 0x21, 0x00,
    0x21, 0x00, 0x00, 0x00, 0x00, 0x00, 0x00, 0x00, 0x00, 0x00, 0x00, 0x00, 0x00, 0x00, 0x00, 0x00, 0x00, 0x00, 0x00,
    0x00, 0x00, 0x00, 0x00, 0x00, 0x00, 0x00, 0x00, 0x00, 0x00, 0x00, 0x00, 0x00, 0x00, 0x00, 0x00, 0x00, 0x00, 0x00,
    0x00, 0x00, 0x00, 0x00, 0x00, 0x00, 0x00, 0x00, 0x00, 0x00, 0x00, 0x00, 0x00, 0x00, 0x00, 0x00, 0x00, 0x00, 0x00,
    0x00, 0x00, 0x00, 0x00, 0x00, 0x00, 0x00, 0x00, 0x00, 0x00, 0x00, 0x00, 0x00, 0x00, 0x00, 0x00, 0x00, 0x00, 0x00,
    0x00, 0x00, 0x00, 0x00, 0x00, 0x00, 0x00, 0x00, 0x00, 0x00, 0x00, 0x00, 0x00, 0x00, 0x00, 0x00, 0x00, 0x00, 0x00,
    0x00, 0x00, 0x00, 0x00, 0x00, 0x00, 0x00, 0x00, 0x00, 0x00, 0x00, 0x00, 0x00, 0x00, 0x00, 0x00, 0x00, 0x00, 0x00,
    0x00, 0x00, 0x00, 0x00, 0x00, 0x00, 0x00, 0x00, 0x00, 0x00, 0x00, 0x00, 0x00, 0x00, 0x00, 0x00, 0x00, 0x00, 0x00,
    0x00, 0x00, 0x00, 0x00, 0x00, 0x00, 0x00, 0x00, 0x00, 0x00, 0x00, 0x00, 0x00, 0x00, 0x00, 0x00, 0x00, 0x00, 0x00,
    0x00, 0x00, 0x00, 0x00, 0x00, 0x00, 0x00, 0x00, 0x00, 0x00, 0x00, 0x00, 0x00, 0x00, 0x00, 0x00, 0x00, 0x00, 0x00,
    0x00, 0x00, 0x00, 0x00, 0x00, 0x00, 0x00, 0x00, 0x00, 0x00, 0x00, 0x21, 0x00, 0x21, 0x00, 0x21, 0x00, 0x21, 0x08,
    0x41, 0x08, 0x42, 0x08, 0x42, 0x08, 0x62, 0x08, 0x83, 0x10, 0x01, 0x00, 0xf2, 0x7b, 0x9f, 0xf7, 0x1f, 0xe7, 0xbf,
    0xde, 0xdf, 0xc5, 0xff, 0xc5, 0xff, 0xc5, 0xff, 0xc5, 0xdf, 0xc5, 0xdf, 0xc5, 0xdf, 0xc5, 0xdf, 0xc5, 0xdf, 0xc5,
    0xdf, 0xc5, 0xbf, 0xc5, 0xbf, 0xc5, 0xbf, 0xbd, 0xbf, 0xbd, 0xbf, 0xbd, 0xbf, 0xbd, 0x9f, 0xbd, 0x9f, 0xbd, 0x9f,
    0xbd, 0x9f, 0xbd, 0x9e, 0xbd, 0x9e, 0xbd, 0x7e, 0xbd, 0x7e, 0xbd, 0x7e, 0xbd, 0x7e, 0xb5, 0x7e, 0xb5, 0x7e, 0xb5,
    0x5e, 0xb5, 0x5e, 0xb5, 0x5e, 0xb5, 0x5e, 0xb5, 0x5e, 0xb5, 0x3e, 0xb5, 0x7e, 0xb5, 0x9f, 0xf7, 0xdf, 0xff, 0xdf,
    0xff, 0xdf, 0xff, 0xdf, 0xff, 0xdf, 0xff, 0xdf, 0xff, 0xdf, 0xff, 0xdf, 0xff, 0xdf, 0xff, 0xbf, 0xf7, 0xdf, 0xff,
    0xbe, 0xbd, 0xde, 0xa4, 0xfe, 0xac, 0xfe, 0xac, 0xfe, 0xac, 0xde, 0xa4, 0xde, 0xa4, 0xde, 0xa4, 0xdd, 0xa4, 0xdd,
    0xa4, 0xdd, 0xa4, 0xbd, 0xa4, 0xbd, 0xa4, 0xbd, 0xa4, 0xbd, 0xa4, 0xbd, 0xa4, 0xbd, 0xa4, 0x9d, 0xa4, 0x9d, 0x9c,
    0x9d, 0x9c, 0x9d, 0x9c, 0x9d, 0x9c, 0x9d, 0x9c, 0x7d, 0x9c, 0x7d, 0x9c, 0x7d, 0x9c, 0x7d, 0x9c, 0x7d, 0x9c, 0x7d,
    0x9c, 0x5d, 0x9c, 0x5d, 0x9c, 0x5d, 0x9c, 0x5d, 0x94, 0x5d, 0x94, 0x1d, 0x94, 0x1d, 0xad, 0x5e, 0xd6, 0x9f, 0xde,
    0xd8, 0xa4, 0x42, 0x08, 0x83, 0x10, 0x63, 0x08, 0x62, 0x08, 0x42, 0x08, 0x42, 0x08, 0x41, 0x08, 0x21, 0x00, 0x21,
    0x00, 0x21, 0x00, 0x20, 0x00, 0x00, 0x00, 0x00, 0x00, 0x00, 0x00, 0x00, 0x00, 0x00, 0x00, 0x00, 0x00, 0x00, 0x00,
    0x00, 0x00, 0x00, 0x00, 0x00, 0x00, 0x00, 0x00, 0x00, 0x00, 0x00, 0x00, 0x00, 0x00, 0x00, 0x00, 0x00, 0x00, 0x00,
    0x00, 0x00, 0x00, 0x00, 0x00, 0x00, 0x00, 0x00, 0x00, 0x00, 0x00, 0x00, 0x00, 0x00, 0x00, 0x00, 0x00, 0x00, 0x00,
    0x00, 0x00, 0x00, 0x00, 0x00, 0x00, 0x00, 0x00, 0x00, 0x00, 0x00, 0x00, 0x00, 0x00, 0x00, 0x00, 0x00, 0x00, 0x00,
    0x00, 0x00, 0x00, 0x00, 0x00, 0x00, 0x00, 0x00, 0x00, 0x00, 0x00, 0x00, 0x00, 0x00, 0x00, 0x00, 0x00, 0x00, 0x00,
    0x00, 0x00, 0x00, 0x00, 0x00, 0x00, 0x00, 0x00, 0x00, 0x00, 0x00, 0x00, 0x00, 0x00, 0x00, 0x00, 0x00, 0x00, 0x00,
    0x00, 0x00, 0x00, 0x00, 0x00, 0x00, 0x00, 0x00, 0x00, 0x00, 0x00, 0x00, 0x00, 0x00, 0x00, 0x00, 0x00, 0x00, 0x00,
    0x00, 0x00, 0x00, 0x00, 0x00, 0x00, 0x00, 0x00, 0x00, 0x00, 0x00, 0x00, 0x00, 0x00, 0x00, 0x00, 0x00, 0x00, 0x00,
    0x00, 0x00, 0x00, 0x00, 0x00, 0x00, 0x00, 0x00, 0x00, 0x00, 0x00, 0x00, 0x00, 0x00, 0x00, 0x00, 0x00, 0x00, 0x00,
    0x00, 0x00, 0x00, 0x00, 0x00, 0x00, 0x00, 0x00, 0x00, 0x00, 0x20, 0x00, 0x21, 0x00, 0x21, 0x00, 0x21, 0x00, 0x41,
    0x08, 0x42, 0x08, 0x42, 0x08, 0x62, 0x08, 0x63, 0x08, 0x83, 0x10, 0x42, 0x08, 0x78, 0xb5, 0x7f, 0xf7, 0x1f, 0xe7,
    0x5f, 0xd6, 0xdf, 0xc5, 0xff, 0xc5, 0xff, 0xc5, 0xdf, 0xc5, 0xdf, 0xc5, 0xdf, 0xc5, 0xdf, 0xc5, 0xdf, 0xc5, 0xdf,
    0xc5, 0xbf, 0xc5, 0xbf, 0xc5, 0xbf, 0xbd, 0xbf, 0xbd, 0xbf, 0xbd, 0xbf, 0xbd, 0x9f, 0xbd, 0x9f, 0xbd, 0x9f, 0xbd,
    0x9f, 0xbd, 0x9e, 0xbd, 0x9e, 0xbd, 0x7e, 0xbd, 0x7e, 0xbd, 0x7e, 0xbd, 0x7e, 0xb5, 0x7e, 0xb5, 0x7e, 0xb5, 0x5e,
    0xb5, 0x5e, 0xb5, 0x5e, 0xb5, 0x5e, 0xb5, 0x5e, 0xb5, 0x5e, 0xb5, 0x3e, 0xb5, 0x7e, 0xb5, 0x9f, 0xf7, 0xdf, 0xff,
    0xdf, 0xff, 0xdf, 0xff, 0xdf, 0xff, 0xdf, 0xff, 0xdf, 0xff, 0xdf, 0xff, 0xdf, 0xff, 0xdf, 0xff, 0xbf, 0xf7, 0xdf,
    0xff, 0xbe, 0xbd, 0xde, 0xa4, 0xfe, 0xac, 0xfe, 0xac, 0xde, 0xa4, 0xde, 0xa4, 0xde, 0xa4, 0xdd, 0xa4, 0xdd, 0xa4,
    0xdd, 0xa4, 0xbd, 0xa4, 0xbd, 0xa4, 0xbd, 0xa4, 0xbd, 0xa4, 0xbd, 0xa4, 0xbd, 0xa4, 0x9d, 0xa4, 0x9d, 0x9c, 0x9d,
    0x9c, 0x9d, 0x9c, 0x9d, 0x9c, 0x9d, 0x9c, 0x7d, 0x9c, 0x7d, 0x9c, 0x7d, 0x9c, 0x7d, 0x9c, 0x7d, 0x9c, 0x7d, 0x9c,
    0x5d, 0x9c, 0x5d, 0x9c, 0x5d, 0x9c, 0x5d, 0x94, 0x5d, 0x94, 0x5d, 0x94, 0x3d, 0x94, 0x7d, 0x9c, 0x3e, 0xce, 0x5f,
    0xd6, 0xdc, 0xc5, 0xe5, 0x20, 0x63, 0x08, 0x63, 0x10, 0x62, 0x08, 0x42, 0x08, 0x42, 0x08, 0x41, 0x08, 0x21, 0x00,
    0x21, 0x00, 0x21, 0x00, 0x20, 0x00, 0x00, 0x00, 0x00, 0x00, 0x00, 0x00, 0x00, 0x00, 0x00, 0x00, 0x00, 0x00, 0x00,
    0x00, 0x00, 0x00, 0x00, 0x00, 0x00, 0x00, 0x00, 0x00, 0x00, 0x00, 0x00, 0x00, 0x00, 0x00, 0x00, 0x00, 0x00, 0x00,
    0x00, 0x00, 0x00, 0x00, 0x00, 0x00, 0x00, 0x00, 0x00, 0x00, 0x00, 0x00, 0x00, 0x00, 0x00, 0x00, 0x00, 0x00, 0x00,
    0x00, 0x00, 0x00, 0x00, 0x00, 0x00, 0x00, 0x00, 0x00, 0x00, 0x00, 0x00, 0x00, 0x00, 0x00, 0x00, 0x00, 0x00, 0x00,
    0x00, 0x00, 0x00, 0x00, 0x00, 0x00, 0x00, 0x00, 0x00, 0x00, 0x00, 0x00, 0x00, 0x00, 0x00, 0x00, 0x00, 0x00, 0x00,
    0x00, 0x00, 0x00, 0x00, 0x00, 0x00, 0x00, 0x00, 0x00, 0x00, 0x00, 0x00, 0x00, 0x00, 0x00, 0x00, 0x00, 0x00, 0x00,
    0x00, 0x00, 0x00, 0x00, 0x00, 0x00, 0x00, 0x00, 0x00, 0x00, 0x00, 0x00, 0x00, 0x00, 0x00, 0x00, 0x00, 0x00, 0x00,
    0x00, 0x00, 0x00, 0x00, 0x00, 0x00, 0x00, 0x00, 0x00, 0x00, 0x00, 0x00, 0x00, 0x00, 0x00, 0x00, 0x00, 0x00, 0x00,
    0x00, 0x00, 0x00, 0x00, 0x00, 0x00, 0x00, 0x00, 0x00, 0x00, 0x00, 0x00, 0x00, 0x00, 0x00, 0x00, 0x00, 0x00, 0x00,
    0x00, 0x00, 0x00, 0x00, 0x00, 0x00, 0x00, 0x00, 0x00, 0x00, 0x00, 0x20, 0x00, 0x21, 0x00, 0x21, 0x00, 0x21, 0x00,
    0x41, 0x08, 0x42, 0x08, 0x42, 0x08, 0x62, 0x08, 0x63, 0x10, 0x63, 0x08, 0xe5, 0x18, 0x9d, 0xd6, 0x3f, 0xef, 0x1f,
    0xe7, 0x1f, 0xce, 0xff, 0xc5, 0xff, 0xc5, 0xdf, 0xc5, 0xdf, 0xc5, 0xdf, 0xc5, 0xdf, 0xc5, 0xdf, 0xc5, 0xdf, 0xc5,
    0xbf, 0xc5, 0xbf, 0xc5, 0xbf, 0xbd, 0xbf, 0xbd, 0xbf, 0xbd, 0xbf, 0xbd, 0x9f, 0xbd, 0x9f, 0xbd, 0x9f, 0xbd, 0x9f,
    0xbd, 0x9e, 0xbd, 0x9e, 0xbd, 0x7e, 0xbd, 0x7e, 0xbd, 0x7e, 0xbd, 0x7e, 0xb5, 0x7e, 0xb5, 0x7e, 0xb5, 0x5e, 0xb5,
    0x5e, 0xb5, 0x5e, 0xb5, 0x5e, 0xb5, 0x5e, 0xb5, 0x5e, 0xb5, 0x5e, 0xb5, 0x3e, 0xb5, 0x5e, 0xb5, 0x9f, 0xf7, 0xdf,
    0xff, 0xdf, 0xff, 0xdf, 0xff, 0xdf, 0xff, 0xdf, 0xff, 0xdf, 0xff, 0xdf, 0xff, 0xdf, 0xff, 0xbf, 0xff, 0xbf, 0xf7,
    0xdf, 0xff, 0xbe, 0xbd, 0xbe, 0xa4, 0xfe, 0xac, 0xde, 0xa4, 0xde, 0xa4, 0xde, 0xa4, 0xdd, 0xa4, 0xdd, 0xa4, 0xdd,
    0xa4, 0xbd, 0xa4, 0xbd, 0xa4, 0xbd, 0xa4, 0xbd, 0xa4, 0xbd, 0xa4, 0xbd, 0xa4, 0x9d, 0xa4, 0x9d, 0x9c, 0x9d, 0x9c,
    0x9d, 0x9c, 0x9d, 0x9c, 0x9d, 0x9c, 0x7d, 0x9c, 0x7d, 0x9c, 0x7d, 0x9c, 0x7d, 0x9c, 0x7d, 0x9c, 0x7d, 0x9c, 0x5d,
    0x9c, 0x5d, 0x9c, 0x5d, 0x9c, 0x5d, 0x94, 0x5d, 0x94, 0x5d, 0x94, 0x3d, 0x94, 0x3d, 0x94, 0x3d, 0x94, 0xde, 0xc5,
    0x5e, 0xce, 0x7f, 0xd6, 0xea, 0x41, 0x22, 0x08, 0x83, 0x10, 0x62, 0x08, 0x42, 0x08, 0x42, 0x08, 0x41, 0x08, 0x21,
    0x08, 0x21, 0x00, 0x21, 0x00, 0x20, 0x00, 0x00, 0x00, 0x00, 0x00, 0x00, 0x00, 0x00, 0x00, 0x00, 0x00, 0x00, 0x00,
    0x00, 0x00, 0x00, 0x00, 0x00, 0x00, 0x00, 0x00, 0x00, 0x00, 0x00, 0x00, 0x00, 0x00, 0x00, 0x00, 0x00, 0x00, 0x00,
    0x00, 0x00, 0x00, 0x00, 0x00, 0x00, 0x00, 0x00, 0x00, 0x00, 0x00, 0x00, 0x00, 0x00, 0x00, 0x00, 0x00, 0x00, 0x00,
    0x00, 0x00, 0x00, 0x00, 0x00, 0x00, 0x00, 0x00, 0x00, 0x00, 0x00, 0x00, 0x00, 0x00, 0x00, 0x00, 0x00, 0x00, 0x00,
    0x00, 0x00, 0x00, 0x00, 0x00, 0x00, 0x00, 0x00, 0x00, 0x00, 0x00, 0x00, 0x00, 0x00, 0x00, 0x00, 0x00, 0x00, 0x00,
    0x00, 0x00, 0x00, 0x00, 0x00, 0x00, 0x00, 0x00, 0x00, 0x00, 0x00, 0x00, 0x00, 0x00, 0x00, 0x00, 0x00, 0x00, 0x00,
    0x00, 0x00, 0x00, 0x00, 0x00, 0x00, 0x00, 0x00, 0x00, 0x00, 0x00, 0x00, 0x00, 0x00, 0x00, 0x00, 0x00, 0x00, 0x00,
    0x00, 0x00, 0x00, 0x00, 0x00, 0x00, 0x00, 0x00, 0x00, 0x00, 0x00, 0x00, 0x00, 0x00, 0x00, 0x00, 0x00, 0x00, 0x00,
    0x00, 0x00, 0x00, 0x00, 0x00, 0x00, 0x00, 0x00, 0x00, 0x00, 0x00, 0x00, 0x00, 0x00, 0x00, 0x00, 0x00, 0x00, 0x00,
    0x00, 0x00, 0x00, 0x00, 0x00, 0x00, 0x00, 0x00, 0x00, 0x00, 0x00, 0x00, 0x20, 0x00, 0x21, 0x00, 0x21, 0x00, 0x21,
    0x08, 0x41, 0x08, 0x42, 0x08, 0x42, 0x08, 0x62, 0x08, 0x83, 0x10, 0x22, 0x08, 0xc9, 0x39, 0x3f, 0xef, 0x1f, 0xe7,
    0xdf, 0xe6, 0xff, 0xc5, 0xff, 0xc5, 0xdf, 0xc5, 0xdf, 0xc5, 0xdf, 0xc5, 0xdf, 0xc5, 0xdf, 0xc5, 0xdf, 0xc5, 0xbf,
    0xc5, 0xbf, 0xc5, 0xbf, 0xbd, 0xbf, 0xbd, 0xbf, 0xbd, 0xbf, 0xbd, 0x9f, 0xbd, 0x9f, 0xbd, 0x9f, 0xbd, 0x9f, 0xbd,
    0x9e, 0xbd, 0x9e, 0xbd, 0x7e, 0xbd, 0x7e, 0xbd, 0x7e, 0xbd, 0x7e, 0xb5, 0x7e, 0xb5, 0x7e, 0xb5, 0x5e, 0xb5, 0x5e,
    0xb5, 0x5e, 0xb5, 0x5e, 0xb5, 0x5e, 0xb5, 0x5e, 0xb5, 0x3e, 0xb5, 0x3e, 0xb5, 0x3e, 0xb5, 0x5e, 0xb5, 0x9f, 0xf7,
    0xdf, 0xff, 0xdf, 0xff, 0xdf, 0xff, 0xdf, 0xff, 0xdf, 0xff, 0xdf, 0xff, 0xdf, 0xff, 0xbf, 0xff, 0xbf, 0xff, 0xbf,
    0xf7, 0xdf, 0xff, 0x9e, 0xbd, 0xbd, 0xa4, 0xfe, 0xac, 0xde, 0xa4, 0xde, 0xa4, 0xdd, 0xa4, 0xdd, 0xa4, 0xdd, 0xa4,
    0xbd, 0xa4, 0xbd, 0xa4, 0xbd, 0xa4, 0xbd, 0xa4, 0xbd, 0xa4, 0xbd, 0xa4, 0x9d, 0xa4, 0x9d, 0x9c, 0x9d, 0x9c, 0x9d,
    0x9c, 0x9d, 0x9c, 0x9d, 0x9c, 0x7d, 0x9c, 0x7d, 0x9c, 0x7d, 0x9c, 0x7d, 0x9c, 0x7d, 0x9c, 0x7d, 0x9c, 0x5d, 0x9c,
    0x5d, 0x9c, 0x5d, 0x9c, 0x5d, 0x94, 0x5d, 0x94, 0x5d, 0x94, 0x3d, 0x94, 0x3d, 0x94, 0x3d, 0x94, 0x1c, 0x94, 0x7e,
    0xbd, 0x5e, 0xce, 0x9f, 0xde, 0xef, 0x62, 0x01, 0x00, 0x83, 0x10, 0x62, 0x08, 0x42, 0x08, 0x42, 0x08, 0x41, 0x08,
    0x21, 0x08, 0x21, 0x00, 0x21, 0x00, 0x21, 0x00, 0x00, 0x00, 0x00, 0x00, 0x00, 0x00, 0x00, 0x00, 0x00, 0x00, 0x00,
    0x00, 0x00, 0x00, 0x00, 0x00, 0x00, 0x00, 0x00, 0x00, 0x00, 0x00, 0x00, 0x00, 0x00, 0x00, 0x00, 0x00, 0x00, 0x00,
    0x00, 0x00, 0x00, 0x00, 0x00, 0x00, 0x00, 0x00, 0x00, 0x00, 0x00, 0x00, 0x00, 0x00, 0x00, 0x00, 0x00, 0x00, 0x00,
    0x00, 0x00, 0x00, 0x00, 0x00, 0x00, 0x00, 0x00, 0x00, 0x00, 0x00, 0x00, 0x00, 0x00, 0x00, 0x00, 0x00, 0x00, 0x00,
    0x00, 0x00, 0x00, 0x00, 0x00, 0x00, 0x00, 0x00, 0x00, 0x00, 0x00, 0x00, 0x00, 0x00, 0x00, 0x00, 0x00, 0x00, 0x00,
    0x00, 0x00, 0x00, 0x00, 0x00, 0x00, 0x00, 0x00, 0x00, 0x00, 0x00, 0x00, 0x00, 0x00, 0x00, 0x00, 0x00, 0x00, 0x00,
    0x00, 0x00, 0x00, 0x00, 0x00, 0x00, 0x00, 0x00, 0x00, 0x00, 0x00, 0x00, 0x00, 0x00, 0x00, 0x00, 0x00, 0x00, 0x00,
    0x00, 0x00, 0x00, 0x00, 0x00, 0x00, 0x00, 0x00, 0x00, 0x00, 0x00, 0x00, 0x00, 0x00, 0x00, 0x00, 0x00, 0x00, 0x00,
    0x00, 0x00, 0x00, 0x00, 0x00, 0x00, 0x00, 0x00, 0x00, 0x00, 0x00, 0x00, 0x00, 0x00, 0x00, 0x00, 0x00, 0x00, 0x00,
    0x00, 0x00, 0x00, 0x00, 0x00, 0x00, 0x00, 0x00, 0x00, 0x00, 0x00, 0x00, 0x00, 0x21, 0x00, 0x21, 0x00, 0x21, 0x00,
    0x21, 0x08, 0x41, 0x08, 0x42, 0x08, 0x42, 0x08, 0x63, 0x08, 0x83, 0x10, 0x02, 0x00, 0x0f, 0x63, 0x7f, 0xf7, 0x1f,
    0xe7, 0xbf, 0xde, 0xdf, 0xc5, 0xdf, 0xc5, 0xdf, 0xc5, 0xdf, 0xc5, 0xdf, 0xc5, 0xdf, 0xc5, 0xdf, 0xc5, 0xbf, 0xc5,
    0xbf, 0xc5, 0xbf, 0xbd, 0xbf, 0xbd, 0xbf, 0xbd, 0xbf, 0xbd, 0x9f, 0xbd, 0x9f, 0xbd, 0x9f, 0xbd, 0x9f, 0xbd, 0x9e,
    0xbd, 0x9e, 0xbd, 0x7e, 0xbd, 0x7e, 0xbd, 0x7e, 0xbd, 0x7e, 0xb5, 0x7e, 0xb5, 0x7e, 0xb5, 0x5e, 0xb5, 0x5e, 0xb5,
    0x5e, 0xb5, 0x5e, 0xb5, 0x5e, 0xb5, 0x5e, 0xb5, 0x3e, 0xb5, 0x3e, 0xb5, 0x3e, 0xb5, 0x3e, 0xad, 0x5e, 0xb5, 0x9f,
    0xf7, 0xdf, 0xff, 0xdf, 0xff, 0xdf, 0xff, 0xdf, 0xff, 0xdf, 0xff, 0xdf, 0xff, 0xbf, 0xff, 0xbf, 0xff, 0xbf, 0xff,
    0xbf, 0xf7, 0xdf, 0xff, 0x9e, 0xbd, 0xbd, 0xa4, 0xde, 0xac, 0xde, 0xa4, 0xdd, 0xa4, 0xdd, 0xa4, 0xdd, 0xa4, 0xbd,
    0xa4, 0xbd, 0xa4, 0xbd, 0xa4, 0xbd, 0xa4, 0xbd, 0xa4, 0xbd, 0xa4, 0x9d, 0xa4, 0x9d, 0x9c, 0x9d, 0x9c, 0x9d, 0x9c,
    0x9d, 0x9c, 0x9d, 0x9c, 0x7d, 0x9c, 0x7d, 0x9c, 0x7d, 0x9c, 0x7d, 0x9c, 0x7d, 0x9c, 0x7d, 0x9c, 0x5d, 0x9c, 0x5d,
    0x9c, 0x5d, 0x9c, 0x5d, 0x94, 0x5d, 0x94, 0x5d, 0x94, 0x3d, 0x94, 0x3d, 0x94, 0x3d, 0x94, 0x3d, 0x94, 0xfc, 0x8b,
    0x1d, 0xad, 0x5e, 0xce, 0x9f, 0xde, 0x34, 0x8c, 0x22, 0x08, 0x83, 0x10, 0x63, 0x08, 0x62, 0x08, 0x42, 0x08, 0x42,
    0x08, 0x41, 0x08, 0x21, 0x00, 0x21, 0x00, 0x21, 0x00, 0x20, 0x00, 0x00, 0x00, 0x00, 0x00, 0x00, 0x00, 0x00, 0x00,
    0x00, 0x00, 0x00, 0x00, 0x00, 0x00, 0x00, 0x00, 0x00, 0x00, 0x00, 0x00, 0x00, 0x00, 0x00, 0x00, 0x00, 0x00, 0x00,
    0x00, 0x00, 0x00, 0x00, 0x00, 0x00, 0x00, 0x00, 0x00, 0x00, 0x00, 0x00, 0x00, 0x00, 0x00, 0x00, 0x00, 0x00, 0x00,
    0x00, 0x00, 0x00, 0x00, 0x00, 0x00, 0x00, 0x00, 0x00, 0x00, 0x00, 0x00, 0x00, 0x00, 0x00, 0x00, 0x00, 0x00, 0x00,
    0x00, 0x00, 0x00, 0x00, 0x00, 0x00, 0x00, 0x00, 0x00, 0x00, 0x00, 0x00, 0x00, 0x00, 0x00, 0x00, 0x00, 0x00, 0x00,
    0x00, 0x00, 0x00, 0x00, 0x00, 0x00, 0x00, 0x00, 0x00, 0x00, 0x00, 0x00, 0x00, 0x00, 0x00, 0x00, 0x00, 0x00, 0x00,
    0x00, 0x00, 0x00, 0x00, 0x00, 0x00, 0x00, 0x00, 0x00, 0x00, 0x00, 0x00, 0x00, 0x00, 0x00, 0x00, 0x00, 0x00, 0x00,
    0x00, 0x00, 0x00, 0x00, 0x00, 0x00, 0x00, 0x00, 0x00, 0x00, 0x00, 0x00, 0x00, 0x00, 0x00, 0x00, 0x00, 0x00, 0x00,
    0x00, 0x00, 0x00, 0x00, 0x00, 0x00, 0x00, 0x00, 0x00, 0x00, 0x00, 0x00, 0x00, 0x00, 0x00, 0x00, 0x00, 0x00, 0x00,
    0x00, 0x00, 0x00, 0x00, 0x00, 0x00, 0x00, 0x00, 0x00, 0x00, 0x00, 0x00, 0x00, 0x00, 0x21, 0x00, 0x21, 0x00, 0x21,
    0x00, 0x21, 0x08, 0x42, 0x08, 0x42, 0x08, 0x62, 0x08, 0x63, 0x08, 0x83, 0x10, 0x01, 0x00, 0xd2, 0x7b, 0x9f, 0xf7,
    0x1f, 0xe7, 0x7f, 0xd6, 0xdf, 0xc5, 0xdf, 0xc5, 0xdf, 0xc5, 0xdf, 0xc5, 0xdf, 0xc5, 0xdf, 0xc5, 0xbf, 0xc5, 0xbf,
    0xc5, 0xbf, 0xbd, 0xbf, 0xbd, 0xbf, 0xbd, 0xbf, 0xbd, 0x9f, 0xbd, 0x9f, 0xbd, 0x9f, 0xbd, 0x9f, 0xbd, 0x9e, 0xbd,
    0x9e, 0xbd, 0x7e, 0xbd, 0x7e, 0xbd, 0x7e, 0xbd, 0x7e, 0xb5, 0x7e, 0xb5, 0x7e, 0xb5, 0x5e, 0xb5, 0x5e, 0xb5, 0x5e,
    0xb5, 0x5e, 0xb5, 0x5e, 0xb5, 0x5e, 0xb5, 0x3e, 0xb5, 0x3e, 0xb5, 0x3e, 0xb5, 0x3e, 0xb5, 0x1e, 0xad, 0x5e, 0xb5,
    0x9f, 0xf7, 0xdf, 0xff, 0xdf, 0xff, 0xdf, 0xff, 0xdf, 0xff, 0xdf, 0xff, 0xbf, 0xff, 0xbf, 0xff, 0xbf, 0xff, 0xbf,
    0xff, 0xbf, 0xf7, 0xdf, 0xff, 0xbe, 0xbd, 0xbd, 0xa4, 0xde, 0xa4, 0xdd, 0xa4, 0xdd, 0xa4, 0xdd, 0xa4, 0xbd, 0xa4,
    0xbd, 0xa4, 0xbd, 0xa4, 0xbd, 0xa4, 0xbd, 0xa4, 0xbd, 0xa4, 0x9d, 0xa4, 0x9d, 0x9c, 0x9d, 0x9c, 0x9d, 0x9c, 0x9d,
    0x9c, 0x9d, 0x9c, 0x7d, 0x9c, 0x7d, 0x9c, 0x7d, 0x9c, 0x7d, 0x9c, 0x7d, 0x9c, 0x7d, 0x9c, 0x5d, 0x9c, 0x5d, 0x9c,
    0x5d, 0x9c, 0x5d, 0x94, 0x5d, 0x94, 0x5d, 0x94, 0x3d, 0x94, 0x3d, 0x94, 0x3d, 0x94, 0x3d, 0x94, 0x3d, 0x94, 0x1c,
    0x8c, 0xbd, 0xa4, 0x5e, 0xce, 0x9f, 0xd6, 0xd8, 0x9c, 0x42, 0x08, 0x83, 0x10, 0x63, 0x10, 0x62, 0x08, 0x42, 0x08,
    0x42, 0x08, 0x41, 0x08, 0x21, 0x00, 0x21, 0x00, 0x21, 0x00, 0x20, 0x00, 0x00, 0x00, 0x00, 0x00, 0x00, 0x00, 0x00,
    0x00, 0x00, 0x00, 0x00, 0x00, 0x00, 0x00, 0x00, 0x00, 0x00, 0x00, 0x00, 0x00, 0x00, 0x00, 0x00, 0x00, 0x00, 0x00,
    0x00, 0x00, 0x00, 0x00, 0x00, 0x00, 0x00, 0x00, 0x00, 0x00, 0x00, 0x00, 0x00, 0x00, 0x00, 0x00, 0x00, 0x00, 0x00,
    0x00, 0x00, 0x00, 0x00, 0x00, 0x00, 0x00, 0x00, 0x00, 0x00, 0x00, 0x00, 0x00, 0x00, 0x00, 0x00, 0x00, 0x00, 0x00,
    0x00, 0x00, 0x00, 0x00, 0x00, 0x00, 0x00, 0x00, 0x00, 0x00, 0x00, 0x00, 0x00, 0x00, 0x00, 0x00, 0x00, 0x00, 0x00,
    0x00, 0x00, 0x00, 0x00, 0x00, 0x00, 0x00, 0x00, 0x00, 0x00, 0x00, 0x00, 0x00, 0x00, 0x00, 0x00, 0x00, 0x00, 0x00,
    0x00, 0x00, 0x00, 0x00, 0x00, 0x00, 0x00, 0x00, 0x00, 0x00, 0x00, 0x00, 0x00, 0x00, 0x00, 0x00, 0x00, 0x00, 0x00,
    0x00, 0x00, 0x00, 0x00, 0x00, 0x00, 0x00, 0x00, 0x00, 0x00, 0x00, 0x00, 0x00, 0x00, 0x00, 0x00, 0x00, 0x00, 0x00,
    0x00, 0x00, 0x00, 0x00, 0x00, 0x00, 0x00, 0x00, 0x00, 0x00, 0x00, 0x00, 0x00, 0x00, 0x00, 0x00, 0x00, 0x00, 0x00,
    0x00, 0x00, 0x00, 0x00, 0x00, 0x00, 0x00, 0x00, 0x00, 0x00, 0x00, 0x00, 0x00, 0x20, 0x00, 0x21, 0x00, 0x21, 0x00,
    0x21, 0x00, 0x41, 0x08, 0x42, 0x08, 0x42, 0x08, 0x62, 0x08, 0x63, 0x08, 0x83, 0x10, 0x22, 0x08, 0xf6, 0xa4, 0x7f,
    0xf7, 0x1f, 0xe7, 0x5f, 0xd6, 0xdf, 0xc5, 0xdf, 0xc5, 0xdf, 0xc5, 0xdf, 0xc5, 0xdf, 0xc5, 0xbf, 0xc5, 0xbf, 0xc5,
    0xbf, 0xbd, 0xbf, 0xbd, 0xbf, 0xbd, 0xbf, 0xbd, 0x9f, 0xbd, 0x9f, 0xbd, 0x9f, 0xbd, 0x9f, 0xbd, 0x9e, 0xbd, 0x9e,
    0xbd, 0x7e, 0xbd, 0x7e, 0xbd, 0x7e, 0xbd, 0x7e, 0xb5, 0x7e, 0xb5, 0x7e, 0xb5, 0x5e, 0xb5, 0x5e, 0xb5, 0x5e, 0xb5,
    0x5e, 0xb5, 0x5e, 0xb5, 0x5e, 0xb5, 0x3e, 0xb5, 0x3e, 0xb5, 0x3e, 0xb5, 0x3e, 0xb5, 0x3e, 0xb5, 0x3e, 0xad, 0x1e,
    0xad, 0x5f, 0xef, 0xff, 0xff, 0xbf, 0xff, 0xdf, 0xff, 0xdf, 0xff, 0xbf, 0xff, 0xbf, 0xff, 0xbf, 0xff, 0xbf, 0xff,
    0xbf, 0xff, 0xdf, 0xff, 0xbf, 0xf7, 0x3e, 0xb5, 0xbd, 0xa4, 0xdd, 0xa4, 0xdd, 0xa4, 0xdd, 0xa4, 0xbd, 0xa4, 0xbd,
    0xa4, 0xbd, 0xa4, 0xbd, 0xa4, 0xbd, 0xa4, 0xbd, 0xa4, 0x9d, 0xa4, 0x9d, 0x9c, 0x9d, 0x9c, 0x9d, 0x9c, 0x9d, 0x9c,
    0x9d, 0x9c, 0x7d, 0x9c, 0x7d, 0x9c, 0x7d, 0x9c, 0x7d, 0x9c, 0x7d, 0x9c, 0x7d, 0x9c, 0x5d, 0x9c, 0x5d, 0x9c, 0x5d,
    0x9c, 0x5d, 0x94, 0x5d, 0x94, 0x5d, 0x94, 0x3d, 0x94, 0x3d, 0x94, 0x3d, 0x94, 0x3d, 0x94, 0x3d, 0x94, 0x3d, 0x94,
    0x1d, 0x94, 0x7d, 0x9c, 0x3e, 0xce, 0x5f, 0xd6, 0x9b, 0xb5, 0xc5, 0x18, 0x63, 0x10, 0x63, 0x10, 0x62, 0x08, 0x42,
    0x08, 0x42, 0x08, 0x41, 0x08, 0x21, 0x00, 0x21, 0x00, 0x21, 0x00, 0x20, 0x00, 0x00, 0x00, 0x00, 0x00, 0x00, 0x00,
    0x00, 0x00, 0x00, 0x00, 0x00, 0x00, 0x00, 0x00, 0x00, 0x00, 0x00, 0x00, 0x00, 0x00, 0x00, 0x00, 0x00, 0x00, 0x00,
    0x00, 0x00, 0x00, 0x00, 0x00, 0x00, 0x00, 0x00, 0x00, 0x00, 0x00, 0x00, 0x00, 0x00, 0x00, 0x00, 0x00, 0x00, 0x00,
    0x00, 0x00, 0x00, 0x00, 0x00, 0x00, 0x00, 0x00, 0x00, 0x00, 0x00, 0x00, 0x00, 0x00, 0x00, 0x00, 0x00, 0x00, 0x00,
    0x00, 0x00, 0x00, 0x00, 0x00, 0x00, 0x00, 0x00, 0x00, 0x00, 0x00, 0x00, 0x00, 0x00, 0x00, 0x00, 0x00, 0x00, 0x00,
    0x00, 0x00, 0x00, 0x00, 0x00, 0x00, 0x00, 0x00, 0x00, 0x00, 0x00, 0x00, 0x00, 0x00, 0x00, 0x00, 0x00, 0x00, 0x00,
    0x00, 0x00, 0x00, 0x00, 0x00, 0x00, 0x00, 0x00, 0x00, 0x00, 0x00, 0x00, 0x00, 0x00, 0x00, 0x00, 0x00, 0x00, 0x00,
    0x00, 0x00, 0x00, 0x00, 0x00, 0x00, 0x00, 0x00, 0x00, 0x00, 0x00, 0x00, 0x00, 0x00, 0x00, 0x00, 0x00, 0x00, 0x00,
    0x00, 0x00, 0x00, 0x00, 0x00, 0x00, 0x00, 0x00, 0x00, 0x00, 0x00, 0x00, 0x00, 0x00, 0x00, 0x00, 0x00, 0x00, 0x00,
    0x00, 0x00, 0x00, 0x00, 0x00, 0x00, 0x00, 0x00, 0x00, 0x00, 0x00, 0x00, 0x00, 0x00, 0x20, 0x00, 0x21, 0x00, 0x21,
    0x00, 0x21, 0x00, 0x41, 0x08, 0x42, 0x08, 0x42, 0x08, 0x62, 0x08, 0x63, 0x10, 0x83, 0x10, 0x42, 0x08, 0x78, 0xb5,
    0x7f, 0xf7, 0xff, 0xe6, 0x3f, 0xce, 0xdf, 0xc5, 0xdf, 0xc5, 0xdf, 0xc5, 0xdf, 0xc5, 0xbf, 0xc5, 0xbf, 0xc5, 0xbf,
    0xbd, 0xbf, 0xbd, 0xbf, 0xbd, 0xbf, 0xbd, 0x9f, 0xbd, 0x9f, 0xbd, 0x9f, 0xbd, 0x9f, 0xbd, 0x9e, 0xbd, 0x9e, 0xbd,
    0x7e, 0xbd, 0x7e, 0xbd, 0x7e, 0xbd, 0x7e, 0xb5, 0x7e, 0xb5, 0x7e, 0xb5, 0x5e, 0xb5, 0x5e, 0xb5, 0x5e, 0xb5, 0x5e,
    0xb5, 0x5e, 0xb5, 0x5e, 0xb5, 0x3e, 0xb5, 0x3e, 0xb5, 0x3e, 0xb5, 0x3e, 0xb5, 0x3e, 0xb5, 0x3e, 0xad, 0x3e, 0xb5,
    0xfe, 0xac, 0x7f, 0xd6, 0xff, 0xff, 0xbf, 0xf7, 0xdf, 0xff, 0xbf, 0xff, 0xbf, 0xff, 0xbf, 0xff, 0xbf, 0xff, 0xbf,
    0xff, 0xbf, 0xf7, 0xff, 0xff, 0x1f, 0xe7, 0xbd, 0xa4, 0xdd, 0xa4, 0xdd, 0xa4, 0xdd, 0xa4, 0xbd, 0xa4, 0xbd, 0xa4,
    0xbd, 0xa4, 0xbd, 0xa4, 0xbd, 0xa4, 0xbd, 0xa4, 0x9d, 0xa4, 0x9d, 0x9c, 0x9d, 0x9c, 0x9d, 0x9c, 0x9d, 0x9c, 0x9d,
    0x9c, 0x7d, 0x9c, 0x7d, 0x9c, 0x7d, 0x9c, 0x7d, 0x9c, 0x7d, 0x9c, 0x7d, 0x9c, 0x5d, 0x9c, 0x5d, 0x9c, 0x5d, 0x9c,
    0x5d, 0x94, 0x5d, 0x94, 0x5d, 0x94, 0x3d, 0x94, 0x3d, 0x94, 0x3d, 0x94, 0x3d, 0x94, 0x3d, 0x94, 0x3d, 0x94, 0x1d,
    0x94, 0x1d, 0x94, 0x3d, 0x94, 0x1e, 0xce, 0x5f, 0xd6, 0xdd, 0xc5, 0xe5, 0x18, 0x63, 0x08, 0x63, 0x10, 0x62, 0x08,
    0x42, 0x08, 0x42, 0x08, 0x41, 0x08, 0x21, 0x08, 0x21, 0x00, 0x21, 0x00, 0x20, 0x00, 0x00, 0x00, 0x00, 0x00, 0x00,
    0x00, 0x00, 0x00, 0x00, 0x00, 0x00, 0x00, 0x00, 0x00, 0x00, 0x00, 0x00, 0x00, 0x00, 0x00, 0x00, 0x00, 0x00, 0x00,
    0x00, 0x00, 0x00, 0x00, 0x00, 0x00, 0x00, 0x00, 0x00, 0x00, 0x00, 0x00, 0x00, 0x00, 0x00, 0x00, 0x00, 0x00, 0x00,
    0x00, 0x00, 0x00, 0x00, 0x00, 0x00, 0x00, 0x00, 0x00, 0x00, 0x00, 0x00, 0x00, 0x00, 0x00, 0x00, 0x00, 0x00, 0x00,
    0x00, 0x00, 0x00, 0x00, 0x00, 0x00, 0x00, 0x00, 0x00, 0x00, 0x00, 0x00, 0x00, 0x00, 0x00, 0x00, 0x00, 0x00, 0x00,
    0x00, 0x00, 0x00, 0x00, 0x00, 0x00, 0x00, 0x00, 0x00, 0x00, 0x00, 0x00, 0x00, 0x00, 0x00, 0x00, 0x00, 0x00, 0x00,
    0x00, 0x00, 0x00, 0x00, 0x00, 0x00, 0x00, 0x00, 0x00, 0x00, 0x00, 0x00, 0x00, 0x00, 0x00, 0x00, 0x00, 0x00, 0x00,
    0x00, 0x00, 0x00, 0x00, 0x00, 0x00, 0x00, 0x00, 0x00, 0x00, 0x00, 0x00, 0x00, 0x00, 0x00, 0x00, 0x00, 0x00, 0x00,
    0x00, 0x00, 0x00, 0x00, 0x00, 0x00, 0x00, 0x00, 0x00, 0x00, 0x00, 0x00, 0x00, 0x00, 0x00, 0x00, 0x00, 0x00, 0x00,
    0x00, 0x00, 0x00, 0x00, 0x00, 0x00, 0x00, 0x00, 0x00, 0x00, 0x00, 0x00, 0x00, 0x00, 0x00, 0x20, 0x00, 0x21, 0x00,
    0x21, 0x00, 0x21, 0x00, 0x41, 0x08, 0x42, 0x08, 0x42, 0x08, 0x62, 0x08, 0x63, 0x10, 0x83, 0x10, 0x63, 0x10, 0xb9,
    0xbd, 0x5f, 0xef, 0xff, 0xe6, 0x1f, 0xce, 0xbf, 0xc5, 0xdf, 0xc5, 0xdf, 0xc5, 0xbf, 0xc5, 0xbf, 0xc5, 0xbf, 0xbd,
    0xbf, 0xbd, 0xbf, 0xbd, 0xbf, 0xbd, 0x9f, 0xbd, 0x9f, 0xbd, 0x9f, 0xbd, 0x9f, 0xbd, 0x9e, 0xbd, 0x9e, 0xbd, 0x7e,
    0xbd, 0x7e, 0xbd, 0x7e, 0xbd, 0x7e, 0xb5, 0x7e, 0xb5, 0x7e, 0xb5, 0x5e, 0xb5, 0x5e, 0xb5, 0x5e, 0xb5, 0x5e, 0xb5,
    0x5e, 0xb5, 0x5e, 0xb5, 0x3e, 0xb5, 0x3e, 0xb5, 0x3e, 0xb5, 0x3e, 0xb5, 0x3e, 0xb5, 0x3e, 0xad, 0x1e, 0xad, 0x1e,
    0xad, 0x1e, 0xad, 0x3e, 0xad, 0x7f, 0xef, 0xff, 0xff, 0xbf, 0xf7, 0xbf, 0xff, 0xbf, 0xff, 0xbf, 0xff, 0xbf, 0xff,
    0xbf, 0xf7, 0xdf, 0xff, 0xdf, 0xff, 0x7e, 0xb5, 0xbd, 0xa4, 0xdd, 0xa4, 0xdd, 0xa4, 0xbd, 0xa4, 0xbd, 0xa4, 0xbd,
    0xa4, 0xbd, 0xa4, 0xbd, 0xa4, 0xbd, 0xa4, 0x9d, 0xa4, 0x9d, 0x9c, 0x9d, 0x9c, 0x9d, 0x9c, 0x9d, 0x9c, 0x9d, 0x9c,
    0x7d, 0x9c, 0x7d, 0x9c, 0x7d, 0x9c, 0x7d, 0x9c, 0x7d, 0x9c, 0x7d, 0x9c, 0x5d, 0x9c, 0x5d, 0x9c, 0x5d, 0x9c, 0x5d,
    0x94, 0x5d, 0x94, 0x5d, 0x94, 0x3d, 0x94, 0x3d, 0x94, 0x3d, 0x94, 0x3d, 0x94, 0x3d, 0x94, 0x3d, 0x94, 0x1d, 0x94,
    0x1d, 0x94, 0x1c, 0x94, 0x3d, 0x94, 0xfe, 0xc5, 0x5e, 0xce, 0xfd, 0xc5, 0x27, 0x29, 0x63, 0x08, 0x83, 0x10, 0x63,
    0x08, 0x42, 0x08, 0x42, 0x08, 0x41, 0x08, 0x21, 0x08, 0x21, 0x00, 0x21, 0x00, 0x21, 0x00, 0x00, 0x00, 0x00, 0x00,
    0x00, 0x00, 0x00, 0x00, 0x00, 0x00, 0x00, 0x00, 0x00, 0x00, 0x00, 0x00, 0x00, 0x00, 0x00, 0x00, 0x00, 0x00, 0x00,
    0x00, 0x00, 0x00, 0x00, 0x00, 0x00, 0x00, 0x00, 0x00, 0x00, 0x00, 0x00, 0x00, 0x00, 0x00, 0x00, 0x00, 0x00, 0x00,
    0x00, 0x00, 0x00, 0x00, 0x00, 0x00, 0x00, 0x00, 0x00, 0x00, 0x00, 0x00, 0x00, 0x00, 0x00, 0x00, 0x00, 0x00, 0x00,
    0x00, 0x00, 0x00, 0x00, 0x00, 0x00, 0x00, 0x00, 0x00, 0x00, 0x00, 0x00, 0x00, 0x00, 0x00, 0x00, 0x00, 0x00, 0x00,
    0x00, 0x00, 0x00, 0x00, 0x00, 0x00, 0x00, 0x00, 0x00, 0x00, 0x00, 0x00, 0x00, 0x00, 0x00, 0x00, 0x00, 0x00, 0x00,
    0x00, 0x00, 0x00, 0x00, 0x00, 0x00, 0x00, 0x00, 0x00, 0x00, 0x00, 0x00, 0x00, 0x00, 0x00, 0x00, 0x00, 0x00, 0x00,
    0x00, 0x00, 0x00, 0x00, 0x00, 0x00, 0x00, 0x00, 0x00, 0x00, 0x00, 0x00, 0x00, 0x00, 0x00, 0x00, 0x00, 0x00, 0x00,
    0x00, 0x00, 0x00, 0x00, 0x00, 0x00, 0x00, 0x00, 0x00, 0x00, 0x00, 0x00, 0x00, 0x00, 0x00, 0x00, 0x00, 0x00, 0x00,
    0x00, 0x00, 0x00, 0x00, 0x00, 0x00, 0x00, 0x00, 0x00, 0x00, 0x00, 0x00, 0x00, 0x00, 0x00, 0x00, 0x20, 0x00, 0x21,
    0x00, 0x21, 0x00, 0x21, 0x08, 0x41, 0x08, 0x42, 0x08, 0x42, 0x08, 0x63, 0x08, 0x63, 0x10, 0x63, 0x08, 0x06, 0x21,
    0xbe, 0xde, 0x3f, 0xef, 0xff, 0xe6, 0xdf, 0xc5, 0xdf, 0xc5, 0xdf, 0xc5, 0xbf, 0xc5, 0xbf, 0xc5, 0xbf, 0xbd, 0xbf,
    0xbd, 0xbf, 0xbd, 0xbf, 0xbd, 0x9f, 0xbd, 0x9f, 0xbd, 0x9f, 0xbd, 0x9f, 0xbd, 0x9e, 0xbd, 0x9e, 0xbd, 0x7e, 0xbd,
    0x7e, 0xbd, 0x7e, 0xbd, 0x7e, 0xb5, 0x7e, 0xb5, 0x7e, 0xb5, 0x5e, 0xb5, 0x5e, 0xb5, 0x5e, 0xb5, 0x5e, 0xb5, 0x5e,
    0xb5, 0x5e, 0xb5, 0x3e, 0xb5, 0x3e, 0xb5, 0x3e, 0xb5, 0x3e, 0xb5, 0x3e, 0xb5, 0x3e, 0xad, 0x1e, 0xad, 0x1e, 0xad,
    0x1e, 0xad, 0x1e, 0xad, 0xfe, 0xac, 0x9e, 0xbd, 0x9f, 0xf7, 0xff, 0xff, 0xdf, 0xff, 0xbf, 0xff, 0xbf, 0xff, 0xbf,
    0xff, 0xff, 0xff, 0xdf, 0xff, 0xfe, 0xc5, 0x9d, 0xa4, 0xdd, 0xa4, 0xdd, 0xa4, 0xbd, 0xa4, 0xbd, 0xa4, 0xbd, 0xa4,
    0xbd, 0xa4, 0xbd, 0xa4, 0xbd, 0xa4, 0x9d, 0xa4, 0x9d, 0x9c, 0x9d, 0x9c, 0x9d, 0x9c, 0x9d, 0x9c, 0x9d, 0x9c, 0x7d,
    0x9c, 0x7d, 0x9c, 0x7d, 0x9c, 0x7d, 0x9c, 0x7d, 0x9c, 0x7d, 0x9c, 0x5d, 0x9c, 0x5d, 0x9c, 0x5d, 0x9c, 0x5d, 0x94,
    0x5d, 0x94, 0x5d, 0x94, 0x3d, 0x94, 0x3d, 0x94, 0x3d, 0x94, 0x3d, 0x94, 0x3d, 0x94, 0x3d, 0x94, 0x1d, 0x94, 0x1d,
    0x94, 0x1c, 0x94, 0x1c, 0x94, 0xfc, 0x8b, 0x9e, 0xbd, 0x3e, 0xce, 0x7f, 0xd6, 0x0b, 0x42, 0x22, 0x08, 0x83, 0x10,
    0x63, 0x08, 0x62, 0x08, 0x42, 0x08, 0x42, 0x08, 0x21, 0x08, 0x21, 0x00, 0x21, 0x00, 0x21, 0x00, 0x00, 0x00, 0x00,
    0x00, 0x00, 0x00, 0x00, 0x00, 0x00, 0x00, 0x00, 0x00, 0x00, 0x00, 0x00, 0x00, 0x00, 0x00, 0x00, 0x00, 0x00, 0x00,
    0x00, 0x00, 0x00, 0x00, 0x00, 0x00, 0x00, 0x00, 0x00, 0x00, 0x00, 0x00, 0x00, 0x00, 0x00, 0x00, 0x00, 0x00, 0x00,
    0x00, 0x00, 0x00, 0x00, 0x00, 0x00, 0x00, 0x00, 0x00, 0x00, 0x00, 0x00, 0x00, 0x00, 0x00, 0x00, 0x00, 0x00, 0x00,
    0x00, 0x00, 0x00, 0x00, 0x00, 0x00, 0x00, 0x00, 0x00, 0x00, 0x00, 0x00, 0x00, 0x00, 0x00, 0x00, 0x00, 0x00, 0x00,
    0x00, 0x00, 0x00, 0x00, 0x00, 0x00, 0x00, 0x00, 0x00, 0x00, 0x00, 0x00, 0x00, 0x00, 0x00, 0x00, 0x00, 0x00, 0x00,
    0x00, 0x00, 0x00, 0x00, 0x00, 0x00, 0x00, 0x00, 0x00, 0x00, 0x00, 0x00, 0x00, 0x00, 0x00, 0x00, 0x00, 0x00, 0x00,
    0x00, 0x00, 0x00, 0x00, 0x00, 0x00, 0x00, 0x00, 0x00, 0x00, 0x00, 0x00, 0x00, 0x00, 0x00, 0x00, 0x00, 0x00, 0x00,
    0x00, 0x00, 0x00, 0x00, 0x00, 0x00, 0x00, 0x00, 0x00, 0x00, 0x00, 0x00, 0x00, 0x00, 0x00, 0x00, 0x00, 0x00, 0x00,
    0x00, 0x00, 0x00, 0x00, 0x00, 0x00, 0x00, 0x00, 0x00, 0x00, 0x00, 0x00, 0x00, 0x00, 0x00, 0x00, 0x00, 0x21, 0x00,
    0x21, 0x00, 0x21, 0x00, 0x21, 0x08, 0x41, 0x08, 0x42, 0x08, 0x62, 0x08, 0x63, 0x08, 0x63, 0x10, 0x63, 0x08, 0x06,
    0x21, 0x9d, 0xd6, 0x3f, 0xef, 0xff, 0xe6, 0xdf, 0xc5, 0xbf, 0xc5, 0xbf, 0xc5, 0xbf, 0xc5, 0xbf, 0xbd, 0xbf, 0xbd,
    0xbf, 0xbd, 0xbf, 0xbd, 0x9f, 0xbd, 0x9f, 0xbd, 0x9f, 0xbd, 0x9f, 0xbd, 0x9e, 0xbd, 0x9e, 0xbd, 0x7e, 0xbd, 0x7e,
    0xbd, 0x7e, 0xbd, 0x7e, 0xb5, 0x7e, 0xb5, 0x7e, 0xb5, 0x5e, 0xb5, 0x5e, 0xb5, 0x5e, 0xb5, 0x5e, 0xb5, 0x5e, 0xb5,
    0x5e, 0xb5, 0x3e, 0xb5, 0x3e, 0xb5, 0x3e, 0xb5, 0x3e, 0xb5, 0x3e, 0xb5, 0x3e, 0xad, 0x1e, 0xad, 0x1e, 0xad, 0x1e,
    0xad, 0x1e, 0xad, 0x1e, 0xad, 0x1e, 0xad, 0xfe, 0xac, 0x3e, 0xb5, 0xbf, 0xde, 0x9f, 0xf7, 0xdf, 0xff, 0xdf, 0xff,
    0xbf, 0xf7, 0x1f, 0xe7, 0x7e, 0xb5, 0xbd, 0xa4, 0xdd, 0xa4, 0xdd, 0xa4, 0xbd, 0xa4, 0xbd, 0xa4, 0xbd, 0xa4, 0xbd,
    0xa4, 0xbd, 0xa4, 0xbd, 0xa4, 0x9d, 0xa4, 0x9d, 0x9c, 0x9d, 0x9c, 0x9d, 0x9c, 0x9d, 0x9c, 0x9d, 0x9c, 0x7d, 0x9c,
    0x7d, 0x9c, 0x7d, 0x9c, 0x7d, 0x9c, 0x7d, 0x9c, 0x7d, 0x9c, 0x5d, 0x9c, 0x5d, 0x9c, 0x5d, 0x9c, 0x5d, 0x94, 0x5d,
    0x94, 0x5d, 0x94, 0x3d, 0x94, 0x3d, 0x94, 0x3d, 0x94, 0x3d, 0x94, 0x3d, 0x94, 0x3d, 0x94, 0x1d, 0x94, 0x1d, 0x94,
    0x1c, 0x94, 0x1c, 0x94, 0x1c, 0x94, 0xfc, 0x8b, 0x9e, 0xbd, 0x3e, 0xce, 0x7f, 0xd6, 0x0b, 0x42, 0x42, 0x08, 0x83,
    0x10, 0x63, 0x08, 0x62, 0x08, 0x42, 0x08, 0x42, 0x08, 0x21, 0x08, 0x21, 0x00, 0x21, 0x00, 0x21, 0x00, 0x20, 0x00,
    0x00, 0x00, 0x00, 0x00, 0x00, 0x00, 0x00, 0x00, 0x00, 0x00, 0x00, 0x00, 0x00, 0x00, 0x00, 0x00, 0x00, 0x00, 0x00,
    0x00, 0x00, 0x00, 0x00, 0x00, 0x00, 0x00, 0x00, 0x00, 0x00, 0x00, 0x00, 0x00, 0x00, 0x00, 0x00, 0x00, 0x00, 0x00,
    0x00, 0x00, 0x00, 0x00, 0x00, 0x00, 0x00, 0x00, 0x00, 0x00, 0x00, 0x00, 0x00, 0x00, 0x00, 0x00, 0x00, 0x00, 0x00,
    0x00, 0x00, 0x00, 0x00, 0x00, 0x00, 0x00, 0x00, 0x00, 0x00, 0x00, 0x00, 0x00, 0x00, 0x00, 0x00, 0x00, 0x00, 0x00,
    0x00, 0x00, 0x00, 0x00, 0x00, 0x00, 0x00, 0x00, 0x00, 0x00, 0x00, 0x00, 0x00, 0x00, 0x00, 0x00, 0x00, 0x00, 0x00,
    0x00, 0x00, 0x00, 0x00, 0x00, 0x00, 0x00, 0x00, 0x00, 0x00, 0x00, 0x00, 0x00, 0x00, 0x00, 0x00, 0x00, 0x00, 0x00,
    0x00, 0x00, 0x00, 0x00, 0x00, 0x00, 0x00, 0x00, 0x00, 0x00, 0x00, 0x00, 0x00, 0x00, 0x00, 0x00, 0x00, 0x00, 0x00,
    0x00, 0x00, 0x00, 0x00, 0x00, 0x00, 0x00, 0x00, 0x00, 0x00, 0x00, 0x00, 0x00, 0x00, 0x00, 0x00, 0x00, 0x00, 0x00,
    0x00, 0x00, 0x00, 0x00, 0x00, 0x00, 0x00, 0x00, 0x00, 0x00, 0x00, 0x00, 0x00, 0x00, 0x00, 0x00, 0x00, 0x00, 0x21,
    0x00, 0x21, 0x00, 0x21, 0x00, 0x21, 0x08, 0x42, 0x08, 0x42, 0x08, 0x62, 0x08, 0x63, 0x08, 0x83, 0x10, 0x63, 0x10,
    0x06, 0x21, 0x9d, 0xd6, 0x1f, 0xe7, 0xff, 0xe6, 0xdf, 0xc5, 0xbf, 0xc5, 0xbf, 0xc5, 0xbf, 0xbd, 0xbf, 0xbd, 0xbf,
    0xbd, 0xbf, 0xbd, 0x9f, 0xbd, 0x9f, 0xbd, 0x9f, 0xbd, 0x9f, 0xbd, 0x9e, 0xbd, 0x9e, 0xbd, 0x7e, 0xbd, 0x7e, 0xbd,
    0x7e, 0xbd, 0x7e, 0xb5, 0x7e, 0xb5, 0x7e, 0xb5, 0x5e, 0xb5, 0x5e, 0xb5, 0x5e, 0xb5, 0x5e, 0xb5, 0x5e, 0xb5, 0x5e,
    0xb5, 0x3e, 0xb5, 0x3e, 0xb5, 0x3e, 0xb5, 0x3e, 0xb5, 0x3e, 0xb5, 0x3e, 0xad, 0x1e, 0xad, 0x1e, 0xad, 0x1e, 0xad,
    0x1e, 0xad, 0x1e, 0xad, 0x1e, 0xad, 0xfe, 0xac, 0x1e, 0xad, 0xfe, 0xac, 0xbe, 0xa4, 0x7e, 0xb5, 0xbf, 0xde, 0xbf,
    0xde, 0x1e, 0xce, 0xbd, 0xa4, 0xbd, 0xa4, 0xdd, 0xa4, 0xdd, 0xa4, 0xbd, 0xa4, 0xbd, 0xa4, 0xbd, 0xa4, 0xbd, 0xa4,
    0xbd, 0xa4, 0xbd, 0xa4, 0x9d, 0xa4, 0x9d, 0x9c, 0x9d, 0x9c, 0x9d, 0x9c, 0x9d, 0x9c, 0x9d, 0x9c, 0x7d, 0x9c, 0x7d,
    0x9c, 0x7d, 0x9c, 0x7d, 0x9c, 0x7d, 0x9c, 0x7d, 0x9c, 0x5d, 0x9c, 0x5d, 0x9c, 0x5d, 0x9c, 0x5d, 0x94, 0x5d, 0x94,
    0x5d, 0x94, 0x3d, 0x94, 0x3d, 0x94, 0x3d, 0x94, 0x3d, 0x94, 0x3d, 0x94, 0x3d, 0x94, 0x1d, 0x94, 0x1d, 0x94, 0x1c,
    0x94, 0x1c, 0x94, 0x1c, 0x8c, 0x1c, 0x8c, 0xfc, 0x8b, 0x9e, 0xbd, 0x3e, 0xce, 0x5f, 0xd6, 0x0b, 0x42, 0x42, 0x08,
    0x83, 0x10, 0x63, 0x10, 0x62, 0x08, 0x42, 0x08, 0x42, 0x08, 0x41, 0x08, 0x21, 0x00, 0x21, 0x00, 0x21, 0x00, 0x20,
    0x00, 0x00, 0x00, 0x00, 0x00, 0x00, 0x00, 0x00, 0x00, 0x00, 0x00, 0x00, 0x00, 0x00, 0x00, 0x00, 0x00, 0x00, 0x00,
    0x00, 0x00, 0x00, 0x00, 0x00, 0x00, 0x00, 0x00, 0x00, 0x00, 0x00, 0x00, 0x00, 0x00, 0x00, 0x00, 0x00, 0x00, 0x00,
    0x00, 0x00, 0x00, 0x00, 0x00, 0x00, 0x00, 0x00, 0x00, 0x00, 0x00, 0x00, 0x00, 0x00, 0x00, 0x00, 0x00, 0x00, 0x00,
    0x00, 0x00, 0x00, 0x00, 0x00, 0x00, 0x00, 0x00, 0x00, 0x00, 0x00, 0x00, 0x00, 0x00, 0x00, 0x00, 0x00, 0x00, 0x00,
    0x00, 0x00, 0x00, 0x00, 0x00, 0x00, 0x00, 0x00, 0x00, 0x00, 0x00, 0x00, 0x00, 0x00, 0x00, 0x00, 0x00, 0x00, 0x00,
    0x00, 0x00, 0x00, 0x00, 0x00, 0x00, 0x00, 0x00, 0x00, 0x00, 0x00, 0x00, 0x00, 0x00, 0x00, 0x00, 0x00, 0x00, 0x00,
    0x00, 0x00, 0x00, 0x00, 0x00, 0x00, 0x00, 0x00, 0x00, 0x00, 0x00, 0x00, 0x00, 0x00, 0x00, 0x00, 0x00, 0x00, 0x00,
    0x00, 0x00, 0x00, 0x00, 0x00, 0x00, 0x00, 0x00, 0x00, 0x00, 0x00, 0x00, 0x00, 0x00, 0x00, 0x00, 0x00, 0x00, 0x00,
    0x00, 0x00, 0x00, 0x00, 0x00, 0x00, 0x00, 0x00, 0x00, 0x00, 0x00, 0x00, 0x00, 0x00, 0x00, 0x00, 0x00, 0x00, 0x00,
    0x21, 0x00, 0x21, 0x00, 0x21, 0x00, 0x21, 0x08, 0x42, 0x08, 0x42, 0x08, 0x62, 0x08, 0x63, 0x08, 0x83, 0x10, 0x63,
    0x10, 0x06, 0x21, 0x9d, 0xd6, 0x1f, 0xe7, 0xff, 0xe6, 0xdf, 0xc5, 0xbf, 0xbd, 0xbf, 0xbd, 0xbf, 0xbd, 0xbf, 0xbd,
    0xbf, 0xbd, 0x9f, 0xbd, 0x9f, 0xbd, 0x9f, 0xbd, 0x9f, 0xbd, 0x9e, 0xbd, 0x9e, 0xbd, 0x7e, 0xbd, 0x7e, 0xbd, 0x7e,
    0xbd, 0x7e, 0xb5, 0x7e, 0xb5, 0x7e, 0xb5, 0x5e, 0xb5, 0x5e, 0xb5, 0x5e, 0xb5, 0x5e, 0xb5, 0x5e, 0xb5, 0x5e, 0xb5,
    0x3e, 0xb5, 0x3e, 0xb5, 0x3e, 0xb5, 0x3e, 0xb5, 0x3e, 0xb5, 0x3e, 0xad, 0x1e, 0xad, 0x1e, 0xad, 0x1e, 0xad, 0x1e,
    0xad, 0x1e, 0xad, 0x1e, 0xad, 0xfe, 0xac, 0xfe, 0xac, 0xfe, 0xac, 0xfe, 0xac, 0xde, 0xa4, 0x3e, 0xb5, 0x3e, 0xce,
    0x3e, 0xce, 0xde, 0xc5, 0xdd, 0xa4, 0xdd, 0xa4, 0xdd, 0xa4, 0xbd, 0xa4, 0xbd, 0xa4, 0xbd, 0xa4, 0xbd, 0xa4, 0xbd,
    0xa4, 0xbd, 0xa4, 0x9d, 0xa4, 0x9d, 0x9c, 0x9d, 0x9c, 0x9d, 0x9c, 0x9d, 0x9c, 0x9d, 0x9c, 0x7d, 0x9c, 0x7d, 0x9c,
    0x7d, 0x9c, 0x7d, 0x9c, 0x7d, 0x9c, 0x7d, 0x9c, 0x5d, 0x9c, 0x5d, 0x9c, 0x5d, 0x9c, 0x5d, 0x94, 0x5d, 0x94, 0x5d,
    0x94, 0x3d, 0x94, 0x3d, 0x94, 0x3d, 0x94, 0x3d, 0x94, 0x3d, 0x94, 0x3d, 0x94, 0x1d, 0x94, 0x1d, 0x94, 0x1c, 0x94,
    0x1c, 0x94, 0x1c, 0x8c, 0x1c, 0x8c, 0x1c, 0x8c, 0xdc, 0x8b, 0x9e, 0xbd, 0x3e, 0xce, 0x5f, 0xd6, 0x0b, 0x42, 0x42,
    0x08, 0x83, 0x10, 0x63, 0x10, 0x62, 0x08, 0x42, 0x08, 0x42, 0x08, 0x41, 0x08, 0x21, 0x00, 0x21, 0x00, 0x21, 0x00,
    0x20, 0x00, 0x00, 0x00, 0x00, 0x00, 0x00, 0x00, 0x00, 0x00, 0x00, 0x00, 0x00, 0x00, 0x00, 0x00, 0x00, 0x00, 0x00,
    0x00, 0x00, 0x00, 0x00, 0x00, 0x00, 0x00, 0x00, 0x00, 0x00, 0x00, 0x00, 0x00, 0x00, 0x00, 0x00, 0x00, 0x00, 0x00,
    0x00, 0x00, 0x00, 0x00, 0x00, 0x00, 0x00, 0x00, 0x00, 0x00, 0x00, 0x00, 0x00, 0x00, 0x00, 0x00, 0x00, 0x00, 0x00,
    0x00, 0x00, 0x00, 0x00, 0x00, 0x00, 0x00, 0x00, 0x00, 0x00, 0x00, 0x00, 0x00, 0x00, 0x00, 0x00, 0x00, 0x00, 0x00,
    0x00, 0x00, 0x00, 0x00, 0x00, 0x00, 0x00, 0x00, 0x00, 0x00, 0x00, 0x00, 0x00, 0x00, 0x00, 0x00, 0x00, 0x00, 0x00,
    0x00, 0x00, 0x00, 0x00, 0x00, 0x00, 0x00, 0x00, 0x00, 0x00, 0x00, 0x00, 0x00, 0x00, 0x00, 0x00, 0x00, 0x00, 0x00,
    0x00, 0x00, 0x00, 0x00, 0x00, 0x00, 0x00, 0x00, 0x00, 0x00, 0x00, 0x00, 0x00, 0x00, 0x00, 0x00, 0x00, 0x00, 0x00,
    0x00, 0x00, 0x00, 0x00, 0x00, 0x00, 0x00, 0x00, 0x00, 0x00, 0x00, 0x00, 0x00, 0x00, 0x00, 0x00, 0x00, 0x00, 0x00,
    0x00, 0x00, 0x00, 0x00, 0x00, 0x00, 0x00, 0x00, 0x00, 0x00, 0x00, 0x00, 0x00, 0x00, 0x00, 0x00, 0x00, 0x00, 0x20,
    0x00, 0x21, 0x00, 0x21, 0x00, 0x21, 0x00, 0x21, 0x08, 0x42, 0x08, 0x42, 0x08, 0x62, 0x08, 0x63, 0x10, 0x83, 0x10,
    0x63, 0x10, 0x06, 0x21, 0x9d, 0xd6, 0x1f, 0xe7, 0xff, 0xe6, 0xdf, 0xc5, 0xbf, 0xbd, 0xbf, 0xbd, 0xbf, 0xbd, 0xbf,
    0xbd, 0x9f, 0xbd, 0x9f, 0xbd, 0x9f, 0xbd, 0x9f, 0xbd, 0x9e, 0xbd, 0x9e, 0xbd, 0x7e, 0xbd, 0x7e, 0xbd, 0x7e, 0xbd,
    0x7e, 0xb5, 0x7e, 0xb5, 0x7e, 0xb5, 0x5e, 0xb5, 0x5e, 0xb5, 0x5e, 0xb5, 0x5e, 0xb5, 0x5e, 0xb5, 0x5e, 0xb5, 0x3e,
    0xb5, 0x3e, 0xb5, 0x3e, 0xb5, 0x3e, 0xb5, 0x3e, 0xb5, 0x3e, 0xad, 0x1e, 0xad, 0x1e, 0xad, 0x1e, 0xad, 0x1e, 0xad,
    0x1e, 0xad, 0x1e, 0xad, 0xfe, 0xac, 0xfe, 0xac, 0xfe, 0xac, 0xfe, 0xac, 0xfe, 0xac, 0xde, 0xa4, 0x3e, 0xb5, 0x3e,
    0xce, 0x5e, 0xce, 0xde, 0xc5, 0xbd, 0xa4, 0xdd, 0xa4, 0xbd, 0xa4, 0xbd, 0xa4, 0xbd, 0xa4, 0xbd, 0xa4, 0xbd, 0xa4,
    0xbd, 0xa4, 0x9d, 0xa4, 0x9d, 0x9c, 0x9d, 0x9c, 0x9d, 0x9c, 0x9d, 0x9c, 0x9d, 0x9c, 0x7d, 0x9c, 0x7d, 0x9c, 0x7d,
    0x9c, 0x7d, 0x9c, 0x7d, 0x9c, 0x7d, 0x9c, 0x5d, 0x9c, 0x5d, 0x9c, 0x5d, 0x9c, 0x5d, 0x94, 0x5d, 0x94, 0x5d, 0x94,
    0x3d, 0x94, 0x3d, 0x94, 0x3d, 0x94, 0x3d, 0x94, 0x3d, 0x94, 0x3d, 0x94, 0x1d, 0x94, 0x1d, 0x94, 0x1c, 0x94, 0x1c,
    0x94, 0x1c, 0x8c, 0x1c, 0x8c, 0xfc, 0x8b, 0xfc, 0x8b, 0xdc, 0x8b, 0x9e, 0xbd, 0x3e, 0xce, 0x5f, 0xd6, 0x0b, 0x42,
    0x42, 0x08, 0x84, 0x10, 0x63, 0x10, 0x62, 0x08, 0x42, 0x08, 0x42, 0x08, 0x41, 0x08, 0x21, 0x00, 0x21, 0x00, 0x21,
    0x00, 0x20, 0x00, 0x00, 0x00, 0x00, 0x00, 0x00, 0x00, 0x00, 0x00, 0x00, 0x00, 0x00, 0x00, 0x00, 0x00, 0x00, 0x00,
    0x00, 0x00, 0x00, 0x00, 0x00, 0x00, 0x00, 0x00, 0x00, 0x00, 0x00, 0x00, 0x00, 0x00, 0x00, 0x00, 0x00, 0x00, 0x00,
    0x00, 0x00, 0x00, 0x00, 0x00, 0x00, 0x00, 0x00, 0x00, 0x00, 0x00, 0x00, 0x00, 0x00, 0x00, 0x00, 0x00, 0x00, 0x00,
    0x00, 0x00, 0x00, 0x00, 0x00, 0x00, 0x00, 0x00, 0x00, 0x00, 0x00, 0x00, 0x00, 0x00, 0x00, 0x00, 0x00, 0x00, 0x00,
    0x00, 0x00, 0x00, 0x00, 0x00, 0x00, 0x00, 0x00, 0x00, 0x00, 0x00, 0x00, 0x00, 0x00, 0x00, 0x00, 0x00, 0x00, 0x00,
    0x00, 0x00, 0x00, 0x00, 0x00, 0x00, 0x00, 0x00, 0x00, 0x00, 0x00, 0x00, 0x00, 0x00, 0x00, 0x00, 0x00, 0x00, 0x00,
    0x00, 0x00, 0x00, 0x00, 0x00, 0x00, 0x00, 0x00, 0x00, 0x00, 0x00, 0x00, 0x00, 0x00, 0x00, 0x00, 0x00, 0x00, 0x00,
    0x00, 0x00, 0x00, 0x00, 0x00, 0x00, 0x00, 0x00, 0x00, 0x00, 0x00, 0x00, 0x00, 0x00, 0x00, 0x00, 0x00, 0x00, 0x00,
    0x00, 0x00, 0x00, 0x00, 0x00, 0x00, 0x00, 0x00, 0x00, 0x00, 0x00, 0x00, 0x00, 0x00, 0x00, 0x00, 0x00, 0x00, 0x00,
    0x20, 0x00, 0x21, 0x00, 0x21, 0x00, 0x21, 0x00, 0x41, 0x08, 0x42, 0x08, 0x42, 0x08, 0x62, 0x08, 0x63, 0x10, 0x83,
    0x10, 0x63, 0x10, 0x06, 0x21, 0x9d, 0xd6, 0x1f, 0xe7, 0xdf, 0xe6, 0xdf, 0xc5, 0xbf, 0xbd, 0xbf, 0xbd, 0xbf, 0xbd,
    0x9f, 0xbd, 0x9f, 0xbd, 0x9f, 0xbd, 0x9f, 0xbd, 0x9e, 0xbd, 0x9e, 0xbd, 0x7e, 0xbd, 0x7e, 0xbd, 0x7e, 0xbd, 0x7e,
    0xb5, 0x7e, 0xb5, 0x7e, 0xb5, 0x5e, 0xb5, 0x5e, 0xb5, 0x5e, 0xb5, 0x5e, 0xb5, 0x5e, 0xb5, 0x5e, 0xb5, 0x3e, 0xb5,
    0x3e, 0xb5, 0x3e, 0xb5, 0x3e, 0xb5, 0x3e, 0xb5, 0x3e, 0xad, 0x1e, 0xad, 0x1e, 0xad, 0x1e, 0xad, 0x1e, 0xad, 0x1e,
    0xad, 0x1e, 0xad, 0xfe, 0xac, 0xfe, 0xac, 0xfe, 0xac, 0xfe, 0xac, 0xfe, 0xac, 0xfe, 0xac, 0xde, 0xa4, 0x3e, 0xb5,
    0x3e, 0xce, 0x3e, 0xce, 0xde, 0xc5, 0xbd, 0xa4, 0xdd, 0xa4, 0xbd, 0xa4, 0xbd, 0xa4, 0xbd, 0xa4, 0xbd, 0xa4, 0xbd,
    0xa4, 0x9d, 0xa4, 0x9d, 0x9c, 0x9d, 0x9c, 0x9d, 0x9c, 0x9d, 0x9c, 0x9d, 0x9c, 0x7d, 0x9c, 0x7d, 0x9c, 0x7d, 0x9c,
    0x7d, 0x9c, 0x7d, 0x9c, 0x7d, 0x9c, 0x5d, 0x9c, 0x5d, 0x9c, 0x5d, 0x9c, 0x5d, 0x94, 0x5d, 0x94, 0x5d, 0x94, 0x3d,
    0x94, 0x3d, 0x94, 0x3d, 0x94, 0x3d, 0x94, 0x3d, 0x94, 0x3d, 0x94, 0x1d, 0x94, 0x1d, 0x94, 0x1c, 0x94, 0x1c, 0x94,
    0x1c, 0x8c, 0x1c, 0x8c, 0xfc, 0x8b, 0xfc, 0x8b, 0xfc, 0x8b, 0xdc, 0x8b, 0x9e, 0xbd, 0x3e, 0xce, 0x5f, 0xd6, 0x0b,
    0x42, 0x42, 0x08, 0x84, 0x10, 0x63, 0x10, 0x62, 0x08, 0x42, 0x08, 0x42, 0x08, 0x41, 0x08, 0x21, 0x00, 0x21, 0x00,
    0x21, 0x00, 0x20, 0x00, 0x00, 0x00, 0x00, 0x00, 0x00, 0x00, 0x00, 0x00, 0x00, 0x00, 0x00, 0x00, 0x00, 0x00, 0x00,
    0x00, 0x00, 0x00, 0x00, 0x00, 0x00, 0x00, 0x00, 0x00, 0x00, 0x00, 0x00, 0x00, 0x00, 0x00, 0x00, 0x00, 0x00, 0x00,
    0x00, 0x00, 0x00, 0x00, 0x00, 0x00, 0x00, 0x00, 0x00, 0x00, 0x00, 0x00, 0x00, 0x00, 0x00, 0x00, 0x00, 0x00, 0x00,
    0x00, 0x00, 0x00, 0x00, 0x00, 0x00, 0x00, 0x00, 0x00, 0x00, 0x00, 0x00, 0x00, 0x00, 0x00, 0x00, 0x00, 0x00, 0x00,
    0x00, 0x00, 0x00, 0x00, 0x00, 0x00, 0x00, 0x00, 0x00, 0x00, 0x00, 0x00, 0x00, 0x00, 0x00, 0x00, 0x00, 0x00, 0x00,
    0x00, 0x00, 0x00, 0x00, 0x00, 0x00, 0x00, 0x00, 0x00, 0x00, 0x00, 0x00, 0x00, 0x00, 0x00, 0x00, 0x00, 0x00, 0x00,
    0x00, 0x00, 0x00, 0x00, 0x00, 0x00, 0x00, 0x00, 0x00, 0x00, 0x00, 0x00, 0x00, 0x00, 0x00, 0x00, 0x00, 0x00, 0x00,
    0x00, 0x00, 0x00, 0x00, 0x00, 0x00, 0x00, 0x00, 0x00, 0x00, 0x00, 0x00, 0x00, 0x00, 0x00, 0x00, 0x00, 0x00, 0x00,
    0x00, 0x00, 0x00, 0x00, 0x00, 0x00, 0x00, 0x00, 0x00, 0x00, 0x00, 0x00, 0x00, 0x00, 0x00, 0x00, 0x00, 0x00, 0x00,
    0x00, 0x20, 0x00, 0x21, 0x00, 0x21, 0x00, 0x21, 0x00, 0x41, 0x08, 0x42, 0x08, 0x42, 0x08, 0x62, 0x08, 0x63, 0x10,
    0x83, 0x10, 0x63, 0x10, 0x06, 0x21, 0x9d, 0xd6, 0x1f, 0xe7, 0xdf, 0xde, 0xdf, 0xc5, 0xbf, 0xbd, 0xbf, 0xbd, 0x9f,
    0xbd, 0x9f, 0xbd, 0x9f, 0xbd, 0x9f, 0xbd, 0x9e, 0xbd, 0x9e, 0xbd, 0x7e, 0xbd, 0x7e, 0xbd, 0x7e, 0xbd, 0x7e, 0xb5,
    0x7e, 0xb5, 0x7e, 0xb5, 0x5e, 0xb5, 0x5e, 0xb5, 0x5e, 0xb5, 0x5e, 0xb5, 0x5e, 0xb5, 0x5e, 0xb5, 0x3e, 0xb5, 0x3e,
    0xb5, 0x3e, 0xb5, 0x3e, 0xb5, 0x3e, 0xb5, 0x3e, 0xad, 0x1e, 0xad, 0x1e, 0xad, 0x1e, 0xad, 0x1e, 0xad, 0x1e, 0xad,
    0x1e, 0xad, 0xfe, 0xac, 0xfe, 0xac, 0xfe, 0xac, 0xfe, 0xac, 0xfe, 0xac, 0xfe, 0xac, 0xfe, 0xac, 0xde, 0xa4, 0x3e,
    0xb5, 0x3e, 0xce, 0x3e, 0xce, 0xde, 0xc5, 0xbd, 0xa4, 0xbd, 0xa4, 0xbd, 0xa4, 0xbd, 0xa4, 0xbd, 0xa4, 0xbd, 0xa4,
    0x9d, 0xa4, 0x9d, 0x9c, 0x9d, 0x9c, 0x9d, 0x9c, 0x9d, 0x9c, 0x9d, 0x9c, 0x7d, 0x9c, 0x7d, 0x9c, 0x7d, 0x9c, 0x7d,
    0x9c, 0x7d, 0x9c, 0x7d, 0x9c, 0x5d, 0x9c, 0x5d, 0x9c, 0x5d, 0x9c, 0x5d, 0x94, 0x5d, 0x94, 0x5d, 0x94, 0x3d, 0x94,
    0x3d, 0x94, 0x3d, 0x94, 0x3d, 0x94, 0x3d, 0x94, 0x3d, 0x94, 0x1d, 0x94, 0x1d, 0x94, 0x1c, 0x94, 0x1c, 0x94, 0x1c,
    0x8c, 0x1c, 0x8c, 0xfc, 0x8b, 0xfc, 0x8b, 0xfc, 0x8b, 0xfc, 0x8b, 0xdc, 0x8b, 0x9d, 0xbd, 0x3e, 0xce, 0x5f, 0xd6,
    0x0b, 0x42, 0x42, 0x08, 0x84, 0x10, 0x63, 0x10, 0x62, 0x08, 0x42, 0x08, 0x42, 0x08, 0x41, 0x08, 0x21, 0x08, 0x21,
    0x00, 0x21, 0x00, 0x20, 0x00, 0x00, 0x00, 0x00, 0x00, 0x00, 0x00, 0x00, 0x00, 0x00, 0x00, 0x00, 0x00, 0x00, 0x00,
    0x00, 0x00, 0x00, 0x00, 0x00, 0x00, 0x00, 0x00, 0x00, 0x00, 0x00, 0x00, 0x00, 0x00, 0x00, 0x00, 0x00, 0x00, 0x00,
    0x00, 0x00, 0x00, 0x00, 0x00, 0x00, 0x00, 0x00, 0x00, 0x00, 0x00, 0x00, 0x00, 0x00, 0x00, 0x00, 0x00, 0x00, 0x00,
    0x00, 0x00, 0x00, 0x00, 0x00, 0x00, 0x00, 0x00, 0x00, 0x00, 0x00, 0x00, 0x00, 0x00, 0x00, 0x00, 0x00, 0x00, 0x00,
    0x00, 0x00, 0x00, 0x00, 0x00, 0x00, 0x00, 0x00, 0x00, 0x00, 0x00, 0x00, 0x00, 0x00, 0x00, 0x00, 0x00, 0x00, 0x00,
    0x00, 0x00, 0x00, 0x00, 0x00, 0x00, 0x00, 0x00, 0x00, 0x00, 0x00, 0x00, 0x00, 0x00, 0x00, 0x00, 0x00, 0x00, 0x00,
    0x00, 0x00, 0x00, 0x00, 0x00, 0x00, 0x00, 0x00, 0x00, 0x00, 0x00, 0x00, 0x00, 0x00, 0x00, 0x00, 0x00, 0x00, 0x00,
    0x00, 0x00, 0x00, 0x00, 0x00, 0x00, 0x00, 0x00, 0x00, 0x00, 0x00, 0x00, 0x00, 0x00, 0x00, 0x00, 0x00, 0x00, 0x00,
    0x00, 0x00, 0x00, 0x00, 0x00, 0x00, 0x00, 0x00, 0x00, 0x00, 0x00, 0x00, 0x00, 0x00, 0x00, 0x00, 0x00, 0x00, 0x00,
    0x00, 0x00, 0x20, 0x00, 0x21, 0x00, 0x21, 0x00, 0x21, 0x00, 0x41, 0x08, 0x42, 0x08, 0x42, 0x08, 0x62, 0x08, 0x63,
    0x10, 0x83, 0x10, 0x63, 0x10, 0x06, 0x21, 0x9d, 0xd6, 0x1f, 0xe7, 0xdf, 0xde, 0xbf, 0xc5, 0x9f, 0xbd, 0xbf, 0xbd,
    0x9f, 0xbd, 0x9f, 0xbd, 0x9f, 0xbd, 0x9e, 0xbd, 0x9e, 0xbd, 0x9e, 0xbd, 0x7e, 0xbd, 0x7e, 0xbd, 0x7e, 0xbd, 0x7e,
    0xb5, 0x7e, 0xb5, 0x7e, 0xb5, 0x5e, 0xb5, 0x5e, 0xb5, 0x5e, 0xb5, 0x5e, 0xb5, 0x5e, 0xb5, 0x5e, 0xb5, 0x3e, 0xb5,
    0x3e, 0xb5, 0x3e, 0xb5, 0x3e, 0xb5, 0x3e, 0xb5, 0x3e, 0xad, 0x1e, 0xad, 0x1e, 0xad, 0x1e, 0xad, 0x1e, 0xad, 0x1e,
    0xad, 0x1e, 0xad, 0xfe, 0xac, 0xfe, 0xac, 0xfe, 0xac, 0xfe, 0xac, 0xfe, 0xac, 0xfe, 0xac, 0xfe, 0xa4, 0xdd, 0xa4,
    0x3e, 0xb5, 0x3e, 0xce, 0x3e, 0xce, 0xde, 0xc5, 0xbd, 0xa4, 0xbd, 0xa4, 0xbd, 0xa4, 0xbd, 0xa4, 0xbd, 0xa4, 0xbd,
    0xa4, 0x9d, 0xa4, 0x9d, 0x9c, 0x9d, 0x9c, 0x9d, 0x9c, 0x9d, 0x9c, 0x9d, 0x9c, 0x7d, 0x9c, 0x7d, 0x9c, 0x7d, 0x9c,
    0x7d, 0x9c, 0x7d, 0x9c, 0x7d, 0x9c, 0x5d, 0x9c, 0x5d, 0x9c, 0x5d, 0x9c, 0x5d, 0x94, 0x5d, 0x94, 0x5d, 0x94, 0x3d,
    0x94, 0x3d, 0x94, 0x3d, 0x94, 0x3d, 0x94, 0x3d, 0x94, 0x3d, 0x94, 0x1d, 0x94, 0x1c, 0x94, 0x1c, 0x94, 0x1c, 0x94,
    0x1c, 0x8c, 0x1c, 0x8c, 0xfc, 0x8b, 0xfc, 0x8b, 0xfc, 0x8b, 0xfc, 0x8b, 0xdc, 0x8b, 0x9d, 0xbd, 0x3e, 0xce, 0x5f,
    0xd6, 0x0b, 0x42, 0x43, 0x08, 0x84, 0x10, 0x63, 0x10, 0x63, 0x08, 0x42, 0x08, 0x42, 0x08, 0x41, 0x08, 0x21, 0x08,
    0x21, 0x00, 0x21, 0x00, 0x20, 0x00, 0x00, 0x00, 0x00, 0x00, 0x00, 0x00, 0x00, 0x00, 0x00, 0x00, 0x00, 0x00, 0x00,
    0x00, 0x00, 0x00, 0x00, 0x00, 0x00, 0x00, 0x00, 0x00, 0x00, 0x00, 0x00, 0x00, 0x00, 0x00, 0x00, 0x00, 0x00, 0x00,
    0x00, 0x00, 0x00, 0x00, 0x00, 0x00, 0x00, 0x00, 0x00, 0x00, 0x00, 0x00, 0x00, 0x00, 0x00, 0x00, 0x00, 0x00, 0x00,
    0x00, 0x00, 0x00, 0x00, 0x00, 0x00, 0x00, 0x00, 0x00, 0x00, 0x00, 0x00, 0x00, 0x00, 0x00, 0x00, 0x00, 0x00, 0x00,
    0x00, 0x00, 0x00, 0x00, 0x00, 0x00, 0x00, 0x00, 0x00, 0x00, 0x00, 0x00, 0x00, 0x00, 0x00, 0x00, 0x00, 0x00, 0x00,
    0x00, 0x00, 0x00, 0x00, 0x00, 0x00, 0x00, 0x00, 0x00, 0x00, 0x00, 0x00, 0x00, 0x00, 0x00, 0x00, 0x00, 0x00, 0x00,
    0x00, 0x00, 0x00, 0x00, 0x00, 0x00, 0x00, 0x00, 0x00, 0x00, 0x00, 0x00, 0x00, 0x00, 0x00, 0x00, 0x00, 0x00, 0x00,
    0x00, 0x00, 0x00, 0x00, 0x00, 0x00, 0x00, 0x00, 0x00, 0x00, 0x00, 0x00, 0x00, 0x00, 0x00, 0x00, 0x00, 0x00, 0x00,
    0x00, 0x00, 0x00, 0x00, 0x00, 0x00, 0x00, 0x00, 0x00, 0x00, 0x00, 0x00, 0x00, 0x00, 0x00, 0x00, 0x00, 0x00, 0x00,
    0x00, 0x00, 0x00, 0x20, 0x00, 0x21, 0x00, 0x21, 0x00, 0x21, 0x00, 0x41, 0x08, 0x42, 0x08, 0x42, 0x08, 0x62, 0x08,
    0x63, 0x10, 0x83, 0x10, 0x63, 0x10, 0x06, 0x21, 0x9d, 0xd6, 0x1f, 0xe7, 0xdf, 0xde, 0xbf, 0xc5, 0x9f, 0xbd, 0x9f,
    0xbd, 0x9f, 0xbd, 0x7e, 0xbd, 0x7e, 0xbd, 0x7e, 0xbd, 0x7e, 0xbd, 0x7e, 0xb5, 0x7e, 0xb5, 0x5e, 0xb5, 0x5e, 0xb5,
    0x5e, 0xb5, 0x5e, 0xb5, 0x5e, 0xb5, 0x5e, 0xb5, 0x3e, 0xb5, 0x3e, 0xb5, 0x3e, 0xb5, 0x3e, 0xb5, 0x3e, 0xad, 0x3e,
    0xad, 0x1e, 0xad, 0x1e, 0xad, 0x1e, 0xad, 0x1e, 0xad, 0x1e, 0xad, 0x1e, 0xad, 0xfe, 0xac, 0xfe, 0xac, 0xfe, 0xac,
    0xfe, 0xac, 0xfe, 0xac, 0xfe, 0xac, 0xde, 0xa4, 0xde, 0xa4, 0xde, 0xa4, 0xde, 0xa4, 0xde, 0xa4, 0xdd, 0xa4, 0xbd,
    0xa4, 0x1e, 0xad, 0x3e, 0xce, 0x3e, 0xce, 0xbe, 0xc5, 0x9d, 0x9c, 0x9d, 0xa4, 0x9d, 0x9c, 0x9d, 0x9c, 0x9d, 0x9c,
    0x9d, 0x9c, 0x7d, 0x9c, 0x7d, 0x9c, 0x7d, 0x9c, 0x7d, 0x9c, 0x7d, 0x9c, 0x7d, 0x9c, 0x5d, 0x9c, 0x5d, 0x9c, 0x5d,
    0x9c, 0x5d, 0x94, 0x5d, 0x94, 0x5d, 0x94, 0x3d, 0x94, 0x3d, 0x94, 0x3d, 0x94, 0x3d, 0x94, 0x3d, 0x94, 0x3d, 0x94,
    0x1d, 0x94, 0x1d, 0x94, 0x1c, 0x94, 0x1c, 0x94, 0x1d, 0x8c, 0x1c, 0x8c, 0xfc, 0x8b, 0xfc, 0x8b, 0xfc, 0x8b, 0xfc,
    0x8b, 0xfc, 0x8b, 0xdc, 0x8b, 0xdc, 0x8b, 0xdc, 0x8b, 0xdc, 0x8b, 0xdc, 0x8b, 0xbc, 0x83, 0x9d, 0xbd, 0x3e, 0xce,
    0x5f, 0xd6, 0x0b, 0x42, 0x43, 0x08, 0x84, 0x10, 0x63, 0x10, 0x63, 0x08, 0x42, 0x08, 0x42, 0x08, 0x41, 0x08, 0x21,
    0x08, 0x21, 0x00, 0x21, 0x00, 0x20, 0x00, 0x00, 0x00, 0x00, 0x00, 0x00, 0x00, 0x00, 0x00, 0x00, 0x00, 0x00, 0x00,
    0x00, 0x00, 0x00, 0x00, 0x00, 0x00, 0x00, 0x00, 0x00, 0x00, 0x00, 0x00, 0x00, 0x00, 0x00, 0x00, 0x00, 0x00, 0x00,
    0x00, 0x00, 0x00, 0x00, 0x00, 0x00, 0x00, 0x00, 0x00, 0x00, 0x00, 0x00, 0x00, 0x00, 0x00, 0x00, 0x00, 0x00, 0x00,
    0x00, 0x00, 0x00, 0x00, 0x00, 0x00, 0x00, 0x00, 0x00, 0x00, 0x00, 0x00, 0x00, 0x00, 0x00, 0x00, 0x00, 0x00, 0x00,
    0x00, 0x00, 0x00, 0x00, 0x00, 0x00, 0x00, 0x00, 0x00, 0x00, 0x00, 0x00, 0x00, 0x00, 0x00, 0x00, 0x00, 0x00, 0x00,
    0x00, 0x00, 0x00, 0x00, 0x00, 0x00, 0x00, 0x00, 0x00, 0x00, 0x00, 0x00, 0x00, 0x00, 0x00, 0x00, 0x00, 0x00, 0x00,
    0x00, 0x00, 0x00, 0x00, 0x00, 0x00, 0x00, 0x00, 0x00, 0x00, 0x00, 0x00, 0x00, 0x00, 0x00, 0x00, 0x00, 0x00, 0x00,
    0x00, 0x00, 0x00, 0x00, 0x00, 0x00, 0x00, 0x00, 0x00, 0x00, 0x00, 0x00, 0x00, 0x00, 0x00, 0x00, 0x00, 0x00, 0x00,
    0x00, 0x00, 0x00, 0x00, 0x00, 0x00, 0x00, 0x00, 0x00, 0x00, 0x00, 0x00, 0x00, 0x00, 0x00, 0x00, 0x00, 0x00, 0x00,
    0x00, 0x00, 0x00, 0x00, 0x20, 0x00, 0x21, 0x00, 0x21, 0x00, 0x21, 0x00, 0x41, 0x08, 0x42, 0x08, 0x42, 0x08, 0x62,
    0x08, 0x63, 0x10, 0x83, 0x10, 0x63, 0x10, 0x06, 0x21, 0x9d, 0xd6, 0x1f, 0xe7, 0xdf, 0xde, 0xbf, 0xc5, 0xdf, 0xc5,
    0xdf, 0xc5, 0xdf, 0xc5, 0xdf, 0xc5, 0xdf, 0xc5, 0xdf, 0xc5, 0xdf, 0xc5, 0xbe, 0xc5, 0xbe, 0xbd, 0xbe, 0xbd, 0xbe,
    0xbd, 0xbe, 0xbd, 0xbe, 0xbd, 0x9e, 0xbd, 0x9e, 0xbd, 0x9e, 0xbd, 0x9e, 0xbd, 0x9e, 0xbd, 0x9e, 0xbd, 0x9e, 0xbd,
    0x7e, 0xbd, 0x7e, 0xbd, 0x7e, 0xbd, 0x7e, 0xb5, 0x7e, 0xb5, 0x7e, 0xb5, 0x7e, 0xb5, 0x5e, 0xb5, 0x5e, 0xb5, 0x5e,
    0xb5, 0x5e, 0xb5, 0x5e, 0xb5, 0x5e, 0xb5, 0x5e, 0xb5, 0x3e, 0xb5, 0x3e, 0xb5, 0x3e, 0xb5, 0x3e, 0xb5, 0x3e, 0xb5,
    0x1e, 0xad, 0x5e, 0xb5, 0x3e, 0xce, 0x3e, 0xce, 0xde, 0xc5, 0xfe, 0xac, 0x1e, 0xad, 0x1e, 0xad, 0xfd, 0xac, 0xfd,
    0xac, 0xfd, 0xac, 0xfd, 0xac, 0xfd, 0xac, 0xfd, 0xac, 0xdd, 0xa4, 0xdd, 0xa4, 0xdd, 0xa4, 0xdd, 0xa4, 0xdd, 0xa4,
    0xdd, 0xa4, 0xdd, 0xa4, 0xbd, 0xa4, 0xbd, 0xa4, 0xbd, 0xa4, 0xbd, 0xa4, 0xbd, 0xa4, 0xbd, 0xa4, 0xbd, 0xa4, 0x9d,
    0xa4, 0x9d, 0x9c, 0x9d, 0x9c, 0x9d, 0x9c, 0x9d, 0x9c, 0x9d, 0x9c, 0x9d, 0x9c, 0x7d, 0x9c, 0x7d, 0x9c, 0x7d, 0x9c,
    0x7d, 0x9c, 0x7d, 0x9c, 0x7d, 0x9c, 0x5d, 0x9c, 0x5d, 0x9c, 0x5d, 0x9c, 0x5d, 0x9c, 0xdc, 0x8b, 0x7d, 0xbd, 0x3e,
    0xce, 0x5f, 0xd6, 0x0b, 0x42, 0x43, 0x08, 0x84, 0x10, 0x63, 0x10, 0x63, 0x08, 0x62, 0x08, 0x42, 0x08, 0x41, 0x08,
    0x21, 0x08, 0x21, 0x00, 0x21, 0x00, 0x21, 0x00, 0x00, 0x00, 0x00, 0x00, 0x00, 0x00, 0x00, 0x00, 0x00, 0x00, 0x00,
    0x00, 0x00, 0x00, 0x00, 0x00, 0x00, 0x00, 0x00, 0x00, 0x00, 0x00, 0x00, 0x00, 0x00, 0x00, 0x00, 0x00, 0x00, 0x00,
    0x00, 0x00, 0x00, 0x00, 0x00, 0x00, 0x00, 0x00, 0x00, 0x00, 0x00, 0x00, 0x00, 0x00, 0x00, 0x00, 0x00, 0x00, 0x00,
    0x00, 0x00, 0x00, 0x00, 0x00, 0x00, 0x00, 0x00, 0x00, 0x00, 0x00, 0x00, 0x00, 0x00, 0x00, 0x00, 0x00, 0x00, 0x00,
    0x00, 0x00, 0x00, 0x00, 0x00, 0x00, 0x00, 0x00, 0x00, 0x00, 0x00, 0x00, 0x00, 0x00, 0x00, 0x00, 0x00, 0x00, 0x00,
    0x00, 0x00, 0x00, 0x00, 0x00, 0x00, 0x00, 0x00, 0x00, 0x00, 0x00, 0x00, 0x00, 0x00, 0x00, 0x00, 0x00, 0x00, 0x00,
    0x00, 0x00, 0x00, 0x00, 0x00, 0x00, 0x00, 0x00, 0x00, 0x00, 0x00, 0x00, 0x00, 0x00, 0x00, 0x00, 0x00, 0x00, 0x00,
    0x00, 0x00, 0x00, 0x00, 0x00, 0x00, 0x00, 0x00, 0x00, 0x00, 0x00, 0x00, 0x00, 0x00, 0x00, 0x00, 0x00, 0x00, 0x00,
    0x00, 0x00, 0x00, 0x00, 0x00, 0x00, 0x00, 0x00, 0x00, 0x00, 0x00, 0x00, 0x00, 0x00, 0x00, 0x00, 0x00, 0x00, 0x00,
    0x00, 0x00, 0x00, 0x00, 0x00, 0x20, 0x00, 0x21, 0x00, 0x21, 0x00, 0x21, 0x08, 0x41, 0x08, 0x42, 0x08, 0x42, 0x08,
    0x62, 0x08, 0x63, 0x10, 0x83, 0x10, 0x83, 0x10, 0x06, 0x21, 0x9d, 0xd6, 0x1f, 0xe7, 0xdf, 0xde, 0xbf, 0xc5, 0x9f,
    0xd6, 0xbf, 0xde, 0x9f, 0xde, 0x9f, 0xde, 0x9f, 0xde, 0x9f, 0xde, 0x9f, 0xde, 0x9f, 0xd6, 0x9f, 0xd6, 0x9f, 0xd6,
    0x9f, 0xd6, 0x9f, 0xd6, 0x9f, 0xd6, 0x7f, 0xd6, 0x7f, 0xd6, 0x7f, 0xd6, 0x7f, 0xd6, 0x7f, 0xd6, 0x7f, 0xd6, 0x7f,
    0xd6, 0x7f, 0xd6, 0x7f, 0xd6, 0x7f, 0xd6, 0x7f, 0xd6, 0x5f, 0xd6, 0x5f, 0xd6, 0x5f, 0xd6, 0x5f, 0xd6, 0x5e, 0xd6,
    0x5e, 0xd6, 0x5e, 0xd6, 0x5e, 0xce, 0x5e, 0xce, 0x5e, 0xce, 0x3e, 0xce, 0x3e, 0xce, 0x3e, 0xce, 0x3e, 0xce, 0x3e,
    0xce, 0x3e, 0xce, 0x3e, 0xce, 0x1e, 0xce, 0x1e, 0xce, 0x1e, 0xce, 0x3e, 0xce, 0x1e, 0xce, 0x3e, 0xce, 0x1e, 0xce,
    0x1e, 0xce, 0x1e, 0xce, 0x1e, 0xce, 0x1e, 0xce, 0x1e, 0xce, 0x1e, 0xce, 0x1e, 0xce, 0x1e, 0xc6, 0x1e, 0xc6, 0x1e,
    0xc6, 0xfe, 0xc5, 0xfe, 0xc5, 0xfe, 0xc5, 0xfe, 0xc5, 0xfe, 0xc5, 0xfe, 0xc5, 0xfe, 0xc5, 0xfe, 0xc5, 0xfe, 0xc5,
    0xfe, 0xc5, 0xde, 0xc5, 0xde, 0xc5, 0xde, 0xc5, 0xde, 0xc5, 0xde, 0xc5, 0xde, 0xc5, 0xde, 0xc5, 0xde, 0xc5, 0xde,
    0xc5, 0xde, 0xc5, 0xde, 0xc5, 0xbe, 0xc5, 0xbe, 0xc5, 0xbe, 0xbd, 0xbe, 0xbd, 0xde, 0xc5, 0x3c, 0x94, 0x7d, 0xb5,
    0x3e, 0xce, 0x5f, 0xd6, 0x0b, 0x42, 0x43, 0x08, 0x84, 0x10, 0x63, 0x10, 0x63, 0x08, 0x62, 0x08, 0x42, 0x08, 0x42,
    0x08, 0x21, 0x08, 0x21, 0x00, 0x21, 0x00, 0x21, 0x00, 0x00, 0x00, 0x00, 0x00, 0x00, 0x00, 0x00, 0x00, 0x00, 0x00,
    0x00, 0x00, 0x00, 0x00, 0x00, 0x00, 0x00, 0x00, 0x00, 0x00, 0x00, 0x00, 0x00, 0x00, 0x00, 0x00, 0x00, 0x00, 0x00,
    0x00, 0x00, 0x00, 0x00, 0x00, 0x00, 0x00, 0x00, 0x00, 0x00, 0x00, 0x00, 0x00, 0x00, 0x00, 0x00, 0x00, 0x00, 0x00,
    0x00, 0x00, 0x00, 0x00, 0x00, 0x00, 0x00, 0x00, 0x00, 0x00, 0x00, 0x00, 0x00, 0x00, 0x00, 0x00, 0x00, 0x00, 0x00,
    0x00, 0x00, 0x00, 0x00, 0x00, 0x00, 0x00, 0x00, 0x00, 0x00, 0x00, 0x00, 0x00, 0x00, 0x00, 0x00, 0x00, 0x00, 0x00,
    0x00, 0x00, 0x00, 0x00, 0x00, 0x00, 0x00, 0x00, 0x00, 0x00, 0x00, 0x00, 0x00, 0x00, 0x00, 0x00, 0x00, 0x00, 0x00,
    0x00, 0x00, 0x00, 0x00, 0x00, 0x00, 0x00, 0x00, 0x00, 0x00, 0x00, 0x00, 0x00, 0x00, 0x00, 0x00, 0x00, 0x00, 0x00,
    0x00, 0x00, 0x00, 0x00, 0x00, 0x00, 0x00, 0x00, 0x00, 0x00, 0x00, 0x00, 0x00, 0x00, 0x00, 0x00, 0x00, 0x00, 0x00,
    0x00, 0x00, 0x00, 0x00, 0x00, 0x00, 0x00, 0x00, 0x00, 0x00, 0x00, 0x00, 0x00, 0x00, 0x00, 0x00, 0x00, 0x00, 0x00,
    0x00, 0x00, 0x00, 0x00, 0x00, 0x00, 0x20, 0x00, 0x21, 0x00, 0x21, 0x00, 0x21, 0x08, 0x41, 0x08, 0x42, 0x08, 0x62,
    0x08, 0x63, 0x08, 0x63, 0x10, 0x84, 0x10, 0x83, 0x10, 0x06, 0x21, 0x9d, 0xd6, 0x1f, 0xe7, 0xdf, 0xde, 0xbf, 0xc5,
    0x9f, 0xd6, 0xbf, 0xde, 0xbf, 0xde, 0xbf, 0xde, 0x9f, 0xde, 0x9f, 0xde, 0x9f, 0xde, 0x9f, 0xd6, 0x9f, 0xd6, 0x9f,
    0xd6, 0x9f, 0xd6, 0x9f, 0xd6, 0x9f, 0xd6, 0x9f, 0xd6, 0x9f, 0xd6, 0x7f, 0xd6, 0x7f, 0xd6, 0x7f, 0xd6, 0x7f, 0xd6,
    0x7f, 0xd6, 0x7f, 0xd6, 0x7f, 0xd6, 0x7f, 0xd6, 0x7f, 0xd6, 0x7f, 0xd6, 0x5f, 0xd6, 0x5f, 0xd6, 0x5e, 0xd6, 0x5e,
    0xd6, 0x5e, 0xd6, 0x5e, 0xd6, 0x5e, 0xd6, 0x5e, 0xd6, 0x5e, 0xce, 0x5e, 0xce, 0x5e, 0xce, 0x3e, 0xce, 0x3e, 0xce,
    0x3e, 0xce, 0x3e, 0xce, 0x3e, 0xce, 0x3e, 0xce, 0x3e, 0xce, 0x3e, 0xce, 0x3e, 0xce, 0x3e, 0xce, 0x3e, 0xce, 0x1e,
    0xce, 0x1e, 0xce, 0x1e, 0xce, 0x1e, 0xce, 0x1e, 0xce, 0x1e, 0xce, 0x1e, 0xce, 0x1e, 0xce, 0x1e, 0xce, 0x1e, 0xc6,
    0xfe, 0xc5, 0xfe, 0xc5, 0xfe, 0xc5, 0xfe, 0xc5, 0xfe, 0xc5, 0xfe, 0xc5, 0xfe, 0xc5, 0xfe, 0xc5, 0xfe, 0xc5, 0xfe,
    0xc5, 0xfe, 0xc5, 0xde, 0xc5, 0xde, 0xc5, 0xde, 0xc5, 0xde, 0xc5, 0xde, 0xc5, 0xde, 0xc5, 0xde, 0xc5, 0xde, 0xc5,
    0xde, 0xc5, 0xde, 0xc5, 0xde, 0xc5, 0xde, 0xc5, 0xbe, 0xbd, 0xbe, 0xbd, 0xbe, 0xbd, 0xde, 0xc5, 0x3c, 0x94, 0x7d,
    0xb5, 0x3e, 0xce, 0x5f, 0xd6, 0x0b, 0x42, 0x43, 0x08, 0xa4, 0x10, 0x63, 0x10, 0x63, 0x08, 0x62, 0x08, 0x42, 0x08,
    0x42, 0x08, 0x21, 0x08, 0x21, 0x00, 0x21, 0x00, 0x21, 0x00, 0x00, 0x00, 0x00, 0x00, 0x00, 0x00, 0x00, 0x00, 0x00,
    0x00, 0x00, 0x00, 0x00, 0x00, 0x00, 0x00, 0x00, 0x00, 0x00, 0x00, 0x00, 0x00, 0x00, 0x00, 0x00, 0x00, 0x00, 0x00,
    0x00, 0x00, 0x00, 0x00, 0x00, 0x00, 0x00, 0x00, 0x00, 0x00, 0x00, 0x00, 0x00, 0x00, 0x00, 0x00, 0x00, 0x00, 0x00,
    0x00, 0x00, 0x00, 0x00, 0x00, 0x00, 0x00, 0x00, 0x00, 0x00, 0x00, 0x00, 0x00, 0x00, 0x00, 0x00, 0x00, 0x00, 0x00,
    0x00, 0x00, 0x00, 0x00, 0x00, 0x00, 0x00, 0x00, 0x00, 0x00, 0x00, 0x00, 0x00, 0x00, 0x00, 0x00, 0x00, 0x00, 0x00,
    0x00, 0x00, 0x00, 0x00, 0x00, 0x00, 0x00, 0x00, 0x00, 0x00, 0x00, 0x00, 0x00, 0x00, 0x00, 0x00, 0x00, 0x00, 0x00,
    0x00, 0x00, 0x00, 0x00, 0x00, 0x00, 0x00, 0x00, 0x00, 0x00, 0x00, 0x00, 0x00, 0x00, 0x00, 0x00, 0x00, 0x00, 0x00,
    0x00, 0x00, 0x00, 0x00, 0x00, 0x00, 0x00, 0x00, 0x00, 0x00, 0x00, 0x00, 0x00, 0x00, 0x00, 0x00, 0x00, 0x00, 0x00,
    0x00, 0x00, 0x00, 0x00, 0x00, 0x00, 0x00, 0x00, 0x00, 0x00, 0x00, 0x00, 0x00, 0x00, 0x00, 0x00, 0x00, 0x00, 0x00,
    0x00, 0x00, 0x00, 0x00, 0x00, 0x00, 0x00, 0x20, 0x00, 0x21, 0x00, 0x21, 0x00, 0x21, 0x08, 0x41, 0x08, 0x42, 0x08,
    0x62, 0x08, 0x63, 0x08, 0x63, 0x10, 0x84, 0x10, 0x83, 0x10, 0x06, 0x21, 0x9d, 0xd6, 0x1f, 0xe7, 0xdf, 0xde, 0xbf,
    0xbd, 0x3f, 0xce, 0x5f, 0xd6, 0x5f, 0xce, 0x5f, 0xce, 0x5f, 0xce, 0x3f, 0xce, 0x3f, 0xce, 0x3f, 0xce, 0x3f, 0xce,
    0x3f, 0xce, 0x3f, 0xce, 0x3f, 0xce, 0x3f, 0xce, 0x3f, 0xce, 0x1f, 0xce, 0x1f, 0xce, 0x1f, 0xce, 0x1e, 0xce, 0x1e,
    0xce, 0x1e, 0xce, 0x1e, 0xce, 0x1e, 0xce, 0x1e, 0xc6, 0x1e, 0xc6, 0xfe, 0xc5, 0xfe, 0xc5, 0xfe, 0xc5, 0xfe, 0xc5,
    0xfe, 0xc5, 0xfe, 0xc5, 0xfe, 0xc5, 0xfe, 0xc5, 0xde, 0xc5, 0xde, 0xc5, 0xde, 0xc5, 0xde, 0xc5, 0xde, 0xc5, 0xde,
    0xc5, 0xde, 0xc5, 0xde, 0xc5, 0xbe, 0xc5, 0xbe, 0xc5, 0xbe, 0xc5, 0xbe, 0xbd, 0xbe, 0xbd, 0xbe, 0xbd, 0xbe, 0xbd,
    0xbe, 0xbd, 0xbe, 0xbd, 0xbe, 0xbd, 0x9e, 0xbd, 0x9e, 0xbd, 0x9e, 0xbd, 0x9e, 0xbd, 0x9e, 0xbd, 0x9e, 0xbd, 0x9e,
    0xbd, 0x7e, 0xbd, 0x7e, 0xbd, 0x7e, 0xbd, 0x7e, 0xbd, 0x7e, 0xb5, 0x7e, 0xb5, 0x7e, 0xb5, 0x7e, 0xb5, 0x7d, 0xb5,
    0x7d, 0xb5, 0x5d, 0xb5, 0x5d, 0xb5, 0x5d, 0xb5, 0x5d, 0xb5, 0x5d, 0xb5, 0x5d, 0xb5, 0x5d, 0xb5, 0x5d, 0xb5, 0x5d,
    0xb5, 0x5d, 0xb5, 0x3d, 0xb5, 0x3d, 0xb5, 0x3d, 0xb5, 0x3d, 0xad, 0x3d, 0xad, 0x3d, 0xad, 0x3d, 0xb5, 0x1c, 0x8c,
    0x7d, 0xb5, 0x3e, 0xce, 0x5f, 0xce, 0x0b, 0x42, 0x43, 0x08, 0xa4, 0x10, 0x83, 0x10, 0x63, 0x08, 0x62, 0x08, 0x42,
    0x08, 0x42, 0x08, 0x21, 0x08, 0x21, 0x00, 0x21, 0x00, 0x21, 0x00, 0x00, 0x00, 0x00, 0x00, 0x00, 0x00, 0x00, 0x00,
    0x00, 0x00, 0x00, 0x00, 0x00, 0x00, 0x00, 0x00, 0x00, 0x00, 0x00, 0x00, 0x00, 0x00, 0x00, 0x00, 0x00, 0x00, 0x00,
    0x00, 0x00, 0x00, 0x00, 0x00, 0x00, 0x00, 0x00, 0x00, 0x00, 0x00, 0x00, 0x00, 0x00, 0x00, 0x00, 0x00, 0x00, 0x00,
    0x00, 0x00, 0x00, 0x00, 0x00, 0x00, 0x00, 0x00, 0x00, 0x00, 0x00, 0x00, 0x00, 0x00, 0x00, 0x00, 0x00, 0x00, 0x00,
    0x00, 0x00, 0x00, 0x00, 0x00, 0x00, 0x00, 0x00, 0x00, 0x00, 0x00, 0x00, 0x00, 0x00, 0x00, 0x00, 0x00, 0x00, 0x00,
    0x00, 0x00, 0x00, 0x00, 0x00, 0x00, 0x00, 0x00, 0x00, 0x00, 0x00, 0x00, 0x00, 0x00, 0x00, 0x00, 0x00, 0x00, 0x00,
    0x00, 0x00, 0x00, 0x00, 0x00, 0x00, 0x00, 0x00, 0x00, 0x00, 0x00, 0x00, 0x00, 0x00, 0x00, 0x00, 0x00, 0x00, 0x00,
    0x00, 0x00, 0x00, 0x00, 0x00, 0x00, 0x00, 0x00, 0x00, 0x00, 0x00, 0x00, 0x00, 0x00, 0x00, 0x00, 0x00, 0x00, 0x00,
    0x00, 0x00, 0x00, 0x00, 0x00, 0x00, 0x00, 0x00, 0x00, 0x00, 0x00, 0x00, 0x00, 0x00, 0x00, 0x00, 0x00, 0x00, 0x00,
    0x00, 0x00, 0x00, 0x00, 0x00, 0x00, 0x00, 0x00, 0x20, 0x00, 0x21, 0x00, 0x21, 0x00, 0x21, 0x08, 0x41, 0x08, 0x42,
    0x08, 0x62, 0x08, 0x63, 0x08, 0x63, 0x10, 0x84, 0x10, 0x83, 0x10, 0x06, 0x21, 0x7d, 0xd6, 0x1f, 0xe7, 0xdf, 0xde,
    0x9e, 0xbd, 0x7e, 0xbd, 0x7e, 0xbd, 0x7e, 0xbd, 0x7e, 0xb5, 0x7e, 0xb5, 0x5e, 0xb5, 0x5e, 0xb5, 0x5e, 0xb5, 0x5e,
    0xb5, 0x5e, 0xb5, 0x3e, 0xb5, 0x3e, 0xb5, 0x3e, 0xb5, 0x3e, 0xb5, 0x3e, 0xb5, 0x3e, 0xb5, 0x1e, 0xad, 0x1e, 0xad,
    0x1e, 0xad, 0x1e, 0xad, 0x1e, 0xad, 0x1e, 0xad, 0xfe, 0xac, 0xfe, 0xac, 0xfe, 0xac, 0xfe, 0xac, 0xfe, 0xac, 0xfe,
    0xac, 0xde, 0xa4, 0xde, 0xa4, 0xde, 0xa4, 0xde, 0xa4, 0xde, 0xa4, 0xdd, 0xa4, 0xbd, 0xa4, 0xbd, 0xa4, 0xbd, 0xa4,
    0xbd, 0xa4, 0xbd, 0xa4, 0xbd, 0xa4, 0x9d, 0xa4, 0x9d, 0x9c, 0x9d, 0x9c, 0x9d, 0x9c, 0x9d, 0x9c, 0x9d, 0x9c, 0x7d,
    0x9c, 0x7d, 0x9c, 0x7d, 0x9c, 0x7d, 0x9c, 0x7d, 0x9c, 0x7d, 0x9c, 0x5d, 0x9c, 0x5d, 0x9c, 0x5d, 0x94, 0x5d, 0x94,
    0x5d, 0x94, 0x5d, 0x94, 0x3d, 0x94, 0x3d, 0x94, 0x3d, 0x94, 0x3d, 0x94, 0x3d, 0x94, 0x3d, 0x94, 0x1d, 0x94, 0x1d,
    0x94, 0x1d, 0x94, 0x1d, 0x94, 0x1c, 0x8c, 0xfc, 0x8b, 0xfc, 0x8b, 0xfc, 0x8b, 0xfc, 0x8b, 0xfc, 0x8b, 0xfc, 0x8b,
    0xdc, 0x8b, 0xdc, 0x8b, 0xdc, 0x8b, 0xdc, 0x8b, 0xdc, 0x8b, 0xdc, 0x8b, 0xbc, 0x83, 0xbc, 0x83, 0xbc, 0x83, 0xbc,
    0x83, 0x7d, 0xbd, 0x3e, 0xce, 0x5f, 0xce, 0x0b, 0x42, 0x43, 0x08, 0xa4, 0x10, 0x83, 0x10, 0x63, 0x08, 0x62, 0x08,
    0x42, 0x08, 0x42, 0x08, 0x21, 0x08, 0x21, 0x00, 0x21, 0x00, 0x21, 0x00, 0x00, 0x00, 0x00, 0x00, 0x00, 0x00, 0x00,
    0x00, 0x00, 0x00, 0x00, 0x00, 0x00, 0x00, 0x00, 0x00, 0x00, 0x00, 0x00, 0x00, 0x00, 0x00, 0x00, 0x00, 0x00, 0x00,
    0x00, 0x00, 0x00, 0x00, 0x00, 0x00, 0x00, 0x00, 0x00, 0x00, 0x00, 0x00, 0x00, 0x00, 0x00, 0x00, 0x00, 0x00, 0x00,
    0x00, 0x00, 0x00, 0x00, 0x00, 0x00, 0x00, 0x00, 0x00, 0x00, 0x00, 0x00, 0x00, 0x00, 0x00, 0x00, 0x00, 0x00, 0x00,
    0x00, 0x00, 0x00, 0x00, 0x00, 0x00, 0x00, 0x00, 0x00, 0x00, 0x00, 0x00, 0x00, 0x00, 0x00, 0x00, 0x00, 0x00, 0x00,
    0x00, 0x00, 0x00, 0x00, 0x00, 0x00, 0x00, 0x00, 0x00, 0x00, 0x00, 0x00, 0x00, 0x00, 0x00, 0x00, 0x00, 0x00, 0x00,
    0x00, 0x00, 0x00, 0x00, 0x00, 0x00, 0x00, 0x00, 0x00, 0x00, 0x00, 0x00, 0x00, 0x00, 0x00, 0x00, 0x00, 0x00, 0x00,
    0x00, 0x00, 0x00, 0x00, 0x00, 0x00, 0x00, 0x00, 0x00, 0x00, 0x00, 0x00, 0x00, 0x00, 0x00, 0x00, 0x00, 0x00, 0x00,
    0x00, 0x00, 0x00, 0x00, 0x00, 0x00, 0x00, 0x00, 0x00, 0x00, 0x00, 0x00, 0x00, 0x00, 0x00, 0x00, 0x00, 0x00, 0x00,
    0x00, 0x00, 0x00, 0x00, 0x00, 0x00, 0x00, 0x00, 0x00, 0x20, 0x00, 0x21, 0x00, 0x21, 0x00, 0x21, 0x08, 0x41, 0x08,
    0x42, 0x08, 0x62, 0x08, 0x63, 0x08, 0x63, 0x10, 0x84, 0x10, 0x84, 0x10, 0x06, 0x21, 0x7d, 0xd6, 0x1f, 0xe7, 0xdf,
    0xde, 0x9e, 0xbd, 0x7e, 0xbd, 0x7e, 0xbd, 0x7e, 0xbd, 0x7e, 0xbd, 0x7e, 0xb5, 0x7e, 0xb5, 0x5e, 0xb5, 0x5e, 0xb5,
    0x5e, 0xb5, 0x5e, 0xb5, 0x5e, 0xb5, 0x5e, 0xb5, 0x3e, 0xb5, 0x3e, 0xb5, 0x3e, 0xb5, 0x3e, 0xb5, 0x3e, 0xb5, 0x3e,
    0xad, 0x3e, 0xad, 0x1e, 0xad, 0x1e, 0xad, 0x1e, 0xad, 0x1e, 0xad, 0x1e, 0xad, 0x1e, 0xad, 0xfe, 0xac, 0xfe, 0xac,
    0xfe, 0xac, 0xfe, 0xac, 0xfe, 0xac, 0xfe, 0xac, 0xde, 0xa4, 0xde, 0xa4, 0xdd, 0xa4, 0xdd, 0xa4, 0xdd, 0xa4, 0xdd,
    0xa4, 0xbd, 0xa4, 0xbd, 0xa4, 0xbd, 0xa4, 0xbd, 0xa4, 0xbd, 0xa4, 0xbd, 0xa4, 0x9d, 0xa4, 0x9d, 0x9c, 0x9d, 0x9c,
    0x9d, 0x9c, 0x9d, 0x9c, 0x9d, 0x9c, 0x7d, 0x9c, 0x7d, 0x9c, 0x7d, 0x9c, 0x7d, 0x9c, 0x7d, 0x9c, 0x7d, 0x9c, 0x5d,
    0x9c, 0x5d, 0x9c, 0x5d, 0x9c, 0x5d, 0x94, 0x5d, 0x94, 0x5d, 0x94, 0x3d, 0x94, 0x3d, 0x94, 0x3d, 0x94, 0x3d, 0x94,
    0x3d, 0x94, 0x3d, 0x94, 0x1d, 0x94, 0x1c, 0x94, 0x1c, 0x94, 0x1c, 0x94, 0x1c, 0x8c, 0x1c, 0x8c, 0xfc, 0x8b, 0xfc,
    0x8b, 0xfc, 0x8b, 0xfc, 0x8b, 0xfc, 0x8b, 0xfc, 0x8b, 0xdc, 0x8b, 0xdc, 0x8b, 0xdc, 0x8b, 0xdc, 0x8b, 0xdc, 0x8b,
    0xbc, 0x83, 0x7d, 0xb5, 0x1e, 0xce, 0x5f, 0xce, 0x0b, 0x42, 0x43, 0x08, 0xa4, 0x10, 0x83, 0x10, 0x63, 0x08, 0x62,
    0x08, 0x42, 0x08, 0x42, 0x08, 0x21, 0x08, 0x21, 0x00, 0x21, 0x00, 0x21, 0x00, 0x00, 0x00, 0x00, 0x00, 0x00, 0x00,
    0x00, 0x00, 0x00, 0x00, 0x00, 0x00, 0x00, 0x00, 0x00, 0x00, 0x00, 0x00, 0x00, 0x00, 0x00, 0x00, 0x00, 0x00, 0x00,
    0x00, 0x00, 0x00, 0x00, 0x00, 0x00, 0x00, 0x00, 0x00, 0x00, 0x00, 0x00, 0x00, 0x00, 0x00, 0x00, 0x00, 0x00, 0x00,
    0x00, 0x00, 0x00, 0x00, 0x00, 0x00, 0x00, 0x00, 0x00, 0x00, 0x00, 0x00, 0x00, 0x00, 0x00, 0x00, 0x00, 0x00, 0x00,
    0x00, 0x00, 0x00, 0x00, 0x00, 0x00, 0x00, 0x00, 0x00, 0x00, 0x00, 0x00, 0x00, 0x00, 0x00, 0x00, 0x00, 0x00, 0x00,
    0x00, 0x00, 0x00, 0x00, 0x00, 0x00, 0x00, 0x00, 0x00, 0x00, 0x00, 0x00, 0x00, 0x00, 0x00, 0x00, 0x00, 0x00, 0x00,
    0x00, 0x00, 0x00, 0x00, 0x00, 0x00, 0x00, 0x00, 0x00, 0x00, 0x00, 0x00, 0x00, 0x00, 0x00, 0x00, 0x00, 0x00, 0x00,
    0x00, 0x00, 0x00, 0x00, 0x00, 0x00, 0x00, 0x00, 0x00, 0x00, 0x00, 0x00, 0x00, 0x00, 0x00, 0x00, 0x00, 0x00, 0x00,
    0x00, 0x00, 0x00, 0x00, 0x00, 0x00, 0x00, 0x00, 0x00, 0x00, 0x00, 0x00, 0x00, 0x00, 0x00, 0x00, 0x00, 0x00, 0x00,
    0x00, 0x00, 0x00, 0x00, 0x00, 0x00, 0x00, 0x00, 0x00, 0x00, 0x20, 0x00, 0x21, 0x00, 0x21, 0x00, 0x21, 0x08, 0x41,
    0x08, 0x42, 0x08, 0x62, 0x08, 0x63, 0x08, 0x63, 0x10, 0x84, 0x10, 0x84, 0x10, 0x06, 0x21, 0x7d, 0xd6, 0x1f, 0xe7,
    0xbf, 0xde, 0x9e, 0xbd, 0x7e, 0xbd, 0x7e, 0xbd, 0x7e, 0xb5, 0x7e, 0xb5, 0x7e, 0xb5, 0x5e, 0xb5, 0x5e, 0xb5, 0x5e,
    0xb5, 0x5e, 0xb5, 0x5e, 0xb5, 0x5e, 0xb5, 0x3e, 0xb5, 0x3e, 0xb5, 0x3e, 0xb5, 0x3e, 0xb5, 0x3e, 0xb5, 0x3e, 0xad,
    0x1e, 0xad, 0x1e, 0xad, 0x1e, 0xad, 0x1e, 0xad, 0x1e, 0xad, 0x1e, 0xad, 0xfe, 0xac, 0xfe, 0xac, 0xfe, 0xac, 0xfe,
    0xac, 0xfe, 0xac, 0xfe, 0xac, 0xde, 0xa4, 0xde, 0xa4, 0xde, 0xa4, 0xdd, 0xa4, 0xdd, 0xa4, 0xdd, 0xa4, 0xbd, 0xa4,
    0xbd, 0xa4, 0xbd, 0xa4, 0xbd, 0xa4, 0xbd, 0xa4, 0xbd, 0xa4, 0x9d, 0xa4, 0x9d, 0x9c, 0x9d, 0x9c, 0x9d, 0x9c, 0x9d,
    0x9c, 0x9d, 0x9c, 0x7d, 0x9c, 0x7d, 0x9c, 0x7d, 0x9c, 0x7d, 0x9c, 0x7d, 0x9c, 0x7d, 0x9c, 0x5d, 0x9c, 0x5d, 0x9c,
    0x5d, 0x9c, 0x5d, 0x94, 0x5d, 0x94, 0x5d, 0x94, 0x3d, 0x94, 0x3d, 0x94, 0x3d, 0x94, 0x3d, 0x94, 0x3d, 0x94, 0x3d,
    0x94, 0x1d, 0x94, 0x1d, 0x94, 0x1c, 0x94, 0x1c, 0x94, 0x1c, 0x8c, 0x1c, 0x8c, 0xfc, 0x8b, 0xfc, 0x8b, 0xfc, 0x8b,
    0xfc, 0x8b, 0xfc, 0x8b, 0xfc, 0x8b, 0xdc, 0x8b, 0xdc, 0x8b, 0xdc, 0x8b, 0xdc, 0x8b, 0xdc, 0x8b, 0xdc, 0x83, 0xdc,
    0x8b, 0x9c, 0x83, 0x7d, 0xb5, 0x1e, 0xce, 0x3f, 0xce, 0x0b, 0x42, 0x43, 0x08, 0xa4, 0x10, 0x83, 0x10, 0x63, 0x08,
    0x62, 0x08, 0x42, 0x08, 0x42, 0x08, 0x21, 0x08, 0x21, 0x00, 0x21, 0x00, 0x21, 0x00, 0x20, 0x00, 0x00, 0x00, 0x00,
    0x00, 0x00, 0x00, 0x00, 0x00, 0x00, 0x00, 0x00, 0x00, 0x00, 0x00, 0x00, 0x00, 0x00, 0x00, 0x00, 0x00, 0x00, 0x00,
    0x00, 0x00, 0x00, 0x00, 0x00, 0x00, 0x00, 0x00, 0x00, 0x00, 0x00, 0x00, 0x00, 0x00, 0x00, 0x00, 0x00, 0x00, 0x00,
    0x00, 0x00, 0x00, 0x00, 0x00, 0x00, 0x00, 0x00, 0x00, 0x00, 0x00, 0x00, 0x00, 0x00, 0x00, 0x00, 0x00, 0x00, 0x00,
    0x00, 0x00, 0x00, 0x00, 0x00, 0x00, 0x00, 0x00, 0x00, 0x00, 0x00, 0x00, 0x00, 0x00, 0x00, 0x00, 0x00, 0x00, 0x00,
    0x00, 0x00, 0x00, 0x00, 0x00, 0x00, 0x00, 0x00, 0x00, 0x00, 0x00, 0x00, 0x00, 0x00, 0x00, 0x00, 0x00, 0x00, 0x00,
    0x00, 0x00, 0x00, 0x00, 0x00, 0x00, 0x00, 0x00, 0x00, 0x00, 0x00, 0x00, 0x00, 0x00, 0x00, 0x00, 0x00, 0x00, 0x00,
    0x00, 0x00, 0x00, 0x00, 0x00, 0x00, 0x00, 0x00, 0x00, 0x00, 0x00, 0x00, 0x00, 0x00, 0x00, 0x00, 0x00, 0x00, 0x00,
    0x00, 0x00, 0x00, 0x00, 0x00, 0x00, 0x00, 0x00, 0x00, 0x00, 0x00, 0x00, 0x00, 0x00, 0x00, 0x00, 0x00, 0x00, 0x00,
    0x00, 0x00, 0x00, 0x00, 0x00, 0x00, 0x00, 0x00, 0x00, 0x00, 0x00, 0x20, 0x00, 0x21, 0x00, 0x21, 0x00, 0x21, 0x08,
    0x41, 0x08, 0x42, 0x08, 0x62, 0x08, 0x63, 0x08, 0x63, 0x10, 0x84, 0x10, 0x84, 0x10, 0x06, 0x21, 0x7d, 0xd6, 0xff,
    0xe6, 0xbf, 0xde, 0x9e, 0xbd, 0x7e, 0xbd, 0x7e, 0xb5, 0x7e, 0xb5, 0x7e, 0xb5, 0x5e, 0xb5, 0x5e, 0xb5, 0x5e, 0xb5,
    0x5e, 0xb5, 0x5e, 0xb5, 0x5e, 0xb5, 0x3e, 0xb5, 0x3e, 0xb5, 0x3e, 0xb5, 0x3e, 0xb5, 0x3e, 0xb5, 0x3e, 0xad, 0x1e,
    0xad, 0x1e, 0xad, 0x1e, 0xad, 0x1e, 0xad, 0x1e, 0xad, 0x1e, 0xad, 0xfe, 0xac, 0xfe, 0xac, 0xfe, 0xac, 0xfe, 0xac,
    0xfe, 0xac, 0xfe, 0xac, 0xde, 0xa4, 0xde, 0xa4, 0xde, 0xa4, 0xdd, 0xa4, 0xdd, 0xa4, 0xdd, 0xa4, 0xbd, 0xa4, 0xbd,
    0xa4, 0xbd, 0xa4, 0xbd, 0xa4, 0xbd, 0xa4, 0xbd, 0xa4, 0x9d, 0xa4, 0x9d, 0x9c, 0x9d, 0x9c, 0x9d, 0x9c, 0x9d, 0x9c,
    0x9d, 0x9c, 0x7d, 0x9c, 0x7d, 0x9c, 0x7d, 0x9c, 0x7d, 0x9c, 0x7d, 0x9c, 0x7d, 0x9c, 0x5d, 0x9c, 0x5d, 0x9c, 0x5d,
    0x9c, 0x5d, 0x94, 0x5d, 0x94, 0x5d, 0x94, 0x3d, 0x94, 0x3d, 0x94, 0x3d, 0x94, 0x3d, 0x94, 0x3d, 0x94, 0x3d, 0x94,
    0x1d, 0x94, 0x1d, 0x94, 0x1c, 0x94, 0x1c, 0x94, 0x1c, 0x8c, 0x1c, 0x8c, 0xfc, 0x8b, 0xfc, 0x8b, 0xfc, 0x8b, 0xfc,
    0x8b, 0xfc, 0x8b, 0xfc, 0x8b, 0xdc, 0x8b, 0xdc, 0x8b, 0xdc, 0x8b, 0xdc, 0x8b, 0xdc, 0x8b, 0xdc, 0x83, 0xbc, 0x83,
    0xbc, 0x83, 0x9c, 0x83, 0x7d, 0xb5, 0x1e, 0xce, 0x3f, 0xce, 0x0b, 0x42, 0x43, 0x08, 0xa4, 0x10, 0x83, 0x10, 0x63,
    0x08, 0x62, 0x08, 0x42, 0x08, 0x42, 0x08, 0x21, 0x08, 0x21, 0x00, 0x21, 0x00, 0x21, 0x00, 0x20, 0x00, 0x00, 0x00,
    0x00, 0x00, 0x00, 0x00, 0x00, 0x00, 0x00, 0x00, 0x00, 0x00, 0x00, 0x00, 0x00, 0x00, 0x00, 0x00, 0x00, 0x00, 0x00,
    0x00, 0x00, 0x00, 0x00, 0x00, 0x00, 0x00, 0x00, 0x00, 0x00, 0x00, 0x00, 0x00, 0x00, 0x00, 0x00, 0x00, 0x00, 0x00,
    0x00, 0x00, 0x00, 0x00, 0x00, 0x00, 0x00, 0x00, 0x00, 0x00, 0x00, 0x00, 0x00, 0x00, 0x00, 0x00, 0x00, 0x00, 0x00,
    0x00, 0x00, 0x00, 0x00, 0x00, 0x00, 0x00, 0x00, 0x00, 0x00, 0x00, 0x00, 0x00, 0x00, 0x00, 0x00, 0x00, 0x00, 0x00,
    0x00, 0x00, 0x00, 0x00, 0x00, 0x00, 0x00, 0x00, 0x00, 0x00, 0x00, 0x00, 0x00, 0x00, 0x00, 0x00, 0x00, 0x00, 0x00,
    0x00, 0x00, 0x00, 0x00, 0x00, 0x00, 0x00, 0x00, 0x00, 0x00, 0x00, 0x00, 0x00, 0x00, 0x00, 0x00, 0x00, 0x00, 0x00,
    0x00, 0x00, 0x00, 0x00, 0x00, 0x00, 0x00, 0x00, 0x00, 0x00, 0x00, 0x00, 0x00, 0x00, 0x00, 0x00, 0x00, 0x00, 0x00,
    0x00, 0x00, 0x00, 0x00, 0x00, 0x00, 0x00, 0x00, 0x00, 0x00, 0x00, 0x00, 0x00, 0x00, 0x00, 0x00, 0x00, 0x00, 0x00,
    0x00, 0x00, 0x00, 0x00, 0x00, 0x00, 0x00, 0x00, 0x00, 0x00, 0x00, 0x00, 0x21, 0x00, 0x21, 0x00, 0x21, 0x00, 0x21,
    0x08, 0x42, 0x08, 0x42, 0x08, 0x62, 0x08, 0x63, 0x08, 0x63, 0x10, 0x84, 0x10, 0x84, 0x10, 0x06, 0x21, 0x7d, 0xd6,
    0xff, 0xe6, 0xbf, 0xde, 0x9e, 0xbd, 0x7e, 0xb5, 0x7e, 0xb5, 0x7e, 0xb5, 0x5e, 0xb5, 0x5e, 0xb5, 0x5e, 0xb5, 0x5e,
    0xb5, 0x5e, 0xb5, 0x5e, 0xb5, 0x3e, 0xb5, 0x3e, 0xb5, 0x3e, 0xb5, 0x3e, 0xb5, 0x3e, 0xb5, 0x3e, 0xad, 0x1e, 0xad,
    0x1e, 0xad, 0x1e, 0xad, 0x1e, 0xad, 0x1e, 0xad, 0x1e, 0xad, 0xfe, 0xac, 0xfe, 0xac, 0xfe, 0xac, 0xfe, 0xac, 0xfe,
    0xac, 0xfe, 0xac, 0xde, 0xa4, 0xde, 0xa4, 0xde, 0xa4, 0xdd, 0xa4, 0xdd, 0xa4, 0xdd, 0xa4, 0xbd, 0xa4, 0xbd, 0xa4,
    0xbd, 0xa4, 0xbd, 0xa4, 0xbd, 0xa4, 0xbd, 0xa4, 0x9d, 0xa4, 0x9d, 0x9c, 0x9d, 0x9c, 0x9d, 0x9c, 0x9d, 0x9c, 0x9d,
    0x9c, 0x7d, 0x9c, 0x7d, 0x9c, 0x7d, 0x9c, 0x7d, 0x9c, 0x7d, 0x9c, 0x7d, 0x9c, 0x5d, 0x9c, 0x5d, 0x9c, 0x5d, 0x9c,
    0x5d, 0x94, 0x5d, 0x94, 0x5d, 0x94, 0x3d, 0x94, 0x3d, 0x94, 0x3d, 0x94, 0x3d, 0x94, 0x3d, 0x94, 0x3d, 0x94, 0x1d,
    0x94, 0x1d, 0x94, 0x1c, 0x94, 0x1c, 0x94, 0x1c, 0x8c, 0x1c, 0x8c, 0xfc, 0x8b, 0xfc, 0x8b, 0xfc, 0x8b, 0xfc, 0x8b,
    0xfc, 0x8b, 0xfc, 0x8b, 0xdc, 0x8b, 0xdc, 0x8b, 0xdc, 0x8b, 0xdc, 0x8b, 0xdc, 0x8b, 0xdc, 0x83, 0xbc, 0x83, 0xbc,
    0x83, 0xbc, 0x83, 0x9c, 0x83, 0x7d, 0xb5, 0x1e, 0xce, 0x3f, 0xce, 0x0b, 0x42, 0x43, 0x08, 0xa4, 0x10, 0x83, 0x10,
    0x63, 0x10, 0x62, 0x08, 0x42, 0x08, 0x42, 0x08, 0x41, 0x08, 0x21, 0x00, 0x21, 0x00, 0x21, 0x00, 0x20, 0x00, 0x00,
    0x00, 0x00, 0x00, 0x00, 0x00, 0x00, 0x00, 0x00, 0x00, 0x00, 0x00, 0x00, 0x00, 0x00, 0x00, 0x00, 0x00, 0x00, 0x00,
    0x00, 0x00, 0x00, 0x00, 0x00, 0x00, 0x00, 0x00, 0x00, 0x00, 0x00, 0x00, 0x00, 0x00, 0x00, 0x00, 0x00, 0x00, 0x00,
    0x00, 0x00, 0x00, 0x00, 0x00, 0x00, 0x00, 0x00, 0x00, 0x00, 0x00, 0x00, 0x00, 0x00, 0x00, 0x00, 0x00, 0x00, 0x00,
    0x00, 0x00, 0x00, 0x00, 0x00, 0x00, 0x00, 0x00, 0x00, 0x00, 0x00, 0x00, 0x00, 0x00, 0x00, 0x00, 0x00, 0x00, 0x00,
    0x00, 0x00, 0x00, 0x00, 0x00, 0x00, 0x00, 0x00, 0x00, 0x00, 0x00, 0x00, 0x00, 0x00, 0x00, 0x00, 0x00, 0x00, 0x00,
    0x00, 0x00, 0x00, 0x00, 0x00, 0x00, 0x00, 0x00, 0x00, 0x00, 0x00, 0x00, 0x00, 0x00, 0x00, 0x00, 0x00, 0x00, 0x00,
    0x00, 0x00, 0x00, 0x00, 0x00, 0x00, 0x00, 0x00, 0x00, 0x00, 0x00, 0x00, 0x00, 0x00, 0x00, 0x00, 0x00, 0x00, 0x00,
    0x00, 0x00, 0x00, 0x00, 0x00, 0x00, 0x00, 0x00, 0x00, 0x00, 0x00, 0x00, 0x00, 0x00, 0x00, 0x00, 0x00, 0x00, 0x00,
    0x00, 0x00, 0x00, 0x00, 0x00, 0x00, 0x00, 0x00, 0x00, 0x00, 0x00, 0x00, 0x00, 0x21, 0x00, 0x21, 0x00, 0x21, 0x00,
    0x21, 0x08, 0x42, 0x08, 0x42, 0x08, 0x62, 0x08, 0x63, 0x08, 0x83, 0x10, 0x84, 0x10, 0x84, 0x10, 0x06, 0x21, 0x7d,
    0xd6, 0xff, 0xe6, 0xbf, 0xde, 0x9e, 0xbd, 0x7e, 0xb5, 0x7e, 0xb5, 0x5e, 0xb5, 0x5e, 0xb5, 0x5e, 0xb5, 0x5e, 0xb5,
    0x5e, 0xb5, 0x5e, 0xb5, 0x3e, 0xb5, 0x3e, 0xb5, 0x3e, 0xb5, 0x3e, 0xb5, 0x3e, 0xb5, 0x3e, 0xad, 0x1e, 0xad, 0x1e,
    0xad, 0x1e, 0xad, 0x1e, 0xad, 0x1e, 0xad, 0x1e, 0xad, 0xfe, 0xac, 0xfe, 0xac, 0xfe, 0xac, 0xfe, 0xac, 0xfe, 0xac,
    0xfe, 0xac, 0xde, 0xa4, 0xde, 0xa4, 0xde, 0xa4, 0xdd, 0xa4, 0xdd, 0xa4, 0xdd, 0xa4, 0xbd, 0xa4, 0xbd, 0xa4, 0xbd,
    0xa4, 0xbd, 0xa4, 0xbd, 0xa4, 0xbd, 0xa4, 0x9d, 0xa4, 0x9d, 0x9c, 0x9d, 0x9c, 0x9d, 0x9c, 0x9d, 0x9c, 0x9d, 0x9c,
    0x7d, 0x9c, 0x7d, 0x9c, 0x7d, 0x9c, 0x7d, 0x9c, 0x7d, 0x9c, 0x7d, 0x9c, 0x5d, 0x9c, 0x5d, 0x9c, 0x5d, 0x9c, 0x5d,
    0x94, 0x5d, 0x94, 0x5d, 0x94, 0x3d, 0x94, 0x3d, 0x94, 0x3d, 0x94, 0x3d, 0x94, 0x3d, 0x94, 0x3d, 0x94, 0x1d, 0x94,
    0x1d, 0x94, 0x1c, 0x94, 0x1c, 0x94, 0x1c, 0x8c, 0x1c, 0x8c, 0xfc, 0x8b, 0xfc, 0x8b, 0xfc, 0x8b, 0xfc, 0x8b, 0xfc,
    0x8b, 0xfc, 0x8b, 0xdc, 0x8b, 0xdc, 0x8b, 0xdc, 0x8b, 0xdc, 0x8b, 0xdc, 0x8b, 0xdc, 0x83, 0xbc, 0x83, 0xbc, 0x83,
    0xbc, 0x83, 0xbc, 0x83, 0x9c, 0x83, 0x7d, 0xb5, 0x1e, 0xce, 0x3f, 0xce, 0x0b, 0x42, 0x43, 0x08, 0xa4, 0x10, 0x83,
    0x10, 0x63, 0x10, 0x62, 0x08, 0x42, 0x08, 0x42, 0x08, 0x41, 0x08, 0x21, 0x00, 0x21, 0x00, 0x21, 0x00, 0x20, 0x00,
    0x00, 0x00, 0x00, 0x00, 0x00, 0x00, 0x00, 0x00, 0x00, 0x00, 0x00, 0x00, 0x00, 0x00, 0x00, 0x00, 0x00, 0x00, 0x00,
    0x00, 0x00, 0x00, 0x00, 0x00, 0x00, 0x00, 0x00, 0x00, 0x00, 0x00, 0x00, 0x00, 0x00, 0x00, 0x00, 0x00, 0x00, 0x00,
    0x00, 0x00, 0x00, 0x00, 0x00, 0x00, 0x00, 0x00, 0x00, 0x00, 0x00, 0x00, 0x00, 0x00, 0x00, 0x00, 0x00, 0x00, 0x00,
    0x00, 0x00, 0x00, 0x00, 0x00, 0x00, 0x00, 0x00, 0x00, 0x00, 0x00, 0x00, 0x00, 0x00, 0x00, 0x00, 0x00, 0x00, 0x00,
    0x00, 0x00, 0x00, 0x00, 0x00, 0x00, 0x00, 0x00, 0x00, 0x00, 0x00, 0x00, 0x00, 0x00, 0x00, 0x00, 0x00, 0x00, 0x00,
    0x00, 0x00, 0x00, 0x00, 0x00, 0x00, 0x00, 0x00, 0x00, 0x00, 0x00, 0x00, 0x00, 0x00, 0x00, 0x00, 0x00, 0x00, 0x00,
    0x00, 0x00, 0x00, 0x00, 0x00, 0x00, 0x00, 0x00, 0x00, 0x00, 0x00, 0x00, 0x00, 0x00, 0x00, 0x00, 0x00, 0x00, 0x00,
    0x00, 0x00, 0x00, 0x00, 0x00, 0x00, 0x00, 0x00, 0x00, 0x00, 0x00, 0x00, 0x00, 0x00, 0x00, 0x00, 0x00, 0x00, 0x00,
    0x00, 0x00, 0x00, 0x00, 0x00, 0x00, 0x00, 0x00, 0x00, 0x00, 0x00, 0x00, 0x00, 0x00, 0x21, 0x00, 0x21, 0x00, 0x21,
    0x00, 0x21, 0x08, 0x42, 0x08, 0x42, 0x08, 0x62, 0x08, 0x63, 0x08, 0x83, 0x10, 0x84, 0x10, 0x84, 0x10, 0x06, 0x21,
    0x7d, 0xd6, 0xff, 0xe6, 0xbf, 0xde, 0x7e, 0xbd, 0x5e, 0xb5, 0x5e, 0xb5, 0x5e, 0xb5, 0x5e, 0xb5, 0x5e, 0xb5, 0x5e,
    0xb5, 0x5e, 0xb5, 0x3e, 0xb5, 0x3e, 0xb5, 0x3e, 0xb5, 0x3e, 0xb5, 0x3e, 0xb5, 0x3e, 0xad, 0x1e, 0xad, 0x1e, 0xad,
    0x1e, 0xad, 0x1e, 0xad, 0x1e, 0xad, 0x1e, 0xad, 0xfe, 0xac, 0xfe, 0xac, 0xfe, 0xac, 0xfe, 0xac, 0xfe, 0xac, 0xfe,
    0xac, 0xde, 0xa4, 0xde, 0xa4, 0xde, 0xa4, 0xdd, 0xa4, 0xdd, 0xa4, 0xdd, 0xa4, 0xbd, 0xa4, 0xbd, 0xa4, 0xbd, 0xa4,
    0xbd, 0xa4, 0xbd, 0xa4, 0xbd, 0xa4, 0x9d, 0xa4, 0x9d, 0x9c, 0x9d, 0x9c, 0x9d, 0x9c, 0x9d, 0x9c, 0x9d, 0x9c, 0x7d,
    0x9c, 0x7d, 0x9c, 0x7d, 0x9c, 0x7d, 0x9c, 0x7d, 0x9c, 0x7d, 0x9c, 0x5d, 0x9c, 0x5d, 0x9c, 0x5d, 0x9c, 0x5d, 0x94,
    0x5d, 0x94, 0x5d, 0x94, 0x3d, 0x94, 0x3d, 0x94, 0x3d, 0x94, 0x3d, 0x94, 0x3d, 0x94, 0x3d, 0x94, 0x1d, 0x94, 0x1d,
    0x94, 0x1c, 0x94, 0x1c, 0x94, 0x1c, 0x8c, 0x1c, 0x8c, 0xfc, 0x8b, 0xfc, 0x8b, 0xfc, 0x8b, 0xfc, 0x8b, 0xfc, 0x8b,
    0xfc, 0x8b, 0xdc, 0x8b, 0xdc, 0x8b, 0xdc, 0x8b, 0xdc, 0x8b, 0xdc, 0x8b, 0xdc, 0x83, 0xbc, 0x83, 0xbc, 0x83, 0xbc,
    0x83, 0xbc, 0x83, 0xbc, 0x83, 0x9c, 0x83, 0x7d, 0xb5, 0x1e, 0xce, 0x3f, 0xce, 0x0b, 0x42, 0x43, 0x08, 0xa4, 0x10,
    0x83, 0x10, 0x63, 0x10, 0x62, 0x08, 0x42, 0x08, 0x42, 0x08, 0x41, 0x08, 0x21, 0x00, 0x21, 0x00, 0x21, 0x00, 0x20,
    0x00, 0x00, 0x00, 0x00, 0x00, 0x00, 0x00, 0x00, 0x00, 0x00, 0x00, 0x00, 0x00, 0x00, 0x00, 0x00, 0x00, 0x00, 0x00,
    0x00, 0x00, 0x00, 0x00, 0x00, 0x00, 0x00, 0x00, 0x00, 0x00, 0x00, 0x00, 0x00, 0x00, 0x00, 0x00, 0x00, 0x00, 0x00,
    0x00, 0x00, 0x00, 0x00, 0x00, 0x00, 0x00, 0x00, 0x00, 0x00, 0x00, 0x00, 0x00, 0x00, 0x00, 0x00, 0x00, 0x00, 0x00,
    0x00, 0x00, 0x00, 0x00, 0x00, 0x00, 0x00, 0x00, 0x00, 0x00, 0x00, 0x00, 0x00, 0x00, 0x00, 0x00, 0x00, 0x00, 0x00,
    0x00, 0x00, 0x00, 0x00, 0x00, 0x00, 0x00, 0x00, 0x00, 0x00, 0x00, 0x00, 0x00, 0x00, 0x00, 0x00, 0x00, 0x00, 0x00,
    0x00, 0x00, 0x00, 0x00, 0x00, 0x00, 0x00, 0x00, 0x00, 0x00, 0x00, 0x00, 0x00, 0x00, 0x00, 0x00, 0x00, 0x00, 0x00,
    0x00, 0x00, 0x00, 0x00, 0x00, 0x00, 0x00, 0x00, 0x00, 0x00, 0x00, 0x00, 0x00, 0x00, 0x00, 0x00, 0x00, 0x00, 0x00,
    0x00, 0x00, 0x00, 0x00, 0x00, 0x00, 0x00, 0x00, 0x00, 0x00, 0x00, 0x00, 0x00, 0x00, 0x00, 0x00, 0x00, 0x00, 0x00,
    0x00, 0x00, 0x00, 0x00, 0x00, 0x00, 0x00, 0x00, 0x00, 0x00, 0x00, 0x00, 0x00, 0x00, 0x00, 0x21, 0x00, 0x21, 0x00,
    0x21, 0x00, 0x21, 0x08, 0x42, 0x08, 0x42, 0x08, 0x62, 0x08, 0x63, 0x08, 0x83, 0x10, 0x84, 0x10, 0x84, 0x10, 0x06,
    0x21, 0x7d, 0xd6, 0xff, 0xe6, 0xbf, 0xde, 0x7e, 0xbd, 0x5e, 0xb5, 0x5e, 0xb5, 0x5e, 0xb5, 0x5e, 0xb5, 0x5e, 0xb5,
    0x5e, 0xb5, 0x3e, 0xb5, 0x3e, 0xb5, 0x3e, 0xb5, 0x3e, 0xb5, 0x3e, 0xb5, 0x3e, 0xad, 0x1e, 0xad, 0x1e, 0xad, 0x1e,
    0xad, 0x1e, 0xad, 0x1e, 0xad, 0x1e, 0xad, 0xfe, 0xac, 0xfe, 0xac, 0xfe, 0xac, 0xfe, 0xac, 0xfe, 0xac, 0xfe, 0xac,
    0xde, 0xa4, 0xde, 0xa4, 0xde, 0xa4, 0xdd, 0xa4, 0xdd, 0xa4, 0xdd, 0xa4, 0xbd, 0xa4, 0xbd, 0xa4, 0xbd, 0xa4, 0xbd,
    0xa4, 0xbd, 0xa4, 0xbd, 0xa4, 0x9d, 0xa4, 0x9d, 0x9c, 0x9d, 0x9c, 0x9d, 0x9c, 0x9d, 0x9c, 0x9d, 0x9c, 0x7d, 0x9c,
    0x7d, 0x9c, 0x7d, 0x9c, 0x7d, 0x9c, 0x7d, 0x9c, 0x7d, 0x9c, 0x5d, 0x9c, 0x5d, 0x9c, 0x5d, 0x9c, 0x5d, 0x94, 0x5d,
    0x94, 0x5d, 0x94, 0x3d, 0x94, 0x3d, 0x94, 0x3d, 0x94, 0x3d, 0x94, 0x3d, 0x94, 0x3d, 0x94, 0x1d, 0x94, 0x1d, 0x94,
    0x1c, 0x94, 0x1c, 0x94, 0x1c, 0x8c, 0x1c, 0x8c, 0xfc, 0x8b, 0xfc, 0x8b, 0xfc, 0x8b, 0xfc, 0x8b, 0xfc, 0x8b, 0xfc,
    0x8b, 0xdc, 0x8b, 0xdc, 0x8b, 0xdc, 0x8b, 0xdc, 0x8b, 0xdc, 0x8b, 0xdc, 0x83, 0xbc, 0x83, 0xbc, 0x83, 0xbc, 0x83,
    0xbc, 0x83, 0xbc, 0x83, 0xbc, 0x83, 0x9c, 0x83, 0x5d, 0xb5, 0x1e, 0xce, 0x3f, 0xce, 0x0b, 0x42, 0x43, 0x08, 0xa4,
    0x10, 0x83, 0x10, 0x63, 0x10, 0x62, 0x08, 0x42, 0x08, 0x42, 0x08, 0x41, 0x08, 0x21, 0x00, 0x21, 0x00, 0x21, 0x00,
    0x20, 0x00, 0x00, 0x00, 0x00, 0x00, 0x00, 0x00, 0x00, 0x00, 0x00, 0x00, 0x00, 0x00, 0x00, 0x00, 0x00, 0x00, 0x00,
    0x00, 0x00, 0x00, 0x00, 0x00, 0x00, 0x00, 0x00, 0x00, 0x00, 0x00, 0x00, 0x00, 0x00, 0x00, 0x00, 0x00, 0x00, 0x00,
    0x00, 0x00, 0x00, 0x00, 0x00, 0x00, 0x00, 0x00, 0x00, 0x00, 0x00, 0x00, 0x00, 0x00, 0x00, 0x00, 0x00, 0x00, 0x00,
    0x00, 0x00, 0x00, 0x00, 0x00, 0x00, 0x00, 0x00, 0x00, 0x00, 0x00, 0x00, 0x00, 0x00, 0x00, 0x00, 0x00, 0x00, 0x00,
    0x00, 0x00, 0x00, 0x00, 0x00, 0x00, 0x00, 0x00, 0x00, 0x00, 0x00, 0x00, 0x00, 0x00, 0x00, 0x00, 0x00, 0x00, 0x00,
    0x00, 0x00, 0x00, 0x00, 0x00, 0x00, 0x00, 0x00, 0x00, 0x00, 0x00, 0x00, 0x00, 0x00, 0x00, 0x00, 0x00, 0x00, 0x00,
    0x00, 0x00, 0x00, 0x00, 0x00, 0x00, 0x00, 0x00, 0x00, 0x00, 0x00, 0x00, 0x00, 0x00, 0x00, 0x00, 0x00, 0x00, 0x00,
    0x00, 0x00, 0x00, 0x00, 0x00, 0x00, 0x00, 0x00, 0x00, 0x00, 0x00, 0x00, 0x00, 0x00, 0x00, 0x00, 0x00, 0x00, 0x00,
    0x00, 0x00, 0x00, 0x00, 0x00, 0x00, 0x00, 0x00, 0x00, 0x00, 0x00, 0x00, 0x00, 0x00, 0x00, 0x00, 0x21, 0x00, 0x21,
    0x00, 0x21, 0x00, 0x21, 0x08, 0x42, 0x08, 0x42, 0x08, 0x62, 0x08, 0x63, 0x08, 0x83, 0x10, 0x84, 0x10, 0x84, 0x10,
    0x06, 0x21, 0x7d, 0xd6, 0xff, 0xe6, 0xbf, 0xde, 0x7e, 0xbd, 0x5e, 0xb5, 0x5e, 0xb5, 0x5e, 0xb5, 0x5e, 0xb5, 0x5e,
    0xb5, 0x3e, 0xb5, 0x3e, 0xb5, 0x3e, 0xb5, 0x3e, 0xb5, 0x3e, 0xb5, 0x3e, 0xad, 0x1e, 0xad, 0x1e, 0xad, 0x1e, 0xad,
    0x1e, 0xad, 0x1e, 0xad, 0x1e, 0xad, 0xfe, 0xac, 0xfe, 0xac, 0xfe, 0xac, 0xfe, 0xac, 0xfe, 0xac, 0xfe, 0xac, 0xde,
    0xa4, 0xde, 0xa4, 0xde, 0xa4, 0xdd, 0xa4, 0xdd, 0xa4, 0xdd, 0xa4, 0xbd, 0xa4, 0xbd, 0xa4, 0xbd, 0xa4, 0xbd, 0xa4,
    0xbd, 0xa4, 0xbd, 0xa4, 0x9d, 0xa4, 0x9d, 0x9c, 0x9d, 0x9c, 0x9d, 0x9c, 0x9d, 0x9c, 0x9d, 0x9c, 0x7d, 0x9c, 0x7d,
    0x9c, 0x7d, 0x9c, 0x7d, 0x9c, 0x7d, 0x9c, 0x7d, 0x9c, 0x5d, 0x9c, 0x5d, 0x9c, 0x5d, 0x9c, 0x5d, 0x94, 0x5d, 0x94,
    0x5d, 0x94, 0x3d, 0x94, 0x3d, 0x94, 0x3d, 0x94, 0x3d, 0x94, 0x3d, 0x94, 0x3d, 0x94, 0x1d, 0x94, 0x1d, 0x94, 0x1c,
    0x94, 0x1c, 0x94, 0x1c, 0x8c, 0x1c, 0x8c, 0xfc, 0x8b, 0xfc, 0x8b, 0xfc, 0x8b, 0xfc, 0x8b, 0xfc, 0x8b, 0xfc, 0x8b,
    0xdc, 0x8b, 0xdc, 0x8b, 0xdc, 0x8b, 0xdc, 0x8b, 0xdc, 0x8b, 0xdc, 0x83, 0xbc, 0x83, 0xbc, 0x83, 0xbc, 0x83, 0xbc,
    0x83, 0xbc, 0x83, 0xbc, 0x83, 0xbc, 0x83, 0x7c, 0x83, 0x5d, 0xb5, 0x1e, 0xce, 0x3f, 0xce, 0x0b, 0x42, 0x43, 0x08,
    0xa4, 0x10, 0x83, 0x10, 0x63, 0x10, 0x62, 0x08, 0x42, 0x08, 0x42, 0x08, 0x41, 0x08, 0x21, 0x00, 0x21, 0x00, 0x21,
    0x00, 0x20, 0x00, 0x00, 0x00, 0x00, 0x00, 0x00, 0x00, 0x00, 0x00, 0x00, 0x00, 0x00, 0x00, 0x00, 0x00, 0x00, 0x00,
    0x00, 0x00, 0x00, 0x00, 0x00, 0x00, 0x00, 0x00, 0x00, 0x00, 0x00, 0x00, 0x00, 0x00, 0x00, 0x00, 0x00, 0x00, 0x00,
    0x00, 0x00, 0x00, 0x00, 0x00, 0x00, 0x00, 0x00, 0x00, 0x00, 0x00, 0x00, 0x00, 0x00, 0x00, 0x00, 0x00, 0x00, 0x00,
    0x00, 0x00, 0x00, 0x00, 0x00, 0x00, 0x00, 0x00, 0x00, 0x00, 0x00, 0x00, 0x00, 0x00, 0x00, 0x00, 0x00, 0x00, 0x00,
    0x00, 0x00, 0x00, 0x00, 0x00, 0x00, 0x00, 0x00, 0x00, 0x00, 0x00, 0x00, 0x00, 0x00, 0x00, 0x00, 0x00, 0x00, 0x00,
    0x00, 0x00, 0x00, 0x00, 0x00, 0x00, 0x00, 0x00, 0x00, 0x00, 0x00, 0x00, 0x00, 0x00, 0x00, 0x00, 0x00, 0x00, 0x00,
    0x00, 0x00, 0x00, 0x00, 0x00, 0x00, 0x00, 0x00, 0x00, 0x00, 0x00, 0x00, 0x00, 0x00, 0x00, 0x00, 0x00, 0x00, 0x00,
    0x00, 0x00, 0x00, 0x00, 0x00, 0x00, 0x00, 0x00, 0x00, 0x00, 0x00, 0x00, 0x00, 0x00, 0x00, 0x00, 0x00, 0x00, 0x00,
    0x00, 0x00, 0x00, 0x00, 0x00, 0x00, 0x00, 0x00, 0x00, 0x00, 0x00, 0x00, 0x00, 0x00, 0x00, 0x00, 0x00, 0x21, 0x00,
    0x21, 0x00, 0x21, 0x00, 0x21, 0x08, 0x42, 0x08, 0x42, 0x08, 0x62, 0x08, 0x63, 0x08, 0x83, 0x10, 0x84, 0x10, 0x84,
    0x10, 0x06, 0x21, 0x7d, 0xd6, 0xff, 0xe6, 0xbf, 0xde, 0x7e, 0xbd, 0x5e, 0xb5, 0x5e, 0xb5, 0x5e, 0xb5, 0x5e, 0xb5,
    0x3e, 0xb5, 0x3e, 0xb5, 0x3e, 0xb5, 0x3e, 0xb5, 0x3e, 0xb5, 0x3e, 0xad, 0x1e, 0xad, 0x1e, 0xad, 0x1e, 0xad, 0x1e,
    0xad, 0x1e, 0xad, 0x1e, 0xad, 0xfe, 0xac, 0xfe, 0xac, 0xfe, 0xac, 0xfe, 0xac, 0xfe, 0xac, 0xfe, 0xac, 0xde, 0xa4,
    0xde, 0xa4, 0xde, 0xa4, 0xdd, 0xa4, 0xdd, 0xa4, 0xdd, 0xa4, 0xbd, 0xa4, 0xbd, 0xa4, 0xbd, 0xa4, 0xbd, 0xa4, 0xbd,
    0xa4, 0xbd, 0xa4, 0x9d, 0xa4, 0x9d, 0x9c, 0x9d, 0x9c, 0x9d, 0x9c, 0x9d, 0x9c, 0x9d, 0x9c, 0x7d, 0x9c, 0x7d, 0x9c,
    0x7d, 0x9c, 0x7d, 0x9c, 0x7d, 0x9c, 0x7d, 0x9c, 0x5d, 0x9c, 0x5d, 0x9c, 0x5d, 0x9c, 0x5d, 0x94, 0x5d, 0x94, 0x5d,
    0x94, 0x3d, 0x94, 0x3d, 0x94, 0x3d, 0x94, 0x3d, 0x94, 0x3d, 0x94, 0x3d, 0x94, 0x1d, 0x94, 0x1d, 0x94, 0x1c, 0x94,
    0x1c, 0x94, 0x1c, 0x8c, 0x1c, 0x8c, 0xfc, 0x8b, 0xfc, 0x8b, 0xfc, 0x8b, 0xfc, 0x8b, 0xfc, 0x8b, 0xfc, 0x8b, 0xdc,
    0x8b, 0xdc, 0x8b, 0xdc, 0x8b, 0xdc, 0x8b, 0xdc, 0x8b, 0xdc, 0x83, 0xbc, 0x83, 0xbc, 0x83, 0xbc, 0x83, 0xbc, 0x83,
    0xbc, 0x83, 0xbc, 0x83, 0x9c, 0x83, 0x9c, 0x83, 0x7c, 0x7b, 0x5d, 0xb5, 0x1e, 0xce, 0x3f, 0xce, 0x0b, 0x42, 0x63,
    0x08, 0xa4, 0x10, 0x83, 0x10, 0x63, 0x10, 0x62, 0x08, 0x42, 0x08, 0x42, 0x08, 0x41, 0x08, 0x21, 0x00, 0x21, 0x00,
    0x21, 0x00, 0x20, 0x00, 0x00, 0x00, 0x00, 0x00, 0x00, 0x00, 0x00, 0x00, 0x00, 0x00, 0x00, 0x00, 0x00, 0x00, 0x00,
    0x00, 0x00, 0x00, 0x00, 0x00, 0x00, 0x00, 0x00, 0x00, 0x00, 0x00, 0x00, 0x00, 0x00, 0x00, 0x00, 0x00, 0x00, 0x00,
    0x00, 0x00, 0x00, 0x00, 0x00, 0x00, 0x00, 0x00, 0x00, 0x00, 0x00, 0x00, 0x00, 0x00, 0x00, 0x00, 0x00, 0x00, 0x00,
    0x00, 0x00, 0x00, 0x00, 0x00, 0x00, 0x00, 0x00, 0x00, 0x00, 0x00, 0x00, 0x00, 0x00, 0x00, 0x00, 0x00, 0x00, 0x00,
    0x00, 0x00, 0x00, 0x00, 0x00, 0x00, 0x00, 0x00, 0x00, 0x00, 0x00, 0x00, 0x00, 0x00, 0x00, 0x00, 0x00, 0x00, 0x00,
    0x00, 0x00, 0x00, 0x00, 0x00, 0x00, 0x00, 0x00, 0x00, 0x00, 0x00, 0x00, 0x00, 0x00, 0x00, 0x00, 0x00, 0x00, 0x00,
    0x00, 0x00, 0x00, 0x00, 0x00, 0x00, 0x00, 0x00, 0x00, 0x00, 0x00, 0x00, 0x00, 0x00, 0x00, 0x00, 0x00, 0x00, 0x00,
    0x00, 0x00, 0x00, 0x00, 0x00, 0x00, 0x00, 0x00, 0x00, 0x00, 0x00, 0x00, 0x00, 0x00, 0x00, 0x00, 0x00, 0x00, 0x00,
    0x00, 0x00, 0x00, 0x00, 0x00, 0x00, 0x00, 0x00, 0x00, 0x00, 0x00, 0x00, 0x00, 0x00, 0x00, 0x00, 0x00, 0x00, 0x21,
    0x00, 0x21, 0x00, 0x21, 0x00, 0x21, 0x08, 0x42, 0x08, 0x42, 0x08, 0x62, 0x08, 0x63, 0x08, 0x83, 0x10, 0x84, 0x10,
    0x84, 0x10, 0x06, 0x21, 0x7d, 0xd6, 0xff, 0xe6, 0xbf, 0xde, 0x7e, 0xb5, 0x5e, 0xb5, 0x5e, 0xb5, 0x5e, 0xb5, 0x3e,
    0xb5, 0x3e, 0xb5, 0x3e, 0xb5, 0x3e, 0xb5, 0x3e, 0xb5, 0x3e, 0xad, 0x1e, 0xad, 0x1e, 0xad, 0x1e, 0xad, 0x1e, 0xad,
    0x1e, 0xad, 0x1e, 0xad, 0xfe, 0xac, 0xfe, 0xac, 0xfe, 0xac, 0xfe, 0xac, 0xfe, 0xac, 0xfe, 0xac, 0xde, 0xa4, 0xde,
    0xa4, 0xde, 0xa4, 0xdd, 0xa4, 0xdd, 0xa4, 0xdd, 0xa4, 0xbd, 0xa4, 0xbd, 0xa4, 0xbd, 0xa4, 0xbd, 0xa4, 0xbd, 0xa4,
    0xbd, 0xa4, 0x9d, 0xa4, 0x9d, 0x9c, 0x9d, 0x9c, 0x9d, 0x9c, 0x9d, 0x9c, 0x9d, 0x9c, 0x7d, 0x9c, 0x7d, 0x9c, 0x7d,
    0x9c, 0x7d, 0x9c, 0x7d, 0x9c, 0x7d, 0x9c, 0x5d, 0x9c, 0x5d, 0x9c, 0x5d, 0x9c, 0x5d, 0x94, 0x5d, 0x94, 0x5d, 0x94,
    0x3d, 0x94, 0x3d, 0x94, 0x3d, 0x94, 0x3d, 0x94, 0x3d, 0x94, 0x3d, 0x94, 0x1d, 0x94, 0x1d, 0x94, 0x1c, 0x94, 0x1c,
    0x94, 0x1c, 0x8c, 0x1c, 0x8c, 0xfc, 0x8b, 0xfc, 0x8b, 0xfc, 0x8b, 0xfc, 0x8b, 0xfc, 0x8b, 0xfc, 0x8b, 0xdc, 0x8b,
    0xdc, 0x8b, 0xdc, 0x8b, 0xdc, 0x8b, 0xdc, 0x8b, 0xdc, 0x83, 0xbc, 0x83, 0xbc, 0x83, 0xbc, 0x83, 0xbc, 0x83, 0xbc,
    0x83, 0xbc, 0x83, 0x9c, 0x83, 0x9c, 0x83, 0x9c, 0x83, 0x7c, 0x7b, 0x5d, 0xb5, 0x1e, 0xce, 0x3f, 0xce, 0x0b, 0x42,
    0x43, 0x08, 0xa4, 0x10, 0x83, 0x10, 0x63, 0x10, 0x62, 0x08, 0x42, 0x08, 0x42, 0x08, 0x41, 0x08, 0x21, 0x00, 0x21,
    0x00, 0x21, 0x00, 0x20, 0x00, 0x00, 0x00, 0x00, 0x00, 0x00, 0x00, 0x00, 0x00, 0x00, 0x00, 0x00, 0x00, 0x00, 0x00,
    0x00, 0x00, 0x00, 0x00, 0x00, 0x00, 0x00, 0x00, 0x00, 0x00, 0x00, 0x00, 0x00, 0x00, 0x00, 0x00, 0x00, 0x00, 0x00,
    0x00, 0x00, 0x00, 0x00, 0x00, 0x00, 0x00, 0x00, 0x00, 0x00, 0x00, 0x00, 0x00, 0x00, 0x00, 0x00, 0x00, 0x00, 0x00,
    0x00, 0x00, 0x00, 0x00, 0x00, 0x00, 0x00, 0x00, 0x00, 0x00, 0x00, 0x00, 0x00, 0x00, 0x00, 0x00, 0x00, 0x00, 0x00,
    0x00, 0x00, 0x00, 0x00, 0x00, 0x00, 0x00, 0x00, 0x00, 0x00, 0x00, 0x00, 0x00, 0x00, 0x00, 0x00, 0x00, 0x00, 0x00,
    0x00, 0x00, 0x00, 0x00, 0x00, 0x00, 0x00, 0x00, 0x00, 0x00, 0x00, 0x00, 0x00, 0x00, 0x00, 0x00, 0x00, 0x00, 0x00,
    0x00, 0x00, 0x00, 0x00, 0x00, 0x00, 0x00, 0x00, 0x00, 0x00, 0x00, 0x00, 0x00, 0x00, 0x00, 0x00, 0x00, 0x00, 0x00,
    0x00, 0x00, 0x00, 0x00, 0x00, 0x00, 0x00, 0x00, 0x00, 0x00, 0x00, 0x00, 0x00, 0x00, 0x00, 0x00, 0x00, 0x00, 0x00,
    0x00, 0x00, 0x00, 0x00, 0x00, 0x00, 0x00, 0x00, 0x00, 0x00, 0x00, 0x00, 0x00, 0x00, 0x00, 0x00, 0x00, 0x00, 0x00,
    0x21, 0x00, 0x21, 0x00, 0x21, 0x00, 0x21, 0x08, 0x42, 0x08, 0x42, 0x08, 0x62, 0x08, 0x63, 0x08, 0x83, 0x10, 0x84,
    0x10, 0x84, 0x10, 0x06, 0x21, 0x7d, 0xd6, 0xff, 0xe6, 0xbf, 0xde, 0x7e, 0xb5, 0x5e, 0xb5, 0x5e, 0xb5, 0x3e, 0xb5,
    0x3e, 0xb5, 0x3e, 0xb5, 0x3e, 0xb5, 0x3e, 0xb5, 0x3e, 0xad, 0x1e, 0xad, 0x1e, 0xad, 0x1e, 0xad, 0x1e, 0xad, 0x1e,
    0xad, 0x1e, 0xad, 0xfe, 0xac, 0xfe, 0xac, 0xfe, 0xac, 0xfe, 0xac, 0xfe, 0xac, 0xfe, 0xac, 0xde, 0xa4, 0xde, 0xa4,
    0xde, 0xa4, 0xdd, 0xa4, 0xdd, 0xa4, 0xdd, 0xa4, 0xbd, 0xa4, 0xbd, 0xa4, 0xbd, 0xa4, 0xbd, 0xa4, 0xbd, 0xa4, 0xbd,
    0xa4, 0x9d, 0xa4, 0x9d, 0x9c, 0x9d, 0x9c, 0x9d, 0x9c, 0x9d, 0x9c, 0x9d, 0x9c, 0x7d, 0x9c, 0x7d, 0x9c, 0x7d, 0x9c,
    0x7d, 0x9c, 0x7d, 0x9c, 0x7d, 0x9c, 0x5d, 0x9c, 0x5d, 0x9c, 0x5d, 0x9c, 0x5d, 0x94, 0x5d, 0x94, 0x5d, 0x94, 0x3d,
    0x94, 0x3d, 0x94, 0x3d, 0x94, 0x3d, 0x94, 0x3d, 0x94, 0x3d, 0x94, 0x1d, 0x94, 0x1d, 0x94, 0x1c, 0x94, 0x1c, 0x94,
    0x1c, 0x8c, 0x1c, 0x8c, 0xfc, 0x8b, 0xfc, 0x8b, 0xfc, 0x8b, 0xfc, 0x8b, 0xfc, 0x8b, 0xfc, 0x8b, 0xdc, 0x8b, 0xdc,
    0x8b, 0xdc, 0x8b, 0xdc, 0x8b, 0xdc, 0x8b, 0xdc, 0x83, 0xbc, 0x83, 0xbc, 0x83, 0xbc, 0x83, 0xbc, 0x83, 0xbc, 0x83,
    0xbc, 0x83, 0x9c, 0x83, 0x9c, 0x83, 0x9c, 0x83, 0x9c, 0x83, 0x7c, 0x7b, 0x5d, 0xb5, 0x1e, 0xce, 0x3f, 0xce, 0x0b,
    0x42, 0x43, 0x08, 0xa4, 0x10, 0x83, 0x10, 0x63, 0x10, 0x62, 0x08, 0x42, 0x08, 0x42, 0x08, 0x41, 0x08, 0x21, 0x00,
    0x21, 0x00, 0x21, 0x00, 0x20, 0x00, 0x00, 0x00, 0x00, 0x00, 0x00, 0x00, 0x00, 0x00, 0x00, 0x00, 0x00, 0x00, 0x00,
    0x00, 0x00, 0x00, 0x00, 0x00, 0x00, 0x00, 0x00, 0x00, 0x00, 0x00, 0x00, 0x00, 0x00, 0x00, 0x00, 0x00, 0x00, 0x00,
    0x00, 0x00, 0x00, 0x00, 0x00, 0x00, 0x00, 0x00, 0x00, 0x00, 0x00, 0x00, 0x00, 0x00, 0x00, 0x00, 0x00, 0x00, 0x00,
    0x00, 0x00, 0x00, 0x00, 0x00, 0x00, 0x00, 0x00, 0x00, 0x00, 0x00, 0x00, 0x00, 0x00, 0x00, 0x00, 0x00, 0x00, 0x00,
    0x00, 0x00, 0x00, 0x00, 0x00, 0x00, 0x00, 0x00, 0x00, 0x00, 0x00, 0x00, 0x00, 0x00, 0x00, 0x00, 0x00, 0x00, 0x00,
    0x00, 0x00, 0x00, 0x00, 0x00, 0x00, 0x00, 0x00, 0x00, 0x00, 0x00, 0x00, 0x00, 0x00, 0x00, 0x00, 0x00, 0x00, 0x00,
    0x00, 0x00, 0x00, 0x00, 0x00, 0x00, 0x00, 0x00, 0x00, 0x00, 0x00, 0x00, 0x00, 0x00, 0x00, 0x00, 0x00, 0x00, 0x00,
    0x00, 0x00, 0x00, 0x00, 0x00, 0x00, 0x00, 0x00, 0x00, 0x00, 0x00, 0x00, 0x00, 0x00, 0x00, 0x00, 0x00, 0x00, 0x00,
    0x00, 0x00, 0x00, 0x00, 0x00, 0x00, 0x00, 0x00, 0x00, 0x00, 0x00, 0x00, 0x00, 0x00, 0x00, 0x00, 0x00, 0x00, 0x00,
    0x00, 0x21, 0x00, 0x21, 0x00, 0x21, 0x00, 0x21, 0x08, 0x42, 0x08, 0x42, 0x08, 0x62, 0x08, 0x63, 0x08, 0x83, 0x10,
    0x84, 0x10, 0x84, 0x10, 0x06, 0x21, 0x7d, 0xd6, 0xff, 0xe6, 0xbf, 0xde, 0x7e, 0xb5, 0x3e, 0xb5, 0x3e, 0xb5, 0x3e,
    0xb5, 0x3e, 0xb5, 0x3e, 0xb5, 0x3e, 0xb5, 0x3e, 0xad, 0x1e, 0xad, 0x1e, 0xad, 0x1e, 0xad, 0x1e, 0xad, 0x1e, 0xad,
    0x1e, 0xad, 0xfe, 0xac, 0xfe, 0xac, 0xfe, 0xac, 0xfe, 0xac, 0xfe, 0xac, 0xfe, 0xac, 0xde, 0xa4, 0xde, 0xa4, 0xde,
    0xa4, 0xdd, 0xa4, 0xdd, 0xa4, 0xdd, 0xa4, 0xbd, 0xa4, 0xbd, 0xa4, 0xbd, 0xa4, 0xbd, 0xa4, 0xbd, 0xa4, 0xbd, 0xa4,
    0x9d, 0xa4, 0x9d, 0x9c, 0x9d, 0x9c, 0x9d, 0x9c, 0x9d, 0x9c, 0x9d, 0x9c, 0x7d, 0x9c, 0x7d, 0x9c, 0x7d, 0x9c, 0x7d,
    0x9c, 0x7d, 0x9c, 0x7d, 0x9c, 0x5d, 0x9c, 0x5d, 0x9c, 0x5d, 0x9c, 0x5d, 0x94, 0x5d, 0x94, 0x5d, 0x94, 0x3d, 0x94,
    0x3d, 0x94, 0x3d, 0x94, 0x3d, 0x94, 0x3d, 0x94, 0x3d, 0x94, 0x1d, 0x94, 0x1d, 0x94, 0x1c, 0x94, 0x1c, 0x94, 0x1c,
    0x8c, 0x1c, 0x8c, 0xfc, 0x8b, 0xfc, 0x8b, 0xfc, 0x8b, 0xfc, 0x8b, 0xfc, 0x8b, 0xfc, 0x8b, 0xdc, 0x8b, 0xdc, 0x8b,
    0xdc, 0x8b, 0xdc, 0x8b, 0xdc, 0x8b, 0xdc, 0x83, 0xbc, 0x83, 0xbc, 0x83, 0xbc, 0x83, 0xbc, 0x83, 0xbc, 0x83, 0xbc,
    0x83, 0x9c, 0x83, 0x9c, 0x83, 0x9c, 0x83, 0x9c, 0x83, 0x9c, 0x83, 0x7c, 0x7b, 0x5d, 0xb5, 0x1e, 0xc6, 0x3f, 0xce,
    0x0b, 0x42, 0x63, 0x08, 0xa4, 0x10, 0x83, 0x10, 0x63, 0x10, 0x62, 0x08, 0x42, 0x08, 0x42, 0x08, 0x41, 0x08, 0x21,
    0x00, 0x21, 0x00, 0x21, 0x00, 0x20, 0x00, 0x00, 0x00, 0x00, 0x00, 0x00, 0x00, 0x00, 0x00, 0x00, 0x00, 0x00, 0x00,
    0x00, 0x00, 0x00, 0x00, 0x00, 0x00, 0x00, 0x00, 0x00, 0x00, 0x00, 0x00, 0x00, 0x00, 0x00, 0x00, 0x00, 0x00, 0x00,
    0x00, 0x00, 0x00, 0x00, 0x00, 0x00, 0x00, 0x00, 0x00, 0x00, 0x00, 0x00, 0x00, 0x00, 0x00, 0x00, 0x00, 0x00, 0x00,
    0x00, 0x00, 0x00, 0x00, 0x00, 0x00, 0x00, 0x00, 0x00, 0x00, 0x00, 0x00, 0x00, 0x00, 0x00, 0x00, 0x00, 0x00, 0x00,
    0x00, 0x00, 0x00, 0x00, 0x00, 0x00, 0x00, 0x00, 0x00, 0x00, 0x00, 0x00, 0x00, 0x00, 0x00, 0x00, 0x00, 0x00, 0x00,
    0x00, 0x00, 0x00, 0x00, 0x00, 0x00, 0x00, 0x00, 0x00, 0x00, 0x00, 0x00, 0x00, 0x00, 0x00, 0x00, 0x00, 0x00, 0x00,
    0x00, 0x00, 0x00, 0x00, 0x00, 0x00, 0x00, 0x00, 0x00, 0x00, 0x00, 0x00, 0x00, 0x00, 0x00, 0x00, 0x00, 0x00, 0x00,
    0x00, 0x00, 0x00, 0x00, 0x00, 0x00, 0x00, 0x00, 0x00, 0x00, 0x00, 0x00, 0x00, 0x00, 0x00, 0x00, 0x00, 0x00, 0x00,
    0x00, 0x00, 0x00, 0x00, 0x00, 0x00, 0x00, 0x00, 0x00, 0x00, 0x00, 0x00, 0x00, 0x00, 0x00, 0x00, 0x00, 0x00, 0x00,
    0x00, 0x00, 0x21, 0x00, 0x21, 0x00, 0x21, 0x00, 0x21, 0x08, 0x42, 0x08, 0x42, 0x08, 0x62, 0x08, 0x63, 0x08, 0x83,
    0x10, 0x84, 0x10, 0x84, 0x10, 0x06, 0x21, 0x7d, 0xd6, 0xff, 0xe6, 0xbf, 0xde, 0x5e, 0xb5, 0x3e, 0xb5, 0x3e, 0xb5,
    0x3e, 0xb5, 0x3e, 0xb5, 0x3e, 0xb5, 0x3e, 0xad, 0x1e, 0xad, 0x1e, 0xad, 0x1e, 0xad, 0x1e, 0xad, 0x1e, 0xad, 0x1e,
    0xad, 0xfe, 0xac, 0xfe, 0xac, 0xfe, 0xac, 0xfe, 0xac, 0xfe, 0xac, 0xfe, 0xac, 0xde, 0xa4, 0xde, 0xa4, 0xde, 0xa4,
    0xdd, 0xa4, 0xdd, 0xa4, 0xdd, 0xa4, 0xbd, 0xa4, 0xbd, 0xa4, 0xbd, 0xa4, 0xbd, 0xa4, 0xbd, 0xa4, 0xbd, 0xa4, 0x9d,
    0xa4, 0x9d, 0x9c, 0x9d, 0x9c, 0x9d, 0x9c, 0x9d, 0x9c, 0x9d, 0x9c, 0x7d, 0x9c, 0x7d, 0x9c, 0x7d, 0x9c, 0x7d, 0x9c,
    0x7d, 0x9c, 0x7d, 0x9c, 0x5d, 0x9c, 0x5d, 0x9c, 0x5d, 0x9c, 0x5d, 0x94, 0x5d, 0x94, 0x5d, 0x94, 0x3d, 0x94, 0x3d,
    0x94, 0x3d, 0x94, 0x3d, 0x94, 0x3d, 0x94, 0x3d, 0x94, 0x1d, 0x94, 0x1d, 0x94, 0x1c, 0x94, 0x1c, 0x94, 0x1c, 0x8c,
    0x1c, 0x8c, 0xfc, 0x8b, 0xfc, 0x8b, 0xfc, 0x8b, 0xfc, 0x8b, 0xfc, 0x8b, 0xfc, 0x8b, 0xdc, 0x8b, 0xdc, 0x8b, 0xdc,
    0x8b, 0xdc, 0x8b, 0xdc, 0x8b, 0xdc, 0x83, 0xbc, 0x83, 0xbc, 0x83, 0xbc, 0x83, 0xbc, 0x83, 0xbc, 0x83, 0xbc, 0x83,
    0x9c, 0x83, 0x9c, 0x83, 0x9c, 0x83, 0x9c, 0x83, 0x9c, 0x83, 0x9c, 0x83, 0x5c, 0x7b, 0x5d, 0xb5, 0x1e, 0xc6, 0x3f,
    0xce, 0x0b, 0x42, 0x63, 0x08, 0xa4, 0x10, 0x83, 0x10, 0x63, 0x10, 0x62, 0x08, 0x42, 0x08, 0x42, 0x08, 0x41, 0x08,
    0x21, 0x00, 0x21, 0x00, 0x21, 0x00, 0x20, 0x00, 0x00, 0x00, 0x00, 0x00, 0x00, 0x00, 0x00, 0x00, 0x00, 0x00, 0x00,
    0x00, 0x00, 0x00, 0x00, 0x00, 0x00, 0x00, 0x00, 0x00, 0x00, 0x00, 0x00, 0x00, 0x00, 0x00, 0x00, 0x00, 0x00, 0x00,
    0x00, 0x00, 0x00, 0x00, 0x00, 0x00, 0x00, 0x00, 0x00, 0x00, 0x00, 0x00, 0x00, 0x00, 0x00, 0x00, 0x00, 0x00, 0x00,
    0x00, 0x00, 0x00, 0x00, 0x00, 0x00, 0x00, 0x00, 0x00, 0x00, 0x00, 0x00, 0x00, 0x00, 0x00, 0x00, 0x00, 0x00, 0x00,
    0x00, 0x00, 0x00, 0x00, 0x00, 0x00, 0x00, 0x00, 0x00, 0x00, 0x00, 0x00, 0x00, 0x00, 0x00, 0x00, 0x00, 0x00, 0x00,
    0x00, 0x00, 0x00, 0x00, 0x00, 0x00, 0x00, 0x00, 0x00, 0x00, 0x00, 0x00, 0x00, 0x00, 0x00, 0x00, 0x00, 0x00, 0x00,
    0x00, 0x00, 0x00, 0x00, 0x00, 0x00, 0x00, 0x00, 0x00, 0x00, 0x00, 0x00, 0x00, 0x00, 0x00, 0x00, 0x00, 0x00, 0x00,
    0x00, 0x00, 0x00, 0x00, 0x00, 0x00, 0x00, 0x00, 0x00, 0x00, 0x00, 0x00, 0x00, 0x00, 0x00, 0x00, 0x00, 0x00, 0x00,
    0x00, 0x00, 0x00, 0x00, 0x00, 0x00, 0x00, 0x00, 0x00, 0x00, 0x00, 0x00, 0x00, 0x00, 0x00, 0x00, 0x00, 0x00, 0x00,
    0x00, 0x00, 0x00, 0x21, 0x00, 0x21, 0x00, 0x21, 0x00, 0x21, 0x08, 0x42, 0x08, 0x42, 0x08, 0x62, 0x08, 0x63, 0x08,
    0x83, 0x10, 0x84, 0x10, 0x84, 0x10, 0x06, 0x21, 0x5d, 0xd6, 0xff, 0xe6, 0xbf, 0xde, 0x5e, 0xb5, 0x3e, 0xb5, 0x3e,
    0xb5, 0x3e, 0xb5, 0x3e, 0xb5, 0x3e, 0xad, 0x1e, 0xad, 0x1e, 0xad, 0x1e, 0xad, 0x1e, 0xad, 0x1e, 0xad, 0x1e, 0xad,
    0xfe, 0xac, 0xfe, 0xac, 0xfe, 0xac, 0xfe, 0xac, 0xfe, 0xac, 0xfe, 0xac, 0xde, 0xa4, 0xde, 0xa4, 0xde, 0xa4, 0xdd,
    0xa4, 0xdd, 0xa4, 0xdd, 0xa4, 0xbd, 0xa4, 0xbd, 0xa4, 0xbd, 0xa4, 0xbd, 0xa4, 0xbd, 0xa4, 0xbd, 0xa4, 0x9d, 0xa4,
    0x9d, 0x9c, 0x9d, 0x9c, 0x9d, 0x9c, 0x9d, 0x9c, 0x9d, 0x9c, 0x7d, 0x9c, 0x7d, 0x9c, 0x7d, 0x9c, 0x7d, 0x9c, 0x7d,
    0x9c, 0x7d, 0x9c, 0x5d, 0x9c, 0x5d, 0x9c, 0x5d, 0x9c, 0x5d, 0x94, 0x5d, 0x94, 0x5d, 0x94, 0x3d, 0x94, 0x3d, 0x94,
    0x3d, 0x94, 0x3d, 0x94, 0x3d, 0x94, 0x3d, 0x94, 0x1d, 0x94, 0x1d, 0x94, 0x1c, 0x94, 0x1c, 0x94, 0x1c, 0x8c, 0x1c,
    0x8c, 0xfc, 0x8b, 0xfc, 0x8b, 0xfc, 0x8b, 0xfc, 0x8b, 0xfc, 0x8b, 0xfc, 0x8b, 0xdc, 0x8b, 0xdc, 0x8b, 0xdc, 0x8b,
    0xdc, 0x8b, 0xdc, 0x8b, 0xdc, 0x83, 0xbc, 0x83, 0xbc, 0x83, 0xbc, 0x83, 0xbc, 0x83, 0xbc, 0x83, 0xbc, 0x83, 0x9c,
    0x83, 0x9c, 0x83, 0x9c, 0x83, 0x9c, 0x83, 0x9c, 0x83, 0x9c, 0x83, 0x9c, 0x83, 0x5c, 0x7b, 0x5d, 0xb5, 0x1e, 0xc6,
    0x3f, 0xce, 0x0b, 0x42, 0x63, 0x08, 0xa4, 0x10, 0x83, 0x10, 0x63, 0x10, 0x62, 0x08, 0x42, 0x08, 0x42, 0x08, 0x41,
    0x08, 0x21, 0x00, 0x21, 0x00, 0x21, 0x00, 0x20, 0x00, 0x00, 0x00, 0x00, 0x00, 0x00, 0x00, 0x00, 0x00, 0x00, 0x00,
    0x00, 0x00, 0x00, 0x00, 0x00, 0x00, 0x00, 0x00, 0x00, 0x00, 0x00, 0x00, 0x00, 0x00, 0x00, 0x00, 0x00, 0x00, 0x00,
    0x00, 0x00, 0x00, 0x00, 0x00, 0x00, 0x00, 0x00, 0x00, 0x00, 0x00, 0x00, 0x00, 0x00, 0x00, 0x00, 0x00, 0x00, 0x00,
    0x00, 0x00, 0x00, 0x00, 0x00, 0x00, 0x00, 0x00, 0x00, 0x00, 0x00, 0x00, 0x00, 0x00, 0x00, 0x00, 0x00, 0x00, 0x00,
    0x00, 0x00, 0x00, 0x00, 0x00, 0x00, 0x00, 0x00, 0x00, 0x00, 0x00, 0x00, 0x00, 0x00, 0x00, 0x00, 0x00, 0x00, 0x00,
    0x00, 0x00, 0x00, 0x00, 0x00, 0x00, 0x00, 0x00, 0x00, 0x00, 0x00, 0x00, 0x00, 0x00, 0x00, 0x00, 0x00, 0x00, 0x00,
    0x00, 0x00, 0x00, 0x00, 0x00, 0x00, 0x00, 0x00, 0x00, 0x00, 0x00, 0x00, 0x00, 0x00, 0x00, 0x00, 0x00, 0x00, 0x00,
    0x00, 0x00, 0x00, 0x00, 0x00, 0x00, 0x00, 0x00, 0x00, 0x00, 0x00, 0x00, 0x00, 0x00, 0x00, 0x00, 0x00, 0x00, 0x00,
    0x00, 0x00, 0x00, 0x00, 0x00, 0x00, 0x00, 0x00, 0x00, 0x00, 0x00, 0x00, 0x00, 0x00, 0x00, 0x00, 0x00, 0x00, 0x00,
    0x00, 0x00, 0x00, 0x00, 0x21, 0x00, 0x21, 0x00, 0x21, 0x00, 0x21, 0x08, 0x42, 0x08, 0x42, 0x08, 0x62, 0x08, 0x63,
    0x08, 0x83, 0x10, 0x84, 0x10, 0x84, 0x10, 0x06, 0x21, 0x5d, 0xd6, 0xff, 0xe6, 0x9f, 0xde, 0x5e, 0xb5, 0x3e, 0xb5,
    0x3e, 0xb5, 0x3e, 0xb5, 0x3e, 0xad, 0x1e, 0xad, 0x1e, 0xad, 0x1e, 0xad, 0x1e, 0xad, 0x1e, 0xad, 0x1e, 0xad, 0xfe,
    0xac, 0xfe, 0xac, 0xfe, 0xac, 0xfe, 0xac, 0xfe, 0xac, 0xfe, 0xac, 0xde, 0xa4, 0xde, 0xa4, 0xde, 0xa4, 0xdd, 0xa4,
    0xdd, 0xa4, 0xdd, 0xa4, 0xbd, 0xa4, 0xbd, 0xa4, 0xbd, 0xa4, 0xbd, 0xa4, 0xbd, 0xa4, 0xbd, 0xa4, 0x9d, 0xa4, 0x9d,
    0x9c, 0x9d, 0x9c, 0x9d, 0x9c, 0x9d, 0x9c, 0x9d, 0x9c, 0x7d, 0x9c, 0x7d, 0x9c, 0x7d, 0x9c, 0x7d, 0x9c, 0x7d, 0x9c,
    0x7d, 0x9c, 0x5d, 0x9c, 0x5d, 0x9c, 0x5d, 0x9c, 0x5d, 0x94, 0x5d, 0x94, 0x5d, 0x94, 0x3d, 0x94, 0x3d, 0x94, 0x3d,
    0x94, 0x3d, 0x94, 0x3d, 0x94, 0x3d, 0x94, 0x1d, 0x94, 0x1d, 0x94, 0x1c, 0x94, 0x1c, 0x94, 0x1c, 0x8c, 0x1c, 0x8c,
    0xfc, 0x8b, 0xfc, 0x8b, 0xfc, 0x8b, 0xfc, 0x8b, 0xfc, 0x8b, 0xfc, 0x8b, 0xdc, 0x8b, 0xdc, 0x8b, 0xdc, 0x8b, 0xdc,
    0x8b, 0xdc, 0x8b, 0xdc, 0x83, 0xbc, 0x83, 0xbc, 0x83, 0xbc, 0x83, 0xbc, 0x83, 0xbc, 0x83, 0xbc, 0x83, 0x9c, 0x83,
    0x9c, 0x83, 0x9c, 0x83, 0x9c, 0x83, 0x9c, 0x83, 0x9c, 0x83, 0x7c, 0x83, 0x7c, 0x83, 0x5c, 0x7b, 0x5d, 0xb5, 0x1e,
    0xc6, 0x1f, 0xce, 0x0b, 0x42, 0x63, 0x08, 0xa4, 0x10, 0x83, 0x10, 0x63, 0x10, 0x62, 0x08, 0x42, 0x08, 0x42, 0x08,
    0x41, 0x08, 0x21, 0x00, 0x21, 0x00, 0x21, 0x00, 0x20, 0x00, 0x00, 0x00, 0x00, 0x00, 0x00, 0x00, 0x00, 0x00, 0x00,
    0x00, 0x00, 0x00, 0x00, 0x00, 0x00, 0x00, 0x00, 0x00, 0x00, 0x00, 0x00, 0x00, 0x00, 0x00, 0x00, 0x00, 0x00, 0x00,
    0x00, 0x00, 0x00, 0x00, 0x00, 0x00, 0x00, 0x00, 0x00, 0x00, 0x00, 0x00, 0x00, 0x00, 0x00, 0x00, 0x00, 0x00, 0x00,
    0x00, 0x00, 0x00, 0x00, 0x00, 0x00, 0x00, 0x00, 0x00, 0x00, 0x00, 0x00, 0x00, 0x00, 0x00, 0x00, 0x00, 0x00, 0x00,
    0x00, 0x00, 0x00, 0x00, 0x00, 0x00, 0x00, 0x00, 0x00, 0x00, 0x00, 0x00, 0x00, 0x00, 0x00, 0x00, 0x00, 0x00, 0x00,
    0x00, 0x00, 0x00, 0x00, 0x00, 0x00, 0x00, 0x00, 0x00, 0x00, 0x00, 0x00, 0x00, 0x00, 0x00, 0x00, 0x00, 0x00, 0x00,
    0x00, 0x00, 0x00, 0x00, 0x00, 0x00, 0x00, 0x00, 0x00, 0x00, 0x00, 0x00, 0x00, 0x00, 0x00, 0x00, 0x00, 0x00, 0x00,
    0x00, 0x00, 0x00, 0x00, 0x00, 0x00, 0x00, 0x00, 0x00, 0x00, 0x00, 0x00, 0x00, 0x00, 0x00, 0x00, 0x00, 0x00, 0x00,
    0x00, 0x00, 0x00, 0x00, 0x00, 0x00, 0x00, 0x00, 0x00, 0x00, 0x00, 0x00, 0x00, 0x00, 0x00, 0x00, 0x00, 0x00, 0x00,
    0x00, 0x00, 0x00, 0x00, 0x00, 0x21, 0x00, 0x21, 0x00, 0x21, 0x00, 0x21, 0x08, 0x42, 0x08, 0x42, 0x08, 0x62, 0x08,
    0x63, 0x08, 0x83, 0x10, 0x84, 0x10, 0x84, 0x10, 0x06, 0x21, 0x5d, 0xd6, 0xdf, 0xe6, 0x9f, 0xde, 0x5e, 0xb5, 0x3e,
    0xb5, 0x3e, 0xb5, 0x3e, 0xad, 0x1e, 0xad, 0x1e, 0xad, 0x1e, 0xad, 0x1e, 0xad, 0x1e, 0xad, 0x1e, 0xad, 0xfe, 0xac,
    0xfe, 0xac, 0xfe, 0xac, 0xfe, 0xac, 0xfe, 0xac, 0xfe, 0xac, 0xde, 0xa4, 0xde, 0xa4, 0xde, 0xa4, 0xdd, 0xa4, 0xdd,
    0xa4, 0xdd, 0xa4, 0xbd, 0xa4, 0xbd, 0xa4, 0xbd, 0xa4, 0xbd, 0xa4, 0xbd, 0xa4, 0xbd, 0xa4, 0x9d, 0xa4, 0x9d, 0x9c,
    0x9d, 0x9c, 0x9d, 0x9c, 0x9d, 0x9c, 0x9d, 0x9c, 0x7d, 0x9c, 0x7d, 0x9c, 0x7d, 0x9c, 0x7d, 0x9c, 0x7d, 0x9c, 0x7d,
    0x9c, 0x5d, 0x9c, 0x5d, 0x9c, 0x5d, 0x9c, 0x5d, 0x94, 0x5d, 0x94, 0x5d, 0x94, 0x3d, 0x94, 0x3d, 0x94, 0x3d, 0x94,
    0x3d, 0x94, 0x3d, 0x94, 0x3d, 0x94, 0x1d, 0x94, 0x1d, 0x94, 0x1c, 0x94, 0x1c, 0x94, 0x1c, 0x8c, 0x1c, 0x8c, 0xfc,
    0x8b, 0xfc, 0x8b, 0xfc, 0x8b, 0xfc, 0x8b, 0xfc, 0x8b, 0xfc, 0x8b, 0xdc, 0x8b, 0xdc, 0x8b, 0xdc, 0x8b, 0xdc, 0x8b,
    0xdc, 0x8b, 0xdc, 0x83, 0xbc, 0x83, 0xbc, 0x83, 0xbc, 0x83, 0xbc, 0x83, 0xbc, 0x83, 0xbc, 0x83, 0x9c, 0x83, 0x9c,
    0x83, 0x9c, 0x83, 0x9c, 0x83, 0x9c, 0x83, 0x9c, 0x83, 0x7c, 0x83, 0x7c, 0x7b, 0x7c, 0x7b, 0x5b, 0x7b, 0x5d, 0xb5,
    0x1e, 0xc6, 0x1f, 0xce, 0x0b, 0x42, 0x63, 0x08, 0xa4, 0x10, 0x83, 0x10, 0x63, 0x10, 0x62, 0x08, 0x42, 0x08, 0x42,
    0x08, 0x41, 0x08, 0x21, 0x00, 0x21, 0x00, 0x21, 0x00, 0x20, 0x00, 0x00, 0x00, 0x00, 0x00, 0x00, 0x00, 0x00, 0x00,
    0x00, 0x00, 0x00, 0x00, 0x00, 0x00, 0x00, 0x00, 0x00, 0x00, 0x00, 0x00, 0x00, 0x00, 0x00, 0x00, 0x00, 0x00, 0x00,
    0x00, 0x00, 0x00, 0x00, 0x00, 0x00, 0x00, 0x00, 0x00, 0x00, 0x00, 0x00, 0x00, 0x00, 0x00, 0x00, 0x00, 0x00, 0x00,
    0x00, 0x00, 0x00, 0x00, 0x00, 0x00, 0x00, 0x00, 0x00, 0x00, 0x00, 0x00, 0x00, 0x00, 0x00, 0x00, 0x00, 0x00, 0x00,
    0x00, 0x00, 0x00, 0x00, 0x00, 0x00, 0x00, 0x00, 0x00, 0x00, 0x00, 0x00, 0x00, 0x00, 0x00, 0x00, 0x00, 0x00, 0x00,
    0x00, 0x00, 0x00, 0x00, 0x00, 0x00, 0x00, 0x00, 0x00, 0x00, 0x00, 0x00, 0x00, 0x00, 0x00, 0x00, 0x00, 0x00, 0x00,
    0x00, 0x00, 0x00, 0x00, 0x00, 0x00, 0x00, 0x00, 0x00, 0x00, 0x00, 0x00, 0x00, 0x00, 0x00, 0x00, 0x00, 0x00, 0x00,
    0x00, 0x00, 0x00, 0x00, 0x00, 0x00, 0x00, 0x00, 0x00, 0x00, 0x00, 0x00, 0x00, 0x00, 0x00, 0x00, 0x00, 0x00, 0x00,
    0x00, 0x00, 0x00, 0x00, 0x00, 0x00, 0x00, 0x00, 0x00, 0x00, 0x00, 0x00, 0x00, 0x00, 0x00, 0x00, 0x00, 0x00, 0x00,
    0x00, 0x00, 0x00, 0x00, 0x00, 0x00, 0x21, 0x00, 0x21, 0x00, 0x21, 0x00, 0x21, 0x08, 0x42, 0x08, 0x42, 0x08, 0x62,
    0x08, 0x63, 0x08, 0x83, 0x10, 0x84, 0x10, 0x84, 0x10, 0x06, 0x21, 0x5d, 0xce, 0xdf, 0xe6, 0x9f, 0xde, 0x5e, 0xb5,
    0x3e, 0xad, 0x3e, 0xad, 0x1e, 0xad, 0x1e, 0xad, 0x1e, 0xad, 0x1e, 0xad, 0x1e, 0xad, 0x1e, 0xad, 0xfe, 0xac, 0xfe,
    0xac, 0xfe, 0xac, 0xfe, 0xac, 0xfe, 0xac, 0xfe, 0xac, 0xde, 0xa4, 0xde, 0xa4, 0xde, 0xa4, 0xdd, 0xa4, 0xdd, 0xa4,
    0xdd, 0xa4, 0xbd, 0xa4, 0xbd, 0xa4, 0xbd, 0xa4, 0xbd, 0xa4, 0xbd, 0xa4, 0xbd, 0xa4, 0x9d, 0xa4, 0x9d, 0x9c, 0x9d,
    0x9c, 0x9d, 0x9c, 0x9d, 0x9c, 0x9d, 0x9c, 0x7d, 0x9c, 0x7d, 0x9c, 0x7d, 0x9c, 0x7d, 0x9c, 0x7d, 0x9c, 0x7d, 0x9c,
    0x5d, 0x9c, 0x5d, 0x9c, 0x5d, 0x9c, 0x5d, 0x94, 0x5d, 0x94, 0x5d, 0x94, 0x3d, 0x94, 0x3d, 0x94, 0x3d, 0x94, 0x3d,
    0x94, 0x3d, 0x94, 0x3d, 0x94, 0x1d, 0x94, 0x1d, 0x94, 0x1c, 0x94, 0x1c, 0x94, 0x1c, 0x8c, 0x1c, 0x8c, 0xfc, 0x8b,
    0xfc, 0x8b, 0xfc, 0x8b, 0xfc, 0x8b, 0xfc, 0x8b, 0xfc, 0x8b, 0xdc, 0x8b, 0xdc, 0x8b, 0xdc, 0x8b, 0xdc, 0x8b, 0xdc,
    0x8b, 0xdc, 0x83, 0xbc, 0x83, 0xbc, 0x83, 0xbc, 0x83, 0xbc, 0x83, 0xbc, 0x83, 0xbc, 0x83, 0x9c, 0x83, 0x9c, 0x83,
    0x9c, 0x83, 0x9c, 0x83, 0x9c, 0x83, 0x9c, 0x83, 0x7c, 0x83, 0x7c, 0x7b, 0x7c, 0x7b, 0x7c, 0x7b, 0x5b, 0x7b, 0x5d,
    0xb5, 0xfe, 0xc5, 0x1f, 0xce, 0x0b, 0x42, 0x63, 0x08, 0xa4, 0x10, 0x83, 0x10, 0x63, 0x10, 0x62, 0x08, 0x42, 0x08,
    0x42, 0x08, 0x41, 0x08, 0x21, 0x00, 0x21, 0x00, 0x21, 0x00, 0x20, 0x00, 0x00, 0x00, 0x00, 0x00, 0x00, 0x00, 0x00,
    0x00, 0x00, 0x00, 0x00, 0x00, 0x00, 0x00, 0x00, 0x00, 0x00, 0x00, 0x00, 0x00, 0x00, 0x00, 0x00, 0x00, 0x00, 0x00,
    0x00, 0x00, 0x00, 0x00, 0x00, 0x00, 0x00, 0x00, 0x00, 0x00, 0x00, 0x00, 0x00, 0x00, 0x00, 0x00, 0x00, 0x00, 0x00,
    0x00, 0x00, 0x00, 0x00, 0x00, 0x00, 0x00, 0x00, 0x00, 0x00, 0x00, 0x00, 0x00, 0x00, 0x00, 0x00, 0x00, 0x00, 0x00,
    0x00, 0x00, 0x00, 0x00, 0x00, 0x00, 0x00, 0x00, 0x00, 0x00, 0x00, 0x00, 0x00, 0x00, 0x00, 0x00, 0x00, 0x00, 0x00,
    0x00, 0x00, 0x00, 0x00, 0x00, 0x00, 0x00, 0x00, 0x00, 0x00, 0x00, 0x00, 0x00, 0x00, 0x00, 0x00, 0x00, 0x00, 0x00,
    0x00, 0x00, 0x00, 0x00, 0x00, 0x00, 0x00, 0x00, 0x00, 0x00, 0x00, 0x00, 0x00, 0x00, 0x00, 0x00, 0x00, 0x00, 0x00,
    0x00, 0x00, 0x00, 0x00, 0x00, 0x00, 0x00, 0x00, 0x00, 0x00, 0x00, 0x00, 0x00, 0x00, 0x00, 0x00, 0x00, 0x00, 0x00,
    0x00, 0x00, 0x00, 0x00, 0x00, 0x00, 0x00, 0x00, 0x00, 0x00, 0x00, 0x00, 0x00, 0x00, 0x00, 0x00, 0x00, 0x00, 0x00,
    0x00, 0x00, 0x00, 0x00, 0x00, 0x00, 0x00, 0x21, 0x00, 0x21, 0x00, 0x21, 0x00, 0x21, 0x08, 0x42, 0x08, 0x42, 0x08,
    0x62, 0x08, 0x63, 0x08, 0x83, 0x10, 0x84, 0x10, 0x84, 0x10, 0x06, 0x21, 0x5d, 0xce, 0xdf, 0xe6, 0x9f, 0xde, 0x3e,
    0xb5, 0x1e, 0xad, 0x1e, 0xad, 0x1e, 0xad, 0x1e, 0xad, 0x1e, 0xad, 0x1e, 0xad, 0x1e, 0xad, 0xfe, 0xac, 0xfe, 0xac,
    0xfe, 0xac, 0xfe, 0xac, 0xfe, 0xac, 0xfe, 0xac, 0xde, 0xa4, 0xde, 0xa4, 0xde, 0xa4, 0xdd, 0xa4, 0xdd, 0xa4, 0xdd,
    0xa4, 0xbd, 0xa4, 0xbd, 0xa4, 0xbd, 0xa4, 0xbd, 0xa4, 0xbd, 0xa4, 0xbd, 0xa4, 0x9d, 0xa4, 0x9d, 0x9c, 0x9d, 0x9c,
    0x9d, 0x9c, 0x9d, 0x9c, 0x9d, 0x9c, 0x7d, 0x9c, 0x7d, 0x9c, 0x7d, 0x9c, 0x7d, 0x9c, 0x7d, 0x9c, 0x7d, 0x9c, 0x5d,
    0x9c, 0x5d, 0x9c, 0x5d, 0x9c, 0x5d, 0x94, 0x5d, 0x94, 0x5d, 0x94, 0x3d, 0x94, 0x3d, 0x94, 0x3d, 0x94, 0x3d, 0x94,
    0x3d, 0x94, 0x3d, 0x94, 0x1d, 0x94, 0x1d, 0x94, 0x1c, 0x94, 0x1c, 0x94, 0x1c, 0x8c, 0x1c, 0x8c, 0xfc, 0x8b, 0xfc,
    0x8b, 0xfc, 0x8b, 0xfc, 0x8b, 0xfc, 0x8b, 0xfc, 0x8b, 0xdc, 0x8b, 0xdc, 0x8b, 0xdc, 0x8b, 0xdc, 0x8b, 0xdc, 0x8b,
    0xdc, 0x83, 0xbc, 0x83, 0xbc, 0x83, 0xbc, 0x83, 0xbc, 0x83, 0xbc, 0x83, 0xbc, 0x83, 0x9c, 0x83, 0x9c, 0x83, 0x9c,
    0x83, 0x9c, 0x83, 0x9c, 0x83, 0x9c, 0x83, 0x7c, 0x83, 0x7c, 0x7b, 0x7c, 0x7b, 0x7c, 0x7b, 0x7c, 0x7b, 0x5b, 0x7b,
    0x3d, 0xb5, 0xfe, 0xc5, 0x1f, 0xce, 0x0b, 0x42, 0x63, 0x08, 0xa4, 0x10, 0x83, 0x10, 0x63, 0x10, 0x62, 0x08, 0x42,
    0x08, 0x42, 0x08, 0x41, 0x08, 0x21, 0x00, 0x21, 0x00, 0x21, 0x00, 0x20, 0x00, 0x00, 0x00, 0x00, 0x00, 0x00, 0x00,
    0x00, 0x00, 0x00, 0x00, 0x00, 0x00, 0x00, 0x00, 0x00, 0x00, 0x00, 0x00, 0x00, 0x00, 0x00, 0x00, 0x00, 0x00, 0x00,
    0x00, 0x00, 0x00, 0x00, 0x00, 0x00, 0x00, 0x00, 0x00, 0x00, 0x00, 0x00, 0x00, 0x00, 0x00, 0x00, 0x00, 0x00, 0x00,
    0x00, 0x00, 0x00, 0x00, 0x00, 0x00, 0x00, 0x00, 0x00, 0x00, 0x00, 0x00, 0x00, 0x00, 0x00, 0x00, 0x00, 0x00, 0x00,
    0x00, 0x00, 0x00, 0x00, 0x00, 0x00, 0x00, 0x00, 0x00, 0x00, 0x00, 0x00, 0x00, 0x00, 0x00, 0x00, 0x00, 0x00, 0x00,
    0x00, 0x00, 0x00, 0x00, 0x00, 0x00, 0x00, 0x00, 0x00, 0x00, 0x00, 0x00, 0x00, 0x00, 0x00, 0x00, 0x00, 0x00, 0x00,
    0x00, 0x00, 0x00, 0x00, 0x00, 0x00, 0x00, 0x00, 0x00, 0x00, 0x00, 0x00, 0x00, 0x00, 0x00, 0x00, 0x00, 0x00, 0x00,
    0x00, 0x00, 0x00, 0x00, 0x00, 0x00, 0x00, 0x00, 0x00, 0x00, 0x00, 0x00, 0x00, 0x00, 0x00, 0x00, 0x00, 0x00, 0x00,
    0x00, 0x00, 0x00, 0x00, 0x00, 0x00, 0x00, 0x00, 0x00, 0x00, 0x00, 0x00, 0x00, 0x00, 0x00, 0x00, 0x00, 0x00, 0x00,
    0x00, 0x00, 0x00, 0x00, 0x00, 0x00, 0x00, 0x00, 0x21, 0x00, 0x21, 0x00, 0x21, 0x00, 0x21, 0x08, 0x42, 0x08, 0x42,
    0x08, 0x62, 0x08, 0x63, 0x08, 0x83, 0x10, 0x84, 0x10, 0x84, 0x10, 0x06, 0x21, 0x5d, 0xce, 0xdf, 0xde, 0x9f, 0xd6,
    0x3e, 0xb5, 0x1e, 0xad, 0x1e, 0xad, 0x1e, 0xad, 0x1e, 0xad, 0x1e, 0xad, 0x1e, 0xad, 0xfe, 0xac, 0xfe, 0xac, 0xfe,
    0xac, 0xfe, 0xac, 0xfe, 0xac, 0xfe, 0xac, 0xde, 0xa4, 0xde, 0xa4, 0xde, 0xa4, 0xdd, 0xa4, 0xdd, 0xa4, 0xdd, 0xa4,
    0xbd, 0xa4, 0xbd, 0xa4, 0xbd, 0xa4, 0xbd, 0xa4, 0xbd, 0xa4, 0xbd, 0xa4, 0x9d, 0xa4, 0x9d, 0x9c, 0x9d, 0x9c, 0x9d,
    0x9c, 0x9d, 0x9c, 0x9d, 0x9c, 0x7d, 0x9c, 0x7d, 0x9c, 0x7d, 0x9c, 0x7d, 0x9c, 0x7d, 0x9c, 0x7d, 0x9c, 0x5d, 0x9c,
    0x5d, 0x9c, 0x5d, 0x9c, 0x5d, 0x94, 0x5d, 0x94, 0x5d, 0x94, 0x3d, 0x94, 0x3d, 0x94, 0x3d, 0x94, 0x3d, 0x94, 0x3d,
    0x94, 0x3d, 0x94, 0x1d, 0x94, 0x1d, 0x94, 0x1c, 0x94, 0x1c, 0x94, 0x1c, 0x8c, 0x1c, 0x8c, 0xfc, 0x8b, 0xfc, 0x8b,
    0xfc, 0x8b, 0xfc, 0x8b, 0xfc, 0x8b, 0xfc, 0x8b, 0xdc, 0x8b, 0xdc, 0x8b, 0xdc, 0x8b, 0xdc, 0x8b, 0xdc, 0x8b, 0xdc,
    0x83, 0xbc, 0x83, 0xbc, 0x83, 0xbc, 0x83, 0xbc, 0x83, 0xbc, 0x83, 0xbc, 0x83, 0x9c, 0x83, 0x9c, 0x83, 0x9c, 0x83,
    0x9c, 0x83, 0x9c, 0x83, 0x9c, 0x83, 0x7c, 0x83, 0x7c, 0x7b, 0x7c, 0x7b, 0x7c, 0x7b, 0x7c, 0x7b, 0x7c, 0x7b, 0x3b,
    0x7b, 0x3d, 0xb5, 0xfe, 0xc5, 0x1f, 0xce, 0x0b, 0x42, 0x63, 0x08, 0xa4, 0x10, 0x83, 0x10, 0x63, 0x10, 0x62, 0x08,
    0x42, 0x08, 0x42, 0x08, 0x41, 0x08, 0x21, 0x00, 0x21, 0x00, 0x21, 0x00, 0x20, 0x00, 0x00, 0x00, 0x00, 0x00, 0x00,
    0x00, 0x00, 0x00, 0x00, 0x00, 0x00, 0x00, 0x00, 0x00, 0x00, 0x00, 0x00, 0x00, 0x00, 0x00, 0x00, 0x00, 0x00, 0x00,
    0x00, 0x00, 0x00, 0x00, 0x00, 0x00, 0x00, 0x00, 0x00, 0x00, 0x00, 0x00, 0x00, 0x00, 0x00, 0x00, 0x00, 0x00, 0x00,
    0x00, 0x00, 0x00, 0x00, 0x00, 0x00, 0x00, 0x00, 0x00, 0x00, 0x00, 0x00, 0x00, 0x00, 0x00, 0x00, 0x00, 0x00, 0x00,
    0x00, 0x00, 0x00, 0x00, 0x00, 0x00, 0x00, 0x00, 0x00, 0x00, 0x00, 0x00, 0x00, 0x00, 0x00, 0x00, 0x00, 0x00, 0x00,
    0x00, 0x00, 0x00, 0x00, 0x00, 0x00, 0x00, 0x00, 0x00, 0x00, 0x00, 0x00, 0x00, 0x00, 0x00, 0x00, 0x00, 0x00, 0x00,
    0x00, 0x00, 0x00, 0x00, 0x00, 0x00, 0x00, 0x00, 0x00, 0x00, 0x00, 0x00, 0x00, 0x00, 0x00, 0x00, 0x00, 0x00, 0x00,
    0x00, 0x00, 0x00, 0x00, 0x00, 0x00, 0x00, 0x00, 0x00, 0x00, 0x00, 0x00, 0x00, 0x00, 0x00, 0x00, 0x00, 0x00, 0x00,
    0x00, 0x00, 0x00, 0x00, 0x00, 0x00, 0x00, 0x00, 0x00, 0x00, 0x00, 0x00, 0x00, 0x00, 0x00, 0x00, 0x00, 0x00, 0x00,
    0x00, 0x00, 0x00, 0x00, 0x00, 0x00, 0x00, 0x00, 0x00, 0x21, 0x00, 0x21, 0x00, 0x21, 0x00, 0x21, 0x08, 0x42, 0x08,
    0x42, 0x08, 0x62, 0x08, 0x63, 0x08, 0x83, 0x10, 0x84, 0x10, 0x84, 0x10, 0x06, 0x21, 0x5d, 0xce, 0xdf, 0xde, 0x9f,
    0xd6, 0x3e, 0xb5, 0x1e, 0xad, 0x1e, 0xad, 0x1e, 0xad, 0x1e, 0xad, 0x1e, 0xad, 0xfe, 0xac, 0xfe, 0xac, 0xfe, 0xac,
    0xfe, 0xac, 0xfe, 0xac, 0xfe, 0xac, 0xde, 0xa4, 0xde, 0xa4, 0xde, 0xa4, 0xdd, 0xa4, 0xdd, 0xa4, 0xdd, 0xa4, 0xbd,
    0xa4, 0xbd, 0xa4, 0xbd, 0xa4, 0xbd, 0xa4, 0xbd, 0xa4, 0xbd, 0xa4, 0x9d, 0xa4, 0x9d, 0x9c, 0x9d, 0x9c, 0x9d, 0x9c,
    0x9d, 0x9c, 0x9d, 0x9c, 0x7d, 0x9c, 0x7d, 0x9c, 0x7d, 0x9c, 0x7d, 0x9c, 0x7d, 0x9c, 0x7d, 0x9c, 0x5d, 0x9c, 0x5d,
    0x9c, 0x5d, 0x9c, 0x5d, 0x94, 0x5d, 0x94, 0x5d, 0x94, 0x3d, 0x94, 0x3d, 0x94, 0x3d, 0x94, 0x3d, 0x94, 0x3d, 0x94,
    0x3d, 0x94, 0x1d, 0x94, 0x1d, 0x94, 0x1c, 0x94, 0x1c, 0x94, 0x1c, 0x8c, 0x1c, 0x8c, 0xfc, 0x8b, 0xfc, 0x8b, 0xfc,
    0x8b, 0xfc, 0x8b, 0xfc, 0x8b, 0xfc, 0x8b, 0xdc, 0x8b, 0xdc, 0x8b, 0xdc, 0x8b, 0xdc, 0x8b, 0xdc, 0x8b, 0xdc, 0x83,
    0xbc, 0x83, 0xbc, 0x83, 0xbc, 0x83, 0xbc, 0x83, 0xbc, 0x83, 0xbc, 0x83, 0x9c, 0x83, 0x9c, 0x83, 0x9c, 0x83, 0x9c,
    0x83, 0x9c, 0x83, 0x9c, 0x83, 0x7c, 0x83, 0x7c, 0x7b, 0x7c, 0x7b, 0x7c, 0x7b, 0x7c, 0x7b, 0x7c, 0x7b, 0x7c, 0x7b,
    0x3b, 0x7b, 0x3d, 0xb5, 0xfe, 0xc5, 0x1f, 0xce, 0x0b, 0x42, 0x63, 0x08, 0xa4, 0x10, 0x83, 0x10, 0x63, 0x10, 0x62,
    0x08, 0x42, 0x08, 0x42, 0x08, 0x41, 0x08, 0x21, 0x00, 0x21, 0x00, 0x21, 0x00, 0x20, 0x00, 0x00, 0x00, 0x00, 0x00,
    0x00, 0x00, 0x00, 0x00, 0x00, 0x00, 0x00, 0x00, 0x00, 0x00, 0x00, 0x00, 0x00, 0x00, 0x00, 0x00, 0x00, 0x00, 0x00,
    0x00, 0x00, 0x00, 0x00, 0x00, 0x00, 0x00, 0x00, 0x00, 0x00, 0x00, 0x00, 0x00, 0x00, 0x00, 0x00, 0x00, 0x00, 0x00,
    0x00, 0x00, 0x00, 0x00, 0x00, 0x00, 0x00, 0x00, 0x00, 0x00, 0x00, 0x00, 0x00, 0x00, 0x00, 0x00, 0x00, 0x00, 0x00,
    0x00, 0x00, 0x00, 0x00, 0x00, 0x00, 0x00, 0x00, 0x00, 0x00, 0x00, 0x00, 0x00, 0x00, 0x00, 0x00, 0x00, 0x00, 0x00,
    0x00, 0x00, 0x00, 0x00, 0x00, 0x00, 0x00, 0x00, 0x00, 0x00, 0x00, 0x00, 0x00, 0x00, 0x00, 0x00, 0x00, 0x00, 0x00,
    0x00, 0x00, 0x00, 0x00, 0x00, 0x00, 0x00, 0x00, 0x00, 0x00, 0x00, 0x00, 0x00, 0x00, 0x00, 0x00, 0x00, 0x00, 0x00,
    0x00, 0x00, 0x00, 0x00, 0x00, 0x00, 0x00, 0x00, 0x00, 0x00, 0x00, 0x00, 0x00, 0x00, 0x00, 0x00, 0x00, 0x00, 0x00,
    0x00, 0x00, 0x00, 0x00, 0x00, 0x00, 0x00, 0x00, 0x00, 0x00, 0x00, 0x00, 0x00, 0x00, 0x00, 0x00, 0x00, 0x00, 0x00,
    0x00, 0x00, 0x00, 0x00, 0x00, 0x00, 0x00, 0x00, 0x00, 0x00, 0x21, 0x00, 0x21, 0x00, 0x21, 0x00, 0x21, 0x08, 0x42,
    0x08, 0x42, 0x08, 0x62, 0x08, 0x63, 0x08, 0x83, 0x10, 0x84, 0x10, 0x84, 0x10, 0x06, 0x21, 0x5d, 0xce, 0xdf, 0xde,
    0x9f, 0xd6, 0x3e, 0xb5, 0x1e, 0xad, 0x1e, 0xad, 0x1e, 0xad, 0x1e, 0xad, 0xfe, 0xac, 0xfe, 0xac, 0xfe, 0xac, 0xfe,
    0xac, 0xfe, 0xac, 0xfe, 0xac, 0xde, 0xa4, 0xde, 0xa4, 0xde, 0xa4, 0xdd, 0xa4, 0xdd, 0xa4, 0xdd, 0xa4, 0xbd, 0xa4,
    0xbd, 0xa4, 0xbd, 0xa4, 0xbd, 0xa4, 0xbd, 0xa4, 0xbd, 0xa4, 0x9d, 0xa4, 0x9d, 0x9c, 0x9d, 0x9c, 0x9d, 0x9c, 0x9d,
    0x9c, 0x9d, 0x9c, 0x7d, 0x9c, 0x7d, 0x9c, 0x7d, 0x9c, 0x7d, 0x9c, 0x7d, 0x9c, 0x7d, 0x9c, 0x5d, 0x9c, 0x5d, 0x9c,
    0x5d, 0x9c, 0x5d, 0x94, 0x5d, 0x94, 0x5d, 0x94, 0x3d, 0x94, 0x3d, 0x94, 0x3d, 0x94, 0x3d, 0x94, 0x3d, 0x94, 0x3d,
    0x94, 0x1d, 0x94, 0x1d, 0x94, 0x1c, 0x94, 0x1c, 0x94, 0x1c, 0x8c, 0x1c, 0x8c, 0xfc, 0x8b, 0xfc, 0x8b, 0xfc, 0x8b,
    0xfc, 0x8b, 0xfc, 0x8b, 0xfc, 0x8b, 0xdc, 0x8b, 0xdc, 0x8b, 0xdc, 0x8b, 0xdc, 0x8b, 0xdc, 0x8b, 0xdc, 0x83, 0xbc,
    0x83, 0xbc, 0x83, 0xbc, 0x83, 0xbc, 0x83, 0xbc, 0x83, 0xbc, 0x83, 0x9c, 0x83, 0x9c, 0x83, 0x9c, 0x83, 0x9c, 0x83,
    0x9c, 0x83, 0x9c, 0x83, 0x7c, 0x83, 0x7c, 0x7b, 0x7c, 0x7b, 0x7c, 0x7b, 0x7c, 0x7b, 0x7c, 0x7b, 0x5c, 0x7b, 0x5b,
    0x7b, 0x3b, 0x7b, 0x3d, 0xb5, 0xfe, 0xc5, 0x1f, 0xce, 0x0b, 0x42, 0x63, 0x08, 0xa4, 0x10, 0x83, 0x10, 0x63, 0x10,
    0x62, 0x08, 0x42, 0x08, 0x42, 0x08, 0x41, 0x08, 0x21, 0x00, 0x21, 0x00, 0x21, 0x00, 0x20, 0x00, 0x00, 0x00, 0x00,
    0x00, 0x00, 0x00, 0x00, 0x00, 0x00, 0x00, 0x00, 0x00, 0x00, 0x00, 0x00, 0x00, 0x00, 0x00, 0x00, 0x00, 0x00, 0x00,
    0x00, 0x00, 0x00, 0x00, 0x00, 0x00, 0x00, 0x00, 0x00, 0x00, 0x00, 0x00, 0x00, 0x00, 0x00, 0x00, 0x00, 0x00, 0x00,
    0x00, 0x00, 0x00, 0x00, 0x00, 0x00, 0x00, 0x00, 0x00, 0x00, 0x00, 0x00, 0x00, 0x00, 0x00, 0x00, 0x00, 0x00, 0x00,
    0x00, 0x00, 0x00, 0x00, 0x00, 0x00, 0x00, 0x00, 0x00, 0x00, 0x00, 0x00, 0x00, 0x00, 0x00, 0x00, 0x00, 0x00, 0x00,
    0x00, 0x00, 0x00, 0x00, 0x00, 0x00, 0x00, 0x00, 0x00, 0x00, 0x00, 0x00, 0x00, 0x00, 0x00, 0x00, 0x00, 0x00, 0x00,
    0x00, 0x00, 0x00, 0x00, 0x00, 0x00, 0x00, 0x00, 0x00, 0x00, 0x00, 0x00, 0x00, 0x00, 0x00, 0x00, 0x00, 0x00, 0x00,
    0x00, 0x00, 0x00, 0x00, 0x00, 0x00, 0x00, 0x00, 0x00, 0x00, 0x00, 0x00, 0x00, 0x00, 0x00, 0x00, 0x00, 0x00, 0x00,
    0x00, 0x00, 0x00, 0x00, 0x00, 0x00, 0x00, 0x00, 0x00, 0x00, 0x00, 0x00, 0x00, 0x00, 0x00, 0x00, 0x00, 0x00, 0x00,
    0x00, 0x00, 0x00, 0x00, 0x00, 0x00, 0x00, 0x00, 0x00, 0x00, 0x00, 0x21, 0x00, 0x21, 0x00, 0x21, 0x00, 0x21, 0x08,
    0x42, 0x08, 0x42, 0x08, 0x62, 0x08, 0x63, 0x08, 0x83, 0x10, 0x84, 0x10, 0x84, 0x10, 0x06, 0x21, 0x5d, 0xce, 0xdf,
    0xde, 0x9f, 0xd6, 0x3e, 0xb5, 0x1e, 0xad, 0x1e, 0xad, 0x1e, 0xad, 0xfe, 0xac, 0xfe, 0xac, 0xfe, 0xac, 0xfe, 0xac,
    0xfe, 0xac, 0xfe, 0xac, 0xde, 0xa4, 0xde, 0xa4, 0xde, 0xa4, 0xdd, 0xa4, 0xdd, 0xa4, 0xdd, 0xa4, 0xbd, 0xa4, 0xbd,
    0xa4, 0xbd, 0xa4, 0xbd, 0xa4, 0xbd, 0xa4, 0xbd, 0xa4, 0x9d, 0xa4, 0x9d, 0x9c, 0x9d, 0x9c, 0x9d, 0x9c, 0x9d, 0x9c,
    0x9d, 0x9c, 0x7d, 0x9c, 0x7d, 0x9c, 0x7d, 0x9c, 0x7d, 0x9c, 0x7d, 0x9c, 0x7d, 0x9c, 0x5d, 0x9c, 0x5d, 0x9c, 0x5d,
    0x9c, 0x5d, 0x94, 0x5d, 0x94, 0x5d, 0x94, 0x3d, 0x94, 0x3d, 0x94, 0x3d, 0x94, 0x3d, 0x94, 0x3d, 0x94, 0x3d, 0x94,
    0x1d, 0x94, 0x1d, 0x94, 0x1c, 0x94, 0x1c, 0x94, 0x1c, 0x8c, 0x1c, 0x8c, 0xfc, 0x8b, 0xfc, 0x8b, 0xfc, 0x8b, 0xfc,
    0x8b, 0xfc, 0x8b, 0xfc, 0x8b, 0xdc, 0x8b, 0xdc, 0x8b, 0xdc, 0x8b, 0xdc, 0x8b, 0xdc, 0x8b, 0xdc, 0x83, 0xbc, 0x83,
    0xbc, 0x83, 0xbc, 0x83, 0xbc, 0x83, 0xbc, 0x83, 0xbc, 0x83, 0x9c, 0x83, 0x9c, 0x83, 0x9c, 0x83, 0x9c, 0x83, 0x9c,
    0x83, 0x9c, 0x83, 0x7c, 0x83, 0x7c, 0x7b, 0x7c, 0x7b, 0x7c, 0x7b, 0x7c, 0x7b, 0x7c, 0x7b, 0x5c, 0x7b, 0x5b, 0x7b,
    0x5b, 0x7b, 0x3b, 0x73, 0x3d, 0xb5, 0xfd, 0xc5, 0x1f, 0xce, 0x0b, 0x42, 0x63, 0x08, 0xa4, 0x10, 0x83, 0x10, 0x63,
    0x10, 0x62, 0x08, 0x42, 0x08, 0x42, 0x08, 0x41, 0x08, 0x21, 0x00, 0x21, 0x00, 0x21, 0x00, 0x20, 0x00, 0x00, 0x00,
    0x00, 0x00, 0x00, 0x00, 0x00, 0x00, 0x00, 0x00, 0x00, 0x00, 0x00, 0x00, 0x00, 0x00, 0x00, 0x00, 0x00, 0x00, 0x00,
    0x00, 0x00, 0x00, 0x00, 0x00, 0x00, 0x00, 0x00, 0x00, 0x00, 0x00, 0x00, 0x00, 0x00, 0x00, 0x00, 0x00, 0x00, 0x00,
    0x00, 0x00, 0x00, 0x00, 0x00, 0x00, 0x00, 0x00, 0x00, 0x00, 0x00, 0x00, 0x00, 0x00, 0x00, 0x00, 0x00, 0x00, 0x00,
    0x00, 0x00, 0x00, 0x00, 0x00, 0x00, 0x00, 0x00, 0x00, 0x00, 0x00, 0x00, 0x00, 0x00, 0x00, 0x00, 0x00, 0x00, 0x00,
    0x00, 0x00, 0x00, 0x00, 0x00, 0x00, 0x00, 0x00, 0x00, 0x00, 0x00, 0x00, 0x00, 0x00, 0x00, 0x00, 0x00, 0x00, 0x00,
    0x00, 0x00, 0x00, 0x00, 0x00, 0x00, 0x00, 0x00, 0x00, 0x00, 0x00, 0x00, 0x00, 0x00, 0x00, 0x00, 0x00, 0x00, 0x00,
    0x00, 0x00, 0x00, 0x00, 0x00, 0x00, 0x00, 0x00, 0x00, 0x00, 0x00, 0x00, 0x00, 0x00, 0x00, 0x00, 0x00, 0x00, 0x00,
    0x00, 0x00, 0x00, 0x00, 0x00, 0x00, 0x00, 0x00, 0x00, 0x00, 0x00, 0x00, 0x00, 0x00, 0x00, 0x00, 0x00, 0x00, 0x00,
    0x00, 0x00, 0x00, 0x00, 0x00, 0x00, 0x00, 0x00, 0x00, 0x00, 0x00, 0x00, 0x21, 0x00, 0x21, 0x00, 0x21, 0x00, 0x21,
    0x08, 0x42, 0x08, 0x42, 0x08, 0x62, 0x08, 0x63, 0x08, 0x83, 0x10, 0x84, 0x10, 0x84, 0x10, 0x06, 0x21, 0x5d, 0xce,
    0xdf, 0xde, 0x9f, 0xd6, 0x3e, 0xb5, 0x1e, 0xad, 0x1e, 0xad, 0xfe, 0xac, 0xfe, 0xac, 0xfe, 0xac, 0xfe, 0xac, 0xfe,
    0xac, 0xfe, 0xac, 0xde, 0xa4, 0xde, 0xa4, 0xde, 0xa4, 0xdd, 0xa4, 0xdd, 0xa4, 0xdd, 0xa4, 0xbd, 0xa4, 0xbd, 0xa4,
    0xbd, 0xa4, 0xbd, 0xa4, 0xbd, 0xa4, 0xbd, 0xa4, 0x9d, 0xa4, 0x9d, 0x9c, 0x9d, 0x9c, 0x9d, 0x9c, 0x9d, 0x9c, 0x9d,
    0x9c, 0x7d, 0x9c, 0x7d, 0x9c, 0x7d, 0x9c, 0x7d, 0x9c, 0x7d, 0x9c, 0x7d, 0x9c, 0x5d, 0x9c, 0x5d, 0x9c, 0x5d, 0x9c,
    0x5d, 0x94, 0x5d, 0x94, 0x5d, 0x94, 0x3d, 0x94, 0x3d, 0x94, 0x3d, 0x94, 0x3d, 0x94, 0x3d, 0x94, 0x3d, 0x94, 0x1d,
    0x94, 0x1d, 0x94, 0x1c, 0x94, 0x1c, 0x94, 0x1c, 0x8c, 0x1c, 0x8c, 0xfc, 0x8b, 0xfc, 0x8b, 0xfc, 0x8b, 0xfc, 0x8b,
    0xfc, 0x8b, 0xfc, 0x8b, 0xdc, 0x8b, 0xdc, 0x8b, 0xdc, 0x8b, 0xdc, 0x8b, 0xdc, 0x8b, 0xdc, 0x83, 0xbc, 0x83, 0xbc,
    0x83, 0xbc, 0x83, 0xbc, 0x83, 0xbc, 0x83, 0xbc, 0x83, 0x9c, 0x83, 0x9c, 0x83, 0x9c, 0x83, 0x9c, 0x83, 0x9c, 0x83,
    0x9c, 0x83, 0x7c, 0x83, 0x7c, 0x7b, 0x7c, 0x7b, 0x7c, 0x7b, 0x7c, 0x7b, 0x7c, 0x7b, 0x5c, 0x7b, 0x5b, 0x7b, 0x5b,
    0x7b, 0x5b, 0x7b, 0x3b, 0x73, 0x3d, 0xb5, 0xfd, 0xc5, 0x1f, 0xce, 0x0b, 0x42, 0x63, 0x08, 0xa4, 0x10, 0x83, 0x10,
    0x63, 0x10, 0x62, 0x08, 0x42, 0x08, 0x42, 0x08, 0x41, 0x08, 0x21, 0x00, 0x21, 0x00, 0x21, 0x00, 0x20, 0x00, 0x00,
    0x00, 0x00, 0x00, 0x00, 0x00, 0x00, 0x00, 0x00, 0x00, 0x00, 0x00, 0x00, 0x00, 0x00, 0x00, 0x00, 0x00, 0x00, 0x00,
    0x00, 0x00, 0x00, 0x00, 0x00, 0x00, 0x00, 0x00, 0x00, 0x00, 0x00, 0x00, 0x00, 0x00, 0x00, 0x00, 0x00, 0x00, 0x00,
    0x00, 0x00, 0x00, 0x00, 0x00, 0x00, 0x00, 0x00, 0x00, 0x00, 0x00, 0x00, 0x00, 0x00, 0x00, 0x00, 0x00, 0x00, 0x00,
    0x00, 0x00, 0x00, 0x00, 0x00, 0x00, 0x00, 0x00, 0x00, 0x00, 0x00, 0x00, 0x00, 0x00, 0x00, 0x00, 0x00, 0x00, 0x00,
    0x00, 0x00, 0x00, 0x00, 0x00, 0x00, 0x00, 0x00, 0x00, 0x00, 0x00, 0x00, 0x00, 0x00, 0x00, 0x00, 0x00, 0x00, 0x00,
    0x00, 0x00, 0x00, 0x00, 0x00, 0x00, 0x00, 0x00, 0x00, 0x00, 0x00, 0x00, 0x00, 0x00, 0x00, 0x00, 0x00, 0x00, 0x00,
    0x00, 0x00, 0x00, 0x00, 0x00, 0x00, 0x00, 0x00, 0x00, 0x00, 0x00, 0x00, 0x00, 0x00, 0x00, 0x00, 0x00, 0x00, 0x00,
    0x00, 0x00, 0x00, 0x00, 0x00, 0x00, 0x00, 0x00, 0x00, 0x00, 0x00, 0x00, 0x00, 0x00, 0x00, 0x00, 0x00, 0x00, 0x00,
    0x00, 0x00, 0x00, 0x00, 0x00, 0x00, 0x00, 0x00, 0x00, 0x00, 0x00, 0x00, 0x00, 0x21, 0x00, 0x21, 0x00, 0x21, 0x00,
    0x21, 0x08, 0x42, 0x08, 0x42, 0x08, 0x62, 0x08, 0x63, 0x08, 0x83, 0x10, 0x84, 0x10, 0x84, 0x10, 0x06, 0x21, 0x5d,
    0xce, 0xdf, 0xde, 0x9f, 0xd6, 0x3e, 0xad, 0xfe, 0xac, 0xfe, 0xac, 0xfe, 0xac, 0xfe, 0xac, 0xfe, 0xac, 0xfe, 0xac,
    0xfe, 0xac, 0xde, 0xa4, 0xde, 0xa4, 0xde, 0xa4, 0xdd, 0xa4, 0xdd, 0xa4, 0xdd, 0xa4, 0xbd, 0xa4, 0xbd, 0xa4, 0xbd,
    0xa4, 0xbd, 0xa4, 0xbd, 0xa4, 0xbd, 0xa4, 0x9d, 0xa4, 0x9d, 0x9c, 0x9d, 0x9c, 0x9d, 0x9c, 0x9d, 0x9c, 0x9d, 0x9c,
    0x7d, 0x9c, 0x7d, 0x9c, 0x7d, 0x9c, 0x7d, 0x9c, 0x7d, 0x9c, 0x7d, 0x9c, 0x5d, 0x9c, 0x5d, 0x9c, 0x5d, 0x9c, 0x5d,
    0x94, 0x5d, 0x94, 0x5d, 0x94, 0x3d, 0x94, 0x3d, 0x94, 0x3d, 0x94, 0x3d, 0x94, 0x3d, 0x94, 0x3d, 0x94, 0x1d, 0x94,
    0x1d, 0x94, 0x1c, 0x94, 0x1c, 0x94, 0x1c, 0x8c, 0x1c, 0x8c, 0xfc, 0x8b, 0xfc, 0x8b, 0xfc, 0x8b, 0xfc, 0x8b, 0xfc,
    0x8b, 0xfc, 0x8b, 0xdc, 0x8b, 0xdc, 0x8b, 0xdc, 0x8b, 0xdc, 0x8b, 0xdc, 0x8b, 0xdc, 0x83, 0xbc, 0x83, 0xbc, 0x83,
    0xbc, 0x83, 0xbc, 0x83, 0xbc, 0x83, 0xbc, 0x83, 0x9c, 0x83, 0x9c, 0x83, 0x9c, 0x83, 0x9c, 0x83, 0x9c, 0x83, 0x9c,
    0x83, 0x7c, 0x83, 0x7c, 0x7b, 0x7c, 0x7b, 0x7c, 0x7b, 0x7c, 0x7b, 0x7c, 0x7b, 0x5c, 0x7b, 0x5b, 0x7b, 0x5b, 0x7b,
    0x5b, 0x7b, 0x5b, 0x7b, 0x3b, 0x73, 0x3d, 0xad, 0xfd, 0xc5, 0x1f, 0xce, 0x0b, 0x42, 0x63, 0x08, 0xa4, 0x10, 0x83,
    0x10, 0x63, 0x10, 0x62, 0x08, 0x42, 0x08, 0x42, 0x08, 0x41, 0x08, 0x21, 0x00, 0x21, 0x00, 0x21, 0x00, 0x20, 0x00,
    0x00, 0x00, 0x00, 0x00, 0x00, 0x00, 0x00, 0x00, 0x00, 0x00, 0x00, 0x00, 0x00, 0x00, 0x00, 0x00, 0x00, 0x00, 0x00,
    0x00, 0x00, 0x00, 0x00, 0x00, 0x00, 0x00, 0x00, 0x00, 0x00, 0x00, 0x00, 0x00, 0x00, 0x00, 0x00, 0x00, 0x00, 0x00,
    0x00, 0x00, 0x00, 0x00, 0x00, 0x00, 0x00, 0x00, 0x00, 0x00, 0x00, 0x00, 0x00, 0x00, 0x00, 0x00, 0x00, 0x00, 0x00,
    0x00, 0x00, 0x00, 0x00, 0x00, 0x00, 0x00, 0x00, 0x00, 0x00, 0x00, 0x00, 0x00, 0x00, 0x00, 0x00, 0x00, 0x00, 0x00,
    0x00, 0x00, 0x00, 0x00, 0x00, 0x00, 0x00, 0x00, 0x00, 0x00, 0x00, 0x00, 0x00, 0x00, 0x00, 0x00, 0x00, 0x00, 0x00,
    0x00, 0x00, 0x00, 0x00, 0x00, 0x00, 0x00, 0x00, 0x00, 0x00, 0x00, 0x00, 0x00, 0x00, 0x00, 0x00, 0x00, 0x00, 0x00,
    0x00, 0x00, 0x00, 0x00, 0x00, 0x00, 0x00, 0x00, 0x00, 0x00, 0x00, 0x00, 0x00, 0x00, 0x00, 0x00, 0x00, 0x00, 0x00,
    0x00, 0x00, 0x00, 0x00, 0x00, 0x00, 0x00, 0x00, 0x00, 0x00, 0x00, 0x00, 0x00, 0x00, 0x00, 0x00, 0x00, 0x00, 0x00,
    0x00, 0x00, 0x00, 0x00, 0x00, 0x00, 0x00, 0x00, 0x00, 0x00, 0x00, 0x00, 0x00, 0x00, 0x21, 0x00, 0x21, 0x00, 0x21,
    0x00, 0x21, 0x08, 0x42, 0x08, 0x42, 0x08, 0x62, 0x08, 0x63, 0x08, 0x83, 0x10, 0x84, 0x10, 0x84, 0x10, 0x06, 0x21,
    0x5d, 0xce, 0xdf, 0xde, 0x9f, 0xd6, 0x1e, 0xad, 0xfe, 0xac, 0xfe, 0xac, 0xfe, 0xac, 0xfe, 0xac, 0xfe, 0xac, 0xfe,
    0xac, 0xde, 0xa4, 0xde, 0xa4, 0xde, 0xa4, 0xdd, 0xa4, 0xdd, 0xa4, 0xdd, 0xa4, 0xbd, 0xa4, 0xbd, 0xa4, 0xbd, 0xa4,
    0xbd, 0xa4, 0xbd, 0xa4, 0xbd, 0xa4, 0x9d, 0xa4, 0x9d, 0x9c, 0x9d, 0x9c, 0x9d, 0x9c, 0x9d, 0x9c, 0x9d, 0x9c, 0x7d,
    0x9c, 0x7d, 0x9c, 0x7d, 0x9c, 0x7d, 0x9c, 0x7d, 0x9c, 0x7d, 0x9c, 0x5d, 0x9c, 0x5d, 0x9c, 0x5d, 0x9c, 0x5d, 0x94,
    0x5d, 0x94, 0x5d, 0x94, 0x3d, 0x94, 0x3d, 0x94, 0x3d, 0x94, 0x3d, 0x94, 0x3d, 0x94, 0x3d, 0x94, 0x1d, 0x94, 0x1d,
    0x94, 0x1c, 0x94, 0x1c, 0x94, 0x1c, 0x8c, 0x1c, 0x8c, 0xfc, 0x8b, 0xfc, 0x8b, 0xfc, 0x8b, 0xfc, 0x8b, 0xfc, 0x8b,
    0xfc, 0x8b, 0xdc, 0x8b, 0xdc, 0x8b, 0xdc, 0x8b, 0xdc, 0x8b, 0xdc, 0x8b, 0xdc, 0x83, 0xbc, 0x83, 0xbc, 0x83, 0xbc,
    0x83, 0xbc, 0x83, 0xbc, 0x83, 0xbc, 0x83, 0x9c, 0x83, 0x9c, 0x83, 0x9c, 0x83, 0x9c, 0x83, 0x9c, 0x83, 0x9c, 0x83,
    0x7c, 0x83, 0x7c, 0x7b, 0x7c, 0x7b, 0x7c, 0x7b, 0x7c, 0x7b, 0x7c, 0x7b, 0x5c, 0x7b, 0x5b, 0x7b, 0x5b, 0x7b, 0x5b,
    0x7b, 0x5b, 0x7b, 0x5b, 0x7b, 0x1b, 0x73, 0x3d, 0xad, 0xfd, 0xc5, 0x1f, 0xce, 0x0b, 0x42, 0x63, 0x08, 0xa4, 0x10,
    0x83, 0x10, 0x63, 0x10, 0x62, 0x08, 0x42, 0x08, 0x42, 0x08, 0x41, 0x08, 0x21, 0x00, 0x21, 0x00, 0x21, 0x00, 0x20,
    0x00, 0x00, 0x00, 0x00, 0x00, 0x00, 0x00, 0x00, 0x00, 0x00, 0x00, 0x00, 0x00, 0x00, 0x00, 0x00, 0x00, 0x00, 0x00,
    0x00, 0x00, 0x00, 0x00, 0x00, 0x00, 0x00, 0x00, 0x00, 0x00, 0x00, 0x00, 0x00, 0x00, 0x00, 0x00, 0x00, 0x00, 0x00,
    0x00, 0x00, 0x00, 0x00, 0x00, 0x00, 0x00, 0x00, 0x00, 0x00, 0x00, 0x00, 0x00, 0x00, 0x00, 0x00, 0x00, 0x00, 0x00,
    0x00, 0x00, 0x00, 0x00, 0x00, 0x00, 0x00, 0x00, 0x00, 0x00, 0x00, 0x00, 0x00, 0x00, 0x00, 0x00, 0x00, 0x00, 0x00,
    0x00, 0x00, 0x00, 0x00, 0x00, 0x00, 0x00, 0x00, 0x00, 0x00, 0x00, 0x00, 0x00, 0x00, 0x00, 0x00, 0x00, 0x00, 0x00,
    0x00, 0x00, 0x00, 0x00, 0x00, 0x00, 0x00, 0x00, 0x00, 0x00, 0x00, 0x00, 0x00, 0x00, 0x00, 0x00, 0x00, 0x00, 0x00,
    0x00, 0x00, 0x00, 0x00, 0x00, 0x00, 0x00, 0x00, 0x00, 0x00, 0x00, 0x00, 0x00, 0x00, 0x00, 0x00, 0x00, 0x00, 0x00,
    0x00, 0x00, 0x00, 0x00, 0x00, 0x00, 0x00, 0x00, 0x00, 0x00, 0x00, 0x00, 0x00, 0x00, 0x00, 0x00, 0x00, 0x00, 0x00,
    0x00, 0x00, 0x00, 0x00, 0x00, 0x00, 0x00, 0x00, 0x00, 0x00, 0x00, 0x00, 0x00, 0x00, 0x00, 0x21, 0x00, 0x21, 0x00,
    0x21, 0x00, 0x21, 0x08, 0x42, 0x08, 0x42, 0x08, 0x62, 0x08, 0x63, 0x08, 0x83, 0x10, 0x84, 0x10, 0x84, 0x10, 0x06,
    0x21, 0x5d, 0xce, 0xdf, 0xde, 0x9f, 0xd6, 0x1e, 0xad, 0xfe, 0xac, 0xfe, 0xac, 0xfe, 0xac, 0xfe, 0xac, 0xfe, 0xac,
    0xde, 0xa4, 0xde, 0xa4, 0xde, 0xa4, 0xdd, 0xa4, 0xdd, 0xa4, 0xdd, 0xa4, 0xbd, 0xa4, 0xbd, 0xa4, 0xbd, 0xa4, 0xbd,
    0xa4, 0xbd, 0xa4, 0xbd, 0xa4, 0x9d, 0xa4, 0x9d, 0x9c, 0x9d, 0x9c, 0x9d, 0x9c, 0x9d, 0x9c, 0x9d, 0x9c, 0x7d, 0x9c,
    0x7d, 0x9c, 0x7d, 0x9c, 0x7d, 0x9c, 0x7d, 0x9c, 0x7d, 0x9c, 0x5d, 0x9c, 0x5d, 0x9c, 0x5d, 0x9c, 0x5d, 0x94, 0x5d,
    0x94, 0x5d, 0x94, 0x3d, 0x94, 0x3d, 0x94, 0x3d, 0x94, 0x3d, 0x94, 0x3d, 0x94, 0x3d, 0x94, 0x1d, 0x94, 0x1d, 0x94,
    0x1c, 0x94, 0x1c, 0x94, 0x1c, 0x8c, 0x1c, 0x8c, 0xfc, 0x8b, 0xfc, 0x8b, 0xfc, 0x8b, 0xfc, 0x8b, 0xfc, 0x8b, 0xfc,
    0x8b, 0xdc, 0x8b, 0xdc, 0x8b, 0xdc, 0x8b, 0xdc, 0x8b, 0xdc, 0x8b, 0xdc, 0x83, 0xbc, 0x83, 0xbc, 0x83, 0xbc, 0x83,
    0xbc, 0x83, 0xbc, 0x83, 0xbc, 0x83, 0x9c, 0x83, 0x9c, 0x83, 0x9c, 0x83, 0x9c, 0x83, 0x9c, 0x83, 0x9c, 0x83, 0x7c,
    0x83, 0x7c, 0x7b, 0x7c, 0x7b, 0x7c, 0x7b, 0x7c, 0x7b, 0x7c, 0x7b, 0x5c, 0x7b, 0x5b, 0x7b, 0x5b, 0x7b, 0x5b, 0x7b,
    0x5b, 0x7b, 0x5b, 0x7b, 0x5b, 0x7b, 0x1b, 0x73, 0x3d, 0xad, 0xfd, 0xc5, 0x1f, 0xce, 0x0b, 0x42, 0x63, 0x08, 0xa4,
    0x10, 0x83, 0x10, 0x63, 0x10, 0x62, 0x08, 0x42, 0x08, 0x42, 0x08, 0x41, 0x08, 0x21, 0x00, 0x21, 0x00, 0x21, 0x00,
    0x20, 0x00, 0x00, 0x00, 0x00, 0x00, 0x00, 0x00, 0x00, 0x00, 0x00, 0x00, 0x00, 0x00, 0x00, 0x00, 0x00, 0x00, 0x00,
    0x00, 0x00, 0x00, 0x00, 0x00, 0x00, 0x00, 0x00, 0x00, 0x00, 0x00, 0x00, 0x00, 0x00, 0x00, 0x00, 0x00, 0x00, 0x00,
    0x00, 0x00, 0x00, 0x00, 0x00, 0x00, 0x00, 0x00, 0x00, 0x00, 0x00, 0x00, 0x00, 0x00, 0x00, 0x00, 0x00, 0x00, 0x00,
    0x00, 0x00, 0x00, 0x00, 0x00, 0x00, 0x00, 0x00, 0x00, 0x00, 0x00, 0x00, 0x00, 0x00, 0x00, 0x00, 0x00, 0x00, 0x00,
    0x00, 0x00, 0x00, 0x00, 0x00, 0x00, 0x00, 0x00, 0x00, 0x00, 0x00, 0x00, 0x00, 0x00, 0x00, 0x00, 0x00, 0x00, 0x00,
    0x00, 0x00, 0x00, 0x00, 0x00, 0x00, 0x00, 0x00, 0x00, 0x00, 0x00, 0x00, 0x00, 0x00, 0x00, 0x00, 0x00, 0x00, 0x00,
    0x00, 0x00, 0x00, 0x00, 0x00, 0x00, 0x00, 0x00, 0x00, 0x00, 0x00, 0x00, 0x00, 0x00, 0x00, 0x00, 0x00, 0x00, 0x00,
    0x00, 0x00, 0x00, 0x00, 0x00, 0x00, 0x00, 0x00, 0x00, 0x00, 0x00, 0x00, 0x00, 0x00, 0x00, 0x00, 0x00, 0x00, 0x00,
    0x00, 0x00, 0x00, 0x00, 0x00, 0x00, 0x00, 0x00, 0x00, 0x00, 0x00, 0x00, 0x00, 0x00, 0x00, 0x00, 0x21, 0x00, 0x21,
    0x00, 0x21, 0x00, 0x21, 0x08, 0x42, 0x08, 0x42, 0x08, 0x62, 0x08, 0x63, 0x08, 0x63, 0x10, 0x84, 0x10, 0x84, 0x10,
    0x06, 0x21, 0x5d, 0xce, 0xdf, 0xde, 0x9f, 0xd6, 0x1e, 0xad, 0xfe, 0xac, 0xfe, 0xac, 0xfe, 0xac, 0xfe, 0xac, 0xde,
    0xa4, 0xde, 0xa4, 0xde, 0xa4, 0xdd, 0xa4, 0xdd, 0xa4, 0xdd, 0xa4, 0xbd, 0xa4, 0xbd, 0xa4, 0xbd, 0xa4, 0xbd, 0xa4,
    0xbd, 0xa4, 0xbd, 0xa4, 0x9d, 0xa4, 0x9d, 0x9c, 0x9d, 0x9c, 0x9d, 0x9c, 0x9d, 0x9c, 0x9d, 0x9c, 0x7d, 0x9c, 0x7d,
    0x9c, 0x7d, 0x9c, 0x7d, 0x9c, 0x7d, 0x9c, 0x7d, 0x9c, 0x5d, 0x9c, 0x5d, 0x9c, 0x5d, 0x9c, 0x5d, 0x94, 0x5d, 0x94,
    0x5d, 0x94, 0x3d, 0x94, 0x3d, 0x94, 0x3d, 0x94, 0x3d, 0x94, 0x3d, 0x94, 0x3d, 0x94, 0x1d, 0x94, 0x1d, 0x94, 0x1c,
    0x94, 0x1c, 0x94, 0x1c, 0x8c, 0x1c, 0x8c, 0xfc, 0x8b, 0xfc, 0x8b, 0xfc, 0x8b, 0xfc, 0x8b, 0xfc, 0x8b, 0xfc, 0x8b,
    0xdc, 0x8b, 0xdc, 0x8b, 0xdc, 0x8b, 0xdc, 0x8b, 0xdc, 0x8b, 0xdc, 0x83, 0xbc, 0x83, 0xbc, 0x83, 0xbc, 0x83, 0xbc,
    0x83, 0xbc, 0x83, 0xbc, 0x83, 0x9c, 0x83, 0x9c, 0x83, 0x9c, 0x83, 0x9c, 0x83, 0x9c, 0x83, 0x9c, 0x83, 0x7c, 0x83,
    0x7c, 0x7b, 0x7c, 0x7b, 0x7c, 0x7b, 0x7c, 0x7b, 0x7c, 0x7b, 0x5c, 0x7b, 0x5b, 0x7b, 0x5b, 0x7b, 0x5b, 0x7b, 0x5b,
    0x7b, 0x5b, 0x7b, 0x3b, 0x7b, 0x3b, 0x7b, 0x1b, 0x73, 0x3d, 0xad, 0xfd, 0xc5, 0xff, 0xcd, 0x0b, 0x42, 0x43, 0x08,
    0xa4, 0x10, 0x83, 0x10, 0x63, 0x10, 0x62, 0x08, 0x42, 0x08, 0x42, 0x08, 0x41, 0x08, 0x21, 0x00, 0x21, 0x00, 0x21,
    0x00, 0x20, 0x00, 0x00, 0x00, 0x00, 0x00, 0x00, 0x00, 0x00, 0x00, 0x00, 0x00, 0x00, 0x00, 0x00, 0x00, 0x00, 0x00,
    0x00, 0x00, 0x00, 0x00, 0x00, 0x00, 0x00, 0x00, 0x00, 0x00, 0x00, 0x00, 0x00, 0x00, 0x00, 0x00, 0x00, 0x00, 0x00,
    0x00, 0x00, 0x00, 0x00, 0x00, 0x00, 0x00, 0x00, 0x00, 0x00, 0x00, 0x00, 0x00, 0x00, 0x00, 0x00, 0x00, 0x00, 0x00,
    0x00, 0x00, 0x00, 0x00, 0x00, 0x00, 0x00, 0x00, 0x00, 0x00, 0x00, 0x00, 0x00, 0x00, 0x00, 0x00, 0x00, 0x00, 0x00,
    0x00, 0x00, 0x00, 0x00, 0x00, 0x00, 0x00, 0x00, 0x00, 0x00, 0x00, 0x00, 0x00, 0x00, 0x00, 0x00, 0x00, 0x00, 0x00,
    0x00, 0x00, 0x00, 0x00, 0x00, 0x00, 0x00, 0x00, 0x00, 0x00, 0x00, 0x00, 0x00, 0x00, 0x00, 0x00, 0x00, 0x00, 0x00,
    0x00, 0x00, 0x00, 0x00, 0x00, 0x00, 0x00, 0x00, 0x00, 0x00, 0x00, 0x00, 0x00, 0x00, 0x00, 0x00, 0x00, 0x00, 0x00,
    0x00, 0x00, 0x00, 0x00, 0x00, 0x00, 0x00, 0x00, 0x00, 0x00, 0x00, 0x00, 0x00, 0x00, 0x00, 0x00, 0x00, 0x00, 0x00,
    0x00, 0x00, 0x00, 0x00, 0x00, 0x00, 0x00, 0x00, 0x00, 0x00, 0x00, 0x00, 0x00, 0x00, 0x00, 0x00, 0x00, 0x21, 0x00,
    0x21, 0x00, 0x21, 0x00, 0x21, 0x08, 0x41, 0x08, 0x42, 0x08, 0x62, 0x08, 0x63, 0x08, 0x63, 0x10, 0x84, 0x10, 0x84,
    0x10, 0x06, 0x21, 0x5d, 0xce, 0xdf, 0xde, 0x7f, 0xd6, 0x1e, 0xad, 0xfe, 0xac, 0xfe, 0xac, 0xfe, 0xac, 0xde, 0xa4,
    0xde, 0xa4, 0xde, 0xa4, 0xdd, 0xa4, 0xdd, 0xa4, 0xdd, 0xa4, 0xbd, 0xa4, 0xbd, 0xa4, 0xbd, 0xa4, 0xbd, 0xa4, 0xbd,
    0xa4, 0xbd, 0xa4, 0x9d, 0xa4, 0x9d, 0x9c, 0x9d, 0x9c, 0x9d, 0x9c, 0x9d, 0x9c, 0x9d, 0x9c, 0x7d, 0x9c, 0x7d, 0x9c,
    0x7d, 0x9c, 0x7d, 0x9c, 0x7d, 0x9c, 0x7d, 0x9c, 0x5d, 0x9c, 0x5d, 0x9c, 0x5d, 0x9c, 0x5d, 0x94, 0x5d, 0x94, 0x5d,
    0x94, 0x3d, 0x94, 0x3d, 0x94, 0x3d, 0x94, 0x3d, 0x94, 0x3d, 0x94, 0x3d, 0x94, 0x1d, 0x94, 0x1d, 0x94, 0x1c, 0x94,
    0x1c, 0x94, 0x1c, 0x8c, 0x1c, 0x8c, 0xfc, 0x8b, 0xfc, 0x8b, 0xfc, 0x8b, 0xfc, 0x8b, 0xfc, 0x8b, 0xfc, 0x8b, 0xdc,
    0x8b, 0xdc, 0x8b, 0xdc, 0x8b, 0xdc, 0x8b, 0xdc, 0x8b, 0xdc, 0x83, 0xbc, 0x83, 0xbc, 0x83, 0xbc, 0x83, 0xbc, 0x83,
    0xbc, 0x83, 0xbc, 0x83, 0x9c, 0x83, 0x9c, 0x83, 0x9c, 0x83, 0x9c, 0x83, 0x9c, 0x83, 0x9c, 0x83, 0x7c, 0x83, 0x7c,
    0x7b, 0x7c, 0x7b, 0x7c, 0x7b, 0x7c, 0x7b, 0x7c, 0x7b, 0x5c, 0x7b, 0x5b, 0x7b, 0x5b, 0x7b, 0x5b, 0x7b, 0x5b, 0x7b,
    0x5b, 0x7b, 0x3b, 0x7b, 0x3b, 0x7b, 0x3b, 0x7b, 0x1b, 0x73, 0x1d, 0xad, 0xfd, 0xc5, 0xff, 0xcd, 0x0b, 0x42, 0x43,
    0x08, 0x84, 0x10, 0x83, 0x10, 0x63, 0x08, 0x62, 0x08, 0x42, 0x08, 0x42, 0x08, 0x21, 0x08, 0x21, 0x00, 0x21, 0x00,
    0x21, 0x00, 0x20, 0x00, 0x00, 0x00, 0x00, 0x00, 0x00, 0x00, 0x00, 0x00, 0x00, 0x00, 0x00, 0x00, 0x00, 0x00, 0x00,
    0x00, 0x00, 0x00, 0x00, 0x00, 0x00, 0x00, 0x00, 0x00, 0x00, 0x00, 0x00, 0x00, 0x00, 0x00, 0x00, 0x00, 0x00, 0x00,
    0x00, 0x00, 0x00, 0x00, 0x00, 0x00, 0x00, 0x00, 0x00, 0x00, 0x00, 0x00, 0x00, 0x00, 0x00, 0x00, 0x00, 0x00, 0x00,
    0x00, 0x00, 0x00, 0x00, 0x00, 0x00, 0x00, 0x00, 0x00, 0x00, 0x00, 0x00, 0x00, 0x00, 0x00, 0x00, 0x00, 0x00, 0x00,
    0x00, 0x00, 0x00, 0x00, 0x00, 0x00, 0x00, 0x00, 0x00, 0x00, 0x00, 0x00, 0x00, 0x00, 0x00, 0x00, 0x00, 0x00, 0x00,
    0x00, 0x00, 0x00, 0x00, 0x00, 0x00, 0x00, 0x00, 0x00, 0x00, 0x00, 0x00, 0x00, 0x00, 0x00, 0x00, 0x00, 0x00, 0x00,
    0x00, 0x00, 0x00, 0x00, 0x00, 0x00, 0x00, 0x00, 0x00, 0x00, 0x00, 0x00, 0x00, 0x00, 0x00, 0x00, 0x00, 0x00, 0x00,
    0x00, 0x00, 0x00, 0x00, 0x00, 0x00, 0x00, 0x00, 0x00, 0x00, 0x00, 0x00, 0x00, 0x00, 0x00, 0x00, 0x00, 0x00, 0x00,
    0x00, 0x00, 0x00, 0x00, 0x00, 0x00, 0x00, 0x00, 0x00, 0x00, 0x00, 0x00, 0x00, 0x00, 0x00, 0x00, 0x00, 0x00, 0x20,
    0x00, 0x21, 0x00, 0x21, 0x00, 0x21, 0x08, 0x41, 0x08, 0x42, 0x08, 0x62, 0x08, 0x63, 0x08, 0x63, 0x10, 0x84, 0x10,
    0x84, 0x10, 0x06, 0x21, 0x5d, 0xce, 0xdf, 0xde, 0x7f, 0xd6, 0x1e, 0xad, 0xfe, 0xa4, 0xfe, 0xac, 0xde, 0xa4, 0xde,
    0xa4, 0xde, 0xa4, 0xdd, 0xa4, 0xdd, 0xa4, 0xdd, 0xa4, 0xbd, 0xa4, 0xbd, 0xa4, 0xbd, 0xa4, 0xbd, 0xa4, 0xbd, 0xa4,
    0xbd, 0xa4, 0x9d, 0xa4, 0x9d, 0x9c, 0x9d, 0x9c, 0x9d, 0x9c, 0x9d, 0x9c, 0x9d, 0x9c, 0x7d, 0x9c, 0x7d, 0x9c, 0x7d,
    0x9c, 0x7d, 0x9c, 0x7d, 0x9c, 0x7d, 0x9c, 0x5d, 0x9c, 0x5d, 0x9c, 0x5d, 0x9c, 0x5d, 0x94, 0x5d, 0x94, 0x5d, 0x94,
    0x3d, 0x94, 0x3d, 0x94, 0x3d, 0x94, 0x3d, 0x94, 0x3d, 0x94, 0x3d, 0x94, 0x1d, 0x94, 0x1d, 0x94, 0x1c, 0x94, 0x1c,
    0x94, 0x1c, 0x8c, 0x1c, 0x8c, 0xfc, 0x8b, 0xfc, 0x8b, 0xfc, 0x8b, 0xfc, 0x8b, 0xfc, 0x8b, 0xfc, 0x8b, 0xdc, 0x8b,
    0xdc, 0x8b, 0xdc, 0x8b, 0xdc, 0x8b, 0xdc, 0x8b, 0xdc, 0x83, 0xbc, 0x83, 0xbc, 0x83, 0xbc, 0x83, 0xbc, 0x83, 0xbc,
    0x83, 0xbc, 0x83, 0x9c, 0x83, 0x9c, 0x83, 0x9c, 0x83, 0x9c, 0x83, 0x9c, 0x83, 0x9c, 0x83, 0x7c, 0x83, 0x7c, 0x7b,
    0x7c, 0x7b, 0x7c, 0x7b, 0x7c, 0x7b, 0x7c, 0x7b, 0x5c, 0x7b, 0x5b, 0x7b, 0x5b, 0x7b, 0x5b, 0x7b, 0x5b, 0x7b, 0x5b,
    0x7b, 0x3b, 0x7b, 0x3b, 0x7b, 0x3b, 0x73, 0x3b, 0x7b, 0x1b, 0x73, 0x1d, 0xad, 0xfd, 0xc5, 0xff, 0xc5, 0xeb, 0x41,
    0x43, 0x08, 0x84, 0x10, 0x83, 0x10, 0x63, 0x08, 0x62, 0x08, 0x42, 0x08, 0x42, 0x08, 0x21, 0x08, 0x21, 0x00, 0x21,
    0x00, 0x21, 0x00, 0x20, 0x00, 0x00, 0x00, 0x00, 0x00, 0x00, 0x00, 0x00, 0x00, 0x00, 0x00, 0x00, 0x00, 0x00, 0x00,
    0x00, 0x00, 0x00, 0x00, 0x00, 0x00, 0x00, 0x00, 0x00, 0x00, 0x00, 0x00, 0x00, 0x00, 0x00, 0x00, 0x00, 0x00, 0x00,
    0x00, 0x00, 0x00, 0x00, 0x00, 0x00, 0x00, 0x00, 0x00, 0x00, 0x00, 0x00, 0x00, 0x00, 0x00, 0x00, 0x00, 0x00, 0x00,
    0x00, 0x00, 0x00, 0x00, 0x00, 0x00, 0x00, 0x00, 0x00, 0x00, 0x00, 0x00, 0x00, 0x00, 0x00, 0x00, 0x00, 0x00, 0x00,
    0x00, 0x00, 0x00, 0x00, 0x00, 0x00, 0x00, 0x00, 0x00, 0x00, 0x00, 0x00, 0x00, 0x00, 0x00, 0x00, 0x00, 0x00, 0x00,
    0x00, 0x00, 0x00, 0x00, 0x00, 0x00, 0x00, 0x00, 0x00, 0x00, 0x00, 0x00, 0x00, 0x00, 0x00, 0x00, 0x00, 0x00, 0x00,
    0x00, 0x00, 0x00, 0x00, 0x00, 0x00, 0x00, 0x00, 0x00, 0x00, 0x00, 0x00, 0x00, 0x00, 0x00, 0x00, 0x00, 0x00, 0x00,
    0x00, 0x00, 0x00, 0x00, 0x00, 0x00, 0x00, 0x00, 0x00, 0x00, 0x00, 0x00, 0x00, 0x00, 0x00, 0x00, 0x00, 0x00, 0x00,
    0x00, 0x00, 0x00, 0x00, 0x00, 0x00, 0x00, 0x00, 0x00, 0x00, 0x00, 0x00, 0x00, 0x00, 0x00, 0x00, 0x00, 0x00, 0x00,
    0x20, 0x00, 0x21, 0x00, 0x21, 0x00, 0x21, 0x08, 0x41, 0x08, 0x42, 0x08, 0x62, 0x08, 0x63, 0x08, 0x63, 0x10, 0x84,
    0x10, 0x84, 0x10, 0x06, 0x21, 0x3d, 0xce, 0xbf, 0xde, 0x7f, 0xd6, 0x1e, 0xad, 0xde, 0xa4, 0xde, 0xa4, 0xde, 0xa4,
    0xde, 0xa4, 0xdd, 0xa4, 0xdd, 0xa4, 0xdd, 0xa4, 0xbd, 0xa4, 0xbd, 0xa4, 0xbd, 0xa4, 0xbd, 0xa4, 0xbd, 0xa4, 0xbd,
    0xa4, 0x9d, 0xa4, 0x9d, 0x9c, 0x9d, 0x9c, 0x9d, 0x9c, 0x9d, 0x9c, 0x9d, 0x9c, 0x7d, 0x9c, 0x7d, 0x9c, 0x7d, 0x9c,
    0x7d, 0x9c, 0x7d, 0x9c, 0x7d, 0x9c, 0x5d, 0x9c, 0x5d, 0x9c, 0x5d, 0x9c, 0x5d, 0x94, 0x5d, 0x94, 0x5d, 0x94, 0x3d,
    0x94, 0x3d, 0x94, 0x3d, 0x94, 0x3d, 0x94, 0x3d, 0x94, 0x3d, 0x94, 0x1d, 0x94, 0x1d, 0x94, 0x1c, 0x94, 0x1c, 0x94,
    0x1c, 0x8c, 0x1c, 0x8c, 0xfc, 0x8b, 0xfc, 0x8b, 0xfc, 0x8b, 0xfc, 0x8b, 0xfc, 0x8b, 0xfc, 0x8b, 0xdc, 0x8b, 0xdc,
    0x8b, 0xdc, 0x8b, 0xdc, 0x8b, 0xdc, 0x8b, 0xdc, 0x83, 0xbc, 0x83, 0xbc, 0x83, 0xbc, 0x83, 0xbc, 0x83, 0xbc, 0x83,
    0xbc, 0x83, 0x9c, 0x83, 0x9c, 0x83, 0x9c, 0x83, 0x9c, 0x83, 0x9c, 0x83, 0x9c, 0x83, 0x7c, 0x83, 0x7c, 0x7b, 0x7c,
    0x7b, 0x7c, 0x7b, 0x7c, 0x7b, 0x7c, 0x7b, 0x5c, 0x7b, 0x5b, 0x7b, 0x5b, 0x7b, 0x5b, 0x7b, 0x5b, 0x7b, 0x5b, 0x7b,
    0x3b, 0x7b, 0x3b, 0x7b, 0x3b, 0x73, 0x3b, 0x73, 0x3b, 0x73, 0x1b, 0x73, 0x1d, 0xad, 0xfd, 0xc5, 0xff, 0xc5, 0xeb,
    0x41, 0x43, 0x08, 0x84, 0x10, 0x83, 0x10, 0x63, 0x08, 0x62, 0x08, 0x42, 0x08, 0x42, 0x08, 0x21, 0x08, 0x21, 0x00,
    0x21, 0x00, 0x21, 0x00, 0x00, 0x00, 0x00, 0x00, 0x00, 0x00, 0x00, 0x00, 0x00, 0x00, 0x00, 0x00, 0x00, 0x00, 0x00,
    0x00, 0x00, 0x00, 0x00, 0x00, 0x00, 0x00, 0x00, 0x00, 0x00, 0x00, 0x00, 0x00, 0x00, 0x00, 0x00, 0x00, 0x00, 0x00,
    0x00, 0x00, 0x00, 0x00, 0x00, 0x00, 0x00, 0x00, 0x00, 0x00, 0x00, 0x00, 0x00, 0x00, 0x00, 0x00, 0x00, 0x00, 0x00,
    0x00, 0x00, 0x00, 0x00, 0x00, 0x00, 0x00, 0x00, 0x00, 0x00, 0x00, 0x00, 0x00, 0x00, 0x00, 0x00, 0x00, 0x00, 0x00,
    0x00, 0x00, 0x00, 0x00, 0x00, 0x00, 0x00, 0x00, 0x00, 0x00, 0x00, 0x00, 0x00, 0x00, 0x00, 0x00, 0x00, 0x00, 0x00,
    0x00, 0x00, 0x00, 0x00, 0x00, 0x00, 0x00, 0x00, 0x00, 0x00, 0x00, 0x00, 0x00, 0x00, 0x00, 0x00, 0x00, 0x00, 0x00,
    0x00, 0x00, 0x00, 0x00, 0x00, 0x00, 0x00, 0x00, 0x00, 0x00, 0x00, 0x00, 0x00, 0x00, 0x00, 0x00, 0x00, 0x00, 0x00,
    0x00, 0x00, 0x00, 0x00, 0x00, 0x00, 0x00, 0x00, 0x00, 0x00, 0x00, 0x00, 0x00, 0x00, 0x00, 0x00, 0x00, 0x00, 0x00,
    0x00, 0x00, 0x00, 0x00, 0x00, 0x00, 0x00, 0x00, 0x00, 0x00, 0x00, 0x00, 0x00, 0x00, 0x00, 0x00, 0x00, 0x00, 0x00,
    0x00, 0x20, 0x00, 0x21, 0x00, 0x21, 0x00, 0x21, 0x08, 0x41, 0x08, 0x42, 0x08, 0x62, 0x08, 0x63, 0x08, 0x63, 0x10,
    0x84, 0x10, 0x83, 0x10, 0x06, 0x21, 0x3d, 0xce, 0xbf, 0xde, 0x7e, 0xd6, 0xfe, 0xac, 0xde, 0xa4, 0xde, 0xa4, 0xde,
    0xa4, 0xdd, 0xa4, 0xdd, 0xa4, 0xdd, 0xa4, 0xbd, 0xa4, 0xbd, 0xa4, 0xbd, 0xa4, 0xbd, 0xa4, 0xbd, 0xa4, 0xbd, 0xa4,
    0x9d, 0xa4, 0x9d, 0x9c, 0x9d, 0x9c, 0x9d, 0x9c, 0x9d, 0x9c, 0x9d, 0x9c, 0x7d, 0x9c, 0x7d, 0x9c, 0x7d, 0x9c, 0x7d,
    0x9c, 0x7d, 0x9c, 0x7d, 0x9c, 0x5d, 0x9c, 0x5d, 0x9c, 0x5d, 0x9c, 0x5d, 0x94, 0x5d, 0x94, 0x5d, 0x94, 0x3d, 0x94,
    0x3d, 0x94, 0x3d, 0x94, 0x3d, 0x94, 0x3d, 0x94, 0x3d, 0x94, 0x1d, 0x94, 0x1d, 0x94, 0x1c, 0x94, 0x1c, 0x94, 0x1c,
    0x8c, 0x1c, 0x8c, 0xfc, 0x8b, 0xfc, 0x8b, 0xfc, 0x8b, 0xfc, 0x8b, 0xfc, 0x8b, 0xfc, 0x8b, 0xdc, 0x8b, 0xdc, 0x8b,
    0xdc, 0x8b, 0xdc, 0x8b, 0xdc, 0x8b, 0xdc, 0x83, 0xbc, 0x83, 0xbc, 0x83, 0xbc, 0x83, 0xbc, 0x83, 0xbc, 0x83, 0xbc,
    0x83, 0x9c, 0x83, 0x9c, 0x83, 0x9c, 0x83, 0x9c, 0x83, 0x9c, 0x83, 0x9c, 0x83, 0x7c, 0x83, 0x7c, 0x7b, 0x7c, 0x7b,
    0x7c, 0x7b, 0x7c, 0x7b, 0x7c, 0x7b, 0x5c, 0x7b, 0x5b, 0x7b, 0x5b, 0x7b, 0x5b, 0x7b, 0x5b, 0x7b, 0x5b, 0x7b, 0x3b,
    0x7b, 0x3b, 0x7b, 0x3b, 0x73, 0x3b, 0x73, 0x3b, 0x73, 0x3b, 0x73, 0xfb, 0x72, 0x1d, 0xad, 0xdd, 0xc5, 0xff, 0xc5,
    0xeb, 0x41, 0x43, 0x08, 0x84, 0x10, 0x83, 0x10, 0x63, 0x08, 0x62, 0x08, 0x42, 0x08, 0x42, 0x08, 0x21, 0x08, 0x21,
    0x00, 0x21, 0x00, 0x21, 0x00, 0x00, 0x00, 0x00, 0x00, 0x00, 0x00, 0x00, 0x00, 0x00, 0x00, 0x00, 0x00, 0x00, 0x00,
    0x00, 0x00, 0x00, 0x00, 0x00, 0x00, 0x00, 0x00, 0x00, 0x00, 0x00, 0x00, 0x00, 0x00, 0x00, 0x00, 0x00, 0x00, 0x00,
    0x00, 0x00, 0x00, 0x00, 0x00, 0x00, 0x00, 0x00, 0x00, 0x00, 0x00, 0x00, 0x00, 0x00, 0x00, 0x00, 0x00, 0x00, 0x00,
    0x00, 0x00, 0x00, 0x00, 0x00, 0x00, 0x00, 0x00, 0x00, 0x00, 0x00, 0x00, 0x00, 0x00, 0x00, 0x00, 0x00, 0x00, 0x00,
    0x00, 0x00, 0x00, 0x00, 0x00, 0x00, 0x00, 0x00, 0x00, 0x00, 0x00, 0x00, 0x00, 0x00, 0x00, 0x00, 0x00, 0x00, 0x00,
    0x00, 0x00, 0x00, 0x00, 0x00, 0x00, 0x00, 0x00, 0x00, 0x00, 0x00, 0x00, 0x00, 0x00, 0x00, 0x00, 0x00, 0x00, 0x00,
    0x00, 0x00, 0x00, 0x00, 0x00, 0x00, 0x00, 0x00, 0x00, 0x00, 0x00, 0x00, 0x00, 0x00, 0x00, 0x00, 0x00, 0x00, 0x00,
    0x00, 0x00, 0x00, 0x00, 0x00, 0x00, 0x00, 0x00, 0x00, 0x00, 0x00, 0x00, 0x00, 0x00, 0x00, 0x00, 0x00, 0x00, 0x00,
    0x00, 0x00, 0x00, 0x00, 0x00, 0x00, 0x00, 0x00, 0x00, 0x00, 0x00, 0x00, 0x00, 0x00, 0x00, 0x00, 0x00, 0x00, 0x00,
    0x00, 0x00, 0x20, 0x00, 0x21, 0x00, 0x21, 0x00, 0x21, 0x08, 0x41, 0x08, 0x42, 0x08, 0x62, 0x08, 0x63, 0x08, 0x63,
    0x10, 0x84, 0x10, 0x83, 0x10, 0x06, 0x21, 0x3d, 0xce, 0xbf, 0xde, 0x7e, 0xd6, 0xfe, 0xac, 0xde, 0xa4, 0xde, 0xa4,
    0xdd, 0xa4, 0xdd, 0xa4, 0xdd, 0xa4, 0xbd, 0xa4, 0xbd, 0xa4, 0xbd, 0xa4, 0xbd, 0xa4, 0xbd, 0xa4, 0xbd, 0xa4, 0x9d,
    0xa4, 0x9d, 0x9c, 0x9d, 0x9c, 0x9d, 0x9c, 0x9d, 0x9c, 0x9d, 0x9c, 0x7d, 0x9c, 0x7d, 0x9c, 0x7d, 0x9c, 0x7d, 0x9c,
    0x7d, 0x9c, 0x7d, 0x9c, 0x5d, 0x9c, 0x5d, 0x9c, 0x5d, 0x9c, 0x5d, 0x94, 0x5d, 0x94, 0x5d, 0x94, 0x3d, 0x94, 0x3d,
    0x94, 0x3d, 0x94, 0x3d, 0x94, 0x3d, 0x94, 0x3d, 0x94, 0x1d, 0x94, 0x1d, 0x94, 0x1c, 0x94, 0x1c, 0x94, 0x1c, 0x8c,
    0x1c, 0x8c, 0xfc, 0x8b, 0xfc, 0x8b, 0xfc, 0x8b, 0xfc, 0x8b, 0xfc, 0x8b, 0xfc, 0x8b, 0xdc, 0x8b, 0xdc, 0x8b, 0xdc,
    0x8b, 0xdc, 0x8b, 0xdc, 0x8b, 0xdc, 0x83, 0xbc, 0x83, 0xbc, 0x83, 0xbc, 0x83, 0xbc, 0x83, 0xbc, 0x83, 0xbc, 0x83,
    0x9c, 0x83, 0x9c, 0x83, 0x9c, 0x83, 0x9c, 0x83, 0x9c, 0x83, 0x9c, 0x83, 0x7c, 0x83, 0x7c, 0x7b, 0x7c, 0x7b, 0x7c,
    0x7b, 0x7c, 0x7b, 0x7c, 0x7b, 0x5c, 0x7b, 0x5b, 0x7b, 0x5b, 0x7b, 0x5b, 0x7b, 0x5b, 0x7b, 0x5b, 0x7b, 0x3b, 0x7b,
    0x3b, 0x7b, 0x3b, 0x73, 0x3b, 0x73, 0x3b, 0x73, 0x3b, 0x73, 0x3b, 0x73, 0xfb, 0x72, 0x1d, 0xad, 0xdd, 0xc5, 0xff,
    0xc5, 0xeb, 0x41, 0x43, 0x08, 0x84, 0x10, 0x83, 0x10, 0x63, 0x08, 0x62, 0x08, 0x42, 0x08, 0x42, 0x08, 0x21, 0x08,
    0x21, 0x00, 0x21, 0x00, 0x21, 0x00, 0x00, 0x00, 0x00, 0x00, 0x00, 0x00, 0x00, 0x00, 0x00, 0x00, 0x00, 0x00, 0x00,
    0x00, 0x00, 0x00, 0x00, 0x00, 0x00, 0x00, 0x00, 0x00, 0x00, 0x00, 0x00, 0x00, 0x00, 0x00, 0x00, 0x00, 0x00, 0x00,
    0x00, 0x00, 0x00, 0x00, 0x00, 0x00, 0x00, 0x00, 0x00, 0x00, 0x00, 0x00, 0x00, 0x00, 0x00, 0x00, 0x00, 0x00, 0x00,
    0x00, 0x00, 0x00, 0x00, 0x00, 0x00, 0x00, 0x00, 0x00, 0x00, 0x00, 0x00, 0x00, 0x00, 0x00, 0x00, 0x00, 0x00, 0x00,
    0x00, 0x00, 0x00, 0x00, 0x00, 0x00, 0x00, 0x00, 0x00, 0x00, 0x00, 0x00, 0x00, 0x00, 0x00, 0x00, 0x00, 0x00, 0x00,
    0x00, 0x00, 0x00, 0x00, 0x00, 0x00, 0x00, 0x00, 0x00, 0x00, 0x00, 0x00, 0x00, 0x00, 0x00, 0x00, 0x00, 0x00, 0x00,
    0x00, 0x00, 0x00, 0x00, 0x00, 0x00, 0x00, 0x00, 0x00, 0x00, 0x00, 0x00, 0x00, 0x00, 0x00, 0x00, 0x00, 0x00, 0x00,
    0x00, 0x00, 0x00, 0x00, 0x00, 0x00, 0x00, 0x00, 0x00, 0x00, 0x00, 0x00, 0x00, 0x00, 0x00, 0x00, 0x00, 0x00, 0x00,
    0x00, 0x00, 0x00, 0x00, 0x00, 0x00, 0x00, 0x00, 0x00, 0x00, 0x00, 0x00, 0x00, 0x00, 0x00, 0x00, 0x00, 0x00, 0x00,
    0x00, 0x00, 0x00, 0x20, 0x00, 0x21, 0x00, 0x21, 0x00, 0x21, 0x08, 0x41, 0x08, 0x42, 0x08, 0x62, 0x08, 0x63, 0x08,
    0x63, 0x10, 0x84, 0x10, 0x83, 0x10, 0x06, 0x21, 0x3d, 0xce, 0xbf, 0xde, 0x7e, 0xd6, 0xfe, 0xac, 0xde, 0xa4, 0xdd,
    0xa4, 0xdd, 0xa4, 0xdd, 0xa4, 0xbd, 0xa4, 0xbd, 0xa4, 0xbd, 0xa4, 0xbd, 0xa4, 0xbd, 0xa4, 0xbd, 0xa4, 0x9d, 0xa4,
    0x9d, 0x9c, 0x9d, 0x9c, 0x9d, 0x9c, 0x9d, 0x9c, 0x9d, 0x9c, 0x7d, 0x9c, 0x7d, 0x9c, 0x7d, 0x9c, 0x7d, 0x9c, 0x7d,
    0x9c, 0x7d, 0x9c, 0x5d, 0x9c, 0x5d, 0x9c, 0x5d, 0x9c, 0x5d, 0x94, 0x5d, 0x94, 0x5d, 0x94, 0x3d, 0x94, 0x3d, 0x94,
    0x3d, 0x94, 0x3d, 0x94, 0x3d, 0x94, 0x3d, 0x94, 0x1d, 0x94, 0x1d, 0x94, 0x1c, 0x94, 0x1c, 0x94, 0x1c, 0x8c, 0x1c,
    0x8c, 0xfc, 0x8b, 0xfc, 0x8b, 0xfc, 0x8b, 0xfc, 0x8b, 0xfc, 0x8b, 0xfc, 0x8b, 0xdc, 0x8b, 0xdc, 0x8b, 0xdc, 0x8b,
    0xdc, 0x8b, 0xdc, 0x8b, 0xdc, 0x83, 0xbc, 0x83, 0xbc, 0x83, 0xbc, 0x83, 0xbc, 0x83, 0xbc, 0x83, 0xbc, 0x83, 0x9c,
    0x83, 0x9c, 0x83, 0x9c, 0x83, 0x9c, 0x83, 0x9c, 0x83, 0x9c, 0x83, 0x7c, 0x83, 0x7c, 0x7b, 0x7c, 0x7b, 0x7c, 0x7b,
    0x7c, 0x7b, 0x7c, 0x7b, 0x5c, 0x7b, 0x5b, 0x7b, 0x5b, 0x7b, 0x5b, 0x7b, 0x5b, 0x7b, 0x5b, 0x7b, 0x3b, 0x7b, 0x3b,
    0x7b, 0x3b, 0x73, 0x3b, 0x73, 0x3b, 0x73, 0x3b, 0x73, 0x1b, 0x73, 0x1b, 0x73, 0xfb, 0x72, 0x1d, 0xad, 0xdd, 0xc5,
    0xff, 0xc5, 0xeb, 0x41, 0x43, 0x08, 0x84, 0x10, 0x83, 0x10, 0x63, 0x08, 0x62, 0x08, 0x42, 0x08, 0x42, 0x08, 0x21,
    0x08, 0x21, 0x00, 0x21, 0x00, 0x21, 0x00, 0x00, 0x00, 0x00, 0x00, 0x00, 0x00, 0x00, 0x00, 0x00, 0x00, 0x00, 0x00,
    0x00, 0x00, 0x00, 0x00, 0x00, 0x00, 0x00, 0x00, 0x00, 0x00, 0x00, 0x00, 0x00, 0x00, 0x00, 0x00, 0x00, 0x00, 0x00,
    0x00, 0x00, 0x00, 0x00, 0x00, 0x00, 0x00, 0x00, 0x00, 0x00, 0x00, 0x00, 0x00, 0x00, 0x00, 0x00, 0x00, 0x00, 0x00,
    0x00, 0x00, 0x00, 0x00, 0x00, 0x00, 0x00, 0x00, 0x00, 0x00, 0x00, 0x00, 0x00, 0x00, 0x00, 0x00, 0x00, 0x00, 0x00,
    0x00, 0x00, 0x00, 0x00, 0x00, 0x00, 0x00, 0x00, 0x00, 0x00, 0x00, 0x00, 0x00, 0x00, 0x00, 0x00, 0x00, 0x00, 0x00,
    0x00, 0x00, 0x00, 0x00, 0x00, 0x00, 0x00, 0x00, 0x00, 0x00, 0x00, 0x00, 0x00, 0x00, 0x00, 0x00, 0x00, 0x00, 0x00,
    0x00, 0x00, 0x00, 0x00, 0x00, 0x00, 0x00, 0x00, 0x00, 0x00, 0x00, 0x00, 0x00, 0x00, 0x00, 0x00, 0x00, 0x00, 0x00,
    0x00, 0x00, 0x00, 0x00, 0x00, 0x00, 0x00, 0x00, 0x00, 0x00, 0x00, 0x00, 0x00, 0x00, 0x00, 0x00, 0x00, 0x00, 0x00,
    0x00, 0x00, 0x00, 0x00, 0x00, 0x00, 0x00, 0x00, 0x00, 0x00, 0x00, 0x00, 0x00, 0x00, 0x00, 0x00, 0x00, 0x00, 0x00,
    0x00, 0x00, 0x00, 0x00, 0x20, 0x00, 0x21, 0x00, 0x21, 0x00, 0x21, 0x08, 0x41, 0x08, 0x42, 0x08, 0x42, 0x08, 0x62,
    0x08, 0x63, 0x10, 0x83, 0x10, 0x83, 0x10, 0x06, 0x21, 0x3d, 0xce, 0xbf, 0xde, 0x7e, 0xd6, 0xfe, 0xac, 0xdd, 0xa4,
    0xdd, 0xa4, 0xdd, 0xa4, 0xbd, 0xa4, 0xbd, 0xa4, 0xbd, 0xa4, 0xbd, 0xa4, 0xbd, 0xa4, 0xbd, 0xa4, 0x9d, 0xa4, 0x9d,
    0x9c, 0x9d, 0x9c, 0x9d, 0x9c, 0x9d, 0x9c, 0x9d, 0x9c, 0x7d, 0x9c, 0x7d, 0x9c, 0x7d, 0x9c, 0x7d, 0x9c, 0x7d, 0x9c,
    0x7d, 0x9c, 0x5d, 0x9c, 0x5d, 0x9c, 0x5d, 0x9c, 0x5d, 0x94, 0x5d, 0x94, 0x5d, 0x94, 0x3d, 0x94, 0x3d, 0x94, 0x3d,
    0x94, 0x3d, 0x94, 0x3d, 0x94, 0x3d, 0x94, 0x1d, 0x94, 0x1d, 0x94, 0x1c, 0x94, 0x1c, 0x94, 0x1c, 0x8c, 0x1c, 0x8c,
    0xfc, 0x8b, 0xfc, 0x8b, 0xfc, 0x8b, 0xfc, 0x8b, 0xfc, 0x8b, 0xfc, 0x8b, 0xdc, 0x8b, 0xdc, 0x8b, 0xdc, 0x8b, 0xdc,
    0x8b, 0xdc, 0x8b, 0xdc, 0x83, 0xbc, 0x83, 0xbc, 0x83, 0xbc, 0x83, 0xbc, 0x83, 0xbc, 0x83, 0xbc, 0x83, 0x9c, 0x83,
    0x9c, 0x83, 0x9c, 0x83, 0x9c, 0x83, 0x9c, 0x83, 0x9c, 0x83, 0x7c, 0x83, 0x7c, 0x7b, 0x7c, 0x7b, 0x7c, 0x7b, 0x7c,
    0x7b, 0x7c, 0x7b, 0x5c, 0x7b, 0x5b, 0x7b, 0x5b, 0x7b, 0x5b, 0x7b, 0x5b, 0x7b, 0x5b, 0x7b, 0x3b, 0x7b, 0x3b, 0x7b,
    0x3b, 0x73, 0x3b, 0x73, 0x3b, 0x73, 0x3b, 0x73, 0x1b, 0x73, 0x1b, 0x73, 0x1b, 0x73, 0xfb, 0x72, 0x1d, 0xad, 0xdd,
    0xc5, 0xff, 0xc5, 0xeb, 0x41, 0x43, 0x08, 0x84, 0x10, 0x63, 0x10, 0x63, 0x08, 0x62, 0x08, 0x42, 0x08, 0x42, 0x08,
    0x21, 0x08, 0x21, 0x00, 0x21, 0x00, 0x21, 0x00, 0x00, 0x00, 0x00, 0x00, 0x00, 0x00, 0x00, 0x00, 0x00, 0x00, 0x00,
    0x00, 0x00, 0x00, 0x00, 0x00, 0x00, 0x00, 0x00, 0x00, 0x00, 0x00, 0x00, 0x00, 0x00, 0x00, 0x00, 0x00, 0x00, 0x00,
    0x00, 0x00, 0x00, 0x00, 0x00, 0x00, 0x00, 0x00, 0x00, 0x00, 0x00, 0x00, 0x00, 0x00, 0x00, 0x00, 0x00, 0x00, 0x00,
    0x00, 0x00, 0x00, 0x00, 0x00, 0x00, 0x00, 0x00, 0x00, 0x00, 0x00, 0x00, 0x00, 0x00, 0x00, 0x00, 0x00, 0x00, 0x00,
    0x00, 0x00, 0x00, 0x00, 0x00, 0x00, 0x00, 0x00, 0x00, 0x00, 0x00, 0x00, 0x00, 0x00, 0x00, 0x00, 0x00, 0x00, 0x00,
    0x00, 0x00, 0x00, 0x00, 0x00, 0x00, 0x00, 0x00, 0x00, 0x00, 0x00, 0x00, 0x00, 0x00, 0x00, 0x00, 0x00, 0x00, 0x00,
    0x00, 0x00, 0x00, 0x00, 0x00, 0x00, 0x00, 0x00, 0x00, 0x00, 0x00, 0x00, 0x00, 0x00, 0x00, 0x00, 0x00, 0x00, 0x00,
    0x00, 0x00, 0x00, 0x00, 0x00, 0x00, 0x00, 0x00, 0x00, 0x00, 0x00, 0x00, 0x00, 0x00, 0x00, 0x00, 0x00, 0x00, 0x00,
    0x00, 0x00, 0x00, 0x00, 0x00, 0x00, 0x00, 0x00, 0x00, 0x00, 0x00, 0x00, 0x00, 0x00, 0x00, 0x00, 0x00, 0x00, 0x00,
    0x00, 0x00, 0x00, 0x00, 0x00, 0x20, 0x00, 0x21, 0x00, 0x21, 0x00, 0x21, 0x00, 0x41, 0x08, 0x42, 0x08, 0x42, 0x08,
    0x62, 0x08, 0x63, 0x10, 0x83, 0x10, 0x63, 0x10, 0x06, 0x21, 0x3d, 0xce, 0xbf, 0xde, 0x7e, 0xd6, 0xfe, 0xac, 0xdd,
    0xa4, 0xdd, 0xa4, 0xbd, 0xa4, 0xbd, 0xa4, 0xbd, 0xa4, 0xbd, 0xa4, 0xbd, 0xa4, 0xbd, 0xa4, 0x9d, 0xa4, 0x9d, 0x9c,
    0x9d, 0x9c, 0x9d, 0x9c, 0x9d, 0x9c, 0x9d, 0x9c, 0x7d, 0x9c, 0x7d, 0x9c, 0x7d, 0x9c, 0x7d, 0x9c, 0x7d, 0x9c, 0x7d,
    0x9c, 0x5d, 0x9c, 0x5d, 0x9c, 0x5d, 0x9c, 0x5d, 0x94, 0x5d, 0x94, 0x5d, 0x94, 0x3d, 0x94, 0x3d, 0x94, 0x3d, 0x94,
    0x3d, 0x94, 0x3d, 0x94, 0x3d, 0x94, 0x1d, 0x94, 0x1d, 0x94, 0x1c, 0x94, 0x1c, 0x94, 0x1c, 0x8c, 0x1c, 0x8c, 0xfc,
    0x8b, 0xfc, 0x8b, 0xfc, 0x8b, 0xfc, 0x8b, 0xfc, 0x8b, 0xfc, 0x8b, 0xdc, 0x8b, 0xdc, 0x8b, 0xdc, 0x8b, 0xdc, 0x8b,
    0xdc, 0x8b, 0xdc, 0x83, 0xbc, 0x83, 0xbc, 0x83, 0xbc, 0x83, 0xbc, 0x83, 0xbc, 0x83, 0xbc, 0x83, 0x9c, 0x83, 0x9c,
    0x83, 0x9c, 0x83, 0x9c, 0x83, 0x9c, 0x83, 0x9c, 0x83, 0x7c, 0x83, 0x7c, 0x7b, 0x7c, 0x7b, 0x7c, 0x7b, 0x7c, 0x7b,
    0x7c, 0x7b, 0x5c, 0x7b, 0x5b, 0x7b, 0x5b, 0x7b, 0x5b, 0x7b, 0x5b, 0x7b, 0x5b, 0x7b, 0x3b, 0x7b, 0x3b, 0x7b, 0x3b,
    0x73, 0x3b, 0x73, 0x3b, 0x73, 0x3b, 0x73, 0x1b, 0x73, 0x1b, 0x73, 0x1b, 0x73, 0x1b, 0x73, 0xfb, 0x6a, 0x1d, 0xad,
    0xdd, 0xc5, 0xff, 0xc5, 0xeb, 0x41, 0x43, 0x08, 0x84, 0x10, 0x63, 0x10, 0x63, 0x08, 0x62, 0x08, 0x42, 0x08, 0x41,
    0x08, 0x21, 0x08, 0x21, 0x00, 0x21, 0x00, 0x21, 0x00, 0x00, 0x00, 0x00, 0x00, 0x00, 0x00, 0x00, 0x00, 0x00, 0x00,
    0x00, 0x00, 0x00, 0x00, 0x00, 0x00, 0x00, 0x00, 0x00, 0x00, 0x00, 0x00, 0x00, 0x00, 0x00, 0x00, 0x00, 0x00, 0x00,
    0x00, 0x00, 0x00, 0x00, 0x00, 0x00, 0x00, 0x00, 0x00, 0x00, 0x00, 0x00, 0x00, 0x00, 0x00, 0x00, 0x00, 0x00, 0x00,
    0x00, 0x00, 0x00, 0x00, 0x00, 0x00, 0x00, 0x00, 0x00, 0x00, 0x00, 0x00, 0x00, 0x00, 0x00, 0x00, 0x00, 0x00, 0x00,
    0x00, 0x00, 0x00, 0x00, 0x00, 0x00, 0x00, 0x00, 0x00, 0x00, 0x00, 0x00, 0x00, 0x00, 0x00, 0x00, 0x00, 0x00, 0x00,
    0x00, 0x00, 0x00, 0x00, 0x00, 0x00, 0x00, 0x00, 0x00, 0x00, 0x00, 0x00, 0x00, 0x00, 0x00, 0x00, 0x00, 0x00, 0x00,
    0x00, 0x00, 0x00, 0x00, 0x00, 0x00, 0x00, 0x00, 0x00, 0x00, 0x00, 0x00, 0x00, 0x00, 0x00, 0x00, 0x00, 0x00, 0x00,
    0x00, 0x00, 0x00, 0x00, 0x00, 0x00, 0x00, 0x00, 0x00, 0x00, 0x00, 0x00, 0x00, 0x00, 0x00, 0x00, 0x00, 0x00, 0x00,
    0x00, 0x00, 0x00, 0x00, 0x00, 0x00, 0x00, 0x00, 0x00, 0x00, 0x00, 0x00, 0x00, 0x00, 0x00, 0x00, 0x00, 0x00, 0x00,
    0x00, 0x00, 0x00, 0x00, 0x00, 0x00, 0x20, 0x00, 0x21, 0x00, 0x21, 0x00, 0x21, 0x00, 0x41, 0x08, 0x42, 0x08, 0x42,
    0x08, 0x62, 0x08, 0x63, 0x10, 0x83, 0x10, 0x63, 0x10, 0x06, 0x21, 0x3d, 0xce, 0xbf, 0xde, 0x7e, 0xd6, 0xfe, 0xac,
    0xbd, 0xa4, 0xbd, 0xa4, 0xbd, 0xa4, 0xbd, 0xa4, 0xbd, 0xa4, 0xbd, 0xa4, 0xbd, 0xa4, 0x9d, 0xa4, 0x9d, 0x9c, 0x9d,
    0x9c, 0x9d, 0x9c, 0x9d, 0x9c, 0x9d, 0x9c, 0x7d, 0x9c, 0x7d, 0x9c, 0x7d, 0x9c, 0x7d, 0x9c, 0x7d, 0x9c, 0x7d, 0x9c,
    0x5d, 0x9c, 0x5d, 0x9c, 0x5d, 0x9c, 0x5d, 0x94, 0x5d, 0x94, 0x5d, 0x94, 0x3d, 0x94, 0x3d, 0x94, 0x3d, 0x94, 0x3d,
    0x94, 0x3d, 0x94, 0x3d, 0x94, 0x1d, 0x94, 0x1d, 0x94, 0x1c, 0x94, 0x1c, 0x94, 0x1c, 0x8c, 0x1c, 0x8c, 0xfc, 0x8b,
    0xfc, 0x8b, 0xfc, 0x8b, 0xfc, 0x8b, 0xfc, 0x8b, 0xfc, 0x8b, 0xdc, 0x8b, 0xdc, 0x8b, 0xdc, 0x8b, 0xdc, 0x8b, 0xdc,
    0x8b, 0xdc, 0x83, 0xbc, 0x83, 0xbc, 0x83, 0xbc, 0x83, 0xbc, 0x83, 0xbc, 0x83, 0xbc, 0x83, 0x9c, 0x83, 0x9c, 0x83,
    0x9c, 0x83, 0x9c, 0x83, 0x9c, 0x83, 0x9c, 0x83, 0x7c, 0x83, 0x7c, 0x7b, 0x7c, 0x7b, 0x7c, 0x7b, 0x7c, 0x7b, 0x7c,
    0x7b, 0x5c, 0x7b, 0x5b, 0x7b, 0x5b, 0x7b, 0x5b, 0x7b, 0x5b, 0x7b, 0x5b, 0x7b, 0x3b, 0x7b, 0x3b, 0x7b, 0x3b, 0x73,
    0x3b, 0x73, 0x3b, 0x73, 0x3b, 0x73, 0x1b, 0x73, 0x1b, 0x73, 0x1b, 0x73, 0x1b, 0x73, 0x1b, 0x73, 0xfb, 0x6a, 0x1d,
    0xad, 0xdd, 0xc5, 0xff, 0xc5, 0xeb, 0x41, 0x43, 0x08, 0x84, 0x10, 0x63, 0x10, 0x63, 0x08, 0x42, 0x08, 0x42, 0x08,
    0x41, 0x08, 0x21, 0x08, 0x21, 0x00, 0x21, 0x00, 0x20, 0x00, 0x00, 0x00, 0x00, 0x00, 0x00, 0x00, 0x00, 0x00, 0x00,
    0x00, 0x00, 0x00, 0x00, 0x00, 0x00, 0x00, 0x00, 0x00, 0x00, 0x00, 0x00, 0x00, 0x00, 0x00, 0x00, 0x00, 0x00, 0x00,
    0x00, 0x00, 0x00, 0x00, 0x00, 0x00, 0x00, 0x00, 0x00, 0x00, 0x00, 0x00, 0x00, 0x00, 0x00, 0x00, 0x00, 0x00, 0x00,
    0x00, 0x00, 0x00, 0x00, 0x00, 0x00, 0x00, 0x00, 0x00, 0x00, 0x00, 0x00, 0x00, 0x00, 0x00, 0x00, 0x00, 0x00, 0x00,
    0x00, 0x00, 0x00, 0x00, 0x00, 0x00, 0x00, 0x00, 0x00, 0x00, 0x00, 0x00, 0x00, 0x00, 0x00, 0x00, 0x00, 0x00, 0x00,
    0x00, 0x00, 0x00, 0x00, 0x00, 0x00, 0x00, 0x00, 0x00, 0x00, 0x00, 0x00, 0x00, 0x00, 0x00, 0x00, 0x00, 0x00, 0x00,
    0x00, 0x00, 0x00, 0x00, 0x00, 0x00, 0x00, 0x00, 0x00, 0x00, 0x00, 0x00, 0x00, 0x00, 0x00, 0x00, 0x00, 0x00, 0x00,
    0x00, 0x00, 0x00, 0x00, 0x00, 0x00, 0x00, 0x00, 0x00, 0x00, 0x00, 0x00, 0x00, 0x00, 0x00, 0x00, 0x00, 0x00, 0x00,
    0x00, 0x00, 0x00, 0x00, 0x00, 0x00, 0x00, 0x00, 0x00, 0x00, 0x00, 0x00, 0x00, 0x00, 0x00, 0x00, 0x00, 0x00, 0x00,
    0x00, 0x00, 0x00, 0x00, 0x00, 0x00, 0x00, 0x20, 0x00, 0x21, 0x00, 0x21, 0x00, 0x21, 0x00, 0x41, 0x08, 0x42, 0x08,
    0x42, 0x08, 0x62, 0x08, 0x63, 0x10, 0x83, 0x10, 0x63, 0x10, 0x06, 0x21, 0x3d, 0xce, 0xbf, 0xde, 0x7e, 0xd6, 0xfe,
    0xa4, 0xbd, 0xa4, 0xbd, 0xa4, 0xbd, 0xa4, 0xbd, 0xa4, 0xbd, 0xa4, 0xbd, 0xa4, 0x9d, 0xa4, 0x9d, 0x9c, 0x9d, 0x9c,
    0x9d, 0x9c, 0x9d, 0x9c, 0x9d, 0x9c, 0x7d, 0x9c, 0x7d, 0x9c, 0x7d, 0x9c, 0x7d, 0x9c, 0x7d, 0x9c, 0x7d, 0x9c, 0x5d,
    0x9c, 0x5d, 0x9c, 0x5d, 0x9c, 0x5d, 0x94, 0x5d, 0x94, 0x5d, 0x94, 0x3d, 0x94, 0x3d, 0x94, 0x3d, 0x94, 0x3d, 0x94,
    0x3d, 0x94, 0x3d, 0x94, 0x1d, 0x94, 0x1d, 0x94, 0x1c, 0x94, 0x1c, 0x94, 0x1c, 0x8c, 0x1c, 0x8c, 0xfc, 0x8b, 0xfc,
    0x8b, 0xfc, 0x8b, 0xfc, 0x8b, 0xfc, 0x8b, 0xfc, 0x8b, 0xdc, 0x8b, 0xdc, 0x8b, 0xdc, 0x8b, 0xdc, 0x8b, 0xdc, 0x8b,
    0xdc, 0x83, 0xbc, 0x83, 0xbc, 0x83, 0xbc, 0x83, 0xbc, 0x83, 0xbc, 0x83, 0xbc, 0x83, 0x9c, 0x83, 0x9c, 0x83, 0x9c,
    0x83, 0x9c, 0x83, 0x9c, 0x83, 0x9c, 0x83, 0x7c, 0x83, 0x7c, 0x7b, 0x7c, 0x7b, 0x7c, 0x7b, 0x7c, 0x7b, 0x7c, 0x7b,
    0x5c, 0x7b, 0x5b, 0x7b, 0x5b, 0x7b, 0x5b, 0x7b, 0x5b, 0x7b, 0x5b, 0x7b, 0x3b, 0x7b, 0x3b, 0x7b, 0x3b, 0x73, 0x3b,
    0x73, 0x3b, 0x73, 0x3b, 0x73, 0x1b, 0x73, 0x1b, 0x73, 0x1b, 0x73, 0x1b, 0x73, 0x1b, 0x73, 0x1b, 0x73, 0xdb, 0x6a,
    0x1d, 0xad, 0xdd, 0xc5, 0xff, 0xc5, 0xeb, 0x41, 0x43, 0x08, 0x84, 0x10, 0x63, 0x10, 0x63, 0x08, 0x42, 0x08, 0x42,
    0x08, 0x41, 0x08, 0x21, 0x08, 0x21, 0x00, 0x21, 0x00, 0x20, 0x00, 0x00, 0x00, 0x00, 0x00, 0x00, 0x00, 0x00, 0x00,
    0x00, 0x00, 0x00, 0x00, 0x00, 0x00, 0x00, 0x00, 0x00, 0x00, 0x00, 0x00, 0x00, 0x00, 0x00, 0x00, 0x00, 0x00, 0x00,
    0x00, 0x00, 0x00, 0x00, 0x00, 0x00, 0x00, 0x00, 0x00, 0x00, 0x00, 0x00, 0x00, 0x00, 0x00, 0x00, 0x00, 0x00, 0x00,
    0x00, 0x00, 0x00, 0x00, 0x00, 0x00, 0x00, 0x00, 0x00, 0x00, 0x00, 0x00, 0x00, 0x00, 0x00, 0x00, 0x00, 0x00, 0x00,
    0x00, 0x00, 0x00, 0x00, 0x00, 0x00, 0x00, 0x00, 0x00, 0x00, 0x00, 0x00, 0x00, 0x00, 0x00, 0x00, 0x00, 0x00, 0x00,
    0x00, 0x00, 0x00, 0x00, 0x00, 0x00, 0x00, 0x00, 0x00, 0x00, 0x00, 0x00, 0x00, 0x00, 0x00, 0x00, 0x00, 0x00, 0x00,
    0x00, 0x00, 0x00, 0x00, 0x00, 0x00, 0x00, 0x00, 0x00, 0x00, 0x00, 0x00, 0x00, 0x00, 0x00, 0x00, 0x00, 0x00, 0x00,
    0x00, 0x00, 0x00, 0x00, 0x00, 0x00, 0x00, 0x00, 0x00, 0x00, 0x00, 0x00, 0x00, 0x00, 0x00, 0x00, 0x00, 0x00, 0x00,
    0x00, 0x00, 0x00, 0x00, 0x00, 0x00, 0x00, 0x00, 0x00, 0x00, 0x00, 0x00, 0x00, 0x00, 0x00, 0x00, 0x00, 0x00, 0x00,
    0x00, 0x00, 0x00, 0x00, 0x00, 0x00, 0x00, 0x00, 0x20, 0x00, 0x21, 0x00, 0x21, 0x00, 0x21, 0x00, 0x41, 0x08, 0x42,
    0x08, 0x42, 0x08, 0x62, 0x08, 0x63, 0x10, 0x83, 0x10, 0x63, 0x10, 0x06, 0x21, 0x3d, 0xce, 0xbf, 0xde, 0x7e, 0xd6,
    0xde, 0xa4, 0xbd, 0xa4, 0xbd, 0xa4, 0xbd, 0xa4, 0xbd, 0xa4, 0xbd, 0xa4, 0x9d, 0xa4, 0x9d, 0x9c, 0x9d, 0x9c, 0x9d,
    0x9c, 0x9d, 0x9c, 0x9d, 0x9c, 0x7d, 0x9c, 0x7d, 0x9c, 0x7d, 0x9c, 0x7d, 0x9c, 0x7d, 0x9c, 0x7d, 0x9c, 0x5d, 0x9c,
    0x5d, 0x9c, 0x5d, 0x9c, 0x5d, 0x94, 0x5d, 0x94, 0x5d, 0x94, 0x3d, 0x94, 0x3d, 0x94, 0x3d, 0x94, 0x3d, 0x94, 0x3d,
    0x94, 0x3d, 0x94, 0x1d, 0x94, 0x1d, 0x94, 0x1c, 0x94, 0x1c, 0x94, 0x1c, 0x8c, 0x1c, 0x8c, 0xfc, 0x8b, 0xfc, 0x8b,
    0xfc, 0x8b, 0xfc, 0x8b, 0xfc, 0x8b, 0xfc, 0x8b, 0xdc, 0x8b, 0xdc, 0x8b, 0xdc, 0x8b, 0xdc, 0x8b, 0xdc, 0x8b, 0xdc,
    0x83, 0xbc, 0x83, 0xbc, 0x83, 0xbc, 0x83, 0xbc, 0x83, 0xbc, 0x83, 0xbc, 0x83, 0x9c, 0x83, 0x9c, 0x83, 0x9c, 0x83,
    0x9c, 0x83, 0x9c, 0x83, 0x9c, 0x83, 0x7c, 0x83, 0x7c, 0x7b, 0x7c, 0x7b, 0x7c, 0x7b, 0x7c, 0x7b, 0x7c, 0x7b, 0x5c,
    0x7b, 0x5b, 0x7b, 0x5b, 0x7b, 0x5b, 0x7b, 0x5b, 0x7b, 0x5b, 0x7b, 0x3b, 0x7b, 0x3b, 0x7b, 0x3b, 0x73, 0x3b, 0x73,
    0x3b, 0x73, 0x3b, 0x73, 0x1b, 0x73, 0x1b, 0x73, 0x1b, 0x73, 0x1b, 0x73, 0x1b, 0x73, 0x1b, 0x73, 0x1b, 0x73, 0xdb,
    0x6a, 0xfd, 0xac, 0xdd, 0xc5, 0xff, 0xc5, 0xeb, 0x41, 0x43, 0x08, 0x84, 0x10, 0x63, 0x10, 0x62, 0x08, 0x42, 0x08,
    0x42, 0x08, 0x41, 0x08, 0x21, 0x08, 0x21, 0x00, 0x21, 0x00, 0x20, 0x00, 0x00, 0x00, 0x00, 0x00, 0x00, 0x00, 0x00,
    0x00, 0x00, 0x00, 0x00, 0x00, 0x00, 0x00, 0x00, 0x00, 0x00, 0x00, 0x00, 0x00, 0x00, 0x00, 0x00, 0x00, 0x00, 0x00,
    0x00, 0x00, 0x00, 0x00, 0x00, 0x00, 0x00, 0x00, 0x00, 0x00, 0x00, 0x00, 0x00, 0x00, 0x00, 0x00, 0x00, 0x00, 0x00,
    0x00, 0x00, 0x00, 0x00, 0x00, 0x00, 0x00, 0x00, 0x00, 0x00, 0x00, 0x00, 0x00, 0x00, 0x00, 0x00, 0x00, 0x00, 0x00,
    0x00, 0x00, 0x00, 0x00, 0x00, 0x00, 0x00, 0x00, 0x00, 0x00, 0x00, 0x00, 0x00, 0x00, 0x00, 0x00, 0x00, 0x00, 0x00,
    0x00, 0x00, 0x00, 0x00, 0x00, 0x00, 0x00, 0x00, 0x00, 0x00, 0x00, 0x00, 0x00, 0x00, 0x00, 0x00, 0x00, 0x00, 0x00,
    0x00, 0x00, 0x00, 0x00, 0x00, 0x00, 0x00, 0x00, 0x00, 0x00, 0x00, 0x00, 0x00, 0x00, 0x00, 0x00, 0x00, 0x00, 0x00,
    0x00, 0x00, 0x00, 0x00, 0x00, 0x00, 0x00, 0x00, 0x00, 0x00, 0x00, 0x00, 0x00, 0x00, 0x00, 0x00, 0x00, 0x00, 0x00,
    0x00, 0x00, 0x00, 0x00, 0x00, 0x00, 0x00, 0x00, 0x00, 0x00, 0x00, 0x00, 0x00, 0x00, 0x00, 0x00, 0x00, 0x00, 0x00,
    0x00, 0x00, 0x00, 0x00, 0x00, 0x00, 0x00, 0x00, 0x00, 0x20, 0x00, 0x21, 0x00, 0x21, 0x00, 0x21, 0x00, 0x41, 0x08,
    0x42, 0x08, 0x42, 0x08, 0x62, 0x08, 0x63, 0x10, 0x83, 0x10, 0x63, 0x10, 0x06, 0x21, 0x3d, 0xce, 0xbf, 0xde, 0x5e,
    0xd6, 0xdd, 0xa4, 0xbd, 0xa4, 0xbd, 0xa4, 0xbd, 0xa4, 0xbd, 0xa4, 0x9d, 0xa4, 0x9d, 0x9c, 0x9d, 0x9c, 0x9d, 0x9c,
    0x9d, 0x9c, 0x9d, 0x9c, 0x7d, 0x9c, 0x7d, 0x9c, 0x7d, 0x9c, 0x7d, 0x9c, 0x7d, 0x9c, 0x7d, 0x9c, 0x5d, 0x9c, 0x5d,
    0x9c, 0x5d, 0x9c, 0x5d, 0x94, 0x5d, 0x94, 0x5d, 0x94, 0x3d, 0x94, 0x3d, 0x94, 0x3d, 0x94, 0x3d, 0x94, 0x3d, 0x94,
    0x3d, 0x94, 0x1d, 0x94, 0x1d, 0x94, 0x1c, 0x94, 0x1c, 0x94, 0x1c, 0x8c, 0x1c, 0x8c, 0xfc, 0x8b, 0xfc, 0x8b, 0xfc,
    0x8b, 0xfc, 0x8b, 0xfc, 0x8b, 0xfc, 0x8b, 0xdc, 0x8b, 0xdc, 0x8b, 0xdc, 0x8b, 0xdc, 0x8b, 0xdc, 0x8b, 0xdc, 0x83,
    0xbc, 0x83, 0xbc, 0x83, 0xbc, 0x83, 0xbc, 0x83, 0xbc, 0x83, 0xbc, 0x83, 0x9c, 0x83, 0x9c, 0x83, 0x9c, 0x83, 0x9c,
    0x83, 0x9c, 0x83, 0x9c, 0x83, 0x7c, 0x83, 0x7c, 0x7b, 0x7c, 0x7b, 0x7c, 0x7b, 0x7c, 0x7b, 0x7c, 0x7b, 0x5c, 0x7b,
    0x5b, 0x7b, 0x5b, 0x7b, 0x5b, 0x7b, 0x5b, 0x7b, 0x5b, 0x7b, 0x3b, 0x7b, 0x3b, 0x7b, 0x3b, 0x73, 0x3b, 0x73, 0x3b,
    0x73, 0x3b, 0x73, 0x1b, 0x73, 0x1b, 0x73, 0x1b, 0x73, 0x1b, 0x73, 0x1b, 0x73, 0x1b, 0x73, 0xfb, 0x72, 0xfb, 0x72,
    0xdb, 0x6a, 0xfd, 0xac, 0xdd, 0xc5, 0xde, 0xc5, 0xeb, 0x41, 0x42, 0x08, 0x84, 0x10, 0x63, 0x10, 0x62, 0x08, 0x42,
    0x08, 0x42, 0x08, 0x41, 0x08, 0x21, 0x00, 0x21, 0x00, 0x21, 0x00, 0x20, 0x00, 0x00, 0x00, 0x00, 0x00, 0x00, 0x00,
    0x00, 0x00, 0x00, 0x00, 0x00, 0x00, 0x00, 0x00, 0x00, 0x00, 0x00, 0x00, 0x00, 0x00, 0x00, 0x00, 0x00, 0x00, 0x00,
    0x00, 0x00, 0x00, 0x00, 0x00, 0x00, 0x00, 0x00, 0x00, 0x00, 0x00, 0x00, 0x00, 0x00, 0x00, 0x00, 0x00, 0x00, 0x00,
    0x00, 0x00, 0x00, 0x00, 0x00, 0x00, 0x00, 0x00, 0x00, 0x00, 0x00, 0x00, 0x00, 0x00, 0x00, 0x00, 0x00, 0x00, 0x00,
    0x00, 0x00, 0x00, 0x00, 0x00, 0x00, 0x00, 0x00, 0x00, 0x00, 0x00, 0x00, 0x00, 0x00, 0x00, 0x00, 0x00, 0x00, 0x00,
    0x00, 0x00, 0x00, 0x00, 0x00, 0x00, 0x00, 0x00, 0x00, 0x00, 0x00, 0x00, 0x00, 0x00, 0x00, 0x00, 0x00, 0x00, 0x00,
    0x00, 0x00, 0x00, 0x00, 0x00, 0x00, 0x00, 0x00, 0x00, 0x00, 0x00, 0x00, 0x00, 0x00, 0x00, 0x00, 0x00, 0x00, 0x00,
    0x00, 0x00, 0x00, 0x00, 0x00, 0x00, 0x00, 0x00, 0x00, 0x00, 0x00, 0x00, 0x00, 0x00, 0x00, 0x00, 0x00, 0x00, 0x00,
    0x00, 0x00, 0x00, 0x00, 0x00, 0x00, 0x00, 0x00, 0x00, 0x00, 0x00, 0x00, 0x00, 0x00, 0x00, 0x00, 0x00, 0x00, 0x00,
    0x00, 0x00, 0x00, 0x00, 0x00, 0x00, 0x00, 0x00, 0x00, 0x00, 0x20, 0x00, 0x21, 0x00, 0x21, 0x00, 0x21, 0x00, 0x21,
    0x08, 0x42, 0x08, 0x42, 0x08, 0x62, 0x08, 0x63, 0x10, 0x83, 0x10, 0x63, 0x10, 0x06, 0x21, 0x3d, 0xce, 0xbf, 0xde,
    0x5e, 0xd6, 0xdd, 0xa4, 0xbd, 0xa4, 0xbd, 0xa4, 0xbd, 0xa4, 0x9d, 0xa4, 0x9d, 0x9c, 0x9d, 0x9c, 0x9d, 0x9c, 0x9d,
    0x9c, 0x9d, 0x9c, 0x7d, 0x9c, 0x7d, 0x9c, 0x7d, 0x9c, 0x7d, 0x9c, 0x7d, 0x9c, 0x7d, 0x9c, 0x5d, 0x9c, 0x5d, 0x9c,
    0x5d, 0x9c, 0x5d, 0x94, 0x5d, 0x94, 0x5d, 0x94, 0x3d, 0x94, 0x3d, 0x94, 0x3d, 0x94, 0x3d, 0x94, 0x3d, 0x94, 0x3d,
    0x94, 0x1d, 0x94, 0x1d, 0x94, 0x1c, 0x94, 0x1c, 0x94, 0x1c, 0x8c, 0x1c, 0x8c, 0xfc, 0x8b, 0xfc, 0x8b, 0xfc, 0x8b,
    0xfc, 0x8b, 0xfc, 0x8b, 0xfc, 0x8b, 0xdc, 0x8b, 0xdc, 0x8b, 0xdc, 0x8b, 0xdc, 0x8b, 0xdc, 0x8b, 0xdc, 0x83, 0xbc,
    0x83, 0xbc, 0x83, 0xbc, 0x83, 0xbc, 0x83, 0xbc, 0x83, 0xbc, 0x83, 0x9c, 0x83, 0x9c, 0x83, 0x9c, 0x83, 0x9c, 0x83,
    0x9c, 0x83, 0x9c, 0x83, 0x7c, 0x83, 0x7c, 0x7b, 0x7c, 0x7b, 0x7c, 0x7b, 0x7c, 0x7b, 0x7c, 0x7b, 0x5c, 0x7b, 0x5b,
    0x7b, 0x5b, 0x7b, 0x5b, 0x7b, 0x5b, 0x7b, 0x5b, 0x7b, 0x3b, 0x7b, 0x3b, 0x7b, 0x3b, 0x73, 0x3b, 0x73, 0x3b, 0x73,
    0x3b, 0x73, 0x1b, 0x73, 0x1b, 0x73, 0x1b, 0x73, 0x1b, 0x73, 0x1b, 0x73, 0x1b, 0x73, 0xfb, 0x72, 0xfb, 0x72, 0xfb,
    0x72, 0xdb, 0x6a, 0xfd, 0xac, 0xdd, 0xc5, 0xde, 0xc5, 0xeb, 0x41, 0x42, 0x08, 0x84, 0x10, 0x63, 0x10, 0x62, 0x08,
    0x42, 0x08, 0x42, 0x08, 0x41, 0x08, 0x21, 0x00, 0x21, 0x00, 0x21, 0x00, 0x20, 0x00, 0x00, 0x00, 0x00, 0x00, 0x00,
    0x00, 0x00, 0x00, 0x00, 0x00, 0x00, 0x00, 0x00, 0x00, 0x00, 0x00, 0x00, 0x00, 0x00, 0x00, 0x00, 0x00, 0x00, 0x00,
    0x00, 0x00, 0x00, 0x00, 0x00, 0x00, 0x00, 0x00, 0x00, 0x00, 0x00, 0x00, 0x00, 0x00, 0x00, 0x00, 0x00, 0x00, 0x00,
    0x00, 0x00, 0x00, 0x00, 0x00, 0x00, 0x00, 0x00, 0x00, 0x00, 0x00, 0x00, 0x00, 0x00, 0x00, 0x00, 0x00, 0x00, 0x00,
    0x00, 0x00, 0x00, 0x00, 0x00, 0x00, 0x00, 0x00, 0x00, 0x00, 0x00, 0x00, 0x00, 0x00, 0x00, 0x00, 0x00, 0x00, 0x00,
    0x00, 0x00, 0x00, 0x00, 0x00, 0x00, 0x00, 0x00, 0x00, 0x00, 0x00, 0x00, 0x00, 0x00, 0x00, 0x00, 0x00, 0x00, 0x00,
    0x00, 0x00, 0x00, 0x00, 0x00, 0x00, 0x00, 0x00, 0x00, 0x00, 0x00, 0x00, 0x00, 0x00, 0x00, 0x00, 0x00, 0x00, 0x00,
    0x00, 0x00, 0x00, 0x00, 0x00, 0x00, 0x00, 0x00, 0x00, 0x00, 0x00, 0x00, 0x00, 0x00, 0x00, 0x00, 0x00, 0x00, 0x00,
    0x00, 0x00, 0x00, 0x00, 0x00, 0x00, 0x00, 0x00, 0x00, 0x00, 0x00, 0x00, 0x00, 0x00, 0x00, 0x00, 0x00, 0x00, 0x00,
    0x00, 0x00, 0x00, 0x00, 0x00, 0x00, 0x00, 0x00, 0x00, 0x00, 0x00, 0x00, 0x00, 0x21, 0x00, 0x21, 0x00, 0x21, 0x00,
    0x21, 0x08, 0x42, 0x08, 0x42, 0x08, 0x62, 0x08, 0x63, 0x08, 0x83, 0x10, 0x63, 0x10, 0x06, 0x21, 0x3d, 0xce, 0xbf,
    0xde, 0x5e, 0xd6, 0xdd, 0xa4, 0x9d, 0xa4, 0xbd, 0xa4, 0x9d, 0xa4, 0x9d, 0x9c, 0x9d, 0x9c, 0x9d, 0x9c, 0x9d, 0x9c,
    0x9d, 0x9c, 0x7d, 0x9c, 0x7d, 0x9c, 0x7d, 0x9c, 0x7d, 0x9c, 0x7d, 0x9c, 0x7d, 0x9c, 0x5d, 0x9c, 0x5d, 0x9c, 0x5d,
    0x9c, 0x5d, 0x94, 0x5d, 0x94, 0x5d, 0x94, 0x3d, 0x94, 0x3d, 0x94, 0x3d, 0x94, 0x3d, 0x94, 0x3d, 0x94, 0x3d, 0x94,
    0x1d, 0x94, 0x1d, 0x94, 0x1c, 0x94, 0x1c, 0x94, 0x1c, 0x8c, 0x1c, 0x8c, 0xfc, 0x8b, 0xfc, 0x8b, 0xfc, 0x8b, 0xfc,
    0x8b, 0xfc, 0x8b, 0xfc, 0x8b, 0xdc, 0x8b, 0xdc, 0x8b, 0xdc, 0x8b, 0xdc, 0x8b, 0xdc, 0x8b, 0xdc, 0x83, 0xbc, 0x83,
    0xbc, 0x83, 0xbc, 0x83, 0xbc, 0x83, 0xbc, 0x83, 0xbc, 0x83, 0x9c, 0x83, 0x9c, 0x83, 0x9c, 0x83, 0x9c, 0x83, 0x9c,
    0x83, 0x9c, 0x83, 0x7c, 0x83, 0x7c, 0x7b, 0x7c, 0x7b, 0x7c, 0x7b, 0x7c, 0x7b, 0x7c, 0x7b, 0x5c, 0x7b, 0x5b, 0x7b,
    0x5b, 0x7b, 0x5b, 0x7b, 0x5b, 0x7b, 0x5b, 0x7b, 0x3b, 0x7b, 0x3b, 0x7b, 0x3b, 0x73, 0x3b, 0x73, 0x3b, 0x73, 0x3b,
    0x73, 0x1b, 0x73, 0x1b, 0x73, 0x1b, 0x73, 0x1b, 0x73, 0x1b, 0x73, 0x1b, 0x73, 0xfb, 0x72, 0xfb, 0x72, 0xfb, 0x72,
    0xfb, 0x72, 0xdb, 0x6a, 0xfd, 0xac, 0xdd, 0xc5, 0xde, 0xc5, 0xeb, 0x41, 0x42, 0x08, 0x84, 0x10, 0x63, 0x10, 0x62,
    0x08, 0x42, 0x08, 0x42, 0x08, 0x41, 0x08, 0x21, 0x00, 0x21, 0x00, 0x21, 0x00, 0x20, 0x00, 0x00, 0x00, 0x00, 0x00,
    0x00, 0x00, 0x00, 0x00, 0x00, 0x00, 0x00, 0x00, 0x00, 0x00, 0x00, 0x00, 0x00, 0x00, 0x00, 0x00, 0x00, 0x00, 0x00,
    0x00, 0x00, 0x00, 0x00, 0x00, 0x00, 0x00, 0x00, 0x00, 0x00, 0x00, 0x00, 0x00, 0x00, 0x00, 0x00, 0x00, 0x00, 0x00,
    0x00, 0x00, 0x00, 0x00, 0x00, 0x00, 0x00, 0x00, 0x00, 0x00, 0x00, 0x00, 0x00, 0x00, 0x00, 0x00, 0x00, 0x00, 0x00,
    0x00, 0x00, 0x00, 0x00, 0x00, 0x00, 0x00, 0x00, 0x00, 0x00, 0x00, 0x00, 0x00, 0x00, 0x00, 0x00, 0x00, 0x00, 0x00,
    0x00, 0x00, 0x00, 0x00, 0x00, 0x00, 0x00, 0x00, 0x00, 0x00, 0x00, 0x00, 0x00, 0x00, 0x00, 0x00, 0x00, 0x00, 0x00,
    0x00, 0x00, 0x00, 0x00, 0x00, 0x00, 0x00, 0x00, 0x00, 0x00, 0x00, 0x00, 0x00, 0x00, 0x00, 0x00, 0x00, 0x00, 0x00,
    0x00, 0x00, 0x00, 0x00, 0x00, 0x00, 0x00, 0x00, 0x00, 0x00, 0x00, 0x00, 0x00, 0x00, 0x00, 0x00, 0x00, 0x00, 0x00,
    0x00, 0x00, 0x00, 0x00, 0x00, 0x00, 0x00, 0x00, 0x00, 0x00, 0x00, 0x00, 0x00, 0x00, 0x00, 0x00, 0x00, 0x00, 0x00,
    0x00, 0x00, 0x00, 0x00, 0x00, 0x00, 0x00, 0x00, 0x00, 0x00, 0x00, 0x00, 0x00, 0x00, 0x21, 0x00, 0x21, 0x00, 0x21,
    0x00, 0x21, 0x08, 0x42, 0x08, 0x42, 0x08, 0x62, 0x08, 0x63, 0x08, 0x83, 0x10, 0x63, 0x10, 0x06, 0x21, 0x3d, 0xce,
    0xbf, 0xde, 0x5e, 0xd6, 0xdd, 0xa4, 0x9d, 0xa4, 0x9d, 0xa4, 0x9d, 0x9c, 0x9d, 0x9c, 0x9d, 0x9c, 0x9d, 0x9c, 0x9d,
    0x9c, 0x7d, 0x9c, 0x7d, 0x9c, 0x7d, 0x9c, 0x7d, 0x9c, 0x7d, 0x9c, 0x7d, 0x9c, 0x5d, 0x9c, 0x5d, 0x9c, 0x5d, 0x9c,
    0x5d, 0x94, 0x5d, 0x94, 0x5d, 0x94, 0x3d, 0x94, 0x3d, 0x94, 0x3d, 0x94, 0x3d, 0x94, 0x3d, 0x94, 0x3d, 0x94, 0x1d,
    0x94, 0x1d, 0x94, 0x1c, 0x94, 0x1c, 0x94, 0x1c, 0x8c, 0x1c, 0x8c, 0xfc, 0x8b, 0xfc, 0x8b, 0xfc, 0x8b, 0xfc, 0x8b,
    0xfc, 0x8b, 0xfc, 0x8b, 0xdc, 0x8b, 0xdc, 0x8b, 0xdc, 0x8b, 0xdc, 0x8b, 0xdc, 0x8b, 0xdc, 0x83, 0xbc, 0x83, 0xbc,
    0x83, 0xbc, 0x83, 0xbc, 0x83, 0xbc, 0x83, 0xbc, 0x83, 0x9c, 0x83, 0x9c, 0x83, 0x9c, 0x83, 0x9c, 0x83, 0x9c, 0x83,
    0x9c, 0x83, 0x7c, 0x83, 0x7c, 0x7b, 0x7c, 0x7b, 0x7c, 0x7b, 0x7c, 0x7b, 0x7c, 0x7b, 0x5c, 0x7b, 0x5b, 0x7b, 0x5b,
    0x7b, 0x5b, 0x7b, 0x5b, 0x7b, 0x5b, 0x7b, 0x3b, 0x7b, 0x3b, 0x7b, 0x3b, 0x73, 0x3b, 0x73, 0x3b, 0x73, 0x3b, 0x73,
    0x1b, 0x73, 0x1b, 0x73, 0x1b, 0x73, 0x1b, 0x73, 0x1b, 0x73, 0x1b, 0x73, 0xfb, 0x72, 0xfb, 0x72, 0xfb, 0x72, 0xfb,
    0x6a, 0xfb, 0x72, 0xdb, 0x6a, 0xfd, 0xac, 0xdd, 0xc5, 0xde, 0xc5, 0xeb, 0x41, 0x42, 0x08, 0x83, 0x10, 0x63, 0x10,
    0x62, 0x08, 0x42, 0x08, 0x42, 0x08, 0x41, 0x08, 0x21, 0x00, 0x21, 0x00, 0x21, 0x00, 0x20, 0x00, 0x00, 0x00, 0x00,
    0x00, 0x00, 0x00, 0x00, 0x00, 0x00, 0x00, 0x00, 0x00, 0x00, 0x00, 0x00, 0x00, 0x00, 0x00, 0x00, 0x00, 0x00, 0x00,
    0x00, 0x00, 0x00, 0x00, 0x00, 0x00, 0x00, 0x00, 0x00, 0x00, 0x00, 0x00, 0x00, 0x00, 0x00, 0x00, 0x00, 0x00, 0x00,
    0x00, 0x00, 0x00, 0x00, 0x00, 0x00, 0x00, 0x00, 0x00, 0x00, 0x00, 0x00, 0x00, 0x00, 0x00, 0x00, 0x00, 0x00, 0x00,
    0x00, 0x00, 0x00, 0x00, 0x00, 0x00, 0x00, 0x00, 0x00, 0x00, 0x00, 0x00, 0x00, 0x00, 0x00, 0x00, 0x00, 0x00, 0x00,
    0x00, 0x00, 0x00, 0x00, 0x00, 0x00, 0x00, 0x00, 0x00, 0x00, 0x00, 0x00, 0x00, 0x00, 0x00, 0x00, 0x00, 0x00, 0x00,
    0x00, 0x00, 0x00, 0x00, 0x00, 0x00, 0x00, 0x00, 0x00, 0x00, 0x00, 0x00, 0x00, 0x00, 0x00, 0x00, 0x00, 0x00, 0x00,
    0x00, 0x00, 0x00, 0x00, 0x00, 0x00, 0x00, 0x00, 0x00, 0x00, 0x00, 0x00, 0x00, 0x00, 0x00, 0x00, 0x00, 0x00, 0x00,
    0x00, 0x00, 0x00, 0x00, 0x00, 0x00, 0x00, 0x00, 0x00, 0x00, 0x00, 0x00, 0x00, 0x00, 0x00, 0x00, 0x00, 0x00, 0x00,
    0x00, 0x00, 0x00, 0x00, 0x00, 0x00, 0x00, 0x00, 0x00, 0x00, 0x00, 0x00, 0x00, 0x00, 0x00, 0x21, 0x00, 0x21, 0x00,
    0x21, 0x00, 0x21, 0x08, 0x41, 0x08, 0x42, 0x08, 0x62, 0x08, 0x63, 0x08, 0x63, 0x10, 0x63, 0x10, 0xe6, 0x20, 0x1d,
    0xce, 0x9f, 0xde, 0x5e, 0xd6, 0xdd, 0xa4, 0x9d, 0x9c, 0x9d, 0xa4, 0x9d, 0x9c, 0x9d, 0x9c, 0x9d, 0x9c, 0x9d, 0x9c,
    0x7d, 0x9c, 0x7d, 0x9c, 0x7d, 0x9c, 0x7d, 0x9c, 0x7d, 0x9c, 0x7d, 0x9c, 0x5d, 0x9c, 0x5d, 0x9c, 0x5d, 0x9c, 0x5d,
    0x94, 0x5d, 0x94, 0x5d, 0x94, 0x3d, 0x94, 0x3d, 0x94, 0x3d, 0x94, 0x3d, 0x94, 0x3d, 0x94, 0x3d, 0x94, 0x1d, 0x94,
    0x1d, 0x94, 0x1c, 0x94, 0x1c, 0x94, 0x1c, 0x8c, 0x1c, 0x8c, 0xfc, 0x8b, 0xfc, 0x8b, 0xfc, 0x8b, 0xfc, 0x8b, 0xfc,
    0x8b, 0xfc, 0x8b, 0xdc, 0x8b, 0xdc, 0x8b, 0xdc, 0x8b, 0xdc, 0x8b, 0xdc, 0x8b, 0xdc, 0x83, 0xbc, 0x83, 0xbc, 0x83,
    0xbc, 0x83, 0xbc, 0x83, 0xbc, 0x83, 0xbc, 0x83, 0x9c, 0x83, 0x9c, 0x83, 0x9c, 0x83, 0x9c, 0x83, 0x9c, 0x83, 0x9c,
    0x83, 0x7c, 0x83, 0x7c, 0x7b, 0x7c, 0x7b, 0x7c, 0x7b, 0x7c, 0x7b, 0x7c, 0x7b, 0x5c, 0x7b, 0x5b, 0x7b, 0x5b, 0x7b,
    0x5b, 0x7b, 0x5b, 0x7b, 0x5b, 0x7b, 0x3b, 0x7b, 0x3b, 0x7b, 0x3b, 0x73, 0x3b, 0x73, 0x3b, 0x73, 0x3b, 0x73, 0x1b,
    0x73, 0x1b, 0x73, 0x1b, 0x73, 0x1b, 0x73, 0x1b, 0x73, 0x1b, 0x73, 0xfb, 0x72, 0xfb, 0x72, 0xfb, 0x72, 0xfb, 0x6a,
    0xfb, 0x6a, 0xfb, 0x6a, 0xbb, 0x6a, 0xfd, 0xac, 0xdd, 0xc5, 0xde, 0xc5, 0xea, 0x41, 0x42, 0x08, 0x83, 0x10, 0x63,
    0x08, 0x62, 0x08, 0x42, 0x08, 0x42, 0x08, 0x41, 0x08, 0x21, 0x00, 0x21, 0x00, 0x21, 0x00, 0x20, 0x00, 0x00, 0x00,
    0x00, 0x00, 0x00, 0x00, 0x00, 0x00, 0x00, 0x00, 0x00, 0x00, 0x00, 0x00, 0x00, 0x00, 0x00, 0x00, 0x00, 0x00, 0x00,
    0x00, 0x00, 0x00, 0x00, 0x00, 0x00, 0x00, 0x00, 0x00, 0x00, 0x00, 0x00, 0x00, 0x00, 0x00, 0x00, 0x00, 0x00, 0x00,
    0x00, 0x00, 0x00, 0x00, 0x00, 0x00, 0x00, 0x00, 0x00, 0x00, 0x00, 0x00, 0x00, 0x00, 0x00, 0x00, 0x00, 0x00, 0x00,
    0x00, 0x00, 0x00, 0x00, 0x00, 0x00, 0x00, 0x00, 0x00, 0x00, 0x00, 0x00, 0x00, 0x00, 0x00, 0x00, 0x00, 0x00, 0x00,
    0x00, 0x00, 0x00, 0x00, 0x00, 0x00, 0x00, 0x00, 0x00, 0x00, 0x00, 0x00, 0x00, 0x00, 0x00, 0x00, 0x00, 0x00, 0x00,
    0x00, 0x00, 0x00, 0x00, 0x00, 0x00, 0x00, 0x00, 0x00, 0x00, 0x00, 0x00, 0x00, 0x00, 0x00, 0x00, 0x00, 0x00, 0x00,
    0x00, 0x00, 0x00, 0x00, 0x00, 0x00, 0x00, 0x00, 0x00, 0x00, 0x00, 0x00, 0x00, 0x00, 0x00, 0x00, 0x00, 0x00, 0x00,
    0x00, 0x00, 0x00, 0x00, 0x00, 0x00, 0x00, 0x00, 0x00, 0x00, 0x00, 0x00, 0x00, 0x00, 0x00, 0x00, 0x00, 0x00, 0x00,
    0x00, 0x00, 0x00, 0x00, 0x00, 0x00, 0x00, 0x00, 0x00, 0x00, 0x00, 0x00, 0x00, 0x00, 0x00, 0x00, 0x20, 0x00, 0x21,
    0x00, 0x21, 0x00, 0x21, 0x08, 0x41, 0x08, 0x42, 0x08, 0x42, 0x08, 0x63, 0x08, 0x63, 0x10, 0x63, 0x08, 0x06, 0x21,
    0x3d, 0xce, 0x9f, 0xde, 0x5e, 0xd6, 0xbd, 0xa4, 0x9d, 0x9c, 0x9d, 0x9c, 0x9d, 0x9c, 0x9d, 0x9c, 0x9d, 0x9c, 0x7d,
    0x9c, 0x7d, 0x9c, 0x7d, 0x9c, 0x7d, 0x9c, 0x7d, 0x9c, 0x7d, 0x9c, 0x5d, 0x9c, 0x5d, 0x9c, 0x5d, 0x9c, 0x5d, 0x94,
    0x5d, 0x94, 0x5d, 0x94, 0x3d, 0x94, 0x3d, 0x94, 0x3d, 0x94, 0x3d, 0x94, 0x3d, 0x94, 0x3d, 0x94, 0x1d, 0x94, 0x1d,
    0x94, 0x1c, 0x94, 0x1c, 0x94, 0x1c, 0x8c, 0x1c, 0x8c, 0xfc, 0x8b, 0xfc, 0x8b, 0xfc, 0x8b, 0xfc, 0x8b, 0xfc, 0x8b,
    0xfc, 0x8b, 0xdc, 0x8b, 0xdc, 0x8b, 0xdc, 0x8b, 0xdc, 0x8b, 0xdc, 0x8b, 0xdc, 0x83, 0xbc, 0x83, 0xbc, 0x83, 0xbc,
    0x83, 0xbc, 0x83, 0xbc, 0x83, 0xbc, 0x83, 0x9c, 0x83, 0x9c, 0x83, 0x9c, 0x83, 0x9c, 0x83, 0x9c, 0x83, 0x9c, 0x83,
    0x7c, 0x83, 0x7c, 0x7b, 0x7c, 0x7b, 0x7c, 0x7b, 0x7c, 0x7b, 0x7c, 0x7b, 0x5c, 0x7b, 0x5b, 0x7b, 0x5b, 0x7b, 0x5b,
    0x7b, 0x5b, 0x7b, 0x5b, 0x7b, 0x3b, 0x7b, 0x3b, 0x7b, 0x3b, 0x73, 0x3b, 0x73, 0x3b, 0x73, 0x3b, 0x73, 0x1b, 0x73,
    0x1b, 0x73, 0x1b, 0x73, 0x1b, 0x73, 0x1b, 0x73, 0x1b, 0x73, 0xfb, 0x72, 0xfb, 0x72, 0xfb, 0x72, 0xfb, 0x6a, 0xfb,
    0x6a, 0xfb, 0x6a, 0xfb, 0x6a, 0xbb, 0x6a, 0xfd, 0xa4, 0xbd, 0xc5, 0xdf, 0xc5, 0xeb, 0x41, 0x42, 0x08, 0x83, 0x10,
    0x63, 0x08, 0x62, 0x08, 0x42, 0x08, 0x42, 0x08, 0x21, 0x08, 0x21, 0x00, 0x21, 0x00, 0x21, 0x00, 0x00, 0x00, 0x00,
    0x00, 0x00, 0x00, 0x00, 0x00, 0x00, 0x00, 0x00, 0x00, 0x00, 0x00, 0x00, 0x00, 0x00, 0x00, 0x00, 0x00, 0x00, 0x00,
    0x00, 0x00, 0x00, 0x00, 0x00, 0x00, 0x00, 0x00, 0x00, 0x00, 0x00, 0x00, 0x00, 0x00, 0x00, 0x00, 0x00, 0x00, 0x00,
    0x00, 0x00, 0x00, 0x00, 0x00, 0x00, 0x00, 0x00, 0x00, 0x00, 0x00, 0x00, 0x00, 0x00, 0x00, 0x00, 0x00, 0x00, 0x00,
    0x00, 0x00, 0x00, 0x00, 0x00, 0x00, 0x00, 0x00, 0x00, 0x00, 0x00, 0x00, 0x00, 0x00, 0x00, 0x00, 0x00, 0x00, 0x00,
    0x00, 0x00, 0x00, 0x00, 0x00, 0x00, 0x00, 0x00, 0x00, 0x00, 0x00, 0x00, 0x00, 0x00, 0x00, 0x00, 0x00, 0x00, 0x00,
    0x00, 0x00, 0x00, 0x00, 0x00, 0x00, 0x00, 0x00, 0x00, 0x00, 0x00, 0x00, 0x00, 0x00, 0x00, 0x00, 0x00, 0x00, 0x00,
    0x00, 0x00, 0x00, 0x00, 0x00, 0x00, 0x00, 0x00, 0x00, 0x00, 0x00, 0x00, 0x00, 0x00, 0x00, 0x00, 0x00, 0x00, 0x00,
    0x00, 0x00, 0x00, 0x00, 0x00, 0x00, 0x00, 0x00, 0x00, 0x00, 0x00, 0x00, 0x00, 0x00, 0x00, 0x00, 0x00, 0x00, 0x00,
    0x00, 0x00, 0x00, 0x00, 0x00, 0x00, 0x00, 0x00, 0x00, 0x00, 0x00, 0x00, 0x00, 0x00, 0x00, 0x00, 0x00, 0x20, 0x00,
    0x21, 0x00, 0x21, 0x00, 0x21, 0x00, 0x41, 0x08, 0x42, 0x08, 0x42, 0x08, 0x62, 0x08, 0x63, 0x10, 0x63, 0x10, 0xa4,
    0x10, 0x9a, 0xb5, 0xbf, 0xde, 0x7e, 0xd6, 0xfd, 0xac, 0x7d, 0x9c, 0x9d, 0x9c, 0x9d, 0x9c, 0x9d, 0x9c, 0x7d, 0x9c,
    0x7d, 0x9c, 0x7d, 0x9c, 0x7d, 0x9c, 0x7d, 0x9c, 0x7d, 0x9c, 0x5d, 0x9c, 0x5d, 0x9c, 0x5d, 0x9c, 0x5d, 0x94, 0x5d,
    0x94, 0x5d, 0x94, 0x3d, 0x94, 0x3d, 0x94, 0x3d, 0x94, 0x3d, 0x94, 0x3d, 0x94, 0x3d, 0x94, 0x1d, 0x94, 0x1d, 0x94,
    0x1c, 0x94, 0x1c, 0x94, 0x1c, 0x8c, 0x1c, 0x8c, 0xfc, 0x8b, 0xfc, 0x8b, 0xfc, 0x8b, 0xfc, 0x8b, 0xfc, 0x8b, 0xfc,
    0x8b, 0xdc, 0x8b, 0xdc, 0x8b, 0xdc, 0x8b, 0xdc, 0x8b, 0xdc, 0x8b, 0xdc, 0x83, 0xbc, 0x83, 0xbc, 0x83, 0xbc, 0x83,
    0xbc, 0x83, 0xbc, 0x83, 0xbc, 0x83, 0x9c, 0x83, 0x9c, 0x83, 0x9c, 0x83, 0x9c, 0x83, 0x9c, 0x83, 0x9c, 0x83, 0x7c,
    0x83, 0x7c, 0x7b, 0x7c, 0x7b, 0x7c, 0x7b, 0x7c, 0x7b, 0x7c, 0x7b, 0x5c, 0x7b, 0x5b, 0x7b, 0x5b, 0x7b, 0x5b, 0x7b,
    0x5b, 0x7b, 0x5b, 0x7b, 0x3b, 0x7b, 0x3b, 0x7b, 0x3b, 0x73, 0x3b, 0x73, 0x3b, 0x73, 0x3b, 0x73, 0x1b, 0x73, 0x1b,
    0x73, 0x1b, 0x73, 0x1b, 0x73, 0x1b, 0x73, 0x1b, 0x73, 0xfb, 0x72, 0xfb, 0x72, 0xfb, 0x72, 0xfb, 0x6a, 0xfb, 0x6a,
    0xfb, 0x6a, 0xdb, 0x6a, 0xdb, 0x6a, 0xdb, 0x6a, 0x3d, 0xb5, 0xbe, 0xc5, 0x9d, 0xbd, 0x68, 0x31, 0x42, 0x08, 0x83,
    0x10, 0x63, 0x08, 0x42, 0x08, 0x42, 0x08, 0x41, 0x08, 0x21, 0x08, 0x21, 0x00, 0x21, 0x00, 0x21, 0x00, 0x00, 0x00,
    0x00, 0x00, 0x00, 0x00, 0x00, 0x00, 0x00, 0x00, 0x00, 0x00, 0x00, 0x00, 0x00, 0x00, 0x00, 0x00, 0x00, 0x00, 0x00,
    0x00, 0x00, 0x00, 0x00, 0x00, 0x00, 0x00, 0x00, 0x00, 0x00, 0x00, 0x00, 0x00, 0x00, 0x00, 0x00, 0x00, 0x00, 0x00,
    0x00, 0x00, 0x00, 0x00, 0x00, 0x00, 0x00, 0x00, 0x00, 0x00, 0x00, 0x00, 0x00, 0x00, 0x00, 0x00, 0x00, 0x00, 0x00,
    0x00, 0x00, 0x00, 0x00, 0x00, 0x00, 0x00, 0x00, 0x00, 0x00, 0x00, 0x00, 0x00, 0x00, 0x00, 0x00, 0x00, 0x00, 0x00,
    0x00, 0x00, 0x00, 0x00, 0x00, 0x00, 0x00, 0x00, 0x00, 0x00, 0x00, 0x00, 0x00, 0x00, 0x00, 0x00, 0x00, 0x00, 0x00,
    0x00, 0x00, 0x00, 0x00, 0x00, 0x00, 0x00, 0x00, 0x00, 0x00, 0x00, 0x00, 0x00, 0x00, 0x00, 0x00, 0x00, 0x00, 0x00,
    0x00, 0x00, 0x00, 0x00, 0x00, 0x00, 0x00, 0x00, 0x00, 0x00, 0x00, 0x00, 0x00, 0x00, 0x00, 0x00, 0x00, 0x00, 0x00,
    0x00, 0x00, 0x00, 0x00, 0x00, 0x00, 0x00, 0x00, 0x00, 0x00, 0x00, 0x00, 0x00, 0x00, 0x00, 0x00, 0x00, 0x00, 0x00,
    0x00, 0x00, 0x00, 0x00, 0x00, 0x00, 0x00, 0x00, 0x00, 0x00, 0x00, 0x00, 0x00, 0x00, 0x00, 0x00, 0x00, 0x00, 0x20,
    0x00, 0x21, 0x00, 0x21, 0x00, 0x21, 0x00, 0x41, 0x08, 0x42, 0x08, 0x42, 0x08, 0x62, 0x08, 0x63, 0x10, 0x83, 0x10,
    0x42, 0x08, 0xf7, 0xa4, 0xdf, 0xde, 0x7e, 0xd6, 0x1e, 0xad, 0x7d, 0x9c, 0x9d, 0x9c, 0x9d, 0x9c, 0x7d, 0x9c, 0x7d,
    0x9c, 0x7d, 0x9c, 0x7d, 0x9c, 0x7d, 0x9c, 0x7d, 0x9c, 0x5d, 0x9c, 0x5d, 0x9c, 0x5d, 0x9c, 0x5d, 0x94, 0x5d, 0x94,
    0x5d, 0x94, 0x3d, 0x94, 0x3d, 0x94, 0x3d, 0x94, 0x3d, 0x94, 0x3d, 0x94, 0x3d, 0x94, 0x1d, 0x94, 0x1d, 0x94, 0x1c,
    0x94, 0x1c, 0x94, 0x1c, 0x8c, 0x1c, 0x8c, 0xfc, 0x8b, 0xfc, 0x8b, 0xfc, 0x8b, 0xfc, 0x8b, 0xfc, 0x8b, 0xfc, 0x8b,
    0xdc, 0x8b, 0xdc, 0x8b, 0xdc, 0x8b, 0xdc, 0x8b, 0xdc, 0x8b, 0xdc, 0x83, 0xbc, 0x83, 0xbc, 0x83, 0xbc, 0x83, 0xbc,
    0x83, 0xbc, 0x83, 0xbc, 0x83, 0x9c, 0x83, 0x9c, 0x83, 0x9c, 0x83, 0x9c, 0x83, 0x9c, 0x83, 0x9c, 0x83, 0x7c, 0x83,
    0x7c, 0x7b, 0x7c, 0x7b, 0x7c, 0x7b, 0x7c, 0x7b, 0x7c, 0x7b, 0x5c, 0x7b, 0x5b, 0x7b, 0x5b, 0x7b, 0x5b, 0x7b, 0x5b,
    0x7b, 0x5b, 0x7b, 0x3b, 0x7b, 0x3b, 0x7b, 0x3b, 0x73, 0x3b, 0x73, 0x3b, 0x73, 0x3b, 0x73, 0x1b, 0x73, 0x1b, 0x73,
    0x1b, 0x73, 0x1b, 0x73, 0x1b, 0x73, 0x1b, 0x73, 0xfb, 0x72, 0xfb, 0x72, 0xfb, 0x72, 0xfb, 0x6a, 0xfb, 0x6a, 0xfb,
    0x6a, 0xdb, 0x6a, 0xdb, 0x6a, 0xdb, 0x6a, 0xfb, 0x72, 0x7d, 0xb5, 0xde, 0xc5, 0x3c, 0xb5, 0xc5, 0x18, 0x63, 0x10,
    0x63, 0x10, 0x62, 0x08, 0x42, 0x08, 0x42, 0x08, 0x41, 0x08, 0x21, 0x08, 0x21, 0x00, 0x21, 0x00, 0x20, 0x00, 0x00,
    0x00, 0x00, 0x00, 0x00, 0x00, 0x00, 0x00, 0x00, 0x00, 0x00, 0x00, 0x00, 0x00, 0x00, 0x00, 0x00, 0x00, 0x00, 0x00,
    0x00, 0x00, 0x00, 0x00, 0x00, 0x00, 0x00, 0x00, 0x00, 0x00, 0x00, 0x00, 0x00, 0x00, 0x00, 0x00, 0x00, 0x00, 0x00,
    0x00, 0x00, 0x00, 0x00, 0x00, 0x00, 0x00, 0x00, 0x00, 0x00, 0x00, 0x00, 0x00, 0x00, 0x00, 0x00, 0x00, 0x00, 0x00,
    0x00, 0x00, 0x00, 0x00, 0x00, 0x00, 0x00, 0x00, 0x00, 0x00, 0x00, 0x00, 0x00, 0x00, 0x00, 0x00, 0x00, 0x00, 0x00,
    0x00, 0x00, 0x00, 0x00, 0x00, 0x00, 0x00, 0x00, 0x00, 0x00, 0x00, 0x00, 0x00, 0x00, 0x00, 0x00, 0x00, 0x00, 0x00,
    0x00, 0x00, 0x00, 0x00, 0x00, 0x00, 0x00, 0x00, 0x00, 0x00, 0x00, 0x00, 0x00, 0x00, 0x00, 0x00, 0x00, 0x00, 0x00,
    0x00, 0x00, 0x00, 0x00, 0x00, 0x00, 0x00, 0x00, 0x00, 0x00, 0x00, 0x00, 0x00, 0x00, 0x00, 0x00, 0x00, 0x00, 0x00,
    0x00, 0x00, 0x00, 0x00, 0x00, 0x00, 0x00, 0x00, 0x00, 0x00, 0x00, 0x00, 0x00, 0x00, 0x00, 0x00, 0x00, 0x00, 0x00,
    0x00, 0x00, 0x00, 0x00, 0x00, 0x00, 0x00, 0x00, 0x00, 0x00, 0x00, 0x00, 0x00, 0x00, 0x00, 0x00, 0x00, 0x00, 0x00,
    0x20, 0x00, 0x21, 0x00, 0x21, 0x00, 0x21, 0x00, 0x41, 0x08, 0x42, 0x08, 0x42, 0x08, 0x62, 0x08, 0x63, 0x10, 0x83,
    0x10, 0x42, 0x08, 0xd7, 0xa4, 0xdf, 0xde, 0x7e, 0xd6, 0x3e, 0xad, 0x7d, 0x9c, 0x9d, 0x9c, 0x7d, 0x9c, 0x7d, 0x9c,
    0x7d, 0x9c, 0x7d, 0x9c, 0x7d, 0x9c, 0x7d, 0x9c, 0x5d, 0x9c, 0x5d, 0x9c, 0x5d, 0x9c, 0x5d, 0x94, 0x5d, 0x94, 0x5d,
    0x94, 0x3d, 0x94, 0x3d, 0x94, 0x3d, 0x94, 0x3d, 0x94, 0x3d, 0x94, 0x3d, 0x94, 0x1d, 0x94, 0x1d, 0x94, 0x1c, 0x94,
    0x1c, 0x94, 0x1c, 0x8c, 0x1c, 0x8c, 0xfc, 0x8b, 0xfc, 0x8b, 0xfc, 0x8b, 0xfc, 0x8b, 0xfc, 0x8b, 0xfc, 0x8b, 0xdc,
    0x8b, 0xdc, 0x8b, 0xdc, 0x8b, 0xdc, 0x8b, 0xdc, 0x8b, 0xdc, 0x83, 0xbc, 0x83, 0xbc, 0x83, 0xbc, 0x83, 0xbc, 0x83,
    0xbc, 0x83, 0xbc, 0x83, 0x9c, 0x83, 0x9c, 0x83, 0x9c, 0x83, 0x9c, 0x83, 0x9c, 0x83, 0x9c, 0x83, 0x7c, 0x83, 0x7c,
    0x7b, 0x7c, 0x7b, 0x7c, 0x7b, 0x7c, 0x7b, 0x7c, 0x7b, 0x5c, 0x7b, 0x5b, 0x7b, 0x5b, 0x7b, 0x5b, 0x7b, 0x5b, 0x7b,
    0x5b, 0x7b, 0x3b, 0x7b, 0x3b, 0x7b, 0x3b, 0x73, 0x3b, 0x73, 0x3b, 0x73, 0x3b, 0x73, 0x1b, 0x73, 0x1b, 0x73, 0x1b,
    0x73, 0x1b, 0x73, 0x1b, 0x73, 0x1b, 0x73, 0xfb, 0x72, 0xfb, 0x72, 0xfb, 0x72, 0xfb, 0x6a, 0xfb, 0x6a, 0xfb, 0x6a,
    0xdb, 0x6a, 0xdb, 0x6a, 0xdb, 0x6a, 0xbb, 0x6a, 0x1b, 0x73, 0x7d, 0xbd, 0xbe, 0xc5, 0x3b, 0xad, 0xe5, 0x18, 0x63,
    0x08, 0x63, 0x10, 0x62, 0x08, 0x42, 0x08, 0x42, 0x08, 0x41, 0x08, 0x21, 0x00, 0x21, 0x00, 0x21, 0x00, 0x20, 0x00,
    0x00, 0x00, 0x00, 0x00, 0x00, 0x00, 0x00, 0x00, 0x00, 0x00, 0x00, 0x00, 0x00, 0x00, 0x00, 0x00, 0x00, 0x00, 0x00,
    0x00, 0x00, 0x00, 0x00, 0x00, 0x00, 0x00, 0x00, 0x00, 0x00, 0x00, 0x00, 0x00, 0x00, 0x00, 0x00, 0x00, 0x00, 0x00,
    0x00, 0x00, 0x00, 0x00, 0x00, 0x00, 0x00, 0x00, 0x00, 0x00, 0x00, 0x00, 0x00, 0x00, 0x00, 0x00, 0x00, 0x00, 0x00,
    0x00, 0x00, 0x00, 0x00, 0x00, 0x00, 0x00, 0x00, 0x00, 0x00, 0x00, 0x00, 0x00, 0x00, 0x00, 0x00, 0x00, 0x00, 0x00,
    0x00, 0x00, 0x00, 0x00, 0x00, 0x00, 0x00, 0x00, 0x00, 0x00, 0x00, 0x00, 0x00, 0x00, 0x00, 0x00, 0x00, 0x00, 0x00,
    0x00, 0x00, 0x00, 0x00, 0x00, 0x00, 0x00, 0x00, 0x00, 0x00, 0x00, 0x00, 0x00, 0x00, 0x00, 0x00, 0x00, 0x00, 0x00,
    0x00, 0x00, 0x00, 0x00, 0x00, 0x00, 0x00, 0x00, 0x00, 0x00, 0x00, 0x00, 0x00, 0x00, 0x00, 0x00, 0x00, 0x00, 0x00,
    0x00, 0x00, 0x00, 0x00, 0x00, 0x00, 0x00, 0x00, 0x00, 0x00, 0x00, 0x00, 0x00, 0x00, 0x00, 0x00, 0x00, 0x00, 0x00,
    0x00, 0x00, 0x00, 0x00, 0x00, 0x00, 0x00, 0x00, 0x00, 0x00, 0x00, 0x00, 0x00, 0x00, 0x00, 0x00, 0x00, 0x00, 0x00,
    0x00, 0x20, 0x00, 0x21, 0x00, 0x21, 0x00, 0x21, 0x00, 0x21, 0x08, 0x42, 0x08, 0x42, 0x08, 0x62, 0x08, 0x63, 0x08,
    0x83, 0x10, 0x02, 0x00, 0xb2, 0x7b, 0xdf, 0xe6, 0x7e, 0xd6, 0x7e, 0xbd, 0x5d, 0x9c, 0x9d, 0x9c, 0x7d, 0x9c, 0x7d,
    0x9c, 0x7d, 0x9c, 0x7d, 0x9c, 0x7d, 0x9c, 0x5d, 0x9c, 0x5d, 0x9c, 0x5d, 0x9c, 0x5d, 0x94, 0x5d, 0x94, 0x5d, 0x94,
    0x3d, 0x94, 0x3d, 0x94, 0x3d, 0x94, 0x3d, 0x94, 0x3d, 0x94, 0x3d, 0x94, 0x1d, 0x94, 0x1d, 0x94, 0x1c, 0x94, 0x1c,
    0x94, 0x1c, 0x8c, 0x1c, 0x8c, 0xfc, 0x8b, 0xfc, 0x8b, 0xfc, 0x8b, 0xfc, 0x8b, 0xfc, 0x8b, 0xfc, 0x8b, 0xdc, 0x8b,
    0xdc, 0x8b, 0xdc, 0x8b, 0xdc, 0x8b, 0xdc, 0x8b, 0xdc, 0x83, 0xbc, 0x83, 0xbc, 0x83, 0xbc, 0x83, 0xbc, 0x83, 0xbc,
    0x83, 0xbc, 0x83, 0x9c, 0x83, 0x9c, 0x83, 0x9c, 0x83, 0x9c, 0x83, 0x9c, 0x83, 0x9c, 0x83, 0x7c, 0x83, 0x7c, 0x7b,
    0x7c, 0x7b, 0x7c, 0x7b, 0x7c, 0x7b, 0x7c, 0x7b, 0x5c, 0x7b, 0x5b, 0x7b, 0x5b, 0x7b, 0x5b, 0x7b, 0x5b, 0x7b, 0x5b,
    0x7b, 0x3b, 0x7b, 0x3b, 0x7b, 0x3b, 0x73, 0x3b, 0x73, 0x3b, 0x73, 0x3b, 0x73, 0x1b, 0x73, 0x1b, 0x73, 0x1b, 0x73,
    0x1b, 0x73, 0x1b, 0x73, 0x1b, 0x73, 0xfb, 0x72, 0xfb, 0x72, 0xfb, 0x72, 0xfb, 0x6a, 0xfb, 0x6a, 0xfb, 0x6a, 0xdb,
    0x6a, 0xdb, 0x6a, 0xdb, 0x6a, 0xdb, 0x6a, 0xbb, 0x62, 0x7b, 0x7b, 0xbd, 0xbd, 0xde, 0xc5, 0x77, 0x94, 0x63, 0x08,
    0x83, 0x10, 0x63, 0x10, 0x62, 0x08, 0x42, 0x08, 0x42, 0x08, 0x41, 0x08, 0x21, 0x00, 0x21, 0x00, 0x21, 0x00, 0x20,
    0x00, 0x00, 0x00, 0x00, 0x00, 0x00, 0x00, 0x00, 0x00, 0x00, 0x00, 0x00, 0x00, 0x00, 0x00, 0x00, 0x00, 0x00, 0x00,
    0x00, 0x00, 0x00, 0x00, 0x00, 0x00, 0x00, 0x00, 0x00, 0x00, 0x00, 0x00, 0x00, 0x00, 0x00, 0x00, 0x00, 0x00, 0x00,
    0x00, 0x00, 0x00, 0x00, 0x00, 0x00, 0x00, 0x00, 0x00, 0x00, 0x00, 0x00, 0x00, 0x00, 0x00, 0x00, 0x00, 0x00, 0x00,
    0x00, 0x00, 0x00, 0x00, 0x00, 0x00, 0x00, 0x00, 0x00, 0x00, 0x00, 0x00, 0x00, 0x00, 0x00, 0x00, 0x00, 0x00, 0x00,
    0x00, 0x00, 0x00, 0x00, 0x00, 0x00, 0x00, 0x00, 0x00, 0x00, 0x00, 0x00, 0x00, 0x00, 0x00, 0x00, 0x00, 0x00, 0x00,
    0x00, 0x00, 0x00, 0x00, 0x00, 0x00, 0x00, 0x00, 0x00, 0x00, 0x00, 0x00, 0x00, 0x00, 0x00, 0x00, 0x00, 0x00, 0x00,
    0x00, 0x00, 0x00, 0x00, 0x00, 0x00, 0x00, 0x00, 0x00, 0x00, 0x00, 0x00, 0x00, 0x00, 0x00, 0x00, 0x00, 0x00, 0x00,
    0x00, 0x00, 0x00, 0x00, 0x00, 0x00, 0x00, 0x00, 0x00, 0x00, 0x00, 0x00, 0x00, 0x00, 0x00, 0x00, 0x00, 0x00, 0x00,
    0x00, 0x00, 0x00, 0x00, 0x00, 0x00, 0x00, 0x00, 0x00, 0x00, 0x00, 0x00, 0x00, 0x00, 0x00, 0x00, 0x00, 0x00, 0x00,
    0x00, 0x00, 0x00, 0x00, 0x21, 0x00, 0x21, 0x00, 0x21, 0x00, 0x21, 0x08, 0x42, 0x08, 0x42, 0x08, 0x42, 0x08, 0x63,
    0x08, 0x83, 0x10, 0x02, 0x00, 0x2f, 0x6b, 0xdf, 0xe6, 0x7e, 0xd6, 0xbe, 0xbd, 0x5d, 0x9c, 0x9d, 0x9c, 0x7d, 0x9c,
    0x7d, 0x9c, 0x7d, 0x9c, 0x7d, 0x9c, 0x5d, 0x9c, 0x5d, 0x9c, 0x5d, 0x9c, 0x5d, 0x94, 0x5d, 0x94, 0x5d, 0x94, 0x3d,
    0x94, 0x3d, 0x94, 0x3d, 0x94, 0x3d, 0x94, 0x3d, 0x94, 0x3d, 0x94, 0x1d, 0x94, 0x1d, 0x94, 0x1c, 0x94, 0x1c, 0x94,
    0x1c, 0x8c, 0x1c, 0x8c, 0xfc, 0x8b, 0xfc, 0x8b, 0xfc, 0x8b, 0xfc, 0x8b, 0xfc, 0x8b, 0xfc, 0x8b, 0xdc, 0x8b, 0xdc,
    0x8b, 0xdc, 0x8b, 0xdc, 0x8b, 0xdc, 0x8b, 0xdc, 0x83, 0xbc, 0x83, 0xbc, 0x83, 0xbc, 0x83, 0xbc, 0x83, 0xbc, 0x83,
    0xbc, 0x83, 0x9c, 0x83, 0x9c, 0x83, 0x9c, 0x83, 0x9c, 0x83, 0x9c, 0x83, 0x9c, 0x83, 0x7c, 0x83, 0x7c, 0x7b, 0x7c,
    0x7b, 0x7c, 0x7b, 0x7c, 0x7b, 0x7c, 0x7b, 0x5c, 0x7b, 0x5b, 0x7b, 0x5b, 0x7b, 0x5b, 0x7b, 0x5b, 0x7b, 0x5b, 0x7b,
    0x3b, 0x7b, 0x3b, 0x7b, 0x3b, 0x73, 0x3b, 0x73, 0x3b, 0x73, 0x3b, 0x73, 0x1b, 0x73, 0x1b, 0x73, 0x1b, 0x73, 0x1b,
    0x73, 0x1b, 0x73, 0x1b, 0x73, 0xfb, 0x72, 0xfb, 0x72, 0xfb, 0x72, 0xfb, 0x6a, 0xfb, 0x6a, 0xfb, 0x6a, 0xdb, 0x6a,
    0xdb, 0x6a, 0xdb, 0x6a, 0xdb, 0x6a, 0xdb, 0x6a, 0x9a, 0x62, 0xdc, 0x8b, 0xbd, 0xbd, 0xdf, 0xc5, 0xf5, 0x83, 0x42,
    0x08, 0x83, 0x10, 0x63, 0x08, 0x62, 0x08, 0x42, 0x08, 0x42, 0x08, 0x41, 0x08, 0x21, 0x00, 0x21, 0x00, 0x21, 0x00,
    0x20, 0x00, 0x00, 0x00, 0x00, 0x00, 0x00, 0x00, 0x00, 0x00, 0x00, 0x00, 0x00, 0x00, 0x00, 0x00, 0x00, 0x00, 0x00,
    0x00, 0x00, 0x00, 0x00, 0x00, 0x00, 0x00, 0x00, 0x00, 0x00, 0x00, 0x00, 0x00, 0x00, 0x00, 0x00, 0x00, 0x00, 0x00,
    0x00, 0x00, 0x00, 0x00, 0x00, 0x00, 0x00, 0x00, 0x00, 0x00, 0x00, 0x00, 0x00, 0x00, 0x00, 0x00, 0x00, 0x00, 0x00,
    0x00, 0x00, 0x00, 0x00, 0x00, 0x00, 0x00, 0x00, 0x00, 0x00, 0x00, 0x00, 0x00, 0x00, 0x00, 0x00, 0x00, 0x00, 0x00,
    0x00, 0x00, 0x00, 0x00, 0x00, 0x00, 0x00, 0x00, 0x00, 0x00, 0x00, 0x00, 0x00, 0x00, 0x00, 0x00, 0x00, 0x00, 0x00,
    0x00, 0x00, 0x00, 0x00, 0x00, 0x00, 0x00, 0x00, 0x00, 0x00, 0x00, 0x00, 0x00, 0x00, 0x00, 0x00, 0x00, 0x00, 0x00,
    0x00, 0x00, 0x00, 0x00, 0x00, 0x00, 0x00, 0x00, 0x00, 0x00, 0x00, 0x00, 0x00, 0x00, 0x00, 0x00, 0x00, 0x00, 0x00,
    0x00, 0x00, 0x00, 0x00, 0x00, 0x00, 0x00, 0x00, 0x00, 0x00, 0x00, 0x00, 0x00, 0x00, 0x00, 0x00, 0x00, 0x00, 0x00,
    0x00, 0x00, 0x00, 0x00, 0x00, 0x00, 0x00, 0x00, 0x00, 0x00, 0x00, 0x00, 0x00, 0x00, 0x00, 0x00, 0x00, 0x00, 0x00,
    0x00, 0x00, 0x00, 0x00, 0x00, 0x20, 0x00, 0x21, 0x00, 0x21, 0x00, 0x21, 0x08, 0x41, 0x08, 0x42, 0x08, 0x42, 0x08,
    0x62, 0x08, 0x83, 0x10, 0x22, 0x08, 0xea, 0x41, 0x9f, 0xde, 0x7e, 0xd6, 0x1e, 0xce, 0x7d, 0x9c, 0x7d, 0x9c, 0x7d,
    0x9c, 0x7d, 0x9c, 0x7d, 0x9c, 0x5d, 0x9c, 0x5d, 0x9c, 0x5d, 0x9c, 0x5d, 0x94, 0x5d, 0x94, 0x5d, 0x94, 0x3d, 0x94,
    0x3d, 0x94, 0x3d, 0x94, 0x3d, 0x94, 0x3d, 0x94, 0x3d, 0x94, 0x1d, 0x94, 0x1d, 0x94, 0x1c, 0x94, 0x1c, 0x94, 0x1c,
    0x8c, 0x1c, 0x8c, 0xfc, 0x8b, 0xfc, 0x8b, 0xfc, 0x8b, 0xfc, 0x8b, 0xfc, 0x8b, 0xfc, 0x8b, 0xdc, 0x8b, 0xdc, 0x8b,
    0xdc, 0x8b, 0xdc, 0x8b, 0xdc, 0x8b, 0xdc, 0x83, 0xbc, 0x83, 0xbc, 0x83, 0xbc, 0x83, 0xbc, 0x83, 0xbc, 0x83, 0xbc,
    0x83, 0x9c, 0x83, 0x9c, 0x83, 0x9c, 0x83, 0x9c, 0x83, 0x9c, 0x83, 0x9c, 0x83, 0x7c, 0x83, 0x7c, 0x7b, 0x7c, 0x7b,
    0x7c, 0x7b, 0x7c, 0x7b, 0x7c, 0x7b, 0x5c, 0x7b, 0x5b, 0x7b, 0x5b, 0x7b, 0x5b, 0x7b, 0x5b, 0x7b, 0x5b, 0x7b, 0x3b,
    0x7b, 0x3b, 0x7b, 0x3b, 0x73, 0x3b, 0x73, 0x3b, 0x73, 0x3b, 0x73, 0x1b, 0x73, 0x1b, 0x73, 0x1b, 0x73, 0x1b, 0x73,
    0x1b, 0x73, 0x1b, 0x73, 0xfb, 0x72, 0xfb, 0x72, 0xfb, 0x72, 0xfb, 0x6a, 0xfb, 0x6a, 0xfb, 0x6a, 0xdb, 0x6a, 0xdb,
    0x6a, 0xdb, 0x6a, 0xdb, 0x6a, 0xdb, 0x6a, 0xdb, 0x6a, 0x9a, 0x62, 0x7c, 0x9c, 0xbd, 0xbd, 0xff, 0xc5, 0xf0, 0x62,
    0x21, 0x00, 0x83, 0x10, 0x63, 0x08, 0x42, 0x08, 0x42, 0x08, 0x42, 0x08, 0x21, 0x08, 0x21, 0x00, 0x21, 0x00, 0x21,
    0x00, 0x00, 0x00, 0x00, 0x00, 0x00, 0x00, 0x00, 0x00, 0x00, 0x00, 0x00, 0x00, 0x00, 0x00, 0x00, 0x00, 0x00, 0x00,
    0x00, 0x00, 0x00, 0x00, 0x00, 0x00, 0x00, 0x00, 0x00, 0x00, 0x00, 0x00, 0x00, 0x00, 0x00, 0x00, 0x00, 0x00, 0x00,
    0x00, 0x00, 0x00, 0x00, 0x00, 0x00, 0x00, 0x00, 0x00, 0x00, 0x00, 0x00, 0x00, 0x00, 0x00, 0x00, 0x00, 0x00, 0x00,
    0x00, 0x00, 0x00, 0x00, 0x00, 0x00, 0x00, 0x00, 0x00, 0x00, 0x00, 0x00, 0x00, 0x00, 0x00, 0x00, 0x00, 0x00, 0x00,
    0x00, 0x00, 0x00, 0x00, 0x00, 0x00, 0x00, 0x00, 0x00, 0x00, 0x00, 0x00, 0x00, 0x00, 0x00, 0x00, 0x00, 0x00, 0x00,
    0x00, 0x00, 0x00, 0x00, 0x00, 0x00, 0x00, 0x00, 0x00, 0x00, 0x00, 0x00, 0x00, 0x00, 0x00, 0x00, 0x00, 0x00, 0x00,
    0x00, 0x00, 0x00, 0x00, 0x00, 0x00, 0x00, 0x00, 0x00, 0x00, 0x00, 0x00, 0x00, 0x00, 0x00, 0x00, 0x00, 0x00, 0x00,
    0x00, 0x00, 0x00, 0x00, 0x00, 0x00, 0x00, 0x00, 0x00, 0x00, 0x00, 0x00, 0x00, 0x00, 0x00, 0x00, 0x00, 0x00, 0x00,
    0x00, 0x00, 0x00, 0x00, 0x00, 0x00, 0x00, 0x00, 0x00, 0x00, 0x00, 0x00, 0x00, 0x00, 0x00, 0x00, 0x00, 0x00, 0x00,
    0x00, 0x00, 0x00, 0x00, 0x00, 0x00, 0x20, 0x00, 0x21, 0x00, 0x21, 0x00, 0x21, 0x00, 0x41, 0x08, 0x42, 0x08, 0x42,
    0x08, 0x62, 0x08, 0x63, 0x10, 0x63, 0x08, 0x06, 0x21, 0x1d, 0xce, 0x7f, 0xd6, 0x5e, 0xce, 0x9d, 0xa4, 0x7d, 0x9c,
    0x7d, 0x9c, 0x7d, 0x9c, 0x5d, 0x9c, 0x5d, 0x9c, 0x5d, 0x9c, 0x5d, 0x94, 0x5d, 0x94, 0x5d, 0x94, 0x3d, 0x94, 0x3d,
    0x94, 0x3d, 0x94, 0x3d, 0x94, 0x3d, 0x94, 0x3d, 0x94, 0x1d, 0x94, 0x1d, 0x94, 0x1c, 0x94, 0x1c, 0x94, 0x1c, 0x8c,
    0x1c, 0x8c, 0xfc, 0x8b, 0xfc, 0x8b, 0xfc, 0x8b, 0xfc, 0x8b, 0xfc, 0x8b, 0xfc, 0x8b, 0xdc, 0x8b, 0xdc, 0x8b, 0xdc,
    0x8b, 0xdc, 0x8b, 0xdc, 0x8b, 0xdc, 0x83, 0xbc, 0x83, 0xbc, 0x83, 0xbc, 0x83, 0xbc, 0x83, 0xbc, 0x83, 0xbc, 0x83,
    0x9c, 0x83, 0x9c, 0x83, 0x9c, 0x83, 0x9c, 0x83, 0x9c, 0x83, 0x9c, 0x83, 0x7c, 0x83, 0x7c, 0x7b, 0x7c, 0x7b, 0x7c,
    0x7b, 0x7c, 0x7b, 0x7c, 0x7b, 0x5c, 0x7b, 0x5b, 0x7b, 0x5b, 0x7b, 0x5b, 0x7b, 0x5b, 0x7b, 0x5b, 0x7b, 0x3b, 0x7b,
    0x3b, 0x7b, 0x3b, 0x73, 0x3b, 0x73, 0x3b, 0x73, 0x3b, 0x73, 0x1b, 0x73, 0x1b, 0x73, 0x1b, 0x73, 0x1b, 0x73, 0x1b,
    0x73, 0x1b, 0x73, 0xfb, 0x72, 0xfb, 0x72, 0xfb, 0x72, 0xfb, 0x6a, 0xfb, 0x6a, 0xfb, 0x6a, 0xdb, 0x6a, 0xdb, 0x6a,
    0xdb, 0x6a, 0xdb, 0x6a, 0xdb, 0x6a, 0xdb, 0x6a, 0xdb, 0x6a, 0x9b, 0x62, 0xfd, 0xa4, 0xbd, 0xbd, 0xde, 0xc5, 0xeb,
    0x41, 0x22, 0x08, 0x83, 0x10, 0x62, 0x08, 0x42, 0x08, 0x42, 0x08, 0x41, 0x08, 0x21, 0x08, 0x21, 0x00, 0x21, 0x00,
    0x20, 0x00, 0x00, 0x00, 0x00, 0x00, 0x00, 0x00, 0x00, 0x00, 0x00, 0x00, 0x00, 0x00, 0x00, 0x00, 0x00, 0x00, 0x00,
    0x00, 0x00, 0x00, 0x00, 0x00, 0x00, 0x00, 0x00, 0x00, 0x00, 0x00, 0x00, 0x00, 0x00, 0x00, 0x00, 0x00, 0x00, 0x00,
    0x00, 0x00, 0x00, 0x00, 0x00, 0x00, 0x00, 0x00, 0x00, 0x00, 0x00, 0x00, 0x00, 0x00, 0x00, 0x00, 0x00, 0x00, 0x00,
    0x00, 0x00, 0x00, 0x00, 0x00, 0x00, 0x00, 0x00, 0x00, 0x00, 0x00, 0x00, 0x00, 0x00, 0x00, 0x00, 0x00, 0x00, 0x00,
    0x00, 0x00, 0x00, 0x00, 0x00, 0x00, 0x00, 0x00, 0x00, 0x00, 0x00, 0x00, 0x00, 0x00, 0x00, 0x00, 0x00, 0x00, 0x00,
    0x00, 0x00, 0x00, 0x00, 0x00, 0x00, 0x00, 0x00, 0x00, 0x00, 0x00, 0x00, 0x00, 0x00, 0x00, 0x00, 0x00, 0x00, 0x00,
    0x00, 0x00, 0x00, 0x00, 0x00, 0x00, 0x00, 0x00, 0x00, 0x00, 0x00, 0x00, 0x00, 0x00, 0x00, 0x00, 0x00, 0x00, 0x00,
    0x00, 0x00, 0x00, 0x00, 0x00, 0x00, 0x00, 0x00, 0x00, 0x00, 0x00, 0x00, 0x00, 0x00, 0x00, 0x00, 0x00, 0x00, 0x00,
    0x00, 0x00, 0x00, 0x00, 0x00, 0x00, 0x00, 0x00, 0x00, 0x00, 0x00, 0x00, 0x00, 0x00, 0x00, 0x00, 0x00, 0x00, 0x00,
    0x00, 0x00, 0x00, 0x00, 0x00, 0x00, 0x00, 0x20, 0x00, 0x21, 0x00, 0x21, 0x00, 0x21, 0x00, 0x41, 0x08, 0x42, 0x08,
    0x42, 0x08, 0x62, 0x08, 0x63, 0x08, 0x83, 0x10, 0x63, 0x10, 0x39, 0xad, 0x9f, 0xde, 0x7e, 0xd6, 0xfd, 0xac, 0x5d,
    0x94, 0x7d, 0x9c, 0x5d, 0x9c, 0x5d, 0x9c, 0x5d, 0x9c, 0x5d, 0x94, 0x5d, 0x94, 0x5d, 0x94, 0x3d, 0x94, 0x3d, 0x94,
    0x3d, 0x94, 0x3d, 0x94, 0x3d, 0x94, 0x3d, 0x94, 0x1d, 0x94, 0x1d, 0x94, 0x1c, 0x94, 0x1c, 0x94, 0x1c, 0x8c, 0x1c,
    0x8c, 0xfc, 0x8b, 0xfc, 0x8b, 0xfc, 0x8b, 0xfc, 0x8b, 0xfc, 0x8b, 0xfc, 0x8b, 0xdc, 0x8b, 0xdc, 0x8b, 0xdc, 0x8b,
    0xdc, 0x8b, 0xdc, 0x8b, 0xdc, 0x83, 0xbc, 0x83, 0xbc, 0x83, 0xbc, 0x83, 0xbc, 0x83, 0xbc, 0x83, 0xbc, 0x83, 0x9c,
    0x83, 0x9c, 0x83, 0x9c, 0x83, 0x9c, 0x83, 0x9c, 0x83, 0x9c, 0x83, 0x7c, 0x83, 0x7c, 0x7b, 0x7c, 0x7b, 0x7c, 0x7b,
    0x7c, 0x7b, 0x7c, 0x7b, 0x5c, 0x7b, 0x5b, 0x7b, 0x5b, 0x7b, 0x5b, 0x7b, 0x5b, 0x7b, 0x5b, 0x7b, 0x3b, 0x7b, 0x3b,
    0x7b, 0x3b, 0x73, 0x3b, 0x73, 0x3b, 0x73, 0x3b, 0x73, 0x1b, 0x73, 0x1b, 0x73, 0x1b, 0x73, 0x1b, 0x73, 0x1b, 0x73,
    0x1b, 0x73, 0xfb, 0x72, 0xfb, 0x72, 0xfb, 0x72, 0xfb, 0x6a, 0xfb, 0x6a, 0xfb, 0x6a, 0xdb, 0x6a, 0xdb, 0x6a, 0xdb,
    0x6a, 0xdb, 0x6a, 0xdb, 0x6a, 0xbb, 0x6a, 0xbb, 0x6a, 0xbb, 0x6a, 0xdb, 0x6a, 0x5d, 0xb5, 0xbd, 0xbd, 0x7c, 0xb5,
    0x27, 0x21, 0x42, 0x08, 0x63, 0x10, 0x62, 0x08, 0x42, 0x08, 0x42, 0x08, 0x41, 0x08, 0x21, 0x08, 0x21, 0x00, 0x21,
    0x00, 0x20, 0x00, 0x00, 0x00, 0x00, 0x00, 0x00, 0x00, 0x00, 0x00, 0x00, 0x00, 0x00, 0x00, 0x00, 0x00, 0x00, 0x00,
    0x00, 0x00, 0x00, 0x00, 0x00, 0x00, 0x00, 0x00, 0x00, 0x00, 0x00, 0x00, 0x00, 0x00, 0x00, 0x00, 0x00, 0x00, 0x00,
    0x00, 0x00, 0x00, 0x00, 0x00, 0x00, 0x00, 0x00, 0x00, 0x00, 0x00, 0x00, 0x00, 0x00, 0x00, 0x00, 0x00, 0x00, 0x00,
    0x00, 0x00, 0x00, 0x00, 0x00, 0x00, 0x00, 0x00, 0x00, 0x00, 0x00, 0x00, 0x00, 0x00, 0x00, 0x00, 0x00, 0x00, 0x00,
    0x00, 0x00, 0x00, 0x00, 0x00, 0x00, 0x00, 0x00, 0x00, 0x00, 0x00, 0x00, 0x00, 0x00, 0x00, 0x00, 0x00, 0x00, 0x00,
    0x00, 0x00, 0x00, 0x00, 0x00, 0x00, 0x00, 0x00, 0x00, 0x00, 0x00, 0x00, 0x00, 0x00, 0x00, 0x00, 0x00, 0x00, 0x00,
    0x00, 0x00, 0x00, 0x00, 0x00, 0x00, 0x00, 0x00, 0x00, 0x00, 0x00, 0x00, 0x00, 0x00, 0x00, 0x00, 0x00, 0x00, 0x00,
    0x00, 0x00, 0x00, 0x00, 0x00, 0x00, 0x00, 0x00, 0x00, 0x00, 0x00, 0x00, 0x00, 0x00, 0x00, 0x00, 0x00, 0x00, 0x00,
    0x00, 0x00, 0x00, 0x00, 0x00, 0x00, 0x00, 0x00, 0x00, 0x00, 0x00, 0x00, 0x00, 0x00, 0x00, 0x00, 0x00, 0x00, 0x00,
    0x00, 0x00, 0x00, 0x00, 0x00, 0x00, 0x00, 0x00, 0x00, 0x00, 0x21, 0x00, 0x21, 0x00, 0x21, 0x00, 0x21, 0x08, 0x42,
    0x08, 0x42, 0x08, 0x42, 0x08, 0x63, 0x08, 0x83, 0x10, 0x01, 0x00, 0xd3, 0x83, 0xdf, 0xde, 0x7e, 0xd6, 0x7e, 0xbd,
    0x3d, 0x94, 0x7d, 0x9c, 0x5d, 0x9c, 0x5d, 0x9c, 0x5d, 0x94, 0x5d, 0x94, 0x5d, 0x94, 0x3d, 0x94, 0x3d, 0x94, 0x3d,
    0x94, 0x3d, 0x94, 0x3d, 0x94, 0x3d, 0x94, 0x1d, 0x94, 0x1d, 0x94, 0x1c, 0x94, 0x1c, 0x94, 0x1c, 0x8c, 0x1c, 0x8c,
    0xfc, 0x8b, 0xfc, 0x8b, 0xfc, 0x8b, 0xfc, 0x8b, 0xfc, 0x8b, 0xfc, 0x8b, 0xdc, 0x8b, 0xdc, 0x8b, 0xdc, 0x8b, 0xdc,
    0x8b, 0xdc, 0x8b, 0xdc, 0x83, 0xbc, 0x83, 0xbc, 0x83, 0xbc, 0x83, 0xbc, 0x83, 0xbc, 0x83, 0xbc, 0x83, 0x9c, 0x83,
    0x9c, 0x83, 0x9c, 0x83, 0x9c, 0x83, 0x9c, 0x83, 0x9c, 0x83, 0x7c, 0x83, 0x7c, 0x7b, 0x7c, 0x7b, 0x7c, 0x7b, 0x7c,
    0x7b, 0x7c, 0x7b, 0x5c, 0x7b, 0x5b, 0x7b, 0x5b, 0x7b, 0x5b, 0x7b, 0x5b, 0x7b, 0x5b, 0x7b, 0x3b, 0x7b, 0x3b, 0x7b,
    0x3b, 0x73, 0x3b, 0x73, 0x3b, 0x73, 0x3b, 0x73, 0x1b, 0x73, 0x1b, 0x73, 0x1b, 0x73, 0x1b, 0x73, 0x1b, 0x73, 0x1b,
    0x73, 0xfb, 0x72, 0xfb, 0x72, 0xfb, 0x72, 0xfb, 0x6a, 0xfb, 0x6a, 0xfb, 0x6a, 0xdb, 0x6a, 0xdb, 0x6a, 0xdb, 0x6a,
    0xdb, 0x6a, 0xdb, 0x6a, 0xbb, 0x6a, 0xbb, 0x6a, 0xdb, 0x6a, 0x9a, 0x62, 0x9b, 0x83, 0xbd, 0xbd, 0xde, 0xc5, 0x98,
    0x9c, 0x63, 0x08, 0x83, 0x10, 0x63, 0x08, 0x62, 0x08, 0x42, 0x08, 0x42, 0x08, 0x41, 0x08, 0x21, 0x00, 0x21, 0x00,
    0x21, 0x00, 0x20, 0x00, 0x00, 0x00, 0x00, 0x00, 0x00, 0x00, 0x00, 0x00, 0x00, 0x00, 0x00, 0x00, 0x00, 0x00, 0x00,
    0x00, 0x00, 0x00, 0x00, 0x00, 0x00, 0x00, 0x00, 0x00, 0x00, 0x00, 0x00, 0x00, 0x00, 0x00, 0x00, 0x00, 0x00, 0x00,
    0x00, 0x00, 0x00, 0x00, 0x00, 0x00, 0x00, 0x00, 0x00, 0x00, 0x00, 0x00, 0x00, 0x00, 0x00, 0x00, 0x00, 0x00, 0x00,
    0x00, 0x00, 0x00, 0x00, 0x00, 0x00, 0x00, 0x00, 0x00, 0x00, 0x00, 0x00, 0x00, 0x00, 0x00, 0x00, 0x00, 0x00, 0x00,
    0x00, 0x00, 0x00, 0x00, 0x00, 0x00, 0x00, 0x00, 0x00, 0x00, 0x00, 0x00, 0x00, 0x00, 0x00, 0x00, 0x00, 0x00, 0x00,
    0x00, 0x00, 0x00, 0x00, 0x00, 0x00, 0x00, 0x00, 0x00, 0x00, 0x00, 0x00, 0x00, 0x00, 0x00, 0x00, 0x00, 0x00, 0x00,
    0x00, 0x00, 0x00, 0x00, 0x00, 0x00, 0x00, 0x00, 0x00, 0x00, 0x00, 0x00, 0x00, 0x00, 0x00, 0x00, 0x00, 0x00, 0x00,
    0x00, 0x00, 0x00, 0x00, 0x00, 0x00, 0x00, 0x00, 0x00, 0x00, 0x00, 0x00, 0x00, 0x00, 0x00, 0x00, 0x00, 0x00, 0x00,
    0x00, 0x00, 0x00, 0x00, 0x00, 0x00, 0x00, 0x00, 0x00, 0x00, 0x00, 0x00, 0x00, 0x00, 0x00, 0x00, 0x00, 0x00, 0x00,
    0x00, 0x00, 0x00, 0x00, 0x00, 0x00, 0x00, 0x00, 0x00, 0x00, 0x00, 0x20, 0x00, 0x21, 0x00, 0x21, 0x00, 0x21, 0x08,
    0x41, 0x08, 0x42, 0x08, 0x42, 0x08, 0x62, 0x08, 0x83, 0x10, 0x22, 0x00, 0x4c, 0x4a, 0xbf, 0xde, 0x7e, 0xd6, 0xfe,
    0xc5, 0x5d, 0x94, 0x5d, 0x9c, 0x5d, 0x9c, 0x5d, 0x94, 0x5d, 0x94, 0x5d, 0x94, 0x3d, 0x94, 0x3d, 0x94, 0x3d, 0x94,
    0x3d, 0x94, 0x3d, 0x94, 0x3d, 0x94, 0x1d, 0x94, 0x1d, 0x94, 0x1c, 0x94, 0x1c, 0x94, 0x1c, 0x8c, 0x1c, 0x8c, 0xfc,
    0x8b, 0xfc, 0x8b, 0xfc, 0x8b, 0xfc, 0x8b, 0xfc, 0x8b, 0xfc, 0x8b, 0xdc, 0x8b, 0xdc, 0x8b, 0xdc, 0x8b, 0xdc, 0x8b,
    0xdc, 0x8b, 0xdc, 0x83, 0xbc, 0x83, 0xbc, 0x83, 0xbc, 0x83, 0xbc, 0x83, 0xbc, 0x83, 0xbc, 0x83, 0x9c, 0x83, 0x9c,
    0x83, 0x9c, 0x83, 0x9c, 0x83, 0x9c, 0x83, 0x9c, 0x83, 0x7c, 0x83, 0x7c, 0x7b, 0x7c, 0x7b, 0x7c, 0x7b, 0x7c, 0x7b,
    0x7c, 0x7b, 0x5c, 0x7b, 0x5b, 0x7b, 0x5b, 0x7b, 0x5b, 0x7b, 0x5b, 0x7b, 0x5b, 0x7b, 0x3b, 0x7b, 0x3b, 0x7b, 0x3b,
    0x73, 0x3b, 0x73, 0x3b, 0x73, 0x3b, 0x73, 0x1b, 0x73, 0x1b, 0x73, 0x1b, 0x73, 0x1b, 0x73, 0x1b, 0x73, 0x1b, 0x73,
    0xfb, 0x72, 0xfb, 0x72, 0xfb, 0x72, 0xfb, 0x6a, 0xfb, 0x6a, 0xfb, 0x6a, 0xdb, 0x6a, 0xdb, 0x6a, 0xdb, 0x6a, 0xdb,
    0x6a, 0xdb, 0x6a, 0xbb, 0x6a, 0xbb, 0x6a, 0xbb, 0x6a, 0xbb, 0x6a, 0x7a, 0x62, 0x5c, 0x94, 0xbd, 0xbd, 0xdf, 0xc5,
    0x51, 0x6b, 0x22, 0x00, 0x83, 0x10, 0x62, 0x08, 0x42, 0x08, 0x42, 0x08, 0x42, 0x08, 0x21, 0x08, 0x21, 0x00, 0x21,
    0x00, 0x21, 0x00, 0x00, 0x00, 0x00, 0x00, 0x00, 0x00, 0x00, 0x00, 0x00, 0x00, 0x00, 0x00, 0x00, 0x00, 0x00, 0x00,
    0x00, 0x00, 0x00, 0x00, 0x00, 0x00, 0x00, 0x00, 0x00, 0x00, 0x00, 0x00, 0x00, 0x00, 0x00, 0x00, 0x00, 0x00, 0x00,
    0x00, 0x00, 0x00, 0x00, 0x00, 0x00, 0x00, 0x00, 0x00, 0x00, 0x00, 0x00, 0x00, 0x00, 0x00, 0x00, 0x00, 0x00, 0x00,
    0x00, 0x00, 0x00, 0x00, 0x00, 0x00, 0x00, 0x00, 0x00, 0x00, 0x00, 0x00, 0x00, 0x00, 0x00, 0x00, 0x00, 0x00, 0x00,
    0x00, 0x00, 0x00, 0x00, 0x00, 0x00, 0x00, 0x00, 0x00, 0x00, 0x00, 0x00, 0x00, 0x00, 0x00, 0x00, 0x00, 0x00, 0x00,
    0x00, 0x00, 0x00, 0x00, 0x00, 0x00, 0x00, 0x00, 0x00, 0x00, 0x00, 0x00, 0x00, 0x00, 0x00, 0x00, 0x00, 0x00, 0x00,
    0x00, 0x00, 0x00, 0x00, 0x00, 0x00, 0x00, 0x00, 0x00, 0x00, 0x00, 0x00, 0x00, 0x00, 0x00, 0x00, 0x00, 0x00, 0x00,
    0x00, 0x00, 0x00, 0x00, 0x00, 0x00, 0x00, 0x00, 0x00, 0x00, 0x00, 0x00, 0x00, 0x00, 0x00, 0x00, 0x00, 0x00, 0x00,
    0x00, 0x00, 0x00, 0x00, 0x00, 0x00, 0x00, 0x00, 0x00, 0x00, 0x00, 0x00, 0x00, 0x00, 0x00, 0x00, 0x00, 0x00, 0x00,
    0x00, 0x00, 0x00, 0x00, 0x00, 0x00, 0x00, 0x00, 0x00, 0x00, 0x00, 0x00, 0x20, 0x00, 0x21, 0x00, 0x21, 0x00, 0x21,
    0x00, 0x41, 0x08, 0x42, 0x08, 0x42, 0x08, 0x62, 0x08, 0x63, 0x10, 0x63, 0x08, 0xe5, 0x18, 0xfd, 0xc5, 0x7f, 0xd6,
    0x5e, 0xd6, 0xbd, 0xa4, 0x5d, 0x94, 0x5d, 0x9c, 0x5d, 0x94, 0x5d, 0x94, 0x3d, 0x94, 0x3d, 0x94, 0x3d, 0x94, 0x3d,
    0x94, 0x3d, 0x94, 0x3d, 0x94, 0x1d, 0x94, 0x1d, 0x94, 0x1c, 0x94, 0x1c, 0x94, 0x1c, 0x8c, 0x1c, 0x8c, 0xfc, 0x8b,
    0xfc, 0x8b, 0xfc, 0x8b, 0xfc, 0x8b, 0xfc, 0x8b, 0xfc, 0x8b, 0xdc, 0x8b, 0xdc, 0x8b, 0xdc, 0x8b, 0xdc, 0x8b, 0xdc,
    0x8b, 0xdc, 0x83, 0xbc, 0x83, 0xbc, 0x83, 0xbc, 0x83, 0xbc, 0x83, 0xbc, 0x83, 0xbc, 0x83, 0x9c, 0x83, 0x9c, 0x83,
    0x9c, 0x83, 0x9c, 0x83, 0x9c, 0x83, 0x9c, 0x83, 0x7c, 0x83, 0x7c, 0x7b, 0x7c, 0x7b, 0x7c, 0x7b, 0x7c, 0x7b, 0x7c,
    0x7b, 0x5c, 0x7b, 0x5b, 0x7b, 0x5b, 0x7b, 0x5b, 0x7b, 0x5b, 0x7b, 0x5b, 0x7b, 0x3b, 0x7b, 0x3b, 0x7b, 0x3b, 0x73,
    0x3b, 0x73, 0x3b, 0x73, 0x3b, 0x73, 0x1b, 0x73, 0x1b, 0x73, 0x1b, 0x73, 0x1b, 0x73, 0x1b, 0x73, 0x1b, 0x73, 0xfb,
    0x72, 0xfb, 0x72, 0xfb, 0x72, 0xfb, 0x6a, 0xfb, 0x6a, 0xfb, 0x6a, 0xdb, 0x6a, 0xdb, 0x6a, 0xdb, 0x6a, 0xdb, 0x6a,
    0xdb, 0x6a, 0xbb, 0x6a, 0xbb, 0x6a, 0xbb, 0x6a, 0xbb, 0x6a, 0xbb, 0x6a, 0xbb, 0x6a, 0x1d, 0xad, 0x9d, 0xbd, 0xde,
    0xc5, 0xca, 0x39, 0x22, 0x08, 0x83, 0x10, 0x62, 0x08, 0x42, 0x08, 0x42, 0x08, 0x41, 0x08, 0x21, 0x08, 0x21, 0x00,
    0x21, 0x00, 0x20, 0x00, 0x00, 0x00, 0x00, 0x00, 0x00, 0x00, 0x00, 0x00, 0x00, 0x00, 0x00, 0x00, 0x00, 0x00, 0x00,
    0x00, 0x00, 0x00, 0x00, 0x00, 0x00, 0x00, 0x00, 0x00, 0x00, 0x00, 0x00, 0x00, 0x00, 0x00, 0x00, 0x00, 0x00, 0x00,
    0x00, 0x00, 0x00, 0x00, 0x00, 0x00, 0x00, 0x00, 0x00, 0x00, 0x00, 0x00, 0x00, 0x00, 0x00, 0x00, 0x00, 0x00, 0x00,
    0x00, 0x00, 0x00, 0x00, 0x00, 0x00, 0x00, 0x00, 0x00, 0x00, 0x00, 0x00, 0x00, 0x00, 0x00, 0x00, 0x00, 0x00, 0x00,
    0x00, 0x00, 0x00, 0x00, 0x00, 0x00, 0x00, 0x00, 0x00, 0x00, 0x00, 0x00, 0x00, 0x00, 0x00, 0x00, 0x00, 0x00, 0x00,
    0x00, 0x00, 0x00, 0x00, 0x00, 0x00, 0x00, 0x00, 0x00, 0x00, 0x00, 0x00, 0x00, 0x00, 0x00, 0x00, 0x00, 0x00, 0x00,
    0x00, 0x00, 0x00, 0x00, 0x00, 0x00, 0x00, 0x00, 0x00, 0x00, 0x00, 0x00, 0x00, 0x00, 0x00, 0x00, 0x00, 0x00, 0x00,
    0x00, 0x00, 0x00, 0x00, 0x00, 0x00, 0x00, 0x00, 0x00, 0x00, 0x00, 0x00, 0x00, 0x00, 0x00, 0x00, 0x00, 0x00, 0x00,
    0x00, 0x00, 0x00, 0x00, 0x00, 0x00, 0x00, 0x00, 0x00, 0x00, 0x00, 0x00, 0x00, 0x00, 0x00, 0x00, 0x00, 0x00, 0x00,
    0x00, 0x00, 0x00, 0x00, 0x00, 0x00, 0x00, 0x00, 0x00, 0x00, 0x00, 0x00, 0x00, 0x20, 0x00, 0x21, 0x00, 0x21, 0x00,
    0x21, 0x00, 0x21, 0x08, 0x42, 0x08, 0x42, 0x08, 0x62, 0x08, 0x63, 0x08, 0x83, 0x10, 0x42, 0x08, 0xb6, 0x9c, 0xbf,
    0xde, 0x7e, 0xd6, 0x3d, 0xb5, 0x3d, 0x94, 0x5d, 0x94, 0x5d, 0x94, 0x3d, 0x94, 0x3d, 0x94, 0x3d, 0x94, 0x3d, 0x94,
    0x3d, 0x94, 0x3d, 0x94, 0x1d, 0x94, 0x1d, 0x94, 0x1c, 0x94, 0x1c, 0x94, 0x1c, 0x8c, 0x1c, 0x8c, 0xfc, 0x8b, 0xfc,
    0x8b, 0xfc, 0x8b, 0xfc, 0x8b, 0xfc, 0x8b, 0xfc, 0x8b, 0xdc, 0x8b, 0xdc, 0x8b, 0xdc, 0x8b, 0xdc, 0x8b, 0xdc, 0x8b,
    0xdc, 0x83, 0xbc, 0x83, 0xbc, 0x83, 0xbc, 0x83, 0xbc, 0x83, 0xbc, 0x83, 0xbc, 0x83, 0x9c, 0x83, 0x9c, 0x83, 0x9c,
    0x83, 0x9c, 0x83, 0x9c, 0x83, 0x9c, 0x83, 0x7c, 0x83, 0x7c, 0x7b, 0x7c, 0x7b, 0x7c, 0x7b, 0x7c, 0x7b, 0x7c, 0x7b,
    0x5c, 0x7b, 0x5b, 0x7b, 0x5b, 0x7b, 0x5b, 0x7b, 0x5b, 0x7b, 0x5b, 0x7b, 0x3b, 0x7b, 0x3b, 0x7b, 0x3b, 0x73, 0x3b,
    0x73, 0x3b, 0x73, 0x3b, 0x73, 0x1b, 0x73, 0x1b, 0x73, 0x1b, 0x73, 0x1b, 0x73, 0x1b, 0x73, 0x1b, 0x73, 0xfb, 0x72,
    0xfb, 0x72, 0xfb, 0x72, 0xfb, 0x6a, 0xfb, 0x6a, 0xfb, 0x6a, 0xdb, 0x6a, 0xdb, 0x6a, 0xdb, 0x6a, 0xdb, 0x6a, 0xdb,
    0x6a, 0xbb, 0x6a, 0xbb, 0x6a, 0xbb, 0x6a, 0xbb, 0x6a, 0xbb, 0x6a, 0x9a, 0x62, 0x5b, 0x7b, 0x9d, 0xbd, 0xbe, 0xbd,
    0x1b, 0xad, 0xc5, 0x18, 0x63, 0x08, 0x63, 0x10, 0x62, 0x08, 0x42, 0x08, 0x42, 0x08, 0x41, 0x08, 0x21, 0x00, 0x21,
    0x00, 0x21, 0x00, 0x20, 0x00, 0x00, 0x00, 0x00, 0x00, 0x00, 0x00, 0x00, 0x00, 0x00, 0x00, 0x00, 0x00, 0x00, 0x00,
    0x00, 0x00, 0x00, 0x00, 0x00, 0x00, 0x00, 0x00, 0x00, 0x00, 0x00, 0x00, 0x00, 0x00, 0x00, 0x00, 0x00, 0x00, 0x00,
    0x00, 0x00, 0x00, 0x00, 0x00, 0x00, 0x00, 0x00, 0x00, 0x00, 0x00, 0x00, 0x00, 0x00, 0x00, 0x00, 0x00, 0x00, 0x00,
    0x00, 0x00, 0x00, 0x00, 0x00, 0x00, 0x00, 0x00, 0x00, 0x00, 0x00, 0x00, 0x00, 0x00, 0x00, 0x00, 0x00, 0x00, 0x00,
    0x00, 0x00, 0x00, 0x00, 0x00, 0x00, 0x00, 0x00, 0x00, 0x00, 0x00, 0x00, 0x00, 0x00, 0x00, 0x00, 0x00, 0x00, 0x00,
    0x00, 0x00, 0x00, 0x00, 0x00, 0x00, 0x00, 0x00, 0x00, 0x00, 0x00, 0x00, 0x00, 0x00, 0x00, 0x00, 0x00, 0x00, 0x00,
    0x00, 0x00, 0x00, 0x00, 0x00, 0x00, 0x00, 0x00, 0x00, 0x00, 0x00, 0x00, 0x00, 0x00, 0x00, 0x00, 0x00, 0x00, 0x00,
    0x00, 0x00, 0x00, 0x00, 0x00, 0x00, 0x00, 0x00, 0x00, 0x00, 0x00, 0x00, 0x00, 0x00, 0x00, 0x00, 0x00, 0x00, 0x00,
    0x00, 0x00, 0x00, 0x00, 0x00, 0x00, 0x00, 0x00, 0x00, 0x00, 0x00, 0x00, 0x00, 0x00, 0x00, 0x00, 0x00, 0x00, 0x00,
    0x00, 0x00, 0x00, 0x00, 0x00, 0x00, 0x00, 0x00, 0x00, 0x00, 0x00, 0x00, 0x00, 0x00, 0x00, 0x00, 0x21, 0x00, 0x21,
    0x00, 0x21, 0x00, 0x21, 0x08, 0x41, 0x08, 0x42, 0x08, 0x42, 0x08, 0x62, 0x08, 0x83, 0x10, 0x01, 0x00, 0xce, 0x5a,
    0xbf, 0xde, 0x5e, 0xd6, 0xfe, 0xc5, 0x3d, 0x94, 0x5d, 0x94, 0x3d, 0x94, 0x3d, 0x94, 0x3d, 0x94, 0x3d, 0x94, 0x3d,
    0x94, 0x3d, 0x94, 0x1d, 0x94, 0x1d, 0x94, 0x1c, 0x94, 0x1c, 0x94, 0x1c, 0x8c, 0x1c, 0x8c, 0xfc, 0x8b, 0xfc, 0x8b,
    0xfc, 0x8b, 0xfc, 0x8b, 0xfc, 0x8b, 0xfc, 0x8b, 0xdc, 0x8b, 0xdc, 0x8b, 0xdc, 0x8b, 0xdc, 0x8b, 0xdc, 0x8b, 0xdc,
    0x83, 0xbc, 0x83, 0xbc, 0x83, 0xbc, 0x83, 0xbc, 0x83, 0xbc, 0x83, 0xbc, 0x83, 0x9c, 0x83, 0x9c, 0x83, 0x9c, 0x83,
    0x9c, 0x83, 0x9c, 0x83, 0x9c, 0x83, 0x7c, 0x83, 0x7c, 0x7b, 0x7c, 0x7b, 0x7c, 0x7b, 0x7c, 0x7b, 0x7c, 0x7b, 0x5c,
    0x7b, 0x5b, 0x7b, 0x5b, 0x7b, 0x5b, 0x7b, 0x5b, 0x7b, 0x5b, 0x7b, 0x3b, 0x7b, 0x3b, 0x7b, 0x3b, 0x73, 0x3b, 0x73,
    0x3b, 0x73, 0x3b, 0x73, 0x1b, 0x73, 0x1b, 0x73, 0x1b, 0x73, 0x1b, 0x73, 0x1b, 0x73, 0x1b, 0x73, 0xfb, 0x72, 0xfb,
    0x72, 0xfb, 0x72, 0xfb, 0x6a, 0xfb, 0x6a, 0xfb, 0x6a, 0xdb, 0x6a, 0xdb, 0x6a, 0xdb, 0x6a, 0xdb, 0x6a, 0xdb, 0x6a,
    0xbb, 0x6a, 0xbb, 0x6a, 0xbb, 0x6a, 0xbb, 0x6a, 0xbb, 0x6a, 0xbb, 0x6a, 0x7a, 0x62, 0x3c, 0x94, 0xbd, 0xbd, 0xdf,
    0xc5, 0xb4, 0x7b, 0x22, 0x00, 0x83, 0x10, 0x62, 0x08, 0x42, 0x08, 0x42, 0x08, 0x42, 0x08, 0x21, 0x08, 0x21, 0x00,
    0x21, 0x00, 0x21, 0x00, 0x20, 0x00, 0x00, 0x00, 0x00, 0x00, 0x00, 0x00, 0x00, 0x00, 0x00, 0x00, 0x00, 0x00, 0x00,
    0x00, 0x00, 0x00, 0x00, 0x00, 0x00, 0x00, 0x00, 0x00, 0x00, 0x00, 0x00, 0x00, 0x00, 0x00, 0x00, 0x00, 0x00, 0x00,
    0x00, 0x00, 0x00, 0x00, 0x00, 0x00, 0x00, 0x00, 0x00, 0x00, 0x00, 0x00, 0x00, 0x00, 0x00, 0x00, 0x00, 0x00, 0x00,
    0x00, 0x00, 0x00, 0x00, 0x00, 0x00, 0x00, 0x00, 0x00, 0x00, 0x00, 0x00, 0x00, 0x00, 0x00, 0x00, 0x00, 0x00, 0x00,
    0x00, 0x00, 0x00, 0x00, 0x00, 0x00, 0x00, 0x00, 0x00, 0x00, 0x00, 0x00, 0x00, 0x00, 0x00, 0x00, 0x00, 0x00, 0x00,
    0x00, 0x00, 0x00, 0x00, 0x00, 0x00, 0x00, 0x00, 0x00, 0x00, 0x00, 0x00, 0x00, 0x00, 0x00, 0x00, 0x00, 0x00, 0x00,
    0x00, 0x00, 0x00, 0x00, 0x00, 0x00, 0x00, 0x00, 0x00, 0x00, 0x00, 0x00, 0x00, 0x00, 0x00, 0x00, 0x00, 0x00, 0x00,
    0x00, 0x00, 0x00, 0x00, 0x00, 0x00, 0x00, 0x00, 0x00, 0x00, 0x00, 0x00, 0x00, 0x00, 0x00, 0x00, 0x00, 0x00, 0x00,
    0x00, 0x00, 0x00, 0x00, 0x00, 0x00, 0x00, 0x00, 0x00, 0x00, 0x00, 0x00, 0x00, 0x00, 0x00, 0x00, 0x00, 0x00, 0x00,
    0x00, 0x00, 0x00, 0x00, 0x00, 0x00, 0x00, 0x00, 0x00, 0x00, 0x00, 0x00, 0x00, 0x00, 0x00, 0x00, 0x00, 0x20, 0x00,
    0x21, 0x00, 0x21, 0x00, 0x21, 0x08, 0x41, 0x08, 0x42, 0x08, 0x42, 0x08, 0x62, 0x08, 0x63, 0x10, 0x63, 0x08, 0xe5,
    0x20, 0xfc, 0xc5, 0x7f, 0xd6, 0x5e, 0xd6, 0xdd, 0xa4, 0x3d, 0x94, 0x3d, 0x94, 0x3d, 0x94, 0x3d, 0x94, 0x3d, 0x94,
    0x3d, 0x94, 0x1d, 0x94, 0x1d, 0x94, 0x1c, 0x94, 0x1c, 0x94, 0x1c, 0x8c, 0x1c, 0x8c, 0xfc, 0x8b, 0xfc, 0x8b, 0xfc,
    0x8b, 0xfc, 0x8b, 0xfc, 0x8b, 0xfc, 0x8b, 0xdc, 0x8b, 0xdc, 0x8b, 0xdc, 0x8b, 0xdc, 0x8b, 0xdc, 0x8b, 0xdc, 0x83,
    0xbc, 0x83, 0xbc, 0x83, 0xbc, 0x83, 0xbc, 0x83, 0xbc, 0x83, 0xbc, 0x83, 0x9c, 0x83, 0x9c, 0x83, 0x9c, 0x83, 0x9c,
    0x83, 0x9c, 0x83, 0x9c, 0x83, 0x7c, 0x83, 0x7c, 0x7b, 0x7c, 0x7b, 0x7c, 0x7b, 0x7c, 0x7b, 0x7c, 0x7b, 0x5c, 0x7b,
    0x5b, 0x7b, 0x5b, 0x7b, 0x5b, 0x7b, 0x5b, 0x7b, 0x5b, 0x7b, 0x3b, 0x7b, 0x3b, 0x7b, 0x3b, 0x73, 0x3b, 0x73, 0x3b,
    0x73, 0x3b, 0x73, 0x1b, 0x73, 0x1b, 0x73, 0x1b, 0x73, 0x1b, 0x73, 0x1b, 0x73, 0x1b, 0x73, 0xfb, 0x72, 0xfb, 0x72,
    0xfb, 0x72, 0xfb, 0x6a, 0xfb, 0x6a, 0xfb, 0x6a, 0xdb, 0x6a, 0xdb, 0x6a, 0xdb, 0x6a, 0xdb, 0x6a, 0xdb, 0x6a, 0xbb,
    0x6a, 0xbb, 0x6a, 0xbb, 0x6a, 0xbb, 0x6a, 0xbb, 0x6a, 0xbb, 0x6a, 0x9a, 0x62, 0xdb, 0x6a, 0x5d, 0xb5, 0x9d, 0xbd,
    0xbe, 0xc5, 0xca, 0x39, 0x22, 0x08, 0x83, 0x10, 0x62, 0x08, 0x42, 0x08, 0x42, 0x08, 0x41, 0x08, 0x21, 0x08, 0x21,
    0x00, 0x21, 0x00, 0x21, 0x00, 0x00, 0x00, 0x00, 0x00, 0x00, 0x00, 0x00, 0x00, 0x00, 0x00, 0x00, 0x00, 0x00, 0x00,
    0x00, 0x00, 0x00, 0x00, 0x00, 0x00, 0x00, 0x00, 0x00, 0x00, 0x00, 0x00, 0x00, 0x00, 0x00, 0x00, 0x00, 0x00, 0x00,
    0x00, 0x00, 0x00, 0x00, 0x00, 0x00, 0x00, 0x00, 0x00, 0x00, 0x00, 0x00, 0x00, 0x00, 0x00, 0x00, 0x00, 0x00, 0x00,
    0x00, 0x00, 0x00, 0x00, 0x00, 0x00, 0x00, 0x00, 0x00, 0x00, 0x00, 0x00, 0x00, 0x00, 0x00, 0x00, 0x00, 0x00, 0x00,
    0x00, 0x00, 0x00, 0x00, 0x00, 0x00, 0x00, 0x00, 0x00, 0x00, 0x00, 0x00, 0x00, 0x00, 0x00, 0x00, 0x00, 0x00, 0x00,
    0x00, 0x00, 0x00, 0x00, 0x00, 0x00, 0x00, 0x00, 0x00, 0x00, 0x00, 0x00, 0x00, 0x00, 0x00, 0x00, 0x00, 0x00, 0x00,
    0x00, 0x00, 0x00, 0x00, 0x00, 0x00, 0x00, 0x00, 0x00, 0x00, 0x00, 0x00, 0x00, 0x00, 0x00, 0x00, 0x00, 0x00, 0x00,
    0x00, 0x00, 0x00, 0x00, 0x00, 0x00, 0x00, 0x00, 0x00, 0x00, 0x00, 0x00, 0x00, 0x00, 0x00, 0x00, 0x00, 0x00, 0x00,
    0x00, 0x00, 0x00, 0x00, 0x00, 0x00, 0x00, 0x00, 0x00, 0x00, 0x00, 0x00, 0x00, 0x00, 0x00, 0x00, 0x00, 0x00, 0x00,
    0x00, 0x00, 0x00, 0x00, 0x00, 0x00, 0x00, 0x00, 0x00, 0x00, 0x00, 0x00, 0x00, 0x00, 0x00, 0x00, 0x00, 0x00, 0x20,
    0x00, 0x21, 0x00, 0x21, 0x00, 0x21, 0x00, 0x21, 0x08, 0x42, 0x08, 0x42, 0x08, 0x42, 0x08, 0x62, 0x08, 0x83, 0x10,
    0x01, 0x00, 0x14, 0x84, 0xbf, 0xde, 0x5e, 0xd6, 0x9e, 0xbd, 0x1d, 0x94, 0x3d, 0x94, 0x3d, 0x94, 0x3d, 0x94, 0x3d,
    0x94, 0x1d, 0x94, 0x1d, 0x94, 0x1c, 0x94, 0x1c, 0x94, 0x1c, 0x8c, 0x1c, 0x8c, 0xfc, 0x8b, 0xfc, 0x8b, 0xfc, 0x8b,
    0xfc, 0x8b, 0xfc, 0x8b, 0xfc, 0x8b, 0xdc, 0x8b, 0xdc, 0x8b, 0xdc, 0x8b, 0xdc, 0x8b, 0xdc, 0x8b, 0xdc, 0x83, 0xbc,
    0x83, 0xbc, 0x83, 0xbc, 0x83, 0xbc, 0x83, 0xbc, 0x83, 0xbc, 0x83, 0x9c, 0x83, 0x9c, 0x83, 0x9c, 0x83, 0x9c, 0x83,
    0x9c, 0x83, 0x9c, 0x83, 0x7c, 0x83, 0x7c, 0x7b, 0x7c, 0x7b, 0x7c, 0x7b, 0x7c, 0x7b, 0x7c, 0x7b, 0x5c, 0x7b, 0x5b,
    0x7b, 0x5b, 0x7b, 0x5b, 0x7b, 0x5b, 0x7b, 0x5b, 0x7b, 0x3b, 0x7b, 0x3b, 0x7b, 0x3b, 0x73, 0x3b, 0x73, 0x3b, 0x73,
    0x3b, 0x73, 0x1b, 0x73, 0x1b, 0x73, 0x1b, 0x73, 0x1b, 0x73, 0x1b, 0x73, 0x1b, 0x73, 0xfb, 0x72, 0xfb, 0x72, 0xfb,
    0x72, 0xfb, 0x6a, 0xfb, 0x6a, 0xfb, 0x6a, 0xdb, 0x6a, 0xdb, 0x6a, 0xdb, 0x6a, 0xdb, 0x6a, 0xdb, 0x6a, 0xbb, 0x6a,
    0xbb, 0x6a, 0xbb, 0x6a, 0xbb, 0x6a, 0xbb, 0x6a, 0xbb, 0x6a, 0xbb, 0x6a, 0x7a, 0x62, 0xdc, 0x83, 0xbd, 0xbd, 0xbe,
    0xbd, 0xb9, 0x9c, 0x63, 0x10, 0x63, 0x10, 0x63, 0x08, 0x42, 0x08, 0x42, 0x08, 0x42, 0x08, 0x41, 0x08, 0x21, 0x00,
    0x21, 0x00, 0x21, 0x00, 0x20, 0x00, 0x00, 0x00, 0x00, 0x00, 0x00, 0x00, 0x00, 0x00, 0x00, 0x00, 0x00, 0x00, 0x00,
    0x00, 0x00, 0x00, 0x00, 0x00, 0x00, 0x00, 0x00, 0x00, 0x00, 0x00, 0x00, 0x00, 0x00, 0x00, 0x00, 0x00, 0x00, 0x00,
    0x00, 0x00, 0x00, 0x00, 0x00, 0x00, 0x00, 0x00, 0x00, 0x00, 0x00, 0x00, 0x00, 0x00, 0x00, 0x00, 0x00, 0x00, 0x00,
    0x00, 0x00, 0x00, 0x00, 0x00, 0x00, 0x00, 0x00, 0x00, 0x00, 0x00, 0x00, 0x00, 0x00, 0x00, 0x00, 0x00, 0x00, 0x00,
    0x00, 0x00, 0x00, 0x00, 0x00, 0x00, 0x00, 0x00, 0x00, 0x00, 0x00, 0x00, 0x00, 0x00, 0x00, 0x00, 0x00, 0x00, 0x00,
    0x00, 0x00, 0x00, 0x00, 0x00, 0x00, 0x00, 0x00, 0x00, 0x00, 0x00, 0x00, 0x00, 0x00, 0x00, 0x00, 0x00, 0x00, 0x00,
    0x00, 0x00, 0x00, 0x00, 0x00, 0x00, 0x00, 0x00, 0x00, 0x00, 0x00, 0x00, 0x00, 0x00, 0x00, 0x00, 0x00, 0x00, 0x00,
    0x00, 0x00, 0x00, 0x00, 0x00, 0x00, 0x00, 0x00, 0x00, 0x00, 0x00, 0x00, 0x00, 0x00, 0x00, 0x00, 0x00, 0x00, 0x00,
    0x00, 0x00, 0x00, 0x00, 0x00, 0x00, 0x00, 0x00, 0x00, 0x00, 0x00, 0x00, 0x00, 0x00, 0x00, 0x00, 0x00, 0x00, 0x00,
    0x00, 0x00, 0x00, 0x00, 0x00, 0x00, 0x00, 0x00, 0x00, 0x00, 0x00, 0x00, 0x00, 0x00, 0x00, 0x00, 0x00, 0x00, 0x00,
    0x00, 0x00, 0x21, 0x00, 0x21, 0x00, 0x21, 0x00, 0x21, 0x08, 0x41, 0x08, 0x42, 0x08, 0x42, 0x08, 0x62, 0x08, 0x63,
    0x10, 0x42, 0x08, 0x88, 0x31, 0x5e, 0xd6, 0x5e, 0xce, 0x5e, 0xce, 0x9d, 0x9c, 0x1d, 0x94, 0x3d, 0x94, 0x3d, 0x94,
    0x1d, 0x94, 0x1d, 0x94, 0x1c, 0x94, 0x1c, 0x94, 0x1c, 0x8c, 0x1c, 0x8c, 0xfc, 0x8b, 0xfc, 0x8b, 0xfc, 0x8b, 0xfc,
    0x8b, 0xfc, 0x8b, 0xfc, 0x8b, 0xdc, 0x8b, 0xdc, 0x8b, 0xdc, 0x8b, 0xdc, 0x8b, 0xdc, 0x8b, 0xdc, 0x83, 0xbc, 0x83,
    0xbc, 0x83, 0xbc, 0x83, 0xbc, 0x83, 0xbc, 0x83, 0xbc, 0x83, 0x9c, 0x83, 0x9c, 0x83, 0x9c, 0x83, 0x9c, 0x83, 0x9c,
    0x83, 0x9c, 0x83, 0x7c, 0x83, 0x7c, 0x7b, 0x7c, 0x7b, 0x7c, 0x7b, 0x7c, 0x7b, 0x7c, 0x7b, 0x5c, 0x7b, 0x5b, 0x7b,
    0x5b, 0x7b, 0x5b, 0x7b, 0x5b, 0x7b, 0x5b, 0x7b, 0x3b, 0x7b, 0x3b, 0x7b, 0x3b, 0x73, 0x3b, 0x73, 0x3b, 0x73, 0x3b,
    0x73, 0x1b, 0x73, 0x1b, 0x73, 0x1b, 0x73, 0x1b, 0x73, 0x1b, 0x73, 0x1b, 0x73, 0xfb, 0x72, 0xfb, 0x72, 0xfb, 0x72,
    0xfb, 0x6a, 0xfb, 0x6a, 0xfb, 0x6a, 0xdb, 0x6a, 0xdb, 0x6a, 0xdb, 0x6a, 0xdb, 0x6a, 0xdb, 0x6a, 0xbb, 0x6a, 0xbb,
    0x6a, 0xbb, 0x6a, 0xbb, 0x6a, 0xbb, 0x6a, 0xbb, 0x6a, 0xbb, 0x62, 0x9a, 0x62, 0x9a, 0x62, 0x1d, 0xad, 0x9d, 0xbd,
    0xdf, 0xc5, 0x8e, 0x52, 0x21, 0x00, 0x83, 0x10, 0x62, 0x08, 0x42, 0x08, 0x42, 0x08, 0x41, 0x08, 0x21, 0x08, 0x21,
    0x00, 0x21, 0x00, 0x21, 0x00, 0x20, 0x00, 0x00, 0x00, 0x00, 0x00, 0x00, 0x00, 0x00, 0x00, 0x00, 0x00, 0x00, 0x00,
    0x00, 0x00, 0x00, 0x00, 0x00, 0x00, 0x00, 0x00, 0x00, 0x00, 0x00, 0x00, 0x00, 0x00, 0x00, 0x00, 0x00, 0x00, 0x00,
    0x00, 0x00, 0x00, 0x00, 0x00, 0x00, 0x00, 0x00, 0x00, 0x00, 0x00, 0x00, 0x00, 0x00, 0x00, 0x00, 0x00, 0x00, 0x00,
    0x00, 0x00, 0x00, 0x00, 0x00, 0x00, 0x00, 0x00, 0x00, 0x00, 0x00, 0x00, 0x00, 0x00, 0x00, 0x00, 0x00, 0x00, 0x00,
    0x00, 0x00, 0x00, 0x00, 0x00, 0x00, 0x00, 0x00, 0x00, 0x00, 0x00, 0x00, 0x00, 0x00, 0x00, 0x00, 0x00, 0x00, 0x00,
    0x00, 0x00, 0x00, 0x00, 0x00, 0x00, 0x00, 0x00, 0x00, 0x00, 0x00, 0x00, 0x00, 0x00, 0x00, 0x00, 0x00, 0x00, 0x00,
    0x00, 0x00, 0x00, 0x00, 0x00, 0x00, 0x00, 0x00, 0x00, 0x00, 0x00, 0x00, 0x00, 0x00, 0x00, 0x00, 0x00, 0x00, 0x00,
    0x00, 0x00, 0x00, 0x00, 0x00, 0x00, 0x00, 0x00, 0x00, 0x00, 0x00, 0x00, 0x00, 0x00, 0x00, 0x00, 0x00, 0x00, 0x00,
    0x00, 0x00, 0x00, 0x00, 0x00, 0x00, 0x00, 0x00, 0x00, 0x00, 0x00, 0x00, 0x00, 0x00, 0x00, 0x00, 0x00, 0x00, 0x00,
    0x00, 0x00, 0x00, 0x00, 0x00, 0x00, 0x00, 0x00, 0x00, 0x00, 0x00, 0x00, 0x00, 0x00, 0x00, 0x00, 0x00, 0x00, 0x00,
    0x00, 0x00, 0x00, 0x20, 0x00, 0x21, 0x00, 0x21, 0x00, 0x21, 0x00, 0x41, 0x08, 0x42, 0x08, 0x42, 0x08, 0x42, 0x08,
    0x63, 0x08, 0x83, 0x10, 0x42, 0x08, 0xd7, 0x9c, 0x9f, 0xde, 0x5e, 0xd6, 0x7e, 0xbd, 0x1c, 0x8c, 0x3d, 0x94, 0x1d,
    0x94, 0x1d, 0x94, 0x1c, 0x94, 0x1c, 0x94, 0x1c, 0x8c, 0x1c, 0x8c, 0xfc, 0x8b, 0xfc, 0x8b, 0xfc, 0x8b, 0xfc, 0x8b,
    0xfc, 0x8b, 0xfc, 0x8b, 0xdc, 0x8b, 0xdc, 0x8b, 0xdc, 0x8b, 0xdc, 0x8b, 0xdc, 0x8b, 0xdc, 0x83, 0xbc, 0x83, 0xbc,
    0x83, 0xbc, 0x83, 0xbc, 0x83, 0xbc, 0x83, 0xbc, 0x83, 0x9c, 0x83, 0x9c, 0x83, 0x9c, 0x83, 0x9c, 0x83, 0x9c, 0x83,
    0x9c, 0x83, 0x7c, 0x83, 0x7c, 0x7b, 0x7c, 0x7b, 0x7c, 0x7b, 0x7c, 0x7b, 0x7c, 0x7b, 0x5c, 0x7b, 0x5b, 0x7b, 0x5b,
    0x7b, 0x5b, 0x7b, 0x5b, 0x7b, 0x5b, 0x7b, 0x3b, 0x7b, 0x3b, 0x7b, 0x3b, 0x73, 0x3b, 0x73, 0x3b, 0x73, 0x3b, 0x73,
    0x1b, 0x73, 0x1b, 0x73, 0x1b, 0x73, 0x1b, 0x73, 0x1b, 0x73, 0x1b, 0x73, 0xfb, 0x72, 0xfb, 0x72, 0xfb, 0x72, 0xfb,
    0x6a, 0xfb, 0x6a, 0xfb, 0x6a, 0xdb, 0x6a, 0xdb, 0x6a, 0xdb, 0x6a, 0xdb, 0x6a, 0xdb, 0x6a, 0xbb, 0x6a, 0xbb, 0x6a,
    0xbb, 0x6a, 0xbb, 0x6a, 0xbb, 0x6a, 0xbb, 0x6a, 0xbb, 0x62, 0xba, 0x6a, 0x7a, 0x62, 0xbb, 0x83, 0xbd, 0xbd, 0x9e,
    0xbd, 0x3b, 0xad, 0xc5, 0x18, 0x63, 0x08, 0x63, 0x10, 0x62, 0x08, 0x42, 0x08, 0x42, 0x08, 0x41, 0x08, 0x21, 0x08,
    0x21, 0x00, 0x21, 0x00, 0x20, 0x00, 0x00, 0x00, 0x00, 0x00, 0x00, 0x00, 0x00, 0x00, 0x00, 0x00, 0x00, 0x00, 0x00,
    0x00, 0x00, 0x00, 0x00, 0x00, 0x00, 0x00, 0x00, 0x00, 0x00, 0x00, 0x00, 0x00, 0x00, 0x00, 0x00, 0x00, 0x00, 0x00,
    0x00, 0x00, 0x00, 0x00, 0x00, 0x00, 0x00, 0x00, 0x00, 0x00, 0x00, 0x00, 0x00, 0x00, 0x00, 0x00, 0x00, 0x00, 0x00,
    0x00, 0x00, 0x00, 0x00, 0x00, 0x00, 0x00, 0x00, 0x00, 0x00, 0x00, 0x00, 0x00, 0x00, 0x00, 0x00, 0x00, 0x00, 0x00,
    0x00, 0x00, 0x00, 0x00, 0x00, 0x00, 0x00, 0x00, 0x00, 0x00, 0x00, 0x00, 0x00, 0x00, 0x00, 0x00, 0x00, 0x00, 0x00,
    0x00, 0x00, 0x00, 0x00, 0x00, 0x00, 0x00, 0x00, 0x00, 0x00, 0x00, 0x00, 0x00, 0x00, 0x00, 0x00, 0x00, 0x00, 0x00,
    0x00, 0x00, 0x00, 0x00, 0x00, 0x00, 0x00, 0x00, 0x00, 0x00, 0x00, 0x00, 0x00, 0x00, 0x00, 0x00, 0x00, 0x00, 0x00,
    0x00, 0x00, 0x00, 0x00, 0x00, 0x00, 0x00, 0x00, 0x00, 0x00, 0x00, 0x00, 0x00, 0x00, 0x00, 0x00, 0x00, 0x00, 0x00,
    0x00, 0x00, 0x00, 0x00, 0x00, 0x00, 0x00, 0x00, 0x00, 0x00, 0x00, 0x00, 0x00, 0x00, 0x00, 0x00, 0x00, 0x00, 0x00,
    0x00, 0x00, 0x00, 0x00, 0x00, 0x00, 0x00, 0x00, 0x00, 0x00, 0x00, 0x00, 0x00, 0x00, 0x00, 0x00, 0x00, 0x00, 0x00,
    0x00, 0x00, 0x00, 0x00, 0x20, 0x00, 0x21, 0x00, 0x21, 0x00, 0x21, 0x00, 0x21, 0x08, 0x41, 0x08, 0x42, 0x08, 0x42,
    0x08, 0x62, 0x08, 0x83, 0x10, 0x22, 0x00, 0x0a, 0x42, 0x7f, 0xd6, 0x3e, 0xce, 0x5e, 0xce, 0x7d, 0x9c, 0x1d, 0x94,
    0x1d, 0x94, 0x1c, 0x94, 0x1c, 0x94, 0x1c, 0x8c, 0x1c, 0x8c, 0xfc, 0x8b, 0xfc, 0x8b, 0xfc, 0x8b, 0xfc, 0x8b, 0xfc,
    0x8b, 0xfc, 0x8b, 0xdc, 0x8b, 0xdc, 0x8b, 0xdc, 0x8b, 0xdc, 0x8b, 0xdc, 0x8b, 0xdc, 0x83, 0xbc, 0x83, 0xbc, 0x83,
    0xbc, 0x83, 0xbc, 0x83, 0xbc, 0x83, 0xbc, 0x83, 0x9c, 0x83, 0x9c, 0x83, 0x9c, 0x83, 0x9c, 0x83, 0x9c, 0x83, 0x9c,
    0x83, 0x7c, 0x83, 0x7c, 0x7b, 0x7c, 0x7b, 0x7c, 0x7b, 0x7c, 0x7b, 0x7c, 0x7b, 0x5c, 0x7b, 0x5b, 0x7b, 0x5b, 0x7b,
    0x5b, 0x7b, 0x5b, 0x7b, 0x5b, 0x7b, 0x3b, 0x7b, 0x3b, 0x7b, 0x3b, 0x73, 0x3b, 0x73, 0x3b, 0x73, 0x3b, 0x73, 0x1b,
    0x73, 0x1b, 0x73, 0x1b, 0x73, 0x1b, 0x73, 0x1b, 0x73, 0x1b, 0x73, 0xfb, 0x72, 0xfb, 0x72, 0xfb, 0x72, 0xfb, 0x6a,
    0xfb, 0x6a, 0xfb, 0x6a, 0xdb, 0x6a, 0xdb, 0x6a, 0xdb, 0x6a, 0xdb, 0x6a, 0xdb, 0x6a, 0xbb, 0x6a, 0xbb, 0x6a, 0xbb,
    0x6a, 0xbb, 0x6a, 0xbb, 0x6a, 0xbb, 0x6a, 0xbb, 0x62, 0x9a, 0x62, 0x9a, 0x62, 0x9a, 0x62, 0x1d, 0xad, 0x9d, 0xbd,
    0xdf, 0xc5, 0x10, 0x63, 0x21, 0x00, 0x83, 0x10, 0x62, 0x08, 0x42, 0x08, 0x42, 0x08, 0x41, 0x08, 0x21, 0x08, 0x21,
    0x00, 0x21, 0x00, 0x21, 0x00, 0x20, 0x00, 0x00, 0x00, 0x00, 0x00, 0x00, 0x00, 0x00, 0x00, 0x00, 0x00, 0x00, 0x00,
    0x00, 0x00, 0x00, 0x00, 0x00, 0x00, 0x00, 0x00, 0x00, 0x00, 0x00, 0x00, 0x00, 0x00, 0x00, 0x00, 0x00, 0x00, 0x00,
    0x00, 0x00, 0x00, 0x00, 0x00, 0x00, 0x00, 0x00, 0x00, 0x00, 0x00, 0x00, 0x00, 0x00, 0x00, 0x00, 0x00, 0x00, 0x00,
    0x00, 0x00, 0x00, 0x00, 0x00, 0x00, 0x00, 0x00, 0x00, 0x00, 0x00, 0x00, 0x00, 0x00, 0x00, 0x00, 0x00, 0x00, 0x00,
    0x00, 0x00, 0x00, 0x00, 0x00, 0x00, 0x00, 0x00, 0x00, 0x00, 0x00, 0x00, 0x00, 0x00, 0x00, 0x00, 0x00, 0x00, 0x00,
    0x00, 0x00, 0x00, 0x00, 0x00, 0x00, 0x00, 0x00, 0x00, 0x00, 0x00, 0x00, 0x00, 0x00, 0x00, 0x00, 0x00, 0x00, 0x00,
    0x00, 0x00, 0x00, 0x00, 0x00, 0x00, 0x00, 0x00, 0x00, 0x00, 0x00, 0x00, 0x00, 0x00, 0x00, 0x00, 0x00, 0x00, 0x00,
    0x00, 0x00, 0x00, 0x00, 0x00, 0x00, 0x00, 0x00, 0x00, 0x00, 0x00, 0x00, 0x00, 0x00, 0x00, 0x00, 0x00, 0x00, 0x00,
    0x00, 0x00, 0x00, 0x00, 0x00, 0x00, 0x00, 0x00, 0x00, 0x00, 0x00, 0x00, 0x00, 0x00, 0x00, 0x00, 0x00, 0x00, 0x00,
    0x00, 0x00, 0x00, 0x00, 0x00, 0x00, 0x00, 0x00, 0x00, 0x00, 0x00, 0x00, 0x00, 0x00, 0x00, 0x00, 0x00, 0x00, 0x00,
    0x00, 0x00, 0x00, 0x00, 0x00, 0x00, 0x00, 0x20, 0x00, 0x21, 0x00, 0x21, 0x00, 0x21, 0x00, 0x41, 0x08, 0x42, 0x08,
    0x42, 0x08, 0x42, 0x08, 0x63, 0x08, 0x83, 0x10, 0x42, 0x08, 0xd8, 0xa4, 0x9f, 0xde, 0x5e, 0xd6, 0x7e, 0xb5, 0xfc,
    0x8b, 0x1c, 0x94, 0x1c, 0x94, 0x1c, 0x8c, 0x1c, 0x8c, 0xfc, 0x8b, 0xfc, 0x8b, 0xfc, 0x8b, 0xfc, 0x8b, 0xfc, 0x8b,
    0xfc, 0x8b, 0xdc, 0x8b, 0xdc, 0x8b, 0xdc, 0x8b, 0xdc, 0x8b, 0xdc, 0x8b, 0xdc, 0x83, 0xbc, 0x83, 0xbc, 0x83, 0xbc,
    0x83, 0xbc, 0x83, 0xbc, 0x83, 0xbc, 0x83, 0x9c, 0x83, 0x9c, 0x83, 0x9c, 0x83, 0x9c, 0x83, 0x9c, 0x83, 0x9c, 0x83,
    0x7c, 0x83, 0x7c, 0x7b, 0x7c, 0x7b, 0x7c, 0x7b, 0x7c, 0x7b, 0x7c, 0x7b, 0x5c, 0x7b, 0x5b, 0x7b, 0x5b, 0x7b, 0x5b,
    0x7b, 0x5b, 0x7b, 0x5b, 0x7b, 0x3b, 0x7b, 0x3b, 0x7b, 0x3b, 0x73, 0x3b, 0x73, 0x3b, 0x73, 0x3b, 0x73, 0x1b, 0x73,
    0x1b, 0x73, 0x1b, 0x73, 0x1b, 0x73, 0x1b, 0x73, 0x1b, 0x73, 0xfb, 0x72, 0xfb, 0x72, 0xfb, 0x72, 0xfb, 0x6a, 0xfb,
    0x6a, 0xfb, 0x6a, 0xdb, 0x6a, 0xdb, 0x6a, 0xdb, 0x6a, 0xdb, 0x6a, 0xdb, 0x6a, 0xbb, 0x6a, 0xbb, 0x6a, 0xbb, 0x6a,
    0xbb, 0x6a, 0xbb, 0x6a, 0xbb, 0x6a, 0xbb, 0x62, 0x9a, 0x62, 0xba, 0x62, 0x5a, 0x5a, 0xbb, 0x83, 0xbd, 0xbd, 0x9e,
    0xbd, 0x3c, 0xb5, 0xc5, 0x18, 0x63, 0x08, 0x63, 0x10, 0x62, 0x08, 0x42, 0x08, 0x42, 0x08, 0x41, 0x08, 0x21, 0x08,
    0x21, 0x00, 0x21, 0x00, 0x21, 0x00, 0x00, 0x00, 0x00, 0x00, 0x00, 0x00, 0x00, 0x00, 0x00, 0x00, 0x00, 0x00, 0x00,
    0x00, 0x00, 0x00, 0x00, 0x00, 0x00, 0x00, 0x00, 0x00, 0x00, 0x00, 0x00, 0x00, 0x00, 0x00, 0x00, 0x00, 0x00, 0x00,
    0x00, 0x00, 0x00, 0x00, 0x00, 0x00, 0x00, 0x00, 0x00, 0x00, 0x00, 0x00, 0x00, 0x00, 0x00, 0x00, 0x00, 0x00, 0x00,
    0x00, 0x00, 0x00, 0x00, 0x00, 0x00, 0x00, 0x00, 0x00, 0x00, 0x00, 0x00, 0x00, 0x00, 0x00, 0x00, 0x00, 0x00, 0x00,
    0x00, 0x00, 0x00, 0x00, 0x00, 0x00, 0x00, 0x00, 0x00, 0x00, 0x00, 0x00, 0x00, 0x00, 0x00, 0x00, 0x00, 0x00, 0x00,
    0x00, 0x00, 0x00, 0x00, 0x00, 0x00, 0x00, 0x00, 0x00, 0x00, 0x00, 0x00, 0x00, 0x00, 0x00, 0x00, 0x00, 0x00, 0x00,
    0x00, 0x00, 0x00, 0x00, 0x00, 0x00, 0x00, 0x00, 0x00, 0x00, 0x00, 0x00, 0x00, 0x00, 0x00, 0x00, 0x00, 0x00, 0x00,
    0x00, 0x00, 0x00, 0x00, 0x00, 0x00, 0x00, 0x00, 0x00, 0x00, 0x00, 0x00, 0x00, 0x00, 0x00, 0x00, 0x00, 0x00, 0x00,
    0x00, 0x00, 0x00, 0x00, 0x00, 0x00, 0x00, 0x00, 0x00, 0x00, 0x00, 0x00, 0x00, 0x00, 0x00, 0x00, 0x00, 0x00, 0x00,
    0x00, 0x00, 0x00, 0x00, 0x00, 0x00, 0x00, 0x00, 0x00, 0x00, 0x00, 0x00, 0x00, 0x00, 0x00, 0x00, 0x00, 0x00, 0x00,
    0x00, 0x00, 0x00, 0x00, 0x00, 0x00, 0x00, 0x00, 0x20, 0x00, 0x21, 0x00, 0x21, 0x00, 0x21, 0x00, 0x21, 0x08, 0x41,
    0x08, 0x42, 0x08, 0x42, 0x08, 0x62, 0x08, 0x83, 0x10, 0x42, 0x08, 0xa9, 0x39, 0x5e, 0xce, 0x3e, 0xce, 0x5e, 0xce,
    0x9d, 0x9c, 0xfc, 0x8b, 0x1c, 0x94, 0x1c, 0x8c, 0xfc, 0x8b, 0xfc, 0x8b, 0xfc, 0x8b, 0xfc, 0x8b, 0xfc, 0x8b, 0xfc,
    0x8b, 0xdc, 0x8b, 0xdc, 0x8b, 0xdc, 0x8b, 0xdc, 0x8b, 0xdc, 0x8b, 0xdc, 0x83, 0xbc, 0x83, 0xbc, 0x83, 0xbc, 0x83,
    0xbc, 0x83, 0xbc, 0x83, 0xbc, 0x83, 0x9c, 0x83, 0x9c, 0x83, 0x9c, 0x83, 0x9c, 0x83, 0x9c, 0x83, 0x9c, 0x83, 0x7c,
    0x83, 0x7c, 0x7b, 0x7c, 0x7b, 0x7c, 0x7b, 0x7c, 0x7b, 0x7c, 0x7b, 0x5c, 0x7b, 0x5b, 0x7b, 0x5b, 0x7b, 0x5b, 0x7b,
    0x5b, 0x7b, 0x5b, 0x7b, 0x3b, 0x7b, 0x3b, 0x7b, 0x3b, 0x73, 0x3b, 0x73, 0x3b, 0x73, 0x3b, 0x73, 0x1b, 0x73, 0x1b,
    0x73, 0x1b, 0x73, 0x1b, 0x73, 0x1b, 0x73, 0x1b, 0x73, 0xfb, 0x72, 0xfb, 0x72, 0xfb, 0x72, 0xfb, 0x6a, 0xfb, 0x6a,
    0xfb, 0x6a, 0xdb, 0x6a, 0xdb, 0x6a, 0xdb, 0x6a, 0xdb, 0x6a, 0xdb, 0x6a, 0xbb, 0x6a, 0xbb, 0x6a, 0xbb, 0x6a, 0xbb,
    0x6a, 0xbb, 0x6a, 0xbb, 0x6a, 0xbb, 0x62, 0x9a, 0x62, 0x9a, 0x62, 0x9a, 0x62, 0xbb, 0x6a, 0x5d, 0xb5, 0x7d, 0xbd,
    0xdf, 0xc5, 0xae, 0x5a, 0x21, 0x00, 0x83, 0x10, 0x62, 0x08, 0x42, 0x08, 0x42, 0x08, 0x42, 0x08, 0x41, 0x08, 0x21,
    0x00, 0x21, 0x00, 0x21, 0x00, 0x20, 0x00, 0x00, 0x00, 0x00, 0x00, 0x00, 0x00, 0x00, 0x00, 0x00, 0x00, 0x00, 0x00,
    0x00, 0x00, 0x00, 0x00, 0x00, 0x00, 0x00, 0x00, 0x00, 0x00, 0x00, 0x00, 0x00, 0x00, 0x00, 0x00, 0x00, 0x00, 0x00,
    0x00, 0x00, 0x00, 0x00, 0x00, 0x00, 0x00, 0x00, 0x00, 0x00, 0x00, 0x00, 0x00, 0x00, 0x00, 0x00, 0x00, 0x00, 0x00,
    0x00, 0x00, 0x00, 0x00, 0x00, 0x00, 0x00, 0x00, 0x00, 0x00, 0x00, 0x00, 0x00, 0x00, 0x00, 0x00, 0x00, 0x00, 0x00,
    0x00, 0x00, 0x00, 0x00, 0x00, 0x00, 0x00, 0x00, 0x00, 0x00, 0x00, 0x00, 0x00, 0x00, 0x00, 0x00, 0x00, 0x00, 0x00,
    0x00, 0x00, 0x00, 0x00, 0x00, 0x00, 0x00, 0x00, 0x00, 0x00, 0x00, 0x00, 0x00, 0x00, 0x00, 0x00, 0x00, 0x00, 0x00,
    0x00, 0x00, 0x00, 0x00, 0x00, 0x00, 0x00, 0x00, 0x00, 0x00, 0x00, 0x00, 0x00, 0x00, 0x00, 0x00, 0x00, 0x00, 0x00,
    0x00, 0x00, 0x00, 0x00, 0x00, 0x00, 0x00, 0x00, 0x00, 0x00, 0x00, 0x00, 0x00, 0x00, 0x00, 0x00, 0x00, 0x00, 0x00,
    0x00, 0x00, 0x00, 0x00, 0x00, 0x00, 0x00, 0x00, 0x00, 0x00, 0x00, 0x00, 0x00, 0x00, 0x00, 0x00, 0x00, 0x00, 0x00,
    0x00, 0x00, 0x00, 0x00, 0x00, 0x00, 0x00, 0x00, 0x00, 0x00, 0x00, 0x00, 0x00, 0x00, 0x00, 0x00, 0x00, 0x00, 0x00,
    0x00, 0x00, 0x00, 0x00, 0x00, 0x00, 0x00, 0x00, 0x00, 0x00, 0x00, 0x20, 0x00, 0x21, 0x00, 0x21, 0x00, 0x21, 0x00,
    0x41, 0x08, 0x42, 0x08, 0x42, 0x08, 0x62, 0x08, 0x62, 0x08, 0x83, 0x10, 0x01, 0x00, 0x14, 0x84, 0xbf, 0xde, 0x3e,
    0xce, 0xde, 0xc5, 0xfc, 0x8b, 0x1c, 0x8c, 0xfc, 0x8b, 0xfc, 0x8b, 0xfc, 0x8b, 0xfc, 0x8b, 0xfc, 0x8b, 0xfc, 0x8b,
    0xdc, 0x8b, 0xdc, 0x8b, 0xdc, 0x8b, 0xdc, 0x8b, 0xdc, 0x8b, 0xdc, 0x83, 0xbc, 0x83, 0xbc, 0x83, 0xbc, 0x83, 0xbc,
    0x83, 0xbc, 0x83, 0xbc, 0x83, 0x9c, 0x83, 0x9c, 0x83, 0x9c, 0x83, 0x9c, 0x83, 0x9c, 0x83, 0x9c, 0x83, 0x7c, 0x83,
    0x7c, 0x7b, 0x7c, 0x7b, 0x7c, 0x7b, 0x7c, 0x7b, 0x7c, 0x7b, 0x5c, 0x7b, 0x5b, 0x7b, 0x5b, 0x7b, 0x5b, 0x7b, 0x5b,
    0x7b, 0x5b, 0x7b, 0x3b, 0x7b, 0x3b, 0x7b, 0x3b, 0x73, 0x3b, 0x73, 0x3b, 0x73, 0x3b, 0x73, 0x1b, 0x73, 0x1b, 0x73,
    0x1b, 0x73, 0x1b, 0x73, 0x1b, 0x73, 0x1b, 0x73, 0xfb, 0x72, 0xfb, 0x72, 0xfb, 0x72, 0xfb, 0x6a, 0xfb, 0x6a, 0xfb,
    0x6a, 0xdb, 0x6a, 0xdb, 0x6a, 0xdb, 0x6a, 0xdb, 0x6a, 0xdb, 0x6a, 0xbb, 0x6a, 0xbb, 0x6a, 0xbb, 0x6a, 0xbb, 0x6a,
    0xbb, 0x6a, 0xbb, 0x6a, 0xbb, 0x62, 0x9a, 0x62, 0x9a, 0x62, 0x9a, 0x62, 0x5a, 0x5a, 0x5c, 0x94, 0xbd, 0xbd, 0xbe,
    0xbd, 0xd9, 0xa4, 0x63, 0x10, 0x63, 0x10, 0x63, 0x08, 0x62, 0x08, 0x42, 0x08, 0x42, 0x08, 0x41, 0x08, 0x21, 0x08,
    0x21, 0x00, 0x21, 0x00, 0x21, 0x00, 0x00, 0x00, 0x00, 0x00, 0x00, 0x00, 0x00, 0x00, 0x00, 0x00, 0x00, 0x00, 0x00,
    0x00, 0x00, 0x00, 0x00, 0x00, 0x00, 0x00, 0x00, 0x00, 0x00, 0x00, 0x00, 0x00, 0x00, 0x00, 0x00, 0x00, 0x00, 0x00,
    0x00, 0x00, 0x00, 0x00, 0x00, 0x00, 0x00, 0x00, 0x00, 0x00, 0x00, 0x00, 0x00, 0x00, 0x00, 0x00, 0x00, 0x00, 0x00,
    0x00, 0x00, 0x00, 0x00, 0x00, 0x00, 0x00, 0x00, 0x00, 0x00, 0x00, 0x00, 0x00, 0x00, 0x00, 0x00, 0x00, 0x00, 0x00,
    0x00, 0x00, 0x00, 0x00, 0x00, 0x00, 0x00, 0x00, 0x00, 0x00, 0x00, 0x00, 0x00, 0x00, 0x00, 0x00, 0x00, 0x00, 0x00,
    0x00, 0x00, 0x00, 0x00, 0x00, 0x00, 0x00, 0x00, 0x00, 0x00, 0x00, 0x00, 0x00, 0x00, 0x00, 0x00, 0x00, 0x00, 0x00,
    0x00, 0x00, 0x00, 0x00, 0x00, 0x00, 0x00, 0x00, 0x00, 0x00, 0x00, 0x00, 0x00, 0x00, 0x00, 0x00, 0x00, 0x00, 0x00,
    0x00, 0x00, 0x00, 0x00, 0x00, 0x00, 0x00, 0x00, 0x00, 0x00, 0x00, 0x00, 0x00, 0x00, 0x00, 0x00, 0x00, 0x00, 0x00,
    0x00, 0x00, 0x00, 0x00, 0x00, 0x00, 0x00, 0x00, 0x00, 0x00, 0x00, 0x00, 0x00, 0x00, 0x00, 0x00, 0x00, 0x00, 0x00,
    0x00, 0x00, 0x00, 0x00, 0x00, 0x00, 0x00, 0x00, 0x00, 0x00, 0x00, 0x00, 0x00, 0x00, 0x00, 0x00, 0x00, 0x00, 0x00,
    0x00, 0x00, 0x00, 0x00, 0x00, 0x00, 0x00, 0x00, 0x00, 0x00, 0x00, 0x00, 0x20, 0x00, 0x21, 0x00, 0x21, 0x00, 0x21,
    0x00, 0x21, 0x08, 0x41, 0x08, 0x42, 0x08, 0x42, 0x08, 0x62, 0x08, 0x63, 0x10, 0x63, 0x08, 0xe5, 0x20, 0xdc, 0xc5,
    0x5e, 0xd6, 0x5e, 0xd6, 0x1d, 0xad, 0xdc, 0x8b, 0x1c, 0x8c, 0xfc, 0x8b, 0xfc, 0x8b, 0xfc, 0x8b, 0xfc, 0x8b, 0xdc,
    0x8b, 0xdc, 0x8b, 0xdc, 0x8b, 0xdc, 0x8b, 0xdc, 0x8b, 0xdc, 0x83, 0xbc, 0x83, 0xbc, 0x83, 0xbc, 0x83, 0xbc, 0x83,
    0xbc, 0x83, 0xbc, 0x83, 0x9c, 0x83, 0x9c, 0x83, 0x9c, 0x83, 0x9c, 0x83, 0x9c, 0x83, 0x9c, 0x83, 0x7c, 0x83, 0x7c,
    0x7b, 0x7c, 0x7b, 0x7c, 0x7b, 0x7c, 0x7b, 0x7c, 0x7b, 0x5c, 0x7b, 0x5b, 0x7b, 0x5b, 0x7b, 0x5b, 0x7b, 0x5b, 0x7b,
    0x5b, 0x7b, 0x3b, 0x7b, 0x3b, 0x7b, 0x3b, 0x73, 0x3b, 0x73, 0x3b, 0x73, 0x3b, 0x73, 0x1b, 0x73, 0x1b, 0x73, 0x1b,
    0x73, 0x1b, 0x73, 0x1b, 0x73, 0x1b, 0x73, 0xfb, 0x72, 0xfb, 0x72, 0xfb, 0x72, 0xfb, 0x6a, 0xfb, 0x6a, 0xfb, 0x6a,
    0xdb, 0x6a, 0xdb, 0x6a, 0xdb, 0x6a, 0xdb, 0x6a, 0xdb, 0x6a, 0xbb, 0x6a, 0xbb, 0x6a, 0xbb, 0x6a, 0xbb, 0x6a, 0xbb,
    0x6a, 0xbb, 0x6a, 0xbb, 0x62, 0x9a, 0x62, 0x9a, 0x62, 0x9a, 0x62, 0x5a, 0x5a, 0x5b, 0x7b, 0xbd, 0xbd, 0x7d, 0xb5,
    0xbe, 0xbd, 0xca, 0x39, 0x22, 0x08, 0x83, 0x10, 0x62, 0x08, 0x42, 0x08, 0x42, 0x08, 0x41, 0x08, 0x21, 0x08, 0x21,
    0x00, 0x21, 0x00, 0x21, 0x00, 0x20, 0x00, 0x00, 0x00, 0x00, 0x00, 0x00, 0x00, 0x00, 0x00, 0x00, 0x00, 0x00, 0x00,
    0x00, 0x00, 0x00, 0x00, 0x00, 0x00, 0x00, 0x00, 0x00, 0x00, 0x00, 0x00, 0x00, 0x00, 0x00, 0x00, 0x00, 0x00, 0x00,
    0x00, 0x00, 0x00, 0x00, 0x00, 0x00, 0x00, 0x00, 0x00, 0x00, 0x00, 0x00, 0x00, 0x00, 0x00, 0x00, 0x00, 0x00, 0x00,
    0x00, 0x00, 0x00, 0x00, 0x00, 0x00, 0x00, 0x00, 0x00, 0x00, 0x00, 0x00, 0x00, 0x00, 0x00, 0x00, 0x00, 0x00, 0x00,
    0x00, 0x00, 0x00, 0x00, 0x00, 0x00, 0x00, 0x00, 0x00, 0x00, 0x00, 0x00, 0x00, 0x00, 0x00, 0x00, 0x00, 0x00, 0x00,
    0x00, 0x00, 0x00, 0x00, 0x00, 0x00, 0x00, 0x00, 0x00, 0x00, 0x00, 0x00, 0x00, 0x00, 0x00, 0x00, 0x00, 0x00, 0x00,
    0x00, 0x00, 0x00, 0x00, 0x00, 0x00, 0x00, 0x00, 0x00, 0x00, 0x00, 0x00, 0x00, 0x00, 0x00, 0x00, 0x00, 0x00, 0x00,
    0x00, 0x00, 0x00, 0x00, 0x00, 0x00, 0x00, 0x00, 0x00, 0x00, 0x00, 0x00, 0x00, 0x00, 0x00, 0x00, 0x00, 0x00, 0x00,
    0x00, 0x00, 0x00, 0x00, 0x00, 0x00, 0x00, 0x00, 0x00, 0x00, 0x00, 0x00, 0x00, 0x00, 0x00, 0x00, 0x00, 0x00, 0x00,
    0x00, 0x00, 0x00, 0x00, 0x00, 0x00, 0x00, 0x00, 0x00, 0x00, 0x00, 0x00, 0x00, 0x00, 0x00, 0x00, 0x00, 0x00, 0x00,
    0x00, 0x00, 0x00, 0x00, 0x00, 0x00, 0x00, 0x00, 0x00, 0x00, 0x00, 0x00, 0x00, 0x00, 0x00, 0x20, 0x00, 0x21, 0x00,
    0x21, 0x00, 0x21, 0x00, 0x21, 0x08, 0x42, 0x08, 0x42, 0x08, 0x42, 0x08, 0x62, 0x08, 0x83, 0x10, 0x01, 0x00, 0x6c,
    0x52, 0x9f, 0xd6, 0x1e, 0xce, 0x5e, 0xce, 0x9d, 0x9c, 0xdc, 0x8b, 0xfc, 0x8b, 0xfc, 0x8b, 0xfc, 0x8b, 0xdc, 0x8b,
    0xdc, 0x8b, 0xdc, 0x8b, 0xdc, 0x8b, 0xdc, 0x8b, 0xdc, 0x83, 0xbc, 0x83, 0xbc, 0x83, 0xbc, 0x83, 0xbc, 0x83, 0xbc,
    0x83, 0xbc, 0x83, 0x9c, 0x83, 0x9c, 0x83, 0x9c, 0x83, 0x9c, 0x83, 0x9c, 0x83, 0x9c, 0x83, 0x7c, 0x83, 0x7c, 0x7b,
    0x7c, 0x7b, 0x7c, 0x7b, 0x7c, 0x7b, 0x7c, 0x7b, 0x5c, 0x7b, 0x5b, 0x7b, 0x5b, 0x7b, 0x5b, 0x7b, 0x5b, 0x7b, 0x5b,
    0x7b, 0x3b, 0x7b, 0x3b, 0x7b, 0x3b, 0x73, 0x3b, 0x73, 0x3b, 0x73, 0x3b, 0x73, 0x1b, 0x73, 0x1b, 0x73, 0x1b, 0x73,
    0x1b, 0x73, 0x1b, 0x73, 0x1b, 0x73, 0xfb, 0x72, 0xfb, 0x72, 0xfb, 0x72, 0xfb, 0x6a, 0xfb, 0x6a, 0xfb, 0x6a, 0xdb,
    0x6a, 0xdb, 0x6a, 0xdb, 0x6a, 0xdb, 0x6a, 0xdb, 0x6a, 0xbb, 0x6a, 0xbb, 0x6a, 0xbb, 0x6a, 0xbb, 0x6a, 0xbb, 0x6a,
    0xbb, 0x6a, 0xbb, 0x62, 0x9a, 0x62, 0x9a, 0x62, 0x9a, 0x62, 0x7a, 0x62, 0xbb, 0x6a, 0x5d, 0xb5, 0x7d, 0xbd, 0xdf,
    0xc5, 0x72, 0x73, 0x21, 0x00, 0x83, 0x10, 0x63, 0x08, 0x42, 0x08, 0x42, 0x08, 0x42, 0x08, 0x41, 0x08, 0x21, 0x08,
    0x21, 0x00, 0x21, 0x00, 0x21, 0x00, 0x20, 0x00, 0x00, 0x00, 0x00, 0x00, 0x00, 0x00, 0x00, 0x00, 0x00, 0x00, 0x00,
    0x00, 0x00, 0x00, 0x00, 0x00, 0x00, 0x00, 0x00, 0x00, 0x00, 0x00, 0x00, 0x00, 0x00, 0x00, 0x00, 0x00, 0x00, 0x00,
    0x00, 0x00, 0x00, 0x00, 0x00, 0x00, 0x00, 0x00, 0x00, 0x00, 0x00, 0x00, 0x00, 0x00, 0x00, 0x00, 0x00, 0x00, 0x00,
    0x00, 0x00, 0x00, 0x00, 0x00, 0x00, 0x00, 0x00, 0x00, 0x00, 0x00, 0x00, 0x00, 0x00, 0x00, 0x00, 0x00, 0x00, 0x00,
    0x00, 0x00, 0x00, 0x00, 0x00, 0x00, 0x00, 0x00, 0x00, 0x00, 0x00, 0x00, 0x00, 0x00, 0x00, 0x00, 0x00, 0x00, 0x00,
    0x00, 0x00, 0x00, 0x00, 0x00, 0x00, 0x00, 0x00, 0x00, 0x00, 0x00, 0x00, 0x00, 0x00, 0x00, 0x00, 0x00, 0x00, 0x00,
    0x00, 0x00, 0x00, 0x00, 0x00, 0x00, 0x00, 0x00, 0x00, 0x00, 0x00, 0x00, 0x00, 0x00, 0x00, 0x00, 0x00, 0x00, 0x00,
    0x00, 0x00, 0x00, 0x00, 0x00, 0x00, 0x00, 0x00, 0x00, 0x00, 0x00, 0x00, 0x00, 0x00, 0x00, 0x00, 0x00, 0x00, 0x00,
    0x00, 0x00, 0x00, 0x00, 0x00, 0x00, 0x00, 0x00, 0x00, 0x00, 0x00, 0x00, 0x00, 0x00, 0x00, 0x00, 0x00, 0x00, 0x00,
    0x00, 0x00, 0x00, 0x00, 0x00, 0x00, 0x00, 0x00, 0x00, 0x00, 0x00, 0x00, 0x00, 0x00, 0x00, 0x00, 0x00, 0x00, 0x00,
    0x00, 0x00, 0x00, 0x00, 0x00, 0x00, 0x00, 0x00, 0x00, 0x00, 0x00, 0x00, 0x00, 0x00, 0x00, 0x00, 0x20, 0x00, 0x21,
    0x00, 0x21, 0x00, 0x21, 0x00, 0x21, 0x08, 0x41, 0x08, 0x42, 0x08, 0x42, 0x08, 0x62, 0x08, 0x63, 0x08, 0x83, 0x10,
    0x22, 0x00, 0x55, 0x8c, 0x9f, 0xde, 0x1e, 0xce, 0x1e, 0xce, 0x1c, 0x94, 0xdc, 0x8b, 0xfc, 0x8b, 0xdc, 0x8b, 0xdc,
    0x8b, 0xdc, 0x8b, 0xdc, 0x8b, 0xdc, 0x8b, 0xdc, 0x83, 0xbc, 0x83, 0xbc, 0x83, 0xbc, 0x83, 0xbc, 0x83, 0xbc, 0x83,
    0xbc, 0x83, 0x9c, 0x83, 0x9c, 0x83, 0x9c, 0x83, 0x9c, 0x83, 0x9c, 0x83, 0x9c, 0x83, 0x7c, 0x83, 0x7c, 0x7b, 0x7c,
    0x7b, 0x7c, 0x7b, 0x7c, 0x7b, 0x7c, 0x7b, 0x5c, 0x7b, 0x5b, 0x7b, 0x5b, 0x7b, 0x5b, 0x7b, 0x5b, 0x7b, 0x5b, 0x7b,
    0x3b, 0x7b, 0x3b, 0x7b, 0x3b, 0x73, 0x3b, 0x73, 0x3b, 0x73, 0x3b, 0x73, 0x1b, 0x73, 0x1b, 0x73, 0x1b, 0x73, 0x1b,
    0x73, 0x1b, 0x73, 0x1b, 0x73, 0xfb, 0x72, 0xfb, 0x72, 0xfb, 0x72, 0xfb, 0x6a, 0xfb, 0x6a, 0xfb, 0x6a, 0xdb, 0x6a,
    0xdb, 0x6a, 0xdb, 0x6a, 0xdb, 0x6a, 0xdb, 0x6a, 0xbb, 0x6a, 0xbb, 0x6a, 0xbb, 0x6a, 0xbb, 0x6a, 0xbb, 0x6a, 0xbb,
    0x6a, 0xbb, 0x62, 0x9a, 0x62, 0x9a, 0x62, 0x9a, 0x62, 0x9a, 0x62, 0x7a, 0x62, 0xbc, 0xa4, 0xbd, 0xbd, 0xbe, 0xbd,
    0xfa, 0xa4, 0xa4, 0x10, 0x63, 0x08, 0x63, 0x10, 0x62, 0x08, 0x42, 0x08, 0x42, 0x08, 0x41, 0x08, 0x21, 0x08, 0x21,
    0x00, 0x21, 0x00, 0x21, 0x00, 0x20, 0x00, 0x00, 0x00, 0x00, 0x00, 0x00, 0x00, 0x00, 0x00, 0x00, 0x00, 0x00, 0x00,
    0x00, 0x00, 0x00, 0x00, 0x00, 0x00, 0x00, 0x00, 0x00, 0x00, 0x00, 0x00, 0x00, 0x00, 0x00, 0x00, 0x00, 0x00, 0x00,
    0x00, 0x00, 0x00, 0x00, 0x00, 0x00, 0x00, 0x00, 0x00, 0x00, 0x00, 0x00, 0x00, 0x00, 0x00, 0x00, 0x00, 0x00, 0x00,
    0x00, 0x00, 0x00, 0x00, 0x00, 0x00, 0x00, 0x00, 0x00, 0x00, 0x00, 0x00, 0x00, 0x00, 0x00, 0x00, 0x00, 0x00, 0x00,
    0x00, 0x00, 0x00, 0x00, 0x00, 0x00, 0x00, 0x00, 0x00, 0x00, 0x00, 0x00, 0x00, 0x00, 0x00, 0x00, 0x00, 0x00, 0x00,
    0x00, 0x00, 0x00, 0x00, 0x00, 0x00, 0x00, 0x00, 0x00, 0x00, 0x00, 0x00, 0x00, 0x00, 0x00, 0x00, 0x00, 0x00, 0x00,
    0x00, 0x00, 0x00, 0x00, 0x00, 0x00, 0x00, 0x00, 0x00, 0x00, 0x00, 0x00, 0x00, 0x00, 0x00, 0x00, 0x00, 0x00, 0x00,
    0x00, 0x00, 0x00, 0x00, 0x00, 0x00, 0x00, 0x00, 0x00, 0x00, 0x00, 0x00, 0x00, 0x00, 0x00, 0x00, 0x00, 0x00, 0x00,
    0x00, 0x00, 0x00, 0x00, 0x00, 0x00, 0x00, 0x00, 0x00, 0x00, 0x00, 0x00, 0x00, 0x00, 0x00, 0x00, 0x00, 0x00, 0x00,
    0x00, 0x00, 0x00, 0x00, 0x00, 0x00, 0x00, 0x00, 0x00, 0x00, 0x00, 0x00, 0x00, 0x00, 0x00, 0x00, 0x00, 0x00, 0x00,
    0x00, 0x00, 0x00, 0x00, 0x00, 0x00, 0x00, 0x00, 0x00, 0x00, 0x00, 0x00, 0x00, 0x00, 0x00, 0x00, 0x00, 0x00, 0x00,
    0x20, 0x00, 0x21, 0x00, 0x21, 0x00, 0x21, 0x00, 0x21, 0x08, 0x41, 0x08, 0x42, 0x08, 0x42, 0x08, 0x62, 0x08, 0x63,
    0x10, 0x63, 0x08, 0xc4, 0x18, 0x9b, 0xb5, 0x5f, 0xd6, 0x3e, 0xce, 0x9e, 0xbd, 0xdc, 0x83, 0xdc, 0x8b, 0xdc, 0x8b,
    0xdc, 0x8b, 0xdc, 0x8b, 0xdc, 0x8b, 0xdc, 0x83, 0xbc, 0x83, 0xbc, 0x83, 0xbc, 0x83, 0xbc, 0x83, 0xbc, 0x83, 0xbc,
    0x83, 0x9c, 0x83, 0x9c, 0x83, 0x9c, 0x83, 0x9c, 0x83, 0x9c, 0x83, 0x9c, 0x83, 0x7c, 0x83, 0x7c, 0x7b, 0x7c, 0x7b,
    0x7c, 0x7b, 0x7c, 0x7b, 0x7c, 0x7b, 0x5c, 0x7b, 0x5b, 0x7b, 0x5b, 0x7b, 0x5b, 0x7b, 0x5b, 0x7b, 0x5b, 0x7b, 0x3b,
    0x7b, 0x3b, 0x7b, 0x3b, 0x73, 0x3b, 0x73, 0x3b, 0x73, 0x3b, 0x73, 0x1b, 0x73, 0x1b, 0x73, 0x1b, 0x73, 0x1b, 0x73,
    0x1b, 0x73, 0x1b, 0x73, 0xfb, 0x72, 0xfb, 0x72, 0xfb, 0x72, 0xfb, 0x6a, 0xfb, 0x6a, 0xfb, 0x6a, 0xdb, 0x6a, 0xdb,
    0x6a, 0xdb, 0x6a, 0xdb, 0x6a, 0xdb, 0x6a, 0xbb, 0x6a, 0xbb, 0x6a, 0xbb, 0x6a, 0xbb, 0x6a, 0xbb, 0x6a, 0xbb, 0x6a,
    0xbb, 0x62, 0x9a, 0x62, 0x9a, 0x62, 0x9a, 0x62, 0x9a, 0x62, 0x3a, 0x5a, 0x1c, 0x8c, 0xbd, 0xbd, 0x7d, 0xb5, 0x9e,
    0xbd, 0x89, 0x31, 0x42, 0x08, 0x83, 0x10, 0x62, 0x08, 0x42, 0x08, 0x42, 0x08, 0x42, 0x08, 0x41, 0x08, 0x21, 0x08,
    0x21, 0x00, 0x21, 0x00, 0x20, 0x00, 0x00, 0x00, 0x00, 0x00, 0x00, 0x00, 0x00, 0x00, 0x00, 0x00, 0x00, 0x00, 0x00,
    0x00, 0x00, 0x00, 0x00, 0x00, 0x00, 0x00, 0x00, 0x00, 0x00, 0x00, 0x00, 0x00, 0x00, 0x00, 0x00, 0x00, 0x00, 0x00,
    0x00, 0x00, 0x00, 0x00, 0x00, 0x00, 0x00, 0x00, 0x00, 0x00, 0x00, 0x00, 0x00, 0x00, 0x00, 0x00, 0x00, 0x00, 0x00,
    0x00, 0x00, 0x00, 0x00, 0x00, 0x00, 0x00, 0x00, 0x00, 0x00, 0x00, 0x00, 0x00, 0x00, 0x00, 0x00, 0x00, 0x00, 0x00,
    0x00, 0x00, 0x00, 0x00, 0x00, 0x00, 0x00, 0x00, 0x00, 0x00, 0x00, 0x00, 0x00, 0x00, 0x00, 0x00, 0x00, 0x00, 0x00,
    0x00, 0x00, 0x00, 0x00, 0x00, 0x00, 0x00, 0x00, 0x00, 0x00, 0x00, 0x00, 0x00, 0x00, 0x00, 0x00, 0x00, 0x00, 0x00,
    0x00, 0x00, 0x00, 0x00, 0x00, 0x00, 0x00, 0x00, 0x00, 0x00, 0x00, 0x00, 0x00, 0x00, 0x00, 0x00, 0x00, 0x00, 0x00,
    0x00, 0x00, 0x00, 0x00, 0x00, 0x00, 0x00, 0x00, 0x00, 0x00, 0x00, 0x00, 0x00, 0x00, 0x00, 0x00, 0x00, 0x00, 0x00,
    0x00, 0x00, 0x00, 0x00, 0x00, 0x00, 0x00, 0x00, 0x00, 0x00, 0x00, 0x00, 0x00, 0x00, 0x00, 0x00, 0x00, 0x00, 0x00,
    0x00, 0x00, 0x00, 0x00, 0x00, 0x00, 0x00, 0x00, 0x00, 0x00, 0x00, 0x00, 0x00, 0x00, 0x00, 0x00, 0x00, 0x00, 0x00,
    0x00, 0x00, 0x00, 0x00, 0x00, 0x00, 0x00, 0x00, 0x00, 0x00, 0x00, 0x00, 0x00, 0x00, 0x00, 0x00, 0x00, 0x00, 0x00,
    0x00, 0x20, 0x00, 0x21, 0x00, 0x21, 0x00, 0x21, 0x00, 0x21, 0x00, 0x41, 0x08, 0x42, 0x08, 0x42, 0x08, 0x42, 0x08,
    0x62, 0x08, 0x83, 0x10, 0x22, 0x08, 0xa9, 0x39, 0x5f, 0xd6, 0x3e, 0xce, 0x3e, 0xce, 0x3d, 0xb5, 0xdc, 0x83, 0xdc,
    0x8b, 0xdc, 0x8b, 0xdc, 0x8b, 0xdc, 0x83, 0xbc, 0x83, 0xbc, 0x83, 0xbc, 0x83, 0xbc, 0x83, 0xbc, 0x83, 0xbc, 0x83,
    0x9c, 0x83, 0x9c, 0x83, 0x9c, 0x83, 0x9c, 0x83, 0x9c, 0x83, 0x9c, 0x83, 0x7c, 0x83, 0x7c, 0x7b, 0x7c, 0x7b, 0x7c,
    0x7b, 0x7c, 0x7b, 0x7c, 0x7b, 0x5c, 0x7b, 0x5b, 0x7b, 0x5b, 0x7b, 0x5b, 0x7b, 0x5b, 0x7b, 0x5b, 0x7b, 0x3b, 0x7b,
    0x3b, 0x7b, 0x3b, 0x73, 0x3b, 0x73, 0x3b, 0x73, 0x3b, 0x73, 0x1b, 0x73, 0x1b, 0x73, 0x1b, 0x73, 0x1b, 0x73, 0x1b,
    0x73, 0x1b, 0x73, 0xfb, 0x72, 0xfb, 0x72, 0xfb, 0x72, 0xfb, 0x6a, 0xfb, 0x6a, 0xfb, 0x6a, 0xdb, 0x6a, 0xdb, 0x6a,
    0xdb, 0x6a, 0xdb, 0x6a, 0xdb, 0x6a, 0xbb, 0x6a, 0xbb, 0x6a, 0xbb, 0x6a, 0xbb, 0x6a, 0xbb, 0x6a, 0xbb, 0x6a, 0xbb,
    0x62, 0x9a, 0x62, 0x9a, 0x62, 0x9a, 0x62, 0x9a, 0x62, 0x5a, 0x5a, 0xbb, 0x83, 0xbd, 0xbd, 0x7d, 0xb5, 0xff, 0xc5,
    0xaf, 0x5a, 0x21, 0x00, 0x83, 0x10, 0x62, 0x08, 0x62, 0x08, 0x42, 0x08, 0x42, 0x08, 0x41, 0x08, 0x21, 0x08, 0x21,
    0x00, 0x21, 0x00, 0x21, 0x00, 0x20, 0x00, 0x00, 0x00, 0x00, 0x00, 0x00, 0x00, 0x00, 0x00, 0x00, 0x00, 0x00, 0x00,
    0x00, 0x00, 0x00, 0x00, 0x00, 0x00, 0x00, 0x00, 0x00, 0x00, 0x00, 0x00, 0x00, 0x00, 0x00, 0x00, 0x00, 0x00, 0x00,
    0x00, 0x00, 0x00, 0x00, 0x00, 0x00, 0x00, 0x00, 0x00, 0x00, 0x00, 0x00, 0x00, 0x00, 0x00, 0x00, 0x00, 0x00, 0x00,
    0x00, 0x00, 0x00, 0x00, 0x00, 0x00, 0x00, 0x00, 0x00, 0x00, 0x00, 0x00, 0x00, 0x00, 0x00, 0x00, 0x00, 0x00, 0x00,
    0x00, 0x00, 0x00, 0x00, 0x00, 0x00, 0x00, 0x00, 0x00, 0x00, 0x00, 0x00, 0x00, 0x00, 0x00, 0x00, 0x00, 0x00, 0x00,
    0x00, 0x00, 0x00, 0x00, 0x00, 0x00, 0x00, 0x00, 0x00, 0x00, 0x00, 0x00, 0x00, 0x00, 0x00, 0x00, 0x00, 0x00, 0x00,
    0x00, 0x00, 0x00, 0x00, 0x00, 0x00, 0x00, 0x00, 0x00, 0x00, 0x00, 0x00, 0x00, 0x00, 0x00, 0x00, 0x00, 0x00, 0x00,
    0x00, 0x00, 0x00, 0x00, 0x00, 0x00, 0x00, 0x00, 0x00, 0x00, 0x00, 0x00, 0x00, 0x00, 0x00, 0x00, 0x00, 0x00, 0x00,
    0x00, 0x00, 0x00, 0x00, 0x00, 0x00, 0x00, 0x00, 0x00, 0x00, 0x00, 0x00, 0x00, 0x00, 0x00, 0x00, 0x00, 0x00, 0x00,
    0x00, 0x00, 0x00, 0x00, 0x00, 0x00, 0x00, 0x00, 0x00, 0x00, 0x00, 0x00, 0x00, 0x00, 0x00, 0x00, 0x00, 0x00, 0x00,
    0x00, 0x00, 0x00, 0x00, 0x00, 0x00, 0x00, 0x00, 0x00, 0x00, 0x00, 0x00, 0x00, 0x00, 0x00, 0x00, 0x00, 0x00, 0x00,
    0x00, 0x00, 0x00, 0x00, 0x20, 0x00, 0x21, 0x00, 0x21, 0x00, 0x21, 0x00, 0x21, 0x08, 0x41, 0x08, 0x42, 0x08, 0x42,
    0x08, 0x62, 0x08, 0x62, 0x08, 0x83, 0x10, 0x21, 0x00, 0xae, 0x5a, 0x7f, 0xd6, 0x1e, 0xc6, 0x5e, 0xd6, 0xfd, 0xac,
    0x9c, 0x83, 0xdc, 0x8b, 0xdc, 0x83, 0xbc, 0x83, 0xbc, 0x83, 0xbc, 0x83, 0xbc, 0x83, 0xbc, 0x83, 0xbc, 0x83, 0x9c,
    0x83, 0x9c, 0x83, 0x9c, 0x83, 0x9c, 0x83, 0x9c, 0x83, 0x9c, 0x83, 0x7c, 0x83, 0x7c, 0x7b, 0x7c, 0x7b, 0x7c, 0x7b,
    0x7c, 0x7b, 0x7c, 0x7b, 0x5c, 0x7b, 0x5b, 0x7b, 0x5b, 0x7b, 0x5b, 0x7b, 0x5b, 0x7b, 0x5b, 0x7b, 0x3b, 0x7b, 0x3b,
    0x7b, 0x3b, 0x73, 0x3b, 0x73, 0x3b, 0x73, 0x3b, 0x73, 0x1b, 0x73, 0x1b, 0x73, 0x1b, 0x73, 0x1b, 0x73, 0x1b, 0x73,
    0x1b, 0x73, 0xfb, 0x72, 0xfb, 0x72, 0xfb, 0x72, 0xfb, 0x6a, 0xfb, 0x6a, 0xfb, 0x6a, 0xdb, 0x6a, 0xdb, 0x6a, 0xdb,
    0x6a, 0xdb, 0x6a, 0xdb, 0x6a, 0xbb, 0x6a, 0xbb, 0x6a, 0xbb, 0x6a, 0xbb, 0x6a, 0xbb, 0x6a, 0xbb, 0x6a, 0xbb, 0x62,
    0x9a, 0x62, 0x9a, 0x62, 0x9a, 0x62, 0xba, 0x62, 0x5a, 0x5a, 0x5b, 0x7b, 0xbd, 0xbd, 0x7d, 0xb5, 0xdf, 0xc5, 0x93,
    0x7b, 0x42, 0x08, 0x83, 0x10, 0x63, 0x08, 0x62, 0x08, 0x42, 0x08, 0x42, 0x08, 0x41, 0x08, 0x41, 0x08, 0x21, 0x00,
    0x21, 0x00, 0x21, 0x00, 0x20, 0x00, 0x00, 0x00, 0x00, 0x00, 0x00, 0x00, 0x00, 0x00, 0x00, 0x00, 0x00, 0x00, 0x00,
    0x00, 0x00, 0x00, 0x00, 0x00, 0x00, 0x00, 0x00, 0x00, 0x00, 0x00, 0x00, 0x00, 0x00, 0x00, 0x00, 0x00, 0x00, 0x00,
    0x00, 0x00, 0x00, 0x00, 0x00, 0x00, 0x00, 0x00, 0x00, 0x00, 0x00, 0x00, 0x00, 0x00, 0x00, 0x00, 0x00, 0x00, 0x00,
    0x00, 0x00, 0x00, 0x00, 0x00, 0x00, 0x00, 0x00, 0x00, 0x00, 0x00, 0x00, 0x00, 0x00, 0x00, 0x00, 0x00, 0x00, 0x00,
    0x00, 0x00, 0x00, 0x00, 0x00, 0x00, 0x00, 0x00, 0x00, 0x00, 0x00, 0x00, 0x00, 0x00, 0x00, 0x00, 0x00, 0x00, 0x00,
    0x00, 0x00, 0x00, 0x00, 0x00, 0x00, 0x00, 0x00, 0x00, 0x00, 0x00, 0x00, 0x00, 0x00, 0x00, 0x00, 0x00, 0x00, 0x00,
    0x00, 0x00, 0x00, 0x00, 0x00, 0x00, 0x00, 0x00, 0x00, 0x00, 0x00, 0x00, 0x00, 0x00, 0x00, 0x00, 0x00, 0x00, 0x00,
    0x00, 0x00, 0x00, 0x00, 0x00, 0x00, 0x00, 0x00, 0x00, 0x00, 0x00, 0x00, 0x00, 0x00, 0x00, 0x00, 0x00, 0x00, 0x00,
    0x00, 0x00, 0x00, 0x00, 0x00, 0x00, 0x00, 0x00, 0x00, 0x00, 0x00, 0x00, 0x00, 0x00, 0x00, 0x00, 0x00, 0x00, 0x00,
    0x00, 0x00, 0x00, 0x00, 0x00, 0x00, 0x00, 0x00, 0x00, 0x00, 0x00, 0x00, 0x00, 0x00, 0x00, 0x00, 0x00, 0x00, 0x00,
    0x00, 0x00, 0x00, 0x00, 0x00, 0x00, 0x00, 0x00, 0x00, 0x00, 0x00, 0x00, 0x00, 0x00, 0x00, 0x00, 0x00, 0x00, 0x00,
    0x00, 0x00, 0x00, 0x00, 0x00, 0x00, 0x00, 0x20, 0x00, 0x21, 0x00, 0x21, 0x00, 0x21, 0x00, 0x21, 0x08, 0x41, 0x08,
    0x42, 0x08, 0x42, 0x08, 0x62, 0x08, 0x63, 0x08, 0x83, 0x10, 0x01, 0x00, 0xb2, 0x7b, 0x9f, 0xde, 0xfd, 0xc5, 0x3e,
    0xce, 0xbd, 0xa4, 0x9c, 0x83, 0xdc, 0x83, 0xbc, 0x83, 0xbc, 0x83, 0xbc, 0x83, 0xbc, 0x83, 0xbc, 0x83, 0x9c, 0x83,
    0x9c, 0x83, 0x9c, 0x83, 0x9c, 0x83, 0x9c, 0x83, 0x9c, 0x83, 0x7c, 0x83, 0x7c, 0x7b, 0x7c, 0x7b, 0x7c, 0x7b, 0x7c,
    0x7b, 0x7c, 0x7b, 0x5c, 0x7b, 0x5b, 0x7b, 0x5b, 0x7b, 0x5b, 0x7b, 0x5b, 0x7b, 0x5b, 0x7b, 0x3b, 0x7b, 0x3b, 0x7b,
    0x3b, 0x73, 0x3b, 0x73, 0x3b, 0x73, 0x3b, 0x73, 0x1b, 0x73, 0x1b, 0x73, 0x1b, 0x73, 0x1b, 0x73, 0x1b, 0x73, 0x1b,
    0x73, 0xfb, 0x72, 0xfb, 0x72, 0xfb, 0x72, 0xfb, 0x6a, 0xfb, 0x6a, 0xfb, 0x6a, 0xdb, 0x6a, 0xdb, 0x6a, 0xdb, 0x6a,
    0xdb, 0x6a, 0xdb, 0x6a, 0xbb, 0x6a, 0xbb, 0x6a, 0xbb, 0x6a, 0xbb, 0x6a, 0xbb, 0x6a, 0xbb, 0x6a, 0xbb, 0x62, 0x9a,
    0x62, 0x9a, 0x62, 0x9a, 0x62, 0x9a, 0x62, 0x5a, 0x5a, 0x1b, 0x73, 0x7d, 0xb5, 0x7d, 0xb5, 0xdf, 0xc5, 0x78, 0x94,
    0x63, 0x08, 0x63, 0x10, 0x63, 0x10, 0x62, 0x08, 0x42, 0x08, 0x42, 0x08, 0x41, 0x08, 0x41, 0x08, 0x21, 0x00, 0x21,
    0x00, 0x21, 0x00, 0x21, 0x00, 0x20, 0x00, 0x00, 0x00, 0x00, 0x00, 0x00, 0x00, 0x00, 0x00, 0x00, 0x00, 0x00, 0x00,
    0x00, 0x00, 0x00, 0x00, 0x00, 0x00, 0x00, 0x00, 0x00, 0x00, 0x00, 0x00, 0x00, 0x00, 0x00, 0x00, 0x00, 0x00, 0x00,
    0x00, 0x00, 0x00, 0x00, 0x00, 0x00, 0x00, 0x00, 0x00, 0x00, 0x00, 0x00, 0x00, 0x00, 0x00, 0x00, 0x00, 0x00, 0x00,
    0x00, 0x00, 0x00, 0x00, 0x00, 0x00, 0x00, 0x00, 0x00, 0x00, 0x00, 0x00, 0x00, 0x00, 0x00, 0x00, 0x00, 0x00, 0x00,
    0x00, 0x00, 0x00, 0x00, 0x00, 0x00, 0x00, 0x00, 0x00, 0x00, 0x00, 0x00, 0x00, 0x00, 0x00, 0x00, 0x00, 0x00, 0x00,
    0x00, 0x00, 0x00, 0x00, 0x00, 0x00, 0x00, 0x00, 0x00, 0x00, 0x00, 0x00, 0x00, 0x00, 0x00, 0x00, 0x00, 0x00, 0x00,
    0x00, 0x00, 0x00, 0x00, 0x00, 0x00, 0x00, 0x00, 0x00, 0x00, 0x00, 0x00, 0x00, 0x00, 0x00, 0x00, 0x00, 0x00, 0x00,
    0x00, 0x00, 0x00, 0x00, 0x00, 0x00, 0x00, 0x00, 0x00, 0x00, 0x00, 0x00, 0x00, 0x00, 0x00, 0x00, 0x00, 0x00, 0x00,
    0x00, 0x00, 0x00, 0x00, 0x00, 0x00, 0x00, 0x00, 0x00, 0x00, 0x00, 0x00, 0x00, 0x00, 0x00, 0x00, 0x00, 0x00, 0x00,
    0x00, 0x00, 0x00, 0x00, 0x00, 0x00, 0x00, 0x00, 0x00, 0x00, 0x00, 0x00, 0x00, 0x00, 0x00, 0x00, 0x00, 0x00, 0x00,
    0x00, 0x00, 0x00, 0x00, 0x00, 0x00, 0x00, 0x00, 0x00, 0x00, 0x00, 0x00, 0x00, 0x00, 0x00, 0x00, 0x00, 0x00, 0x00,
    0x00, 0x00, 0x00, 0x00, 0x00, 0x00, 0x00, 0x00, 0x20, 0x00, 0x21, 0x00, 0x21, 0x00, 0x21, 0x00, 0x21, 0x08, 0x41,
    0x08, 0x41, 0x08, 0x42, 0x08, 0x42, 0x08, 0x62, 0x08, 0x63, 0x08, 0x83, 0x10, 0x42, 0x08, 0xf4, 0x83, 0x9f, 0xde,
    0x1d, 0xc6, 0x3e, 0xce, 0xdd, 0xa4, 0x9c, 0x83, 0xbc, 0x83, 0xbc, 0x83, 0xbc, 0x83, 0xbc, 0x83, 0x9c, 0x83, 0x9c,
    0x83, 0x9c, 0x83, 0x9c, 0x83, 0x9c, 0x83, 0x9c, 0x83, 0x7c, 0x83, 0x7c, 0x7b, 0x7c, 0x7b, 0x7c, 0x7b, 0x7c, 0x7b,
    0x7c, 0x7b, 0x5c, 0x7b, 0x5b, 0x7b, 0x5b, 0x7b, 0x5b, 0x7b, 0x5b, 0x7b, 0x5b, 0x7b, 0x3b, 0x7b, 0x3b, 0x7b, 0x3b,
    0x73, 0x3b, 0x73, 0x3b, 0x73, 0x3b, 0x73, 0x1b, 0x73, 0x1b, 0x73, 0x1b, 0x73, 0x1b, 0x73, 0x1b, 0x73, 0x1b, 0x73,
    0xfb, 0x72, 0xfb, 0x72, 0xfb, 0x72, 0xfb, 0x6a, 0xfb, 0x6a, 0xfb, 0x6a, 0xdb, 0x6a, 0xdb, 0x6a, 0xdb, 0x6a, 0xdb,
    0x6a, 0xdb, 0x6a, 0xbb, 0x6a, 0xbb, 0x6a, 0xbb, 0x6a, 0xbb, 0x6a, 0xbb, 0x6a, 0xbb, 0x6a, 0xbb, 0x62, 0x9a, 0x62,
    0x9a, 0x62, 0x9a, 0x62, 0x9a, 0x62, 0x5a, 0x5a, 0x5b, 0x7b, 0x7d, 0xb5, 0x7d, 0xbd, 0xdf, 0xc5, 0x98, 0x9c, 0xa4,
    0x18, 0x63, 0x08, 0x63, 0x10, 0x62, 0x08, 0x42, 0x08, 0x42, 0x08, 0x42, 0x08, 0x41, 0x08, 0x21, 0x08, 0x21, 0x00,
    0x21, 0x00, 0x21, 0x00, 0x20, 0x00, 0x00, 0x00, 0x00, 0x00, 0x00, 0x00, 0x00, 0x00, 0x00, 0x00, 0x00, 0x00, 0x00,
    0x00, 0x00, 0x00, 0x00, 0x00, 0x00, 0x00, 0x00, 0x00, 0x00, 0x00, 0x00, 0x00, 0x00, 0x00, 0x00, 0x00, 0x00, 0x00,
    0x00, 0x00, 0x00, 0x00, 0x00, 0x00, 0x00, 0x00, 0x00, 0x00, 0x00, 0x00, 0x00, 0x00, 0x00, 0x00, 0x00, 0x00, 0x00,
    0x00, 0x00, 0x00, 0x00, 0x00, 0x00, 0x00, 0x00, 0x00, 0x00, 0x00, 0x00, 0x00, 0x00, 0x00, 0x00, 0x00, 0x00, 0x00,
    0x00, 0x00, 0x00, 0x00, 0x00, 0x00, 0x00, 0x00, 0x00, 0x00, 0x00, 0x00, 0x00, 0x00, 0x00, 0x00, 0x00, 0x00, 0x00,
    0x00, 0x00, 0x00, 0x00, 0x00, 0x00, 0x00, 0x00, 0x00, 0x00, 0x00, 0x00, 0x00, 0x00, 0x00, 0x00, 0x00, 0x00, 0x00,
    0x00, 0x00, 0x00, 0x00, 0x00, 0x00, 0x00, 0x00, 0x00, 0x00, 0x00, 0x00, 0x00, 0x00, 0x00, 0x00, 0x00, 0x00, 0x00,
    0x00, 0x00, 0x00, 0x00, 0x00, 0x00, 0x00, 0x00, 0x00, 0x00, 0x00, 0x00, 0x00, 0x00, 0x00, 0x00, 0x00, 0x00, 0x00,
    0x00, 0x00, 0x00, 0x00, 0x00, 0x00, 0x00, 0x00, 0x00, 0x00, 0x00, 0x00, 0x00, 0x00, 0x00, 0x00, 0x00, 0x00, 0x00,
    0x00, 0x00, 0x00, 0x00, 0x00, 0x00, 0x00, 0x00, 0x00, 0x00, 0x00, 0x00, 0x00, 0x00, 0x00, 0x00, 0x00, 0x00, 0x00,
    0x00, 0x00, 0x00, 0x00, 0x00, 0x00, 0x00, 0x00, 0x00, 0x00, 0x00, 0x00, 0x00, 0x00, 0x00, 0x00, 0x00, 0x00, 0x00,
    0x00, 0x00, 0x00, 0x00, 0x00, 0x00, 0x00, 0x00, 0x00, 0x00, 0x00, 0x20, 0x00, 0x21, 0x00, 0x21, 0x00, 0x21, 0x00,
    0x21, 0x08, 0x41, 0x08, 0x42, 0x08, 0x42, 0x08, 0x42, 0x08, 0x62, 0x08, 0x63, 0x10, 0x63, 0x10, 0x22, 0x08, 0xf4,
    0x83, 0x9f, 0xd6, 0xfd, 0xc5, 0x5e, 0xce, 0x1d, 0xad, 0x9c, 0x83, 0x9c, 0x83, 0xbc, 0x83, 0x9c, 0x83, 0x9c, 0x83,
    0x9c, 0x83, 0x9c, 0x83, 0x9c, 0x83, 0x9c, 0x83, 0x7c, 0x83, 0x7c, 0x7b, 0x7c, 0x7b, 0x7c, 0x7b, 0x7c, 0x7b, 0x7c,
    0x7b, 0x5c, 0x7b, 0x5b, 0x7b, 0x5b, 0x7b, 0x5b, 0x7b, 0x5b, 0x7b, 0x5b, 0x7b, 0x3b, 0x7b, 0x3b, 0x7b, 0x3b, 0x73,
    0x3b, 0x73, 0x3b, 0x73, 0x3b, 0x73, 0x1b, 0x73, 0x1b, 0x73, 0x1b, 0x73, 0x1b, 0x73, 0x1b, 0x73, 0x1b, 0x73, 0xfb,
    0x72, 0xfb, 0x72, 0xfb, 0x72, 0xfb, 0x6a, 0xfb, 0x6a, 0xfb, 0x6a, 0xdb, 0x6a, 0xdb, 0x6a, 0xdb, 0x6a, 0xdb, 0x6a,
    0xdb, 0x6a, 0xbb, 0x6a, 0xbb, 0x6a, 0xbb, 0x6a, 0xbb, 0x6a, 0xbb, 0x6a, 0xbb, 0x6a, 0xbb, 0x62, 0x9a, 0x62, 0x9a,
    0x62, 0x9a, 0x62, 0x9a, 0x62, 0x3a, 0x5a, 0xbb, 0x83, 0xbd, 0xbd, 0x7d, 0xb5, 0xdf, 0xc5, 0x98, 0x9c, 0xa4, 0x18,
    0x42, 0x08, 0x83, 0x10, 0x62, 0x08, 0x62, 0x08, 0x42, 0x08, 0x42, 0x08, 0x41, 0x08, 0x21, 0x08, 0x21, 0x00, 0x21,
    0x00, 0x21, 0x00, 0x20, 0x00, 0x00, 0x00, 0x00, 0x00, 0x00, 0x00, 0x00, 0x00, 0x00, 0x00, 0x00, 0x00, 0x00, 0x00,
    0x00, 0x00, 0x00, 0x00, 0x00, 0x00, 0x00, 0x00, 0x00, 0x00, 0x00, 0x00, 0x00, 0x00, 0x00, 0x00, 0x00, 0x00, 0x00,
    0x00, 0x00, 0x00, 0x00, 0x00, 0x00, 0x00, 0x00, 0x00, 0x00, 0x00, 0x00, 0x00, 0x00, 0x00, 0x00, 0x00, 0x00, 0x00,
    0x00, 0x00, 0x00, 0x00, 0x00, 0x00, 0x00, 0x00, 0x00, 0x00, 0x00, 0x00, 0x00, 0x00, 0x00, 0x00, 0x00, 0x00, 0x00,
    0x00, 0x00, 0x00, 0x00, 0x00, 0x00, 0x00, 0x00, 0x00, 0x00, 0x00, 0x00, 0x00, 0x00, 0x00, 0x00, 0x00, 0x00, 0x00,
    0x00, 0x00, 0x00, 0x00, 0x00, 0x00, 0x00, 0x00, 0x00, 0x00, 0x00, 0x00, 0x00, 0x00, 0x00, 0x00, 0x00, 0x00, 0x00,
    0x00, 0x00, 0x00, 0x00, 0x00, 0x00, 0x00, 0x00, 0x00, 0x00, 0x00, 0x00, 0x00, 0x00, 0x00, 0x00, 0x00, 0x00, 0x00,
    0x00, 0x00, 0x00, 0x00, 0x00, 0x00, 0x00, 0x00, 0x00, 0x00, 0x00, 0x00, 0x00, 0x00, 0x00, 0x00, 0x00, 0x00, 0x00,
    0x00, 0x00, 0x00, 0x00, 0x00, 0x00, 0x00, 0x00, 0x00, 0x00, 0x00, 0x00, 0x00, 0x00, 0x00, 0x00, 0x00, 0x00, 0x00,
    0x00, 0x00, 0x00, 0x00, 0x00, 0x00, 0x00, 0x00, 0x00, 0x00, 0x00, 0x00, 0x00, 0x00, 0x00, 0x00, 0x00, 0x00, 0x00,
    0x00, 0x00, 0x00, 0x00, 0x00, 0x00, 0x00, 0x00, 0x00, 0x00, 0x00, 0x00, 0x00, 0x00, 0x00, 0x00, 0x00, 0x00, 0x00,
    0x00, 0x00, 0x00, 0x00, 0x00, 0x00, 0x00, 0x00, 0x00, 0x00, 0x00, 0x00, 0x00, 0x00, 0x20, 0x00, 0x21, 0x00, 0x21,
    0x00, 0x21, 0x00, 0x21, 0x08, 0x41, 0x08, 0x42, 0x08, 0x42, 0x08, 0x62, 0x08, 0x62, 0x08, 0x63, 0x10, 0x63, 0x10,
    0x22, 0x08, 0xf4, 0x83, 0x9f, 0xd6, 0xfd, 0xc5, 0x3e, 0xce, 0x5d, 0xb5, 0xbc, 0x83, 0x7c, 0x7b, 0xbc, 0x83, 0x9c,
    0x83, 0x9c, 0x83, 0x9c, 0x83, 0x9c, 0x83, 0x7c, 0x83, 0x7c, 0x7b, 0x7c, 0x7b, 0x7c, 0x7b, 0x7c, 0x7b, 0x7c, 0x7b,
    0x5c, 0x7b, 0x5b, 0x7b, 0x5b, 0x7b, 0x5b, 0x7b, 0x5b, 0x7b, 0x5b, 0x7b, 0x3b, 0x7b, 0x3b, 0x7b, 0x3b, 0x73, 0x3b,
    0x73, 0x3b, 0x73, 0x3b, 0x73, 0x1b, 0x73, 0x1b, 0x73, 0x1b, 0x73, 0x1b, 0x73, 0x1b, 0x73, 0x1b, 0x73, 0xfb, 0x72,
    0xfb, 0x72, 0xfb, 0x72, 0xfb, 0x6a, 0xfb, 0x6a, 0xfb, 0x6a, 0xdb, 0x6a, 0xdb, 0x6a, 0xdb, 0x6a, 0xdb, 0x6a, 0xdb,
    0x6a, 0xbb, 0x6a, 0xbb, 0x6a, 0xbb, 0x6a, 0xbb, 0x6a, 0xbb, 0x6a, 0xbb, 0x6a, 0xbb, 0x62, 0x9a, 0x62, 0x9a, 0x62,
    0x9a, 0x62, 0x7a, 0x62, 0x7a, 0x62, 0x1c, 0x8c, 0xbd, 0xbd, 0x7d, 0xb5, 0xdf, 0xc5, 0x98, 0x9c, 0xa4, 0x18, 0x42,
    0x08, 0x83, 0x10, 0x62, 0x08, 0x62, 0x08, 0x42, 0x08, 0x42, 0x08, 0x41, 0x08, 0x41, 0x08, 0x21, 0x00, 0x21, 0x00,
    0x21, 0x00, 0x21, 0x00, 0x20, 0x00, 0x00, 0x00, 0x00, 0x00, 0x00, 0x00, 0x00, 0x00, 0x00, 0x00, 0x00, 0x00, 0x00,
    0x00, 0x00, 0x00, 0x00, 0x00, 0x00, 0x00, 0x00, 0x00, 0x00, 0x00, 0x00, 0x00, 0x00, 0x00, 0x00, 0x00, 0x00, 0x00,
    0x00, 0x00, 0x00, 0x00, 0x00, 0x00, 0x00, 0x00, 0x00, 0x00, 0x00, 0x00, 0x00, 0x00, 0x00, 0x00, 0x00, 0x00, 0x00,
    0x00, 0x00, 0x00, 0x00, 0x00, 0x00, 0x00, 0x00, 0x00, 0x00, 0x00, 0x00, 0x00, 0x00, 0x00, 0x00, 0x00, 0x00, 0x00,
    0x00, 0x00, 0x00, 0x00, 0x00, 0x00, 0x00, 0x00, 0x00, 0x00, 0x00, 0x00, 0x00, 0x00, 0x00, 0x00, 0x00, 0x00, 0x00,
    0x00, 0x00, 0x00, 0x00, 0x00, 0x00, 0x00, 0x00, 0x00, 0x00, 0x00, 0x00, 0x00, 0x00, 0x00, 0x00, 0x00, 0x00, 0x00,
    0x00, 0x00, 0x00, 0x00, 0x00, 0x00, 0x00, 0x00, 0x00, 0x00, 0x00, 0x00, 0x00, 0x00, 0x00, 0x00, 0x00, 0x00, 0x00,
    0x00, 0x00, 0x00, 0x00, 0x00, 0x00, 0x00, 0x00, 0x00, 0x00, 0x00, 0x00, 0x00, 0x00, 0x00, 0x00, 0x00, 0x00, 0x00,
    0x00, 0x00, 0x00, 0x00, 0x00, 0x00, 0x00, 0x00, 0x00, 0x00, 0x00, 0x00, 0x00, 0x00, 0x00, 0x00, 0x00, 0x00, 0x00,
    0x00, 0x00, 0x00, 0x00, 0x00, 0x00, 0x00, 0x00, 0x00, 0x00, 0x00, 0x00, 0x00, 0x00, 0x00, 0x00, 0x00, 0x00, 0x00,
    0x00, 0x00, 0x00, 0x00, 0x00, 0x00, 0x00, 0x00, 0x00, 0x00, 0x00, 0x00, 0x00, 0x00, 0x00, 0x00, 0x00, 0x00, 0x00,
    0x00, 0x00, 0x00, 0x00, 0x00, 0x00, 0x00, 0x00, 0x00, 0x00, 0x00, 0x00, 0x00, 0x00, 0x00, 0x20, 0x00, 0x21, 0x00,
    0x21, 0x00, 0x21, 0x00, 0x21, 0x00, 0x21, 0x08, 0x41, 0x08, 0x42, 0x08, 0x42, 0x08, 0x42, 0x08, 0x62, 0x08, 0x63,
    0x10, 0x63, 0x10, 0x22, 0x08, 0xd3, 0x7b, 0x7f, 0xd6, 0xfe, 0xc5, 0x3e, 0xce, 0xde, 0xbd, 0x1c, 0x94, 0x7c, 0x7b,
    0x9c, 0x83, 0x9c, 0x83, 0x9c, 0x83, 0x7c, 0x83, 0x7c, 0x7b, 0x7c, 0x7b, 0x7c, 0x7b, 0x7c, 0x7b, 0x7c, 0x7b, 0x5c,
    0x7b, 0x5b, 0x7b, 0x5b, 0x7b, 0x5b, 0x7b, 0x5b, 0x7b, 0x5b, 0x7b, 0x3b, 0x7b, 0x3b, 0x7b, 0x3b, 0x73, 0x3b, 0x73,
    0x3b, 0x73, 0x3b, 0x73, 0x1b, 0x73, 0x1b, 0x73, 0x1b, 0x73, 0x1b, 0x73, 0x1b, 0x73, 0x1b, 0x73, 0xfb, 0x72, 0xfb,
    0x72, 0xfb, 0x72, 0xfb, 0x6a, 0xfb, 0x6a, 0xfb, 0x6a, 0xdb, 0x6a, 0xdb, 0x6a, 0xdb, 0x6a, 0xdb, 0x6a, 0xdb, 0x6a,
    0xbb, 0x6a, 0xbb, 0x6a, 0xbb, 0x6a, 0xbb, 0x6a, 0xbb, 0x6a, 0xbb, 0x6a, 0xbb, 0x62, 0x9a, 0x62, 0x9a, 0x62, 0x9a,
    0x62, 0x5a, 0x62, 0xbb, 0x6a, 0xbc, 0xa4, 0xbd, 0xbd, 0x7d, 0xb5, 0xdf, 0xc5, 0x78, 0x94, 0xa4, 0x18, 0x42, 0x08,
    0x83, 0x10, 0x62, 0x08, 0x62, 0x08, 0x42, 0x08, 0x42, 0x08, 0x41, 0x08, 0x21, 0x08, 0x21, 0x08, 0x21, 0x00, 0x21,
    0x00, 0x21, 0x00, 0x20, 0x00, 0x00, 0x00, 0x00, 0x00, 0x00, 0x00, 0x00, 0x00, 0x00, 0x00, 0x00, 0x00, 0x00, 0x00,
    0x00, 0x00, 0x00, 0x00, 0x00, 0x00, 0x00, 0x00, 0x00, 0x00, 0x00, 0x00, 0x00, 0x00, 0x00, 0x00, 0x00, 0x00, 0x00,
    0x00, 0x00, 0x00, 0x00, 0x00, 0x00, 0x00, 0x00, 0x00, 0x00, 0x00, 0x00, 0x00, 0x00, 0x00, 0x00, 0x00, 0x00, 0x00,
    0x00, 0x00, 0x00, 0x00, 0x00, 0x00, 0x00, 0x00, 0x00, 0x00, 0x00, 0x00, 0x00, 0x00, 0x00, 0x00, 0x00, 0x00, 0x00,
    0x00, 0x00, 0x00, 0x00, 0x00, 0x00, 0x00, 0x00, 0x00, 0x00, 0x00, 0x00, 0x00, 0x00, 0x00, 0x00, 0x00, 0x00, 0x00,
    0x00, 0x00, 0x00, 0x00, 0x00, 0x00, 0x00, 0x00, 0x00, 0x00, 0x00, 0x00, 0x00, 0x00, 0x00, 0x00, 0x00, 0x00, 0x00,
    0x00, 0x00, 0x00, 0x00, 0x00, 0x00, 0x00, 0x00, 0x00, 0x00, 0x00, 0x00, 0x00, 0x00, 0x00, 0x00, 0x00, 0x00, 0x00,
    0x00, 0x00, 0x00, 0x00, 0x00, 0x00, 0x00, 0x00, 0x00, 0x00, 0x00, 0x00, 0x00, 0x00, 0x00, 0x00, 0x00, 0x00, 0x00,
    0x00, 0x00, 0x00, 0x00, 0x00, 0x00, 0x00, 0x00, 0x00, 0x00, 0x00, 0x00, 0x00, 0x00, 0x00, 0x00, 0x00, 0x00, 0x00,
    0x00, 0x00, 0x00, 0x00, 0x00, 0x00, 0x00, 0x00, 0x00, 0x00, 0x00, 0x00, 0x00, 0x00, 0x00, 0x00, 0x00, 0x00, 0x00,
    0x00, 0x00, 0x00, 0x00, 0x00, 0x00, 0x00, 0x00, 0x00, 0x00, 0x00, 0x00, 0x00, 0x00, 0x00, 0x00, 0x00, 0x00, 0x00,
    0x00, 0x00, 0x00, 0x00, 0x00, 0x00, 0x00, 0x00, 0x00, 0x00, 0x00, 0x00, 0x00, 0x00, 0x00, 0x00, 0x00, 0x00, 0x20,
    0x00, 0x21, 0x00, 0x21, 0x00, 0x21, 0x00, 0x21, 0x00, 0x41, 0x08, 0x41, 0x08, 0x42, 0x08, 0x42, 0x08, 0x42, 0x08,
    0x62, 0x08, 0x63, 0x10, 0x83, 0x10, 0x21, 0x00, 0xce, 0x5a, 0x5f, 0xd6, 0x1e, 0xce, 0xfd, 0xc5, 0x1e, 0xce, 0x9d,
    0xa4, 0x7c, 0x7b, 0x7c, 0x7b, 0x9c, 0x83, 0x7c, 0x83, 0x7c, 0x7b, 0x7c, 0x7b, 0x7c, 0x7b, 0x7c, 0x7b, 0x5c, 0x7b,
    0x5b, 0x7b, 0x5b, 0x7b, 0x5b, 0x7b, 0x5b, 0x7b, 0x5b, 0x7b, 0x3b, 0x7b, 0x3b, 0x7b, 0x3b, 0x73, 0x3b, 0x73, 0x3b,
    0x73, 0x3b, 0x73, 0x1b, 0x73, 0x1b, 0x73, 0x1b, 0x73, 0x1b, 0x73, 0x1b, 0x73, 0x1b, 0x73, 0xfb, 0x72, 0xfb, 0x72,
    0xfb, 0x72, 0xfb, 0x6a, 0xfb, 0x6a, 0xfb, 0x6a, 0xdb, 0x6a, 0xdb, 0x6a, 0xdb, 0x6a, 0xdb, 0x6a, 0xdb, 0x6a, 0xbb,
    0x6a, 0xbb, 0x6a, 0xbb, 0x6a, 0xbb, 0x6a, 0xbb, 0x6a, 0xbb, 0x6a, 0xbb, 0x62, 0x9a, 0x62, 0xba, 0x62, 0x9a, 0x62,
    0x5a, 0x5a, 0x5b, 0x7b, 0x5d, 0xb5, 0xbd, 0xbd, 0x7d, 0xb5, 0xff, 0xc5, 0x93, 0x7b, 0x63, 0x08, 0x63, 0x08, 0x83,
    0x10, 0x62, 0x08, 0x62, 0x08, 0x42, 0x08, 0x42, 0x08, 0x42, 0x08, 0x41, 0x08, 0x21, 0x00, 0x21, 0x00, 0x21, 0x00,
    0x21, 0x00, 0x20, 0x00, 0x00, 0x00, 0x00, 0x00, 0x00, 0x00, 0x00, 0x00, 0x00, 0x00, 0x00, 0x00, 0x00, 0x00, 0x00,
    0x00, 0x00, 0x00, 0x00, 0x00, 0x00, 0x00, 0x00, 0x00, 0x00, 0x00, 0x00, 0x00, 0x00, 0x00, 0x00, 0x00, 0x00, 0x00,
    0x00, 0x00, 0x00, 0x00, 0x00, 0x00, 0x00, 0x00, 0x00, 0x00, 0x00, 0x00, 0x00, 0x00, 0x00, 0x00, 0x00, 0x00, 0x00,
    0x00, 0x00, 0x00, 0x00, 0x00, 0x00, 0x00, 0x00, 0x00, 0x00, 0x00, 0x00, 0x00, 0x00, 0x00, 0x00, 0x00, 0x00, 0x00,
    0x00, 0x00, 0x00, 0x00, 0x00, 0x00, 0x00, 0x00, 0x00, 0x00, 0x00, 0x00, 0x00, 0x00, 0x00, 0x00, 0x00, 0x00, 0x00,
    0x00, 0x00, 0x00, 0x00, 0x00, 0x00, 0x00, 0x00, 0x00, 0x00, 0x00, 0x00, 0x00, 0x00, 0x00, 0x00, 0x00, 0x00, 0x00,
    0x00, 0x00, 0x00, 0x00, 0x00, 0x00, 0x00, 0x00, 0x00, 0x00, 0x00, 0x00, 0x00, 0x00, 0x00, 0x00, 0x00, 0x00, 0x00,
    0x00, 0x00, 0x00, 0x00, 0x00, 0x00, 0x00, 0x00, 0x00, 0x00, 0x00, 0x00, 0x00, 0x00, 0x00, 0x00, 0x00, 0x00, 0x00,
    0x00, 0x00, 0x00, 0x00, 0x00, 0x00, 0x00, 0x00, 0x00, 0x00, 0x00, 0x00, 0x00, 0x00, 0x00, 0x00, 0x00, 0x00, 0x00,
    0x00, 0x00, 0x00, 0x00, 0x00, 0x00, 0x00, 0x00, 0x00, 0x00, 0x00, 0x00, 0x00, 0x00, 0x00, 0x00, 0x00, 0x00, 0x00,
    0x00, 0x00, 0x00, 0x00, 0x00, 0x00, 0x00, 0x00, 0x00, 0x00, 0x00, 0x00, 0x00, 0x00, 0x00, 0x00, 0x00, 0x00, 0x00,
    0x00, 0x00, 0x00, 0x00, 0x00, 0x00, 0x00, 0x00, 0x00, 0x00, 0x00, 0x00, 0x00, 0x00, 0x00, 0x00, 0x00, 0x00, 0x00,
    0x00, 0x00, 0x20, 0x00, 0x21, 0x00, 0x21, 0x00, 0x21, 0x00, 0x21, 0x00, 0x41, 0x08, 0x41, 0x08, 0x42, 0x08, 0x42,
    0x08, 0x42, 0x08, 0x62, 0x08, 0x63, 0x10, 0x83, 0x10, 0x22, 0x00, 0xea, 0x41, 0x9c, 0xbd, 0x5f, 0xd6, 0xfd, 0xc5,
    0x3e, 0xce, 0x5d, 0xb5, 0xdc, 0x8b, 0x5c, 0x7b, 0x7c, 0x7b, 0x7c, 0x7b, 0x7c, 0x7b, 0x7c, 0x7b, 0x5c, 0x7b, 0x5b,
    0x7b, 0x5b, 0x7b, 0x5b, 0x7b, 0x5b, 0x7b, 0x5b, 0x7b, 0x3b, 0x7b, 0x3b, 0x7b, 0x3b, 0x73, 0x3b, 0x73, 0x3b, 0x73,
    0x3b, 0x73, 0x1b, 0x73, 0x1b, 0x73, 0x1b, 0x73, 0x1b, 0x73, 0x1b, 0x73, 0x1b, 0x73, 0xfb, 0x72, 0xfb, 0x72, 0xfb,
    0x72, 0xfb, 0x6a, 0xfb, 0x6a, 0xfb, 0x6a, 0xdb, 0x6a, 0xdb, 0x6a, 0xdb, 0x6a, 0xdb, 0x6a, 0xdb, 0x6a, 0xbb, 0x6a,
    0xbb, 0x6a, 0xbb, 0x6a, 0xbb, 0x6a, 0xbb, 0x6a, 0xbb, 0x6a, 0xbb, 0x62, 0xba, 0x6a, 0x9a, 0x62, 0x5a, 0x5a, 0xbb,
    0x6a, 0x5c, 0x94, 0xbd, 0xbd, 0x7d, 0xbd, 0xbe, 0xbd, 0x9e, 0xbd, 0xaf, 0x5a, 0x42, 0x08, 0x63, 0x10, 0x63, 0x10,
    0x62, 0x08, 0x62, 0x08, 0x42, 0x08, 0x42, 0x08, 0x42, 0x08, 0x41, 0x08, 0x21, 0x08, 0x21, 0x00, 0x21, 0x00, 0x21,
    0x00, 0x20, 0x00, 0x00, 0x00, 0x00, 0x00, 0x00, 0x00, 0x00, 0x00, 0x00, 0x00, 0x00, 0x00, 0x00, 0x00, 0x00, 0x00,
    0x00, 0x00, 0x00, 0x00, 0x00, 0x00, 0x00, 0x00, 0x00, 0x00, 0x00, 0x00, 0x00, 0x00, 0x00, 0x00, 0x00, 0x00, 0x00,
    0x00, 0x00, 0x00, 0x00, 0x00, 0x00, 0x00, 0x00, 0x00, 0x00, 0x00, 0x00, 0x00, 0x00, 0x00, 0x00, 0x00, 0x00, 0x00,
    0x00, 0x00, 0x00, 0x00, 0x00, 0x00, 0x00, 0x00, 0x00, 0x00, 0x00, 0x00, 0x00, 0x00, 0x00, 0x00, 0x00, 0x00, 0x00,
    0x00, 0x00, 0x00, 0x00, 0x00, 0x00, 0x00, 0x00, 0x00, 0x00, 0x00, 0x00, 0x00, 0x00, 0x00, 0x00, 0x00, 0x00, 0x00,
    0x00, 0x00, 0x00, 0x00, 0x00, 0x00, 0x00, 0x00, 0x00, 0x00, 0x00, 0x00, 0x00, 0x00, 0x00, 0x00, 0x00, 0x00, 0x00,
    0x00, 0x00, 0x00, 0x00, 0x00, 0x00, 0x00, 0x00, 0x00, 0x00, 0x00, 0x00, 0x00, 0x00, 0x00, 0x00, 0x00, 0x00, 0x00,
    0x00, 0x00, 0x00, 0x00, 0x00, 0x00, 0x00, 0x00, 0x00, 0x00, 0x00, 0x00, 0x00, 0x00, 0x00, 0x00, 0x00, 0x00, 0x00,
    0x00, 0x00, 0x00, 0x00, 0x00, 0x00, 0x00, 0x00, 0x00, 0x00, 0x00, 0x00, 0x00, 0x00, 0x00, 0x00, 0x00, 0x00, 0x00,
    0x00, 0x00, 0x00, 0x00, 0x00, 0x00, 0x00, 0x00, 0x00, 0x00, 0x00, 0x00, 0x00, 0x00, 0x00, 0x00, 0x00, 0x00, 0x00,
    0x00, 0x00, 0x00, 0x00, 0x00, 0x00, 0x00, 0x00, 0x00, 0x00, 0x00, 0x00, 0x00, 0x00, 0x00, 0x00, 0x00, 0x00, 0x00,
    0x00, 0x00, 0x00, 0x00, 0x00, 0x00, 0x00, 0x00, 0x00, 0x00, 0x00, 0x00, 0x00, 0x00, 0x00, 0x00, 0x00, 0x00, 0x00,
    0x00, 0x00, 0x00, 0x00, 0x00, 0x20, 0x00, 0x21, 0x00, 0x21, 0x00, 0x21, 0x00, 0x21, 0x00, 0x41, 0x08, 0x41, 0x08,
    0x42, 0x08, 0x42, 0x08, 0x42, 0x08, 0x62, 0x08, 0x63, 0x08, 0x83, 0x10, 0x22, 0x00, 0xe5, 0x20, 0x97, 0x94, 0x7f,
    0xd6, 0xfe, 0xc5, 0xfd, 0xc5, 0xfe, 0xc5, 0xbd, 0xa4, 0x9c, 0x83, 0x3b, 0x7b, 0x5c, 0x7b, 0x7c, 0x7b, 0x5b, 0x7b,
    0x5b, 0x7b, 0x5b, 0x7b, 0x5b, 0x7b, 0x5b, 0x7b, 0x3b, 0x7b, 0x3b, 0x7b, 0x3b, 0x73, 0x3b, 0x73, 0x3b, 0x73, 0x3b,
    0x73, 0x1b, 0x73, 0x1b, 0x73, 0x1b, 0x73, 0x1b, 0x73, 0x1b, 0x73, 0x1b, 0x73, 0xfb, 0x72, 0xfb, 0x72, 0xfb, 0x72,
    0xfb, 0x6a, 0xfb, 0x6a, 0xfb, 0x6a, 0xdb, 0x6a, 0xdb, 0x6a, 0xdb, 0x6a, 0xdb, 0x6a, 0xdb, 0x6a, 0xbb, 0x6a, 0xbb,
    0x6a, 0xbb, 0x6a, 0xbb, 0x6a, 0xbb, 0x6a, 0xbb, 0x6a, 0xbb, 0x6a, 0x9a, 0x62, 0x7a, 0x62, 0x9a, 0x62, 0xbb, 0x83,
    0x5d, 0xb5, 0xbd, 0xbd, 0x7d, 0xb5, 0xdf, 0xc5, 0xfa, 0xa4, 0x89, 0x31, 0x21, 0x00, 0x83, 0x10, 0x63, 0x10, 0x62,
    0x08, 0x42, 0x08, 0x42, 0x08, 0x42, 0x08, 0x42, 0x08, 0x41, 0x08, 0x21, 0x08, 0x21, 0x00, 0x21, 0x00, 0x21, 0x00,
    0x20, 0x00, 0x20, 0x00, 0x00, 0x00, 0x00, 0x00, 0x00, 0x00, 0x00, 0x00, 0x00, 0x00, 0x00, 0x00, 0x00, 0x00, 0x00,
    0x00, 0x00, 0x00, 0x00, 0x00, 0x00, 0x00, 0x00, 0x00, 0x00, 0x00, 0x00, 0x00, 0x00, 0x00, 0x00, 0x00, 0x00, 0x00,
    0x00, 0x00, 0x00, 0x00, 0x00, 0x00, 0x00, 0x00, 0x00, 0x00, 0x00, 0x00, 0x00, 0x00, 0x00, 0x00, 0x00, 0x00, 0x00,
    0x00, 0x00, 0x00, 0x00, 0x00, 0x00, 0x00, 0x00, 0x00, 0x00, 0x00, 0x00, 0x00, 0x00, 0x00, 0x00, 0x00, 0x00, 0x00,
    0x00, 0x00, 0x00, 0x00, 0x00, 0x00, 0x00, 0x00, 0x00, 0x00, 0x00, 0x00, 0x00, 0x00, 0x00, 0x00, 0x00, 0x00, 0x00,
    0x00, 0x00, 0x00, 0x00, 0x00, 0x00, 0x00, 0x00, 0x00, 0x00, 0x00, 0x00, 0x00, 0x00, 0x00, 0x00, 0x00, 0x00, 0x00,
    0x00, 0x00, 0x00, 0x00, 0x00, 0x00, 0x00, 0x00, 0x00, 0x00, 0x00, 0x00, 0x00, 0x00, 0x00, 0x00, 0x00, 0x00, 0x00,
    0x00, 0x00, 0x00, 0x00, 0x00, 0x00, 0x00, 0x00, 0x00, 0x00, 0x00, 0x00, 0x00, 0x00, 0x00, 0x00, 0x00, 0x00, 0x00,
    0x00, 0x00, 0x00, 0x00, 0x00, 0x00, 0x00, 0x00, 0x00, 0x00, 0x00, 0x00, 0x00, 0x00, 0x00, 0x00, 0x00, 0x00, 0x00,
    0x00, 0x00, 0x00, 0x00, 0x00, 0x00, 0x00, 0x00, 0x00, 0x00, 0x00, 0x00, 0x00, 0x00, 0x00, 0x00, 0x00, 0x00, 0x00,
    0x00, 0x00, 0x00, 0x00, 0x00, 0x00, 0x00, 0x00, 0x00, 0x00, 0x00, 0x00, 0x00, 0x00, 0x00, 0x00, 0x00, 0x00, 0x00,
    0x00, 0x00, 0x00, 0x00, 0x00, 0x00, 0x00, 0x00, 0x00, 0x00, 0x00, 0x00, 0x00, 0x00, 0x00, 0x00, 0x00, 0x00, 0x00,
    0x00, 0x00, 0x00, 0x00, 0x00, 0x00, 0x00, 0x00, 0x20, 0x00, 0x21, 0x00, 0x21, 0x00, 0x21, 0x00, 0x21, 0x08, 0x41,
    0x08, 0x41, 0x08, 0x42, 0x08, 0x42, 0x08, 0x42, 0x08, 0x62, 0x08, 0x62, 0x08, 0x83, 0x10, 0x42, 0x08, 0x42, 0x08,
    0xce, 0x5a, 0xdd, 0xc5, 0x3f, 0xce, 0xfd, 0xc5, 0x1e, 0xce, 0xde, 0xc5, 0xbd, 0xa4, 0x9c, 0x83, 0x3b, 0x73, 0x3b,
    0x7b, 0x5b, 0x7b, 0x5b, 0x7b, 0x5b, 0x7b, 0x3b, 0x7b, 0x3b, 0x7b, 0x3b, 0x73, 0x3b, 0x73, 0x3b, 0x73, 0x3b, 0x73,
    0x1b, 0x73, 0x1b, 0x73, 0x1b, 0x73, 0x1b, 0x73, 0x1b, 0x73, 0x1b, 0x73, 0xfb, 0x72, 0xfb, 0x72, 0xfb, 0x72, 0xfb,
    0x6a, 0xfb, 0x6a, 0xfb, 0x6a, 0xdb, 0x6a, 0xdb, 0x6a, 0xdb, 0x6a, 0xdb, 0x6a, 0xdb, 0x6a, 0xbb, 0x6a, 0xbb, 0x6a,
    0xbb, 0x6a, 0xbb, 0x6a, 0xbb, 0x6a, 0xbb, 0x6a, 0x9b, 0x62, 0x7a, 0x62, 0x9a, 0x62, 0xbb, 0x83, 0x1d, 0xad, 0xbd,
    0xbd, 0x7d, 0xbd, 0xbe, 0xbd, 0xbe, 0xbd, 0x72, 0x73, 0xa4, 0x10, 0x42, 0x08, 0x83, 0x10, 0x63, 0x08, 0x62, 0x08,
    0x42, 0x08, 0x42, 0x08, 0x42, 0x08, 0x41, 0x08, 0x41, 0x08, 0x21, 0x08, 0x21, 0x00, 0x21, 0x00, 0x21, 0x00, 0x20,
    0x00, 0x20, 0x00, 0x00, 0x00, 0x00, 0x00, 0x00, 0x00, 0x00, 0x00, 0x00, 0x00, 0x00, 0x00, 0x00, 0x00, 0x00, 0x00,
    0x00, 0x00, 0x00, 0x00, 0x00, 0x00, 0x00, 0x00, 0x00, 0x00, 0x00, 0x00, 0x00, 0x00, 0x00, 0x00, 0x00, 0x00, 0x00,
    0x00, 0x00, 0x00, 0x00, 0x00, 0x00, 0x00, 0x00, 0x00, 0x00, 0x00, 0x00, 0x00, 0x00, 0x00, 0x00, 0x00, 0x00, 0x00,
    0x00, 0x00, 0x00, 0x00, 0x00, 0x00, 0x00, 0x00, 0x00, 0x00, 0x00, 0x00, 0x00, 0x00, 0x00, 0x00, 0x00, 0x00, 0x00,
    0x00, 0x00, 0x00, 0x00, 0x00, 0x00, 0x00, 0x00, 0x00, 0x00, 0x00, 0x00, 0x00, 0x00, 0x00, 0x00, 0x00, 0x00, 0x00,
    0x00, 0x00, 0x00, 0x00, 0x00, 0x00, 0x00, 0x00, 0x00, 0x00, 0x00, 0x00, 0x00, 0x00, 0x00, 0x00, 0x00, 0x00, 0x00,
    0x00, 0x00, 0x00, 0x00, 0x00, 0x00, 0x00, 0x00, 0x00, 0x00, 0x00, 0x00, 0x00, 0x00, 0x00, 0x00, 0x00, 0x00, 0x00,
    0x00, 0x00, 0x00, 0x00, 0x00, 0x00, 0x00, 0x00, 0x00, 0x00, 0x00, 0x00, 0x00, 0x00, 0x00, 0x00, 0x00, 0x00, 0x00,
    0x00, 0x00, 0x00, 0x00, 0x00, 0x00, 0x00, 0x00, 0x00, 0x00, 0x00, 0x00, 0x00, 0x00, 0x00, 0x00, 0x00, 0x00, 0x00,
    0x00, 0x00, 0x00, 0x00, 0x00, 0x00, 0x00, 0x00, 0x00, 0x00, 0x00, 0x00, 0x00, 0x00, 0x00, 0x00, 0x00, 0x00, 0x00,
    0x00, 0x00, 0x00, 0x00, 0x00, 0x00, 0x00, 0x00, 0x00, 0x00, 0x00, 0x00, 0x00, 0x00, 0x00, 0x00, 0x00, 0x00, 0x00,
    0x00, 0x00, 0x00, 0x00, 0x00, 0x00, 0x00, 0x00, 0x00, 0x00, 0x00, 0x00, 0x00, 0x00, 0x00, 0x00, 0x00, 0x00, 0x00,
    0x00, 0x00, 0x00, 0x00, 0x00, 0x00, 0x00, 0x00, 0x00, 0x00, 0x00, 0x20, 0x00, 0x21, 0x00, 0x21, 0x00, 0x21, 0x00,
    0x21, 0x00, 0x21, 0x08, 0x41, 0x08, 0x42, 0x08, 0x42, 0x08, 0x42, 0x08, 0x62, 0x08, 0x62, 0x08, 0x63, 0x10, 0x83,
    0x10, 0x01, 0x00, 0x27, 0x29, 0x77, 0x94, 0x3f, 0xce, 0x1f, 0xce, 0xdd, 0xc5, 0x1e, 0xce, 0xbe, 0xbd, 0x9d, 0x9c,
    0xbc, 0x83, 0x1b, 0x73, 0x1b, 0x73, 0x3b, 0x73, 0x3b, 0x7b, 0x3b, 0x7b, 0x3b, 0x73, 0x3b, 0x73, 0x3b, 0x73, 0x1b,
    0x73, 0x1b, 0x73, 0x1b, 0x73, 0x1b, 0x73, 0x1b, 0x73, 0x1b, 0x73, 0xfb, 0x72, 0xfb, 0x72, 0xfb, 0x72, 0xfb, 0x6a,
    0xfb, 0x6a, 0xfb, 0x6a, 0xdb, 0x6a, 0xdb, 0x6a, 0xdb, 0x6a, 0xdb, 0x6a, 0xdb, 0x6a, 0xbb, 0x6a, 0xbb, 0x6a, 0xdb,
    0x6a, 0xbb, 0x6a, 0xbb, 0x6a, 0x9a, 0x62, 0x7a, 0x62, 0xdb, 0x6a, 0xdb, 0x83, 0x1d, 0xad, 0xbd, 0xbd, 0x9d, 0xbd,
    0x9e, 0xbd, 0xdf, 0xc5, 0xd9, 0xa4, 0xca, 0x39, 0x21, 0x00, 0x63, 0x08, 0x83, 0x10, 0x62, 0x08, 0x62, 0x08, 0x42,
    0x08, 0x42, 0x08, 0x42, 0x08, 0x41, 0x08, 0x21, 0x08, 0x21, 0x08, 0x21, 0x00, 0x21, 0x00, 0x21, 0x00, 0x20, 0x00,
    0x20, 0x00, 0x00, 0x00, 0x00, 0x00, 0x00, 0x00, 0x00, 0x00, 0x00, 0x00, 0x00, 0x00, 0x00, 0x00, 0x00, 0x00, 0x00,
    0x00, 0x00, 0x00, 0x00, 0x00, 0x00, 0x00, 0x00, 0x00, 0x00, 0x00, 0x00, 0x00, 0x00, 0x00, 0x00, 0x00, 0x00, 0x00,
    0x00, 0x00, 0x00, 0x00, 0x00, 0x00, 0x00, 0x00, 0x00, 0x00, 0x00, 0x00, 0x00, 0x00, 0x00, 0x00, 0x00, 0x00, 0x00,
    0x00, 0x00, 0x00, 0x00, 0x00, 0x00, 0x00, 0x00, 0x00, 0x00, 0x00, 0x00, 0x00, 0x00, 0x00, 0x00, 0x00, 0x00, 0x00,
    0x00, 0x00, 0x00, 0x00, 0x00, 0x00, 0x00, 0x00, 0x00, 0x00, 0x00, 0x00, 0x00, 0x00, 0x00, 0x00, 0x00, 0x00, 0x00,
    0x00, 0x00, 0x00, 0x00, 0x00, 0x00, 0x00, 0x00, 0x00, 0x00, 0x00, 0x00, 0x00, 0x00, 0x00, 0x00, 0x00, 0x00, 0x00,
    0x00, 0x00, 0x00, 0x00, 0x00, 0x00, 0x00, 0x00, 0x00, 0x00, 0x00, 0x00, 0x00, 0x00, 0x00, 0x00, 0x00, 0x00, 0x00,
    0x00, 0x00, 0x00, 0x00, 0x00, 0x00, 0x00, 0x00, 0x00, 0x00, 0x00, 0x00, 0x00, 0x00, 0x00, 0x00, 0x00, 0x00, 0x00,
    0x00, 0x00, 0x00, 0x00, 0x00, 0x00, 0x00, 0x00, 0x00, 0x00, 0x00, 0x00, 0x00, 0x00, 0x00, 0x00, 0x00, 0x00, 0x00,
    0x00, 0x00, 0x00, 0x00, 0x00, 0x00, 0x00, 0x00, 0x00, 0x00, 0x00, 0x00, 0x00, 0x00, 0x00, 0x00, 0x00, 0x00, 0x00,
    0x00, 0x00, 0x00, 0x00, 0x00, 0x00, 0x00, 0x00, 0x00, 0x00, 0x00, 0x00, 0x00, 0x00, 0x00, 0x00, 0x00, 0x00, 0x00,
    0x00, 0x00, 0x00, 0x00, 0x00, 0x00, 0x00, 0x00, 0x00, 0x00, 0x00, 0x00, 0x00, 0x00, 0x00, 0x00, 0x00, 0x00, 0x00,
    0x00, 0x00, 0x00, 0x00, 0x00, 0x00, 0x00, 0x00, 0x00, 0x00, 0x00, 0x00, 0x00, 0x00, 0x20, 0x00, 0x21, 0x00, 0x21,
    0x00, 0x21, 0x00, 0x21, 0x00, 0x21, 0x08, 0x41, 0x08, 0x42, 0x08, 0x42, 0x08, 0x42, 0x08, 0x62, 0x08, 0x62, 0x08,
    0x63, 0x08, 0x83, 0x10, 0x42, 0x08, 0x42, 0x08, 0x0b, 0x42, 0x1a, 0xad, 0x3f, 0xd6, 0x1f, 0xce, 0xdd, 0xc5, 0xfe,
    0xc5, 0xde, 0xc5, 0xfd, 0xac, 0xfc, 0x8b, 0x5b, 0x7b, 0x1b, 0x73, 0xfb, 0x72, 0x1b, 0x73, 0x3b, 0x73, 0x3b, 0x73,
    0x3b, 0x73, 0x1b, 0x73, 0x1b, 0x73, 0x1b, 0x73, 0x1b, 0x73, 0xfb, 0x72, 0xfb, 0x72, 0xfb, 0x72, 0xfb, 0x6a, 0xfb,
    0x6a, 0xfb, 0x6a, 0xdb, 0x6a, 0xdb, 0x6a, 0xdb, 0x6a, 0xdb, 0x6a, 0xdb, 0x6a, 0xdb, 0x6a, 0xdb, 0x6a, 0xbb, 0x6a,
    0x9a, 0x62, 0x7a, 0x62, 0xbb, 0x6a, 0x5b, 0x7b, 0x3c, 0x94, 0x5d, 0xb5, 0xbd, 0xbd, 0x9d, 0xbd, 0x9e, 0xbd, 0xdf,
    0xc5, 0x3c, 0xad, 0xae, 0x5a, 0x63, 0x10, 0x22, 0x08, 0x83, 0x10, 0x63, 0x10, 0x62, 0x08, 0x62, 0x08, 0x42, 0x08,
    0x42, 0x08, 0x42, 0x08, 0x41, 0x08, 0x41, 0x08, 0x21, 0x08, 0x21, 0x00, 0x21, 0x00, 0x21, 0x00, 0x20, 0x00, 0x20,
    0x00, 0x00, 0x00, 0x00, 0x00, 0x00, 0x00, 0x00, 0x00, 0x00, 0x00, 0x00, 0x00, 0x00, 0x00, 0x00, 0x00, 0x00, 0x00,
    0x00, 0x00, 0x00, 0x00, 0x00, 0x00, 0x00, 0x00, 0x00, 0x00, 0x00, 0x00, 0x00, 0x00, 0x00, 0x00, 0x00, 0x00, 0x00,
    0x00, 0x00, 0x00, 0x00, 0x00, 0x00, 0x00, 0x00, 0x00, 0x00, 0x00, 0x00, 0x00, 0x00, 0x00, 0x00, 0x00, 0x00, 0x00,
    0x00, 0x00, 0x00, 0x00, 0x00, 0x00, 0x00, 0x00, 0x00, 0x00, 0x00, 0x00, 0x00, 0x00, 0x00, 0x00, 0x00, 0x00, 0x00,
    0x00, 0x00, 0x00, 0x00, 0x00, 0x00, 0x00, 0x00, 0x00, 0x00, 0x00, 0x00, 0x00, 0x00, 0x00, 0x00, 0x00, 0x00, 0x00,
    0x00, 0x00, 0x00, 0x00, 0x00, 0x00, 0x00, 0x00, 0x00, 0x00, 0x00, 0x00, 0x00, 0x00, 0x00, 0x00, 0x00, 0x00, 0x00,
    0x00, 0x00, 0x00, 0x00, 0x00, 0x00, 0x00, 0x00, 0x00, 0x00, 0x00, 0x00, 0x00, 0x00, 0x00, 0x00, 0x00, 0x00, 0x00,
    0x00, 0x00, 0x00, 0x00, 0x00, 0x00, 0x00, 0x00, 0x00, 0x00, 0x00, 0x00, 0x00, 0x00, 0x00, 0x00, 0x00, 0x00, 0x00,
    0x00, 0x00, 0x00, 0x00, 0x00, 0x00, 0x00, 0x00, 0x00, 0x00, 0x00, 0x00, 0x00, 0x00, 0x00, 0x00, 0x00, 0x00, 0x00,
    0x00, 0x00, 0x00, 0x00, 0x00, 0x00, 0x00, 0x00, 0x00, 0x00, 0x00, 0x00, 0x00, 0x00, 0x00, 0x00, 0x00, 0x00, 0x00,
    0x00, 0x00, 0x00, 0x00, 0x00, 0x00, 0x00, 0x00, 0x00, 0x00, 0x00, 0x00, 0x00, 0x00, 0x00, 0x00, 0x00, 0x00, 0x00,
    0x00, 0x00, 0x00, 0x00, 0x00, 0x00, 0x00, 0x00, 0x00, 0x00, 0x00, 0x00, 0x00, 0x00, 0x00, 0x00, 0x00, 0x00, 0x00,
    0x00, 0x00, 0x00, 0x00, 0x00, 0x00, 0x00, 0x00, 0x00, 0x00, 0x00, 0x00, 0x00, 0x00, 0x00, 0x00, 0x00, 0x20, 0x00,
    0x21, 0x00, 0x21, 0x00, 0x21, 0x00, 0x21, 0x00, 0x21, 0x08, 0x41, 0x08, 0x41, 0x08, 0x42, 0x08, 0x42, 0x08, 0x42,
    0x08, 0x62, 0x08, 0x62, 0x08, 0x63, 0x10, 0x83, 0x10, 0x22, 0x08, 0x83, 0x10, 0x8d, 0x52, 0x1a, 0xad, 0x3f, 0xce,
    0x1f, 0xce, 0xde, 0xc5, 0xfd, 0xc5, 0xfd, 0xc5, 0x9d, 0xbd, 0xdd, 0xa4, 0x3c, 0x94, 0x7b, 0x7b, 0x1b, 0x73, 0xfb,
    0x6a, 0xfb, 0x6a, 0xfb, 0x6a, 0xfb, 0x72, 0xfb, 0x72, 0xfb, 0x72, 0xfb, 0x72, 0xfb, 0x72, 0xfb, 0x72, 0xfb, 0x72,
    0xfb, 0x6a, 0xfb, 0x6a, 0xdb, 0x6a, 0xdb, 0x6a, 0xbb, 0x6a, 0xbb, 0x62, 0x9b, 0x62, 0x9b, 0x62, 0x9b, 0x62, 0xdb,
    0x6a, 0x9b, 0x83, 0x5c, 0x94, 0x1d, 0xad, 0x9d, 0xbd, 0xbd, 0xbd, 0x9d, 0xbd, 0xbe, 0xbd, 0xdf, 0xc5, 0x3b, 0xad,
    0x10, 0x63, 0xc5, 0x18, 0x21, 0x00, 0x63, 0x10, 0x83, 0x10, 0x63, 0x08, 0x62, 0x08, 0x42, 0x08, 0x42, 0x08, 0x42,
    0x08, 0x42, 0x08, 0x41, 0x08, 0x21, 0x08, 0x21, 0x00, 0x21, 0x00, 0x21, 0x00, 0x21, 0x00, 0x20, 0x00, 0x20, 0x00,
    0x00, 0x00, 0x00, 0x00, 0x00, 0x00, 0x00, 0x00, 0x00, 0x00, 0x00, 0x00, 0x00, 0x00, 0x00, 0x00, 0x00, 0x00, 0x00,
    0x00, 0x00, 0x00, 0x00, 0x00, 0x00, 0x00, 0x00, 0x00, 0x00, 0x00, 0x00, 0x00, 0x00, 0x00, 0x00, 0x00, 0x00, 0x00,
    0x00, 0x00, 0x00, 0x00, 0x00, 0x00, 0x00, 0x00, 0x00, 0x00, 0x00, 0x00, 0x00, 0x00, 0x00, 0x00, 0x00, 0x00, 0x00,
    0x00, 0x00, 0x00, 0x00, 0x00, 0x00, 0x00, 0x00, 0x00, 0x00, 0x00, 0x00, 0x00, 0x00, 0x00, 0x00, 0x00, 0x00, 0x00,
    0x00, 0x00, 0x00, 0x00, 0x00, 0x00, 0x00, 0x00, 0x00, 0x00, 0x00, 0x00, 0x00, 0x00, 0x00, 0x00, 0x00, 0x00, 0x00,
    0x00, 0x00, 0x00, 0x00, 0x00, 0x00, 0x00, 0x00, 0x00, 0x00, 0x00, 0x00, 0x00, 0x00, 0x00, 0x00, 0x00, 0x00, 0x00,
    0x00, 0x00, 0x00, 0x00, 0x00, 0x00, 0x00, 0x00, 0x00, 0x00, 0x00, 0x00, 0x00, 0x00, 0x00, 0x00, 0x00, 0x00, 0x00,
    0x00, 0x00, 0x00, 0x00, 0x00, 0x00, 0x00, 0x00, 0x00, 0x00, 0x00, 0x00, 0x00, 0x00, 0x00, 0x00, 0x00, 0x00, 0x00,
    0x00, 0x00, 0x00, 0x00, 0x00, 0x00, 0x00, 0x00, 0x00, 0x00, 0x00, 0x00, 0x00, 0x00, 0x00, 0x00, 0x00, 0x00, 0x00,
    0x00, 0x00, 0x00, 0x00, 0x00, 0x00, 0x00, 0x00, 0x00, 0x00, 0x00, 0x00, 0x00, 0x00, 0x00, 0x00, 0x00, 0x00, 0x00,
    0x00, 0x00, 0x00, 0x00, 0x00, 0x00, 0x00, 0x00, 0x00, 0x00, 0x00, 0x00, 0x00, 0x00, 0x00, 0x00, 0x00, 0x00, 0x00,
    0x00, 0x00, 0x00, 0x00, 0x00, 0x00, 0x00, 0x00, 0x00, 0x00, 0x00, 0x00, 0x00, 0x00, 0x00, 0x00, 0x00, 0x00, 0x00,
    0x00, 0x00, 0x00, 0x00, 0x00, 0x00, 0x00, 0x00, 0x00, 0x00, 0x00, 0x00, 0x00, 0x00, 0x00, 0x00, 0x00, 0x00, 0x00,
    0x00, 0x20, 0x00, 0x21, 0x00, 0x21, 0x00, 0x21, 0x00, 0x21, 0x00, 0x21, 0x08, 0x21, 0x08, 0x41, 0x08, 0x42, 0x08,
    0x42, 0x08, 0x42, 0x08, 0x42, 0x08, 0x62, 0x08, 0x63, 0x08, 0x83, 0x10, 0x63, 0x10, 0x21, 0x00, 0x84, 0x10, 0x2b,
    0x42, 0x77, 0x94, 0xfe, 0xc5, 0x3f, 0xce, 0xfe, 0xc5, 0xdd, 0xc5, 0xfd, 0xc5, 0xfd, 0xc5, 0xbd, 0xbd, 0x3d, 0xb5,
    0xdd, 0xa4, 0x3c, 0x94, 0xbc, 0x83, 0x7b, 0x7b, 0x3b, 0x73, 0x1b, 0x73, 0xdb, 0x6a, 0xdb, 0x6a, 0xdb, 0x6a, 0xdb,
    0x6a, 0xbb, 0x6a, 0xbb, 0x6a, 0xdb, 0x6a, 0xfb, 0x72, 0x1b, 0x73, 0x7b, 0x7b, 0xdc, 0x8b, 0x7c, 0x9c, 0xfd, 0xa4,
    0x5d, 0xb5, 0xbd, 0xbd, 0xbd, 0xbd, 0x9d, 0xbd, 0xbe, 0xbd, 0xdf, 0xc5, 0xbe, 0xc5, 0xb9, 0x9c, 0x8e, 0x52, 0xe5,
    0x18, 0x21, 0x00, 0x63, 0x08, 0x83, 0x10, 0x63, 0x08, 0x62, 0x08, 0x62, 0x08, 0x42, 0x08, 0x42, 0x08, 0x42, 0x08,
    0x41, 0x08, 0x41, 0x08, 0x21, 0x08, 0x21, 0x00, 0x21, 0x00, 0x21, 0x00, 0x21, 0x00, 0x20, 0x00, 0x20, 0x00, 0x00,
    0x00, 0x00, 0x00, 0x00, 0x00, 0x00, 0x00, 0x00, 0x00, 0x00, 0x00, 0x00, 0x00, 0x00, 0x00, 0x00, 0x00, 0x00, 0x00,
    0x00, 0x00, 0x00, 0x00, 0x00, 0x00, 0x00, 0x00, 0x00, 0x00, 0x00, 0x00, 0x00, 0x00, 0x00, 0x00, 0x00, 0x00, 0x00,
    0x00, 0x00, 0x00, 0x00, 0x00, 0x00, 0x00, 0x00, 0x00, 0x00, 0x00, 0x00, 0x00, 0x00, 0x00, 0x00, 0x00, 0x00, 0x00,
    0x00, 0x00, 0x00, 0x00, 0x00, 0x00, 0x00, 0x00, 0x00, 0x00, 0x00, 0x00, 0x00, 0x00, 0x00, 0x00, 0x00, 0x00, 0x00,
    0x00, 0x00, 0x00, 0x00, 0x00, 0x00, 0x00, 0x00, 0x00, 0x00, 0x00, 0x00, 0x00, 0x00, 0x00, 0x00, 0x00, 0x00, 0x00,
    0x00, 0x00, 0x00, 0x00, 0x00, 0x00, 0x00, 0x00, 0x00, 0x00, 0x00, 0x00, 0x00, 0x00, 0x00, 0x00, 0x00, 0x00, 0x00,
    0x00, 0x00, 0x00, 0x00, 0x00, 0x00, 0x00, 0x00, 0x00, 0x00, 0x00, 0x00, 0x00, 0x00, 0x00, 0x00, 0x00, 0x00, 0x00,
    0x00, 0x00, 0x00, 0x00, 0x00, 0x00, 0x00, 0x00, 0x00, 0x00, 0x00, 0x00, 0x00, 0x00, 0x00, 0x00, 0x00, 0x00, 0x00,
    0x00, 0x00, 0x00, 0x00, 0x00, 0x00, 0x00, 0x00, 0x00, 0x00, 0x00, 0x00, 0x00, 0x00, 0x00, 0x00, 0x00, 0x00, 0x00,
    0x00, 0x00, 0x00, 0x00, 0x00, 0x00, 0x00, 0x00, 0x00, 0x00, 0x00, 0x00, 0x00, 0x00, 0x00, 0x00, 0x00, 0x00, 0x00,
    0x00, 0x00, 0x00, 0x00, 0x00, 0x00, 0x00, 0x00, 0x00, 0x00, 0x00, 0x00, 0x00, 0x00, 0x00, 0x00, 0x00, 0x00, 0x00,
    0x00, 0x00, 0x00, 0x00, 0x00, 0x00, 0x00, 0x00, 0x00, 0x00, 0x00, 0x00, 0x00, 0x00, 0x00, 0x00, 0x00, 0x00, 0x00,
    0x00, 0x00, 0x00, 0x00, 0x00, 0x00, 0x00, 0x00, 0x00, 0x00, 0x00, 0x00, 0x00, 0x00, 0x00, 0x00, 0x00, 0x00, 0x00,
    0x00, 0x00, 0x00, 0x00, 0x20, 0x00, 0x21, 0x00, 0x21, 0x00, 0x21, 0x00, 0x21, 0x00, 0x21, 0x00, 0x21, 0x08, 0x41,
    0x08, 0x41, 0x08, 0x42, 0x08, 0x42, 0x08, 0x42, 0x08, 0x62, 0x08, 0x62, 0x08, 0x63, 0x08, 0x83, 0x10, 0x63, 0x10,
    0x22, 0x00, 0x42, 0x08, 0x68, 0x31, 0x72, 0x73, 0x1a, 0xa5, 0xfe, 0xc5, 0x1f, 0xce, 0x1f, 0xce, 0xfe, 0xc5, 0xdd,
    0xc5, 0xdd, 0xc5, 0xdd, 0xc5, 0xdd, 0xc5, 0xbd, 0xbd, 0x9d, 0xbd, 0x5d, 0xb5, 0xfd, 0xac, 0xfd, 0xac, 0xfd, 0xac,
    0xfd, 0xac, 0xfd, 0xac, 0xfd, 0xa4, 0x3d, 0xb5, 0x7d, 0xb5, 0x7d, 0xbd, 0xbd, 0xbd, 0xbd, 0xbd, 0xbd, 0xbd, 0xbd,
    0xbd, 0xbd, 0xbd, 0xde, 0xc5, 0xdf, 0xc5, 0xde, 0xc5, 0x1b, 0xad, 0xb4, 0x7b, 0xca, 0x39, 0x63, 0x10, 0x21, 0x00,
    0x63, 0x08, 0x83, 0x10, 0x63, 0x10, 0x62, 0x08, 0x62, 0x08, 0x42, 0x08, 0x42, 0x08, 0x42, 0x08, 0x42, 0x08, 0x41,
    0x08, 0x41, 0x08, 0x21, 0x00, 0x21, 0x00, 0x21, 0x00, 0x21, 0x00, 0x21, 0x00, 0x20, 0x00, 0x00, 0x00, 0x00, 0x00,
    0x00, 0x00, 0x00, 0x00, 0x00, 0x00, 0x00, 0x00, 0x00, 0x00, 0x00, 0x00, 0x00, 0x00, 0x00, 0x00, 0x00, 0x00, 0x00,
    0x00, 0x00, 0x00, 0x00, 0x00, 0x00, 0x00, 0x00, 0x00, 0x00, 0x00, 0x00, 0x00, 0x00, 0x00, 0x00, 0x00, 0x00, 0x00,
    0x00, 0x00, 0x00, 0x00, 0x00, 0x00, 0x00, 0x00, 0x00, 0x00, 0x00, 0x00, 0x00, 0x00, 0x00, 0x00, 0x00, 0x00, 0x00,
    0x00, 0x00, 0x00, 0x00, 0x00, 0x00, 0x00, 0x00, 0x00, 0x00, 0x00, 0x00, 0x00, 0x00, 0x00, 0x00, 0x00, 0x00, 0x00,
    0x00, 0x00, 0x00, 0x00, 0x00, 0x00, 0x00, 0x00, 0x00, 0x00, 0x00, 0x00, 0x00, 0x00, 0x00, 0x00, 0x00, 0x00, 0x00,
    0x00, 0x00, 0x00, 0x00, 0x00, 0x00, 0x00, 0x00, 0x00, 0x00, 0x00, 0x00, 0x00, 0x00, 0x00, 0x00, 0x00, 0x00, 0x00,
    0x00, 0x00, 0x00, 0x00, 0x00, 0x00, 0x00, 0x00, 0x00, 0x00, 0x00, 0x00, 0x00, 0x00, 0x00, 0x00, 0x00, 0x00, 0x00,
    0x00, 0x00, 0x00, 0x00, 0x00, 0x00, 0x00, 0x00, 0x00, 0x00, 0x00, 0x00, 0x00, 0x00, 0x00, 0x00, 0x00, 0x00, 0x00,
    0x00, 0x00, 0x00, 0x00, 0x00, 0x00, 0x00, 0x00, 0x00, 0x00, 0x00, 0x00, 0x00, 0x00, 0x00, 0x00, 0x00, 0x00, 0x00,
    0x00, 0x00, 0x00, 0x00, 0x00, 0x00, 0x00, 0x00, 0x00, 0x00, 0x00, 0x00, 0x00, 0x00, 0x00, 0x00, 0x00, 0x00, 0x00,
    0x00, 0x00, 0x00, 0x00, 0x00, 0x00, 0x00, 0x00, 0x00, 0x00, 0x00, 0x00, 0x00, 0x00, 0x00, 0x00, 0x00, 0x00, 0x00,
    0x00, 0x00, 0x00, 0x00, 0x00, 0x00, 0x00, 0x00, 0x00, 0x00, 0x00, 0x00, 0x00, 0x00, 0x00, 0x00, 0x00, 0x00, 0x00,
    0x00, 0x00, 0x00, 0x00, 0x00, 0x00, 0x00, 0x00, 0x00, 0x00, 0x00, 0x00, 0x00, 0x00, 0x00, 0x00, 0x00, 0x00, 0x00,
    0x00, 0x00, 0x00, 0x00, 0x00, 0x00, 0x00, 0x20, 0x00, 0x20, 0x00, 0x21, 0x00, 0x21, 0x00, 0x21, 0x00, 0x21, 0x00,
    0x21, 0x08, 0x21, 0x08, 0x41, 0x08, 0x42, 0x08, 0x42, 0x08, 0x42, 0x08, 0x42, 0x08, 0x62, 0x08, 0x62, 0x08, 0x63,
    0x08, 0x83, 0x10, 0x83, 0x10, 0x42, 0x08, 0x01, 0x00, 0x83, 0x10, 0x89, 0x31, 0xef, 0x62, 0x77, 0x94, 0x7c, 0xb5,
    0xfe, 0xc5, 0x1f, 0xce, 0x1f, 0xce, 0xff, 0xc5, 0xde, 0xc5, 0xde, 0xc5, 0xde, 0xc5, 0xdd, 0xc5, 0xdd, 0xc5, 0xdd,
    0xc5, 0xdd, 0xc5, 0xdd, 0xc5, 0xbd, 0xc5, 0xdd, 0xc5, 0xde, 0xc5, 0xbe, 0xc5, 0xdf, 0xc5, 0xdf, 0xc5, 0xff, 0xc5,
    0xde, 0xc5, 0x7c, 0xb5, 0x98, 0x9c, 0x51, 0x6b, 0xca, 0x39, 0xc5, 0x18, 0x21, 0x00, 0x22, 0x08, 0x63, 0x10, 0x83,
    0x10, 0x63, 0x08, 0x62, 0x08, 0x62, 0x08, 0x42, 0x08, 0x42, 0x08, 0x42, 0x08, 0x42, 0x08, 0x41, 0x08, 0x41, 0x08,
    0x21, 0x08, 0x21, 0x00, 0x21, 0x00, 0x21, 0x00, 0x21, 0x00, 0x21, 0x00, 0x20, 0x00, 0x00, 0x00, 0x00, 0x00, 0x00,
    0x00, 0x00, 0x00, 0x00, 0x00, 0x00, 0x00, 0x00, 0x00, 0x00, 0x00, 0x00, 0x00, 0x00, 0x00, 0x00, 0x00, 0x00, 0x00,
    0x00, 0x00, 0x00, 0x00, 0x00, 0x00, 0x00, 0x00, 0x00, 0x00, 0x00, 0x00, 0x00, 0x00, 0x00, 0x00, 0x00, 0x00, 0x00,
    0x00, 0x00, 0x00, 0x00, 0x00, 0x00, 0x00, 0x00, 0x00, 0x00, 0x00, 0x00, 0x00, 0x00, 0x00, 0x00, 0x00, 0x00, 0x00,
    0x00, 0x00, 0x00, 0x00, 0x00, 0x00, 0x00, 0x00, 0x00, 0x00, 0x00, 0x00, 0x00, 0x00, 0x00, 0x00, 0x00, 0x00, 0x00,
    0x00, 0x00, 0x00, 0x00, 0x00, 0x00, 0x00, 0x00, 0x00, 0x00, 0x00, 0x00, 0x00, 0x00, 0x00, 0x00, 0x00, 0x00, 0x00,
    0x00, 0x00, 0x00, 0x00, 0x00, 0x00, 0x00, 0x00, 0x00, 0x00, 0x00, 0x00, 0x00, 0x00, 0x00, 0x00, 0x00, 0x00, 0x00,
    0x00, 0x00, 0x00, 0x00, 0x00, 0x00, 0x00, 0x00, 0x00, 0x00, 0x00, 0x00, 0x00, 0x00, 0x00, 0x00, 0x00, 0x00, 0x00,
    0x00, 0x00, 0x00, 0x00, 0x00, 0x00, 0x00, 0x00, 0x00, 0x00, 0x00, 0x00, 0x00, 0x00, 0x00, 0x00, 0x00, 0x00, 0x00,
    0x00, 0x00, 0x00, 0x00, 0x00, 0x00, 0x00, 0x00, 0x00, 0x00, 0x00, 0x00, 0x00, 0x00, 0x00, 0x00, 0x00, 0x00, 0x00,
    0x00, 0x00, 0x00, 0x00, 0x00, 0x00, 0x00, 0x00, 0x00, 0x00, 0x00, 0x00, 0x00, 0x00, 0x00, 0x00, 0x00, 0x00, 0x00,
    0x00, 0x00, 0x00, 0x00, 0x00, 0x00, 0x00, 0x00, 0x00, 0x00, 0x00, 0x00, 0x00, 0x00, 0x00, 0x00, 0x00, 0x00, 0x00,
    0x00, 0x00, 0x00, 0x00, 0x00, 0x00, 0x00, 0x00, 0x00, 0x00, 0x00, 0x00, 0x00, 0x00, 0x00, 0x00, 0x00, 0x00, 0x00,
    0x00, 0x00, 0x00, 0x00, 0x00, 0x00, 0x00, 0x00, 0x00, 0x00, 0x00, 0x00, 0x00, 0x00, 0x00, 0x00, 0x00, 0x00, 0x00,
    0x00, 0x00, 0x00, 0x00, 0x00, 0x00, 0x00, 0x00, 0x00, 0x00, 0x00, 0x00, 0x20, 0x00, 0x21, 0x00, 0x21, 0x00, 0x21,
    0x00, 0x21, 0x00, 0x21, 0x00, 0x21, 0x08, 0x41, 0x08, 0x41, 0x08, 0x42, 0x08, 0x42, 0x08, 0x42, 0x08, 0x42, 0x08,
    0x62, 0x08, 0x62, 0x08, 0x62, 0x08, 0x63, 0x10, 0x83, 0x10, 0x63, 0x10, 0x42, 0x08, 0x21, 0x00, 0x42, 0x08, 0xe5,
    0x20, 0xca, 0x39, 0xce, 0x5a, 0xd4, 0x83, 0x77, 0x94, 0x1a, 0xad, 0x7c, 0xb5, 0x7c, 0xb5, 0xff, 0xc5, 0xde, 0xc5,
    0xde, 0xc5, 0xde, 0xc5, 0xde, 0xc5, 0xff, 0xc5, 0x9d, 0xbd, 0x5c, 0xb5, 0x3b, 0xad, 0x77, 0x94, 0xf5, 0x83, 0xf0,
    0x62, 0xeb, 0x41, 0x26, 0x21, 0x63, 0x08, 0x21, 0x00, 0x22, 0x08, 0x63, 0x08, 0x83, 0x10, 0x83, 0x10, 0x63, 0x08,
    0x62, 0x08, 0x62, 0x08, 0x42, 0x08, 0x42, 0x08, 0x42, 0x08, 0x42, 0x08, 0x41, 0x08, 0x41, 0x08, 0x21, 0x08, 0x21,
    0x00, 0x21, 0x00, 0x21, 0x00, 0x21, 0x00, 0x21, 0x00, 0x20, 0x00, 0x20, 0x00, 0x00, 0x00, 0x00, 0x00, 0x00, 0x00,
    0x00, 0x00, 0x00, 0x00, 0x00, 0x00, 0x00, 0x00, 0x00, 0x00, 0x00, 0x00, 0x00, 0x00, 0x00, 0x00, 0x00, 0x00, 0x00,
    0x00, 0x00, 0x00, 0x00, 0x00, 0x00, 0x00, 0x00, 0x00, 0x00, 0x00, 0x00, 0x00, 0x00, 0x00, 0x00, 0x00, 0x00, 0x00,
    0x00, 0x00, 0x00, 0x00, 0x00, 0x00, 0x00, 0x00, 0x00, 0x00, 0x00, 0x00, 0x00, 0x00, 0x00, 0x00, 0x00, 0x00, 0x00,
    0x00, 0x00, 0x00, 0x00, 0x00, 0x00, 0x00, 0x00, 0x00, 0x00, 0x00, 0x00, 0x00, 0x00, 0x00, 0x00, 0x00, 0x00, 0x00,
    0x00, 0x00, 0x00, 0x00, 0x00, 0x00, 0x00, 0x00, 0x00, 0x00, 0x00, 0x00, 0x00, 0x00, 0x00, 0x00, 0x00, 0x00, 0x00,
    0x00, 0x00, 0x00, 0x00, 0x00, 0x00, 0x00, 0x00, 0x00, 0x00, 0x00, 0x00, 0x00, 0x00, 0x00, 0x00, 0x00, 0x00, 0x00,
    0x00, 0x00, 0x00, 0x00, 0x00, 0x00, 0x00, 0x00, 0x00, 0x00, 0x00, 0x00, 0x00, 0x00, 0x00, 0x00, 0x00, 0x00, 0x00,
    0x00, 0x00, 0x00, 0x00, 0x00, 0x00, 0x00, 0x00, 0x00, 0x00, 0x00, 0x00, 0x00, 0x00, 0x00, 0x00, 0x00, 0x00, 0x00,
    0x00, 0x00, 0x00, 0x00, 0x00, 0x00, 0x00, 0x00, 0x00, 0x00, 0x00, 0x00, 0x00, 0x00, 0x00, 0x00, 0x00, 0x00, 0x00,
    0x00, 0x00, 0x00, 0x00, 0x00, 0x00, 0x00, 0x00, 0x00, 0x00, 0x00, 0x00, 0x00, 0x00, 0x00, 0x00, 0x00, 0x00, 0x00,
    0x00, 0x00, 0x00, 0x00, 0x00, 0x00, 0x00, 0x00, 0x00, 0x00, 0x00, 0x00, 0x00, 0x00, 0x00, 0x00, 0x00, 0x00, 0x00,
    0x00, 0x00, 0x00, 0x00, 0x00, 0x00, 0x00, 0x00, 0x00, 0x00, 0x00, 0x00, 0x00, 0x00, 0x00, 0x00, 0x00, 0x00, 0x00,
    0x00, 0x00, 0x00, 0x00, 0x00, 0x00, 0x00, 0x00, 0x00, 0x00, 0x00, 0x00, 0x00, 0x00, 0x00, 0x00, 0x00, 0x00, 0x00,
    0x00, 0x00, 0x00, 0x00, 0x00, 0x00, 0x00, 0x00, 0x00, 0x00, 0x00, 0x00, 0x00, 0x00, 0x00, 0x20, 0x00, 0x21, 0x00,
    0x21, 0x00, 0x21, 0x00, 0x21, 0x00, 0x21, 0x00, 0x21, 0x00, 0x21, 0x08, 0x41, 0x08, 0x41, 0x08, 0x42, 0x08, 0x42,
    0x08, 0x42, 0x08, 0x42, 0x08, 0x42, 0x08, 0x62, 0x08, 0x62, 0x08, 0x63, 0x08, 0x63, 0x10, 0x83, 0x10, 0x83, 0x10,
    0x63, 0x08, 0x22, 0x08, 0x21, 0x00, 0x22, 0x08, 0x42, 0x08, 0xa4, 0x18, 0xc5, 0x18, 0x26, 0x21, 0xea, 0x41, 0xca,
    0x39, 0xca, 0x39, 0xca, 0x39, 0xca, 0x39, 0xea, 0x41, 0x48, 0x29, 0xc5, 0x18, 0xc5, 0x18, 0x42, 0x08, 0x42, 0x08,
    0x21, 0x00, 0x22, 0x08, 0x42, 0x08, 0x63, 0x10, 0x83, 0x10, 0x83, 0x10, 0x63, 0x08, 0x62, 0x08, 0x62, 0x08, 0x62,
    0x08, 0x42, 0x08, 0x42, 0x08, 0x42, 0x08, 0x42, 0x08, 0x41, 0x08, 0x41, 0x08, 0x21, 0x08, 0x21, 0x08, 0x21, 0x00,
    0x21, 0x00, 0x21, 0x00, 0x21, 0x00, 0x21, 0x00, 0x20, 0x00, 0x00, 0x00, 0x00, 0x00, 0x00, 0x00, 0x00, 0x00, 0x00,
    0x00, 0x00, 0x00, 0x00, 0x00, 0x00, 0x00, 0x00, 0x00, 0x00, 0x00, 0x00, 0x00, 0x00, 0x00, 0x00, 0x00, 0x00, 0x00,
    0x00, 0x00, 0x00, 0x00, 0x00, 0x00, 0x00, 0x00, 0x00, 0x00, 0x00, 0x00, 0x00, 0x00, 0x00, 0x00, 0x00, 0x00, 0x00,
    0x00, 0x00, 0x00, 0x00, 0x00, 0x00, 0x00, 0x00, 0x00, 0x00, 0x00, 0x00, 0x00, 0x00, 0x00, 0x00, 0x00, 0x00, 0x00,
    0x00, 0x00, 0x00, 0x00, 0x00, 0x00, 0x00, 0x00, 0x00, 0x00, 0x00, 0x00, 0x00, 0x00, 0x00, 0x00, 0x00, 0x00, 0x00,
    0x00, 0x00, 0x00, 0x00, 0x00, 0x00, 0x00, 0x00, 0x00, 0x00, 0x00, 0x00, 0x00, 0x00, 0x00, 0x00, 0x00, 0x00, 0x00,
    0x00, 0x00, 0x00, 0x00, 0x00, 0x00, 0x00, 0x00, 0x00, 0x00, 0x00, 0x00, 0x00, 0x00, 0x00, 0x00, 0x00, 0x00, 0x00,
    0x00, 0x00, 0x00, 0x00, 0x00, 0x00, 0x00, 0x00, 0x00, 0x00, 0x00, 0x00, 0x00, 0x00, 0x00, 0x00, 0x00, 0x00, 0x00,
    0x00, 0x00, 0x00, 0x00, 0x00, 0x00, 0x00, 0x00, 0x00, 0x00, 0x00, 0x00, 0x00, 0x00, 0x00, 0x00, 0x00, 0x00, 0x00,
    0x00, 0x00, 0x00, 0x00, 0x00, 0x00, 0x00, 0x00, 0x00, 0x00, 0x00, 0x00, 0x00, 0x00, 0x00, 0x00, 0x00, 0x00, 0x00,
    0x00, 0x00, 0x00, 0x00, 0x00, 0x00, 0x00, 0x00, 0x00, 0x00, 0x00, 0x00, 0x00, 0x00, 0x00, 0x00, 0x00, 0x00, 0x00,
    0x00, 0x00, 0x00, 0x00, 0x00, 0x00, 0x00, 0x00, 0x00, 0x00, 0x00, 0x00, 0x00, 0x00, 0x00, 0x00, 0x00, 0x00, 0x00,
    0x00, 0x00, 0x00, 0x00, 0x00, 0x00, 0x00, 0x00, 0x00, 0x00, 0x00, 0x00, 0x00, 0x00, 0x00, 0x00, 0x00, 0x00, 0x00,
    0x00, 0x00, 0x00, 0x00, 0x00, 0x00, 0x00, 0x00, 0x00, 0x00, 0x00, 0x00, 0x00, 0x00, 0x00, 0x00, 0x00, 0x00, 0x00,
    0x00, 0x00, 0x00, 0x00, 0x00, 0x00, 0x00, 0x00, 0x00, 0x00, 0x00, 0x00, 0x00, 0x00, 0x00, 0x00, 0x00, 0x00, 0x00,
    0x00, 0x20, 0x00, 0x21, 0x00, 0x21, 0x00, 0x21, 0x00, 0x21, 0x00, 0x21, 0x00, 0x21, 0x00, 0x21, 0x08, 0x41, 0x08,
    0x41, 0x08, 0x42, 0x08, 0x42, 0x08, 0x42, 0x08, 0x42, 0x08, 0x42, 0x08, 0x42, 0x08, 0x62, 0x08, 0x62, 0x08, 0x62,
    0x08, 0x63, 0x08, 0x63, 0x10, 0x83, 0x10, 0x83, 0x10, 0x83, 0x10, 0x63, 0x08, 0x63, 0x08, 0x42, 0x08, 0x22, 0x08,
    0x22, 0x08, 0x22, 0x08, 0x22, 0x08, 0x22, 0x08, 0x22, 0x08, 0x42, 0x08, 0x63, 0x08, 0x63, 0x08, 0x83, 0x10, 0x83,
    0x10, 0x83, 0x10, 0x83, 0x10, 0x63, 0x10, 0x63, 0x08, 0x62, 0x08, 0x62, 0x08, 0x42, 0x08, 0x42, 0x08, 0x42, 0x08,
    0x42, 0x08, 0x42, 0x08, 0x42, 0x08, 0x41, 0x08, 0x41, 0x08, 0x41, 0x08, 0x21, 0x08, 0x21, 0x00, 0x21, 0x00, 0x21,
    0x00, 0x21, 0x00, 0x21, 0x00, 0x20, 0x00, 0x20, 0x00, 0x00, 0x00, 0x00, 0x00, 0x00, 0x00, 0x00, 0x00, 0x00, 0x00,
    0x00, 0x00, 0x00, 0x00, 0x00, 0x00, 0x00, 0x00, 0x00, 0x00, 0x00, 0x00, 0x00, 0x00, 0x00, 0x00, 0x00, 0x00, 0x00,
    0x00, 0x00, 0x00, 0x00, 0x00, 0x00, 0x00, 0x00, 0x00, 0x00, 0x00, 0x00, 0x00, 0x00, 0x00, 0x00, 0x00, 0x00, 0x00,
    0x00, 0x00, 0x00, 0x00, 0x00, 0x00, 0x00, 0x00, 0x00, 0x00, 0x00, 0x00, 0x00, 0x00, 0x00, 0x00, 0x00, 0x00, 0x00,
    0x00, 0x00, 0x00, 0x00, 0x00, 0x00, 0x00, 0x00, 0x00, 0x00, 0x00, 0x00, 0x00, 0x00, 0x00, 0x00, 0x00, 0x00, 0x00,
    0x00, 0x00, 0x00, 0x00, 0x00, 0x00, 0x00, 0x00, 0x00, 0x00, 0x00, 0x00, 0x00, 0x00, 0x00, 0x00, 0x00, 0x00, 0x00,
    0x00, 0x00, 0x00, 0x00, 0x00, 0x00, 0x00, 0x00, 0x00, 0x00, 0x00, 0x00, 0x00, 0x00, 0x00, 0x00, 0x00, 0x00, 0x00,
    0x00, 0x00, 0x00, 0x00, 0x00, 0x00, 0x00, 0x00, 0x00, 0x00, 0x00, 0x00, 0x00, 0x00, 0x00, 0x00, 0x00, 0x00, 0x00,
    0x00, 0x00, 0x00, 0x00, 0x00, 0x00, 0x00, 0x00, 0x00, 0x00, 0x00, 0x00, 0x00, 0x00, 0x00, 0x00, 0x00, 0x00, 0x00,
    0x00, 0x00, 0x00, 0x00, 0x00, 0x00, 0x00, 0x00, 0x00, 0x00, 0x00, 0x00, 0x00, 0x00, 0x00, 0x00, 0x00, 0x00, 0x00,
    0x00, 0x00, 0x00, 0x00, 0x00, 0x00, 0x00, 0x00, 0x00, 0x00, 0x00, 0x00, 0x00, 0x00, 0x00, 0x00, 0x00, 0x00, 0x00,
    0x00, 0x00, 0x00, 0x00, 0x00, 0x00, 0x00, 0x00, 0x00, 0x00, 0x00, 0x00, 0x00, 0x00, 0x00, 0x00, 0x00, 0x00, 0x00,
    0x00, 0x00, 0x00, 0x00, 0x00, 0x00, 0x00, 0x00, 0x00, 0x00, 0x00, 0x00, 0x00, 0x00, 0x00, 0x00, 0x00, 0x00, 0x00,
    0x00, 0x00, 0x00, 0x00, 0x00, 0x00, 0x00, 0x00, 0x00, 0x00, 0x00, 0x00, 0x00, 0x00, 0x00, 0x00, 0x00, 0x00, 0x00,
    0x00, 0x00, 0x00, 0x00, 0x00, 0x00, 0x00, 0x00, 0x00, 0x00, 0x00, 0x00, 0x00, 0x00, 0x00, 0x00, 0x00, 0x00, 0x00,
    0x00, 0x00, 0x00, 0x00, 0x20, 0x00, 0x20, 0x00, 0x21, 0x00, 0x21, 0x00, 0x21, 0x00, 0x21, 0x00, 0x21, 0x00, 0x21,
    0x08, 0x21, 0x08, 0x41, 0x08, 0x41, 0x08, 0x42, 0x08, 0x42, 0x08, 0x42, 0x08, 0x42, 0x08, 0x42, 0x08, 0x42, 0x08,
    0x42, 0x08, 0x62, 0x08, 0x62, 0x08, 0x62, 0x08, 0x62, 0x08, 0x62, 0x08, 0x63, 0x08, 0x63, 0x10, 0x63, 0x10, 0x63,
    0x10, 0x63, 0x10, 0x83, 0x10, 0x83, 0x10, 0x63, 0x10, 0x63, 0x10, 0x63, 0x10, 0x63, 0x10, 0x63, 0x08, 0x63, 0x08,
    0x62, 0x08, 0x62, 0x08, 0x62, 0x08, 0x62, 0x08, 0x62, 0x08, 0x42, 0x08, 0x42, 0x08, 0x42, 0x08, 0x42, 0x08, 0x42,
    0x08, 0x42, 0x08, 0x41, 0x08, 0x41, 0x08, 0x21, 0x08, 0x21, 0x08, 0x21, 0x00, 0x21, 0x00, 0x21, 0x00, 0x21, 0x00,
    0x21, 0x00, 0x21, 0x00, 0x20, 0x00, 0x00, 0x00, 0x00, 0x00, 0x00, 0x00, 0x00, 0x00, 0x00, 0x00, 0x00, 0x00, 0x00,
    0x00, 0x00, 0x00, 0x00, 0x00, 0x00, 0x00, 0x00, 0x00, 0x00, 0x00, 0x00, 0x00, 0x00, 0x00, 0x00, 0x00, 0x00, 0x00,
    0x00, 0x00, 0x00, 0x00, 0x00, 0x00, 0x00, 0x00, 0x00, 0x00, 0x00, 0x00, 0x00, 0x00, 0x00, 0x00, 0x00, 0x00, 0x00,
    0x00, 0x00, 0x00, 0x00, 0x00, 0x00, 0x00, 0x00, 0x00, 0x00, 0x00, 0x00, 0x00, 0x00, 0x00, 0x00, 0x00, 0x00, 0x00,
    0x00, 0x00, 0x00, 0x00, 0x00, 0x00, 0x00, 0x00, 0x00, 0x00, 0x00, 0x00, 0x00, 0x00, 0x00, 0x00, 0x00, 0x00, 0x00,
    0x00, 0x00, 0x00, 0x00, 0x00, 0x00, 0x00, 0x00, 0x00, 0x00, 0x00, 0x00, 0x00, 0x00, 0x00, 0x00, 0x00, 0x00, 0x00,
    0x00, 0x00, 0x00, 0x00, 0x00, 0x00, 0x00, 0x00, 0x00, 0x00, 0x00, 0x00, 0x00, 0x00, 0x00, 0x00, 0x00, 0x00, 0x00,
    0x00, 0x00, 0x00, 0x00, 0x00, 0x00, 0x00, 0x00, 0x00, 0x00, 0x00, 0x00, 0x00, 0x00, 0x00, 0x00, 0x00, 0x00, 0x00,
    0x00, 0x00, 0x00, 0x00, 0x00, 0x00, 0x00, 0x00, 0x00, 0x00, 0x00, 0x00, 0x00, 0x00, 0x00, 0x00, 0x00, 0x00, 0x00,
    0x00, 0x00, 0x00, 0x00, 0x00, 0x00, 0x00, 0x00, 0x00, 0x00, 0x00, 0x00, 0x00, 0x00, 0x00, 0x00, 0x00, 0x00, 0x00,
    0x00, 0x00, 0x00, 0x00, 0x00, 0x00, 0x00, 0x00, 0x00, 0x00, 0x00, 0x00, 0x00, 0x00, 0x00, 0x00, 0x00, 0x00, 0x00,
    0x00, 0x00, 0x00, 0x00, 0x00, 0x00, 0x00, 0x00, 0x00, 0x00, 0x00, 0x00, 0x00, 0x00, 0x00, 0x00, 0x00, 0x00, 0x00,
    0x00, 0x00, 0x00, 0x00, 0x00, 0x00, 0x00, 0x00, 0x00, 0x00, 0x00, 0x00, 0x00, 0x00, 0x00, 0x00, 0x00, 0x00, 0x00,
    0x00, 0x00, 0x00, 0x00, 0x00, 0x00, 0x00, 0x00, 0x00, 0x00, 0x00, 0x00, 0x00, 0x00, 0x00, 0x00, 0x00, 0x00, 0x00,
    0x00, 0x00, 0x00, 0x00, 0x00, 0x00, 0x00, 0x00, 0x00, 0x00, 0x00, 0x00, 0x00, 0x00, 0x00, 0x00, 0x00, 0x00, 0x00,
    0x00, 0x00, 0x00, 0x00, 0x00, 0x00, 0x00, 0x00, 0x00, 0x20, 0x00, 0x21, 0x00, 0x21, 0x00, 0x21, 0x00, 0x21, 0x00,
    0x21, 0x00, 0x21, 0x00, 0x21, 0x00, 0x21, 0x08, 0x41, 0x08, 0x41, 0x08, 0x41, 0x08, 0x42, 0x08, 0x42, 0x08, 0x42,
    0x08, 0x42, 0x08, 0x42, 0x08, 0x42, 0x08, 0x42, 0x08, 0x42, 0x08, 0x42, 0x08, 0x42, 0x08, 0x62, 0x08, 0x62, 0x08,
    0x62, 0x08, 0x62, 0x08, 0x62, 0x08, 0x62, 0x08, 0x62, 0x08, 0x62, 0x08, 0x62, 0x08, 0x62, 0x08, 0x42, 0x08, 0x62,
    0x08, 0x42, 0x08, 0x42, 0x08, 0x42, 0x08, 0x42, 0x08, 0x42, 0x08, 0x42, 0x08, 0x42, 0x08, 0x42, 0x08, 0x41, 0x08,
    0x41, 0x08, 0x41, 0x08, 0x21, 0x08, 0x21, 0x00, 0x21, 0x00, 0x21, 0x00, 0x21, 0x00, 0x21, 0x00, 0x21, 0x00, 0x21,
    0x00, 0x20, 0x00, 0x00, 0x00, 0x00, 0x00, 0x00, 0x00, 0x00, 0x00, 0x00, 0x00, 0x00, 0x00, 0x00, 0x00, 0x00, 0x00,
    0x00, 0x00, 0x00, 0x00, 0x00, 0x00, 0x00, 0x00, 0x00, 0x00, 0x00, 0x00, 0x00, 0x00, 0x00, 0x00, 0x00, 0x00, 0x00,
    0x00, 0x00, 0x00, 0x00, 0x00, 0x00, 0x00, 0x00, 0x00, 0x00, 0x00, 0x00, 0x00, 0x00, 0x00, 0x00, 0x00, 0x00, 0x00,
    0x00, 0x00, 0x00, 0x00, 0x00, 0x00, 0x00, 0x00, 0x00, 0x00, 0x00, 0x00, 0x00, 0x00, 0x00, 0x00, 0x00, 0x00, 0x00,
    0x00, 0x00, 0x00, 0x00, 0x00, 0x00, 0x00, 0x00, 0x00, 0x00, 0x00, 0x00, 0x00, 0x00, 0x00, 0x00, 0x00, 0x00, 0x00,
    0x00, 0x00, 0x00, 0x00, 0x00, 0x00, 0x00, 0x00, 0x00, 0x00, 0x00, 0x00, 0x00, 0x00, 0x00, 0x00, 0x00, 0x00, 0x00,
    0x00, 0x00, 0x00, 0x00, 0x00, 0x00, 0x00, 0x00, 0x00, 0x00, 0x00, 0x00, 0x00, 0x00, 0x00, 0x00, 0x00, 0x00, 0x00,
    0x00, 0x00, 0x00, 0x00, 0x00, 0x00, 0x00, 0x00, 0x00, 0x00, 0x00, 0x00, 0x00, 0x00, 0x00, 0x00, 0x00, 0x00, 0x00,
    0x00, 0x00, 0x00, 0x00, 0x00, 0x00, 0x00, 0x00, 0x00, 0x00, 0x00, 0x00, 0x00, 0x00, 0x00, 0x00, 0x00, 0x00, 0x00,
    0x00, 0x00, 0x00, 0x00, 0x00, 0x00, 0x00, 0x00, 0x00, 0x00, 0x00, 0x00, 0x00, 0x00, 0x00, 0x00, 0x00, 0x00, 0x00,
    0x00, 0x00, 0x00, 0x00, 0x00, 0x00, 0x00, 0x00, 0x00, 0x00, 0x00, 0x00, 0x00, 0x00, 0x00, 0x00, 0x00, 0x00, 0x00,
    0x00, 0x00, 0x00, 0x00, 0x00, 0x00, 0x00, 0x00, 0x00, 0x00, 0x00, 0x00, 0x00, 0x00, 0x00, 0x00, 0x00, 0x00, 0x00,
    0x00, 0x00, 0x00, 0x00, 0x00, 0x00, 0x00, 0x00, 0x00, 0x00, 0x00, 0x00, 0x00, 0x00, 0x00, 0x00, 0x00, 0x00, 0x00,
    0x00, 0x00, 0x00, 0x00, 0x00, 0x00, 0x00, 0x00, 0x00, 0x00, 0x00, 0x00, 0x00, 0x00, 0x00, 0x00, 0x00, 0x00, 0x00,
    0x00, 0x00, 0x00, 0x00, 0x00, 0x00, 0x00, 0x00, 0x00, 0x00, 0x00, 0x00, 0x00, 0x00, 0x00, 0x00, 0x00, 0x00, 0x00,
    0x00, 0x00, 0x00, 0x00, 0x00, 0x00, 0x00, 0x00, 0x00, 0x00, 0x00, 0x00, 0x00, 0x00, 0x20, 0x00, 0x21, 0x00, 0x21,
    0x00, 0x21, 0x00, 0x21, 0x00, 0x21, 0x00, 0x21, 0x00, 0x21, 0x00, 0x21, 0x08, 0x21, 0x08, 0x21, 0x08, 0x41, 0x08,
    0x41, 0x08, 0x41, 0x08, 0x42, 0x08, 0x42, 0x08, 0x42, 0x08, 0x42, 0x08, 0x42, 0x08, 0x42, 0x08, 0x42, 0x08, 0x42,
    0x08, 0x42, 0x08, 0x42, 0x08, 0x42, 0x08, 0x42, 0x08, 0x42, 0x08, 0x42, 0x08, 0x42, 0x08, 0x42, 0x08, 0x42, 0x08,
    0x42, 0x08, 0x42, 0x08, 0x42, 0x08, 0x42, 0x08, 0x42, 0x08, 0x42, 0x08, 0x41, 0x08, 0x41, 0x08, 0x41, 0x08, 0x21,
    0x08, 0x21, 0x08, 0x21, 0x00, 0x21, 0x00, 0x21, 0x00, 0x21, 0x00, 0x21, 0x00, 0x21, 0x00, 0x21, 0x00, 0x20, 0x00,
    0x20, 0x00, 0x00, 0x00, 0x00, 0x00, 0x00, 0x00, 0x00, 0x00, 0x00, 0x00, 0x00, 0x00, 0x00, 0x00, 0x00, 0x00, 0x00,
    0x00, 0x00, 0x00, 0x00, 0x00, 0x00, 0x00, 0x00, 0x00, 0x00, 0x00, 0x00, 0x00, 0x00, 0x00, 0x00, 0x00, 0x00, 0x00,
    0x00, 0x00, 0x00, 0x00, 0x00, 0x00, 0x00, 0x00, 0x00, 0x00, 0x00, 0x00, 0x00, 0x00, 0x00, 0x00, 0x00, 0x00, 0x00,
    0x00, 0x00, 0x00, 0x00, 0x00, 0x00, 0x00, 0x00, 0x00, 0x00, 0x00, 0x00, 0x00, 0x00, 0x00, 0x00, 0x00, 0x00, 0x00,
    0x00, 0x00, 0x00, 0x00, 0x00, 0x00, 0x00, 0x00, 0x00, 0x00, 0x00, 0x00, 0x00, 0x00, 0x00, 0x00, 0x00, 0x00, 0x00,
    0x00, 0x00, 0x00, 0x00, 0x00, 0x00, 0x00, 0x00, 0x00, 0x00, 0x00, 0x00, 0x00, 0x00, 0x00, 0x00, 0x00, 0x00, 0x00,
    0x00, 0x00, 0x00, 0x00, 0x00, 0x00, 0x00, 0x00, 0x00, 0x00, 0x00, 0x00, 0x00, 0x00, 0x00, 0x00, 0x00, 0x00, 0x00,
    0x00, 0x00, 0x00, 0x00, 0x00, 0x00, 0x00, 0x00, 0x00, 0x00, 0x00, 0x00, 0x00, 0x00, 0x00, 0x00, 0x00, 0x00, 0x00,
    0x00, 0x00, 0x00, 0x00, 0x00, 0x00, 0x00, 0x00, 0x00, 0x00, 0x00, 0x00, 0x00, 0x00, 0x00, 0x00, 0x00, 0x00, 0x00,
    0x00, 0x00, 0x00, 0x00, 0x00, 0x00, 0x00, 0x00, 0x00, 0x00, 0x00, 0x00, 0x00, 0x00, 0x00, 0x00, 0x00, 0x00, 0x00,
    0x00, 0x00, 0x00, 0x00, 0x00, 0x00, 0x00, 0x00, 0x00, 0x00, 0x00, 0x00, 0x00, 0x00, 0x00, 0x00, 0x00, 0x00, 0x00,
    0x00, 0x00, 0x00, 0x00, 0x00, 0x00, 0x00, 0x00, 0x00, 0x00, 0x00, 0x00, 0x00, 0x00, 0x00, 0x00, 0x00, 0x00, 0x00,
    0x00, 0x00, 0x00, 0x00, 0x00, 0x00, 0x00, 0x00, 0x00, 0x00, 0x00, 0x00, 0x00, 0x00, 0x00, 0x00, 0x00, 0x00, 0x00,
    0x00, 0x00, 0x00, 0x00, 0x00, 0x00, 0x00, 0x00, 0x00, 0x00, 0x00, 0x00, 0x00, 0x00, 0x00, 0x00, 0x00, 0x00, 0x00,
    0x00, 0x00, 0x00, 0x00, 0x00, 0x00, 0x00, 0x00, 0x00, 0x00, 0x00, 0x00, 0x00, 0x00, 0x00, 0x00, 0x00, 0x00, 0x00,
    0x00, 0x00, 0x00, 0x00, 0x00, 0x00, 0x00, 0x00, 0x00, 0x00, 0x00, 0x00, 0x00, 0x00, 0x00, 0x00, 0x00, 0x00, 0x00,
    0x20, 0x00, 0x21, 0x00, 0x21, 0x00, 0x21, 0x00, 0x21, 0x00, 0x21, 0x00, 0x21, 0x00, 0x21, 0x00, 0x21, 0x00, 0x21,
    0x08, 0x21, 0x08, 0x21, 0x08, 0x41, 0x08, 0x41, 0x08, 0x41, 0x08, 0x41, 0x08, 0x42, 0x08, 0x41, 0x08, 0x42, 0x08,
    0x42, 0x08, 0x42, 0x08, 0x42, 0x08, 0x42, 0x08, 0x42, 0x08, 0x42, 0x08, 0x42, 0x08, 0x42, 0x08, 0x42, 0x08, 0x42,
    0x08, 0x42, 0x08, 0x41, 0x08, 0x41, 0x08, 0x41, 0x08, 0x41, 0x08, 0x41, 0x08, 0x21, 0x08, 0x21, 0x08, 0x21, 0x00,
    0x21, 0x00, 0x21, 0x00, 0x21, 0x00, 0x21, 0x00, 0x21, 0x00, 0x21, 0x00, 0x21, 0x00, 0x20, 0x00, 0x20, 0x00, 0x00,
    0x00, 0x00, 0x00, 0x00, 0x00, 0x00, 0x00, 0x00, 0x00, 0x00, 0x00, 0x00, 0x00, 0x00, 0x00, 0x00, 0x00, 0x00, 0x00,
    0x00, 0x00, 0x00, 0x00, 0x00, 0x00, 0x00, 0x00, 0x00, 0x00, 0x00, 0x00, 0x00, 0x00, 0x00, 0x00, 0x00, 0x00, 0x00,
    0x00, 0x00, 0x00, 0x00, 0x00, 0x00, 0x00, 0x00, 0x00, 0x00, 0x00, 0x00, 0x00, 0x00, 0x00, 0x00, 0x00, 0x00, 0x00,
    0x00, 0x00, 0x00, 0x00, 0x00, 0x00, 0x00, 0x00, 0x00, 0x00, 0x00, 0x00, 0x00, 0x00, 0x00, 0x00, 0x00, 0x00, 0x00,
    0x00, 0x00, 0x00, 0x00, 0x00, 0x00, 0x00, 0x00, 0x00, 0x00, 0x00, 0x00, 0x00, 0x00, 0x00, 0x00, 0x00, 0x00, 0x00,
    0x00, 0x00, 0x00, 0x00, 0x00, 0x00, 0x00, 0x00, 0x00, 0x00, 0x00, 0x00, 0x00, 0x00, 0x00, 0x00, 0x00, 0x00, 0x00,
    0x00, 0x00, 0x00, 0x00, 0x00, 0x00, 0x00, 0x00, 0x00, 0x00, 0x00, 0x00, 0x00, 0x00, 0x00, 0x00, 0x00, 0x00, 0x00,
    0x00, 0x00, 0x00, 0x00, 0x00, 0x00, 0x00, 0x00, 0x00, 0x00, 0x00, 0x00, 0x00, 0x00, 0x00, 0x00, 0x00, 0x00, 0x00,
    0x00, 0x00, 0x00, 0x00, 0x00, 0x00, 0x00, 0x00, 0x00, 0x00, 0x00, 0x00, 0x00, 0x00, 0x00, 0x00, 0x00, 0x00, 0x00,
    0x00, 0x00, 0x00, 0x00, 0x00, 0x00, 0x00, 0x00, 0x00, 0x00, 0x00, 0x00, 0x00, 0x00, 0x00, 0x00, 0x00, 0x00, 0x00,
    0x00, 0x00, 0x00, 0x00, 0x00, 0x00, 0x00, 0x00, 0x00, 0x00, 0x00, 0x00, 0x00, 0x00, 0x00, 0x00, 0x00, 0x00, 0x00,
    0x00, 0x00, 0x00, 0x00, 0x00, 0x00, 0x00, 0x00, 0x00, 0x00, 0x00, 0x00, 0x00, 0x00, 0x00, 0x00, 0x00, 0x00, 0x00,
    0x00, 0x00, 0x00, 0x00, 0x00, 0x00, 0x00, 0x00, 0x00, 0x00, 0x00, 0x00, 0x00, 0x00, 0x00, 0x00, 0x00, 0x00, 0x00,
    0x00, 0x00, 0x00, 0x00, 0x00, 0x00, 0x00, 0x00, 0x00, 0x00, 0x00, 0x00, 0x00, 0x00, 0x00, 0x00, 0x00, 0x00, 0x00,
    0x00, 0x00, 0x00, 0x00, 0x00, 0x00, 0x00, 0x00, 0x00, 0x00, 0x00, 0x00, 0x00, 0x00, 0x00, 0x00, 0x00, 0x00, 0x00,
    0x00, 0x00, 0x00, 0x00, 0x00, 0x00, 0x00, 0x00, 0x00, 0x00, 0x00, 0x00, 0x00, 0x00, 0x00, 0x00, 0x00, 0x00, 0x00,
    0x00, 0x00, 0x00, 0x00, 0x00, 0x20, 0x00, 0x20, 0x00, 0x21, 0x00, 0x21, 0x00, 0x21, 0x00, 0x21, 0x00, 0x21, 0x00,
    0x21, 0x00, 0x21, 0x00, 0x21, 0x00, 0x21, 0x00, 0x21, 0x00, 0x21, 0x08, 0x21, 0x08, 0x21, 0x08, 0x21, 0x08, 0x41,
    0x08, 0x41, 0x08, 0x41, 0x08, 0x41, 0x08, 0x41, 0x08, 0x41, 0x08, 0x41, 0x08, 0x41, 0x08, 0x41, 0x08, 0x41, 0x08,
    0x21, 0x08, 0x21, 0x08, 0x21, 0x08, 0x21, 0x08, 0x21, 0x08, 0x21, 0x00, 0x21, 0x00, 0x21, 0x00, 0x21, 0x00, 0x21,
    0x00, 0x21, 0x00, 0x21, 0x00, 0x21, 0x00, 0x21, 0x00, 0x21, 0x00, 0x20, 0x00, 0x00, 0x00, 0x00, 0x00, 0x00, 0x00,
    0x00, 0x00, 0x00, 0x00, 0x00, 0x00, 0x00, 0x00, 0x00, 0x00, 0x00, 0x00, 0x00, 0x00, 0x00, 0x00, 0x00, 0x00, 0x00,
    0x00, 0x00, 0x00, 0x00, 0x00, 0x00, 0x00, 0x00, 0x00, 0x00, 0x00, 0x00, 0x00, 0x00, 0x00, 0x00, 0x00, 0x00, 0x00,
    0x00, 0x00, 0x00, 0x00, 0x00, 0x00, 0x00, 0x00, 0x00, 0x00, 0x00, 0x00, 0x00, 0x00, 0x00, 0x00, 0x00, 0x00, 0x00,
    0x00, 0x00, 0x00, 0x00, 0x00, 0x00, 0x00, 0x00, 0x00, 0x00, 0x00, 0x00, 0x00, 0x00, 0x00, 0x00, 0x00, 0x00, 0x00,
    0x00, 0x00, 0x00, 0x00, 0x00, 0x00, 0x00, 0x00, 0x00, 0x00, 0x00, 0x00, 0x00, 0x00, 0x00, 0x00, 0x00, 0x00, 0x00,
    0x00, 0x00, 0x00, 0x00, 0x00, 0x00, 0x00, 0x00, 0x00, 0x00, 0x00, 0x00, 0x00, 0x00, 0x00, 0x00, 0x00, 0x00, 0x00,
    0x00, 0x00, 0x00, 0x00, 0x00, 0x00, 0x00, 0x00, 0x00, 0x00, 0x00, 0x00, 0x00, 0x00, 0x00, 0x00, 0x00, 0x00, 0x00,
    0x00, 0x00, 0x00, 0x00, 0x00, 0x00, 0x00, 0x00, 0x00, 0x00, 0x00, 0x00, 0x00, 0x00, 0x00, 0x00, 0x00, 0x00, 0x00,
    0x00, 0x00, 0x00, 0x00, 0x00, 0x00, 0x00, 0x00, 0x00, 0x00, 0x00, 0x00, 0x00, 0x00, 0x00, 0x00, 0x00, 0x00, 0x00,
    0x00, 0x00, 0x00, 0x00, 0x00, 0x00, 0x00, 0x00, 0x00, 0x00, 0x00, 0x00, 0x00, 0x00, 0x00, 0x00, 0x00, 0x00, 0x00,
    0x00, 0x00, 0x00, 0x00, 0x00, 0x00, 0x00, 0x00, 0x00, 0x00, 0x00, 0x00, 0x00, 0x00, 0x00, 0x00, 0x00, 0x00, 0x00,
    0x00, 0x00, 0x00, 0x00, 0x00, 0x00, 0x00, 0x00, 0x00, 0x00, 0x00, 0x00, 0x00, 0x00, 0x00, 0x00, 0x00, 0x00, 0x00,
    0x00, 0x00, 0x00, 0x00, 0x00, 0x00, 0x00, 0x00, 0x00, 0x00, 0x00, 0x00, 0x00, 0x00, 0x00, 0x00, 0x00, 0x00, 0x00,
    0x00, 0x00, 0x00, 0x00, 0x00, 0x00, 0x00, 0x00, 0x00, 0x00, 0x00, 0x00, 0x00, 0x00, 0x00, 0x00, 0x00, 0x00, 0x00,
    0x00, 0x00, 0x00, 0x00, 0x00, 0x00, 0x00, 0x00, 0x00, 0x00, 0x00, 0x00, 0x00, 0x00, 0x00, 0x00, 0x00, 0x00, 0x00,
    0x00, 0x00, 0x00, 0x00, 0x00, 0x00, 0x00, 0x00, 0x00, 0x00, 0x00, 0x00, 0x00, 0x00, 0x00, 0x00, 0x00, 0x00, 0x00,
    0x00, 0x00, 0x00, 0x00, 0x00, 0x00, 0x00, 0x00, 0x00, 0x00, 0x20, 0x00, 0x20, 0x00, 0x20, 0x00, 0x21, 0x00, 0x21,
    0x00, 0x21, 0x00, 0x21, 0x00, 0x21, 0x00, 0x21, 0x00, 0x21, 0x00, 0x21, 0x00, 0x21, 0x00, 0x21, 0x00, 0x21, 0x00,
    0x21, 0x00, 0x21, 0x00, 0x21, 0x00, 0x21, 0x08, 0x21, 0x00, 0x21, 0x08, 0x21, 0x08, 0x21, 0x00, 0x21, 0x00, 0x21,
    0x00, 0x21, 0x00, 0x21, 0x00, 0x21, 0x00, 0x21, 0x00, 0x21, 0x00, 0x21, 0x00, 0x21, 0x00, 0x21, 0x00, 0x21, 0x00,
    0x21, 0x00, 0x21, 0x00, 0x21, 0x00, 0x20, 0x00, 0x20, 0x00, 0x00, 0x00, 0x00, 0x00, 0x00, 0x00, 0x00, 0x00, 0x00,
    0x00, 0x00, 0x00, 0x00, 0x00, 0x00, 0x00, 0x00, 0x00, 0x00, 0x00, 0x00, 0x00, 0x00, 0x00, 0x00, 0x00, 0x00, 0x00,
    0x00, 0x00, 0x00, 0x00, 0x00, 0x00, 0x00, 0x00, 0x00, 0x00, 0x00, 0x00, 0x00, 0x00, 0x00, 0x00, 0x00, 0x00, 0x00,
    0x00, 0x00, 0x00, 0x00, 0x00, 0x00, 0x00, 0x00, 0x00, 0x00, 0x00, 0x00, 0x00, 0x00, 0x00, 0x00, 0x00, 0x00, 0x00,
    0x00, 0x00, 0x00, 0x00, 0x00, 0x00, 0x00, 0x00, 0x00, 0x00, 0x00, 0x00, 0x00, 0x00, 0x00, 0x00, 0x00, 0x00, 0x00,
    0x00, 0x00, 0x00, 0x00, 0x00, 0x00, 0x00, 0x00, 0x00, 0x00, 0x00, 0x00, 0x00, 0x00, 0x00, 0x00, 0x00, 0x00, 0x00,
    0x00, 0x00, 0x00, 0x00, 0x00, 0x00, 0x00, 0x00, 0x00, 0x00, 0x00, 0x00, 0x00, 0x00, 0x00, 0x00, 0x00, 0x00, 0x00,
    0x00, 0x00, 0x00, 0x00, 0x00, 0x00, 0x00, 0x00, 0x00, 0x00, 0x00, 0x00, 0x00, 0x00, 0x00, 0x00, 0x00, 0x00, 0x00,
    0x00, 0x00, 0x00, 0x00, 0x00, 0x00, 0x00, 0x00, 0x00, 0x00, 0x00, 0x00, 0x00, 0x00, 0x00, 0x00, 0x00, 0x00, 0x00,
    0x00, 0x00, 0x00, 0x00, 0x00, 0x00, 0x00, 0x00, 0x00, 0x00, 0x00, 0x00, 0x00, 0x00, 0x00, 0x00, 0x00, 0x00, 0x00,
    0x00, 0x00, 0x00, 0x00, 0x00, 0x00, 0x00, 0x00, 0x00, 0x00, 0x00, 0x00, 0x00, 0x00, 0x00, 0x00, 0x00, 0x00, 0x00,
    0x00, 0x00, 0x00, 0x00, 0x00, 0x00, 0x00, 0x00, 0x00, 0x00, 0x00, 0x00, 0x00, 0x00, 0x00, 0x00, 0x00, 0x00, 0x00,
    0x00, 0x00, 0x00, 0x00, 0x00, 0x00, 0x00, 0x00, 0x00, 0x00, 0x00, 0x00, 0x00, 0x00, 0x00, 0x00, 0x00, 0x00, 0x00,
    0x00, 0x00, 0x00, 0x00, 0x00, 0x00, 0x00, 0x00, 0x00, 0x00, 0x00, 0x00, 0x00, 0x00, 0x00, 0x00, 0x00, 0x00, 0x00,
    0x00, 0x00, 0x00, 0x00, 0x00, 0x00, 0x00, 0x00, 0x00, 0x00, 0x00, 0x00, 0x00, 0x00, 0x00, 0x00, 0x00, 0x00, 0x00,
    0x00, 0x00, 0x00, 0x00, 0x00, 0x00, 0x00, 0x00, 0x00, 0x00, 0x00, 0x00, 0x00, 0x00, 0x00, 0x00, 0x00, 0x00, 0x00,
    0x00, 0x00, 0x00, 0x00, 0x00, 0x00, 0x00, 0x00, 0x00, 0x00, 0x00, 0x00, 0x00, 0x00, 0x00, 0x00, 0x00, 0x00, 0x00,
    0x00, 0x00, 0x00, 0x00, 0x00, 0x00, 0x00, 0x00, 0x00, 0x00, 0x00, 0x00, 0x00, 0x00, 0x00, 0x00, 0x00, 0x20, 0x00,
    0x20, 0x00, 0x21, 0x00, 0x21, 0x00, 0x21, 0x00, 0x21, 0x00, 0x21, 0x00, 0x21, 0x00, 0x21, 0x00, 0x21, 0x00, 0x21,
    0x00, 0x21, 0x00, 0x21, 0x00, 0x21, 0x00, 0x21, 0x00, 0x21, 0x00, 0x21, 0x00, 0x21, 0x00, 0x21, 0x00, 0x21, 0x00,
    0x21, 0x00, 0x21, 0x00, 0x21, 0x00, 0x21, 0x00, 0x21, 0x00, 0x21, 0x00, 0x21, 0x00, 0x21, 0x00, 0x21, 0x00, 0x21,
    0x00, 0x20, 0x00, 0x20, 0x00, 0x00, 0x00, 0x00, 0x00, 0x00, 0x00, 0x00, 0x00, 0x00, 0x00, 0x00, 0x00, 0x00, 0x00,
    0x00, 0x00, 0x00, 0x00, 0x00, 0x00, 0x00, 0x00, 0x00, 0x00, 0x00, 0x00, 0x00, 0x00, 0x00, 0x00, 0x00, 0x00, 0x00,
    0x00, 0x00, 0x00, 0x00, 0x00, 0x00, 0x00, 0x00, 0x00, 0x00, 0x00, 0x00, 0x00, 0x00, 0x00, 0x00, 0x00, 0x00, 0x00,
    0x00, 0x00, 0x00, 0x00, 0x00, 0x00, 0x00, 0x00, 0x00, 0x00, 0x00, 0x00, 0x00, 0x00, 0x00, 0x00, 0x00, 0x00, 0x00,
    0x00, 0x00, 0x00, 0x00, 0x00, 0x00, 0x00, 0x00, 0x00, 0x00, 0x00, 0x00, 0x00, 0x00, 0x00, 0x00, 0x00, 0x00, 0x00,
    0x00, 0x00, 0x00, 0x00, 0x00, 0x00, 0x00, 0x00, 0x00, 0x00, 0x00, 0x00, 0x00, 0x00, 0x00, 0x00, 0x00, 0x00, 0x00,
    0x00, 0x00, 0x00, 0x00, 0x00, 0x00, 0x00, 0x00, 0x00, 0x00, 0x00, 0x00, 0x00, 0x00, 0x00, 0x00, 0x00, 0x00, 0x00,
    0x00, 0x00, 0x00, 0x00, 0x00, 0x00, 0x00, 0x00, 0x00, 0x00, 0x00, 0x00, 0x00, 0x00, 0x00, 0x00, 0x00, 0x00, 0x00,
    0x00, 0x00, 0x00, 0x00, 0x00, 0x00, 0x00, 0x00, 0x00, 0x00, 0x00, 0x00, 0x00, 0x00, 0x00, 0x00, 0x00, 0x00, 0x00,
    0x00, 0x00, 0x00, 0x00, 0x00, 0x00, 0x00, 0x00, 0x00, 0x00, 0x00, 0x00, 0x00, 0x00, 0x00, 0x00, 0x00, 0x00, 0x00,
    0x00, 0x00, 0x00, 0x00, 0x00, 0x00, 0x00, 0x00, 0x00, 0x00, 0x00, 0x00, 0x00, 0x00, 0x00, 0x00, 0x00, 0x00, 0x00,
    0x00, 0x00, 0x00, 0x00, 0x00, 0x00, 0x00, 0x00, 0x00, 0x00, 0x00, 0x00, 0x00, 0x00, 0x00, 0x00, 0x00, 0x00, 0x00,
    0x00, 0x00, 0x00, 0x00, 0x00, 0x00, 0x00, 0x00, 0x00, 0x00, 0x00, 0x00, 0x00, 0x00, 0x00, 0x00, 0x00, 0x00, 0x00,
    0x00, 0x00, 0x00, 0x00, 0x00, 0x00, 0x00, 0x00, 0x00, 0x00, 0x00, 0x00, 0x00, 0x00, 0x00, 0x00, 0x00, 0x00, 0x00,
    0x00, 0x00, 0x00, 0x00, 0x00, 0x00, 0x00, 0x00, 0x00, 0x00, 0x00, 0x00, 0x00, 0x00, 0x00, 0x00, 0x00, 0x00, 0x00,
    0x00, 0x00, 0x00, 0x00, 0x00, 0x00, 0x00, 0x00, 0x00, 0x00, 0x00, 0x00, 0x00, 0x00, 0x00, 0x00, 0x00, 0x00, 0x00,
    0x00, 0x00, 0x00, 0x00, 0x00, 0x00, 0x00, 0x00, 0x00, 0x00, 0x00, 0x00, 0x00, 0x00, 0x00, 0x00, 0x00, 0x00, 0x00,
    0x00, 0x00, 0x00, 0x00, 0x00, 0x00, 0x00, 0x00, 0x00, 0x00, 0x00, 0x00, 0x00, 0x00, 0x00, 0x00, 0x00, 0x00, 0x00,
    0x00, 0x00, 0x00, 0x00, 0x00, 0x20, 0x00, 0x20, 0x00, 0x20, 0x00, 0x21, 0x00, 0x21, 0x00, 0x21, 0x00, 0x21, 0x00,
    0x21, 0x00, 0x21, 0x00, 0x21, 0x00, 0x21, 0x00, 0x21, 0x00, 0x21, 0x00, 0x21, 0x00, 0x21, 0x00, 0x21, 0x00, 0x21,
    0x00, 0x21, 0x00, 0x21, 0x00, 0x21, 0x00, 0x21, 0x00, 0x21, 0x00, 0x21, 0x00, 0x20, 0x00, 0x20, 0x00, 0x20, 0x00,
    0x00, 0x00, 0x00, 0x00, 0x00, 0x00, 0x00, 0x00, 0x00, 0x00, 0x00, 0x00, 0x00, 0x00, 0x00, 0x00, 0x00, 0x00, 0x00,
    0x00, 0x00, 0x00, 0x00, 0x00, 0x00, 0x00, 0x00, 0x00, 0x00, 0x00, 0x00, 0x00, 0x00, 0x00, 0x00, 0x00, 0x00, 0x00,
    0x00, 0x00, 0x00, 0x00, 0x00, 0x00, 0x00, 0x00, 0x00, 0x00, 0x00, 0x00, 0x00, 0x00, 0x00, 0x00, 0x00, 0x00, 0x00,
    0x00, 0x00, 0x00, 0x00, 0x00, 0x00, 0x00, 0x00, 0x00, 0x00, 0x00, 0x00, 0x00, 0x00, 0x00, 0x00, 0x00, 0x00, 0x00,
    0x00, 0x00, 0x00, 0x00, 0x00, 0x00, 0x00, 0x00, 0x00, 0x00, 0x00, 0x00, 0x00, 0x00, 0x00, 0x00, 0x00, 0x00, 0x00,
    0x00, 0x00, 0x00, 0x00, 0x00, 0x00, 0x00, 0x00, 0x00, 0x00, 0x00, 0x00, 0x00, 0x00, 0x00, 0x00, 0x00, 0x00, 0x00,
    0x00, 0x00, 0x00, 0x00, 0x00, 0x00, 0x00, 0x00, 0x00, 0x00, 0x00, 0x00, 0x00, 0x00, 0x00, 0x00, 0x00, 0x00, 0x00,
    0x00, 0x00, 0x00, 0x00, 0x00, 0x00, 0x00, 0x00, 0x00, 0x00, 0x00, 0x00, 0x00, 0x00, 0x00, 0x00, 0x00, 0x00, 0x00,
    0x00, 0x00, 0x00, 0x00, 0x00, 0x00, 0x00, 0x00, 0x00, 0x00, 0x00, 0x00, 0x00, 0x00, 0x00, 0x00, 0x00, 0x00, 0x00,
    0x00, 0x00, 0x00, 0x00, 0x00, 0x00, 0x00, 0x00, 0x00, 0x00, 0x00, 0x00, 0x00, 0x00, 0x00, 0x00, 0x00, 0x00, 0x00,
    0x00, 0x00, 0x00, 0x00, 0x00, 0x00, 0x00, 0x00, 0x00, 0x00, 0x00, 0x00, 0x00, 0x00, 0x00, 0x00, 0x00, 0x00, 0x00,
    0x00, 0x00, 0x00, 0x00, 0x00, 0x00, 0x00, 0x00, 0x00, 0x00, 0x00, 0x00, 0x00, 0x00, 0x00, 0x00, 0x00, 0x00, 0x00,
    0x00, 0x00, 0x00, 0x00, 0x00, 0x00, 0x00, 0x00, 0x00, 0x00, 0x00, 0x00, 0x00, 0x00, 0x00, 0x00, 0x00, 0x00, 0x00,
    0x00, 0x00, 0x00, 0x00, 0x00, 0x00, 0x00, 0x00, 0x00, 0x00, 0x00, 0x00, 0x00, 0x00, 0x00, 0x00, 0x00, 0x00, 0x00,
    0x00, 0x00, 0x00, 0x00, 0x00, 0x00, 0x00, 0x00, 0x00, 0x00, 0x00, 0x00, 0x00, 0x00, 0x00, 0x00, 0x00, 0x00, 0x00,
    0x00, 0x00, 0x00, 0x00, 0x00, 0x00, 0x00, 0x00, 0x00, 0x00, 0x00, 0x00, 0x00, 0x00, 0x00, 0x00, 0x00, 0x00, 0x00,
    0x00, 0x00, 0x00, 0x00, 0x00, 0x00, 0x00, 0x00, 0x00, 0x00, 0x00, 0x00, 0x00, 0x00, 0x00, 0x00, 0x00, 0x00, 0x00,
    0x00, 0x00, 0x00, 0x00, 0x00, 0x00, 0x00, 0x00, 0x00, 0x00, 0x00, 0x00, 0x00, 0x00, 0x00, 0x00, 0x00, 0x00, 0x00,
    0x00, 0x00, 0x00, 0x00, 0x00, 0x00, 0x00, 0x00, 0x00, 0x00, 0x00, 0x00, 0x00, 0x00, 0x20, 0x00, 0x20, 0x00, 0x20,
    0x00, 0x20, 0x00, 0x20, 0x00, 0x20, 0x00, 0x20, 0x00, 0x20, 0x00, 0x21, 0x00, 0x21, 0x00, 0x20, 0x00, 0x20, 0x00,
    0x20, 0x00, 0x20, 0x00, 0x20, 0x00, 0x20, 0x00, 0x20, 0x00, 0x20, 0x00, 0x00, 0x00, 0x00, 0x00, 0x00, 0x00, 0x00,
    0x00, 0x00, 0x00, 0x00, 0x00, 0x00, 0x00, 0x00, 0x00, 0x00, 0x00, 0x00, 0x00, 0x00, 0x00, 0x00, 0x00, 0x00, 0x00,
    0x00, 0x00, 0x00, 0x00, 0x00, 0x00, 0x00, 0x00, 0x00, 0x00, 0x00, 0x00, 0x00, 0x00, 0x00, 0x00, 0x00, 0x00, 0x00,
    0x00, 0x00, 0x00, 0x00, 0x00, 0x00, 0x00, 0x00, 0x00, 0x00, 0x00, 0x00, 0x00, 0x00, 0x00, 0x00, 0x00, 0x00, 0x00,
    0x00, 0x00, 0x00, 0x00, 0x00, 0x00, 0x00, 0x00, 0x00, 0x00, 0x00, 0x00, 0x00, 0x00, 0x00, 0x00, 0x00, 0x00, 0x00,
    0x00, 0x00, 0x00, 0x00, 0x00, 0x00, 0x00, 0x00, 0x00, 0x00, 0x00, 0x00, 0x00, 0x00, 0x00, 0x00, 0x00, 0x00, 0x00,
    0x00, 0x00, 0x00, 0x00, 0x00, 0x00, 0x00, 0x00, 0x00, 0x00, 0x00, 0x00, 0x00, 0x00, 0x00, 0x00, 0x00, 0x00, 0x00,
    0x00, 0x00, 0x00, 0x00, 0x00, 0x00, 0x00, 0x00, 0x00, 0x00, 0x00, 0x00, 0x00, 0x00, 0x00, 0x00, 0x00, 0x00, 0x00,
    0x00, 0x00, 0x00, 0x00, 0x00, 0x00, 0x00, 0x00, 0x00, 0x00, 0x00, 0x00, 0x00, 0x00, 0x00, 0x00, 0x00, 0x00, 0x00,
    0x00, 0x00, 0x00, 0x00, 0x00, 0x00, 0x00, 0x00, 0x00, 0x00, 0x00, 0x00, 0x00, 0x00, 0x00, 0x00, 0x00, 0x00, 0x00,
    0x00, 0x00, 0x00, 0x00, 0x00, 0x00, 0x00, 0x00, 0x00, 0x00, 0x00, 0x00, 0x00, 0x00, 0x00, 0x00, 0x00, 0x00, 0x00,
    0x00, 0x00, 0x00, 0x00, 0x00, 0x00, 0x00, 0x00, 0x00, 0x00, 0x00, 0x00, 0x00, 0x00, 0x00, 0x00, 0x00, 0x00, 0x00,
    0x00, 0x00, 0x00, 0x00, 0x00, 0x00, 0x00, 0x00, 0x00, 0x00, 0x00, 0x00, 0x00, 0x00, 0x00, 0x00, 0x00, 0x00, 0x00,
    0x00, 0x00, 0x00, 0x00, 0x00, 0x00, 0x00, 0x00, 0x00, 0x00, 0x00, 0x00, 0x00, 0x00, 0x00, 0x00, 0x00, 0x00, 0x00,
    0x00, 0x00, 0x00, 0x00, 0x00, 0x00, 0x00, 0x00, 0x00, 0x00, 0x00, 0x00, 0x00, 0x00, 0x00, 0x00, 0x00, 0x00, 0x00,
    0x00, 0x00, 0x00, 0x00, 0x00, 0x00, 0x00, 0x00, 0x00, 0x00, 0x00, 0x00, 0x00, 0x00, 0x00, 0x00, 0x00, 0x00, 0x00,
    0x00, 0x00, 0x00, 0x00, 0x00, 0x00, 0x00, 0x00, 0x00, 0x00, 0x00, 0x00, 0x00, 0x00, 0x00, 0x00, 0x00, 0x00, 0x00,
    0x00, 0x00, 0x00, 0x00, 0x00, 0x00, 0x00, 0x00, 0x00, 0x00, 0x00, 0x00, 0x00, 0x00, 0x00, 0x00, 0x00, 0x00, 0x00,
    0x00, 0x00, 0x00, 0x00, 0x00, 0x00, 0x00, 0x00, 0x00, 0x00, 0x00, 0x00, 0x00, 0x00, 0x00, 0x00, 0x00, 0x00, 0x00,
    0x00, 0x00, 0x00, 0x00, 0x00, 0x00, 0x00, 0x00, 0x00, 0x00, 0x00, 0x00, 0x00, 0x00, 0x00, 0x00, 0x00, 0x00, 0x00,
    0x00, 0x00, 0x00, 0x00, 0x00, 0x00, 0x00, 0x00, 0x00, 0x00, 0x00, 0x00, 0x00, 0x00, 0x00, 0x00, 0x00, 0x00, 0x00,
    0x00, 0x00, 0x00, 0x00, 0x00, 0x00, 0x00, 0x00, 0x00, 0x00, 0x00, 0x00, 0x00, 0x00, 0x00, 0x00, 0x00, 0x00, 0x00,
    0x00, 0x00, 0x00, 0x00, 0x00, 0x00, 0x00, 0x00, 0x00, 0x00, 0x00, 0x00, 0x00, 0x00, 0x00, 0x00, 0x00, 0x00, 0x00,
    0x00, 0x00, 0x00, 0x00, 0x00, 0x00, 0x00, 0x00, 0x00, 0x00, 0x00, 0x00, 0x00, 0x00, 0x00, 0x00, 0x00, 0x00, 0x00,
    0x00, 0x00, 0x00, 0x00, 0x00, 0x00, 0x00, 0x00, 0x00, 0x00, 0x00, 0x00, 0x00, 0x00, 0x00, 0x00, 0x00, 0x00, 0x00,
    0x00, 0x00, 0x00, 0x00, 0x00, 0x00, 0x00, 0x00, 0x00, 0x00, 0x00, 0x00, 0x00, 0x00, 0x00, 0x00, 0x00, 0x00, 0x00,
    0x00, 0x00, 0x00, 0x00, 0x00, 0x00, 0x00, 0x00, 0x00, 0x00, 0x00, 0x00, 0x00, 0x00, 0x00, 0x00, 0x00, 0x00, 0x00,
    0x00, 0x00, 0x00, 0x00, 0x00, 0x00, 0x00, 0x00, 0x00, 0x00, 0x00, 0x00, 0x00, 0x00, 0x00, 0x00, 0x00, 0x00, 0x00,
    0x00, 0x00, 0x00, 0x00, 0x00, 0x00, 0x00, 0x00, 0x00, 0x00, 0x00, 0x00, 0x00, 0x00, 0x00, 0x00, 0x00, 0x00, 0x00,
    0x00, 0x00, 0x00, 0x00, 0x00, 0x00, 0x00, 0x00, 0x00, 0x00, 0x00, 0x00, 0x00, 0x00, 0x00, 0x00, 0x00, 0x00, 0x00,
    0x00, 0x00, 0x00, 0x00, 0x00, 0x00, 0x00, 0x00, 0x00, 0x00, 0x00, 0x00, 0x00, 0x00, 0x00, 0x00, 0x00, 0x00, 0x00,
    0x00, 0x00, 0x00, 0x00, 0x00, 0x00, 0x00, 0x00, 0x00, 0x00, 0x00, 0x00, 0x00, 0x00, 0x00, 0x00, 0x00, 0x00, 0x00,
    0x00, 0x00, 0x00, 0x00, 0x00, 0x00, 0x00, 0x00, 0x00, 0x00, 0x00, 0x00, 0x00, 0x00, 0x00, 0x00, 0x00, 0x00, 0x00,
    0x00, 0x00, 0x00, 0x00, 0x00, 0x00, 0x00, 0x00, 0x00, 0x00, 0x00, 0x00, 0x00, 0x00, 0x00, 0x00, 0x00, 0x00, 0x00,
    0x00, 0x00, 0x00, 0x00, 0x00, 0x00, 0x00, 0x00, 0x00, 0x00, 0x00, 0x00, 0x00, 0x00, 0x00, 0x00, 0x00, 0x00, 0x00,
    0x00, 0x00, 0x00, 0x00, 0x00, 0x00, 0x00, 0x00, 0x00, 0x00, 0x00, 0x00, 0x00, 0x00, 0x00, 0x00, 0x00, 0x00, 0x00,
    0x00, 0x00, 0x00, 0x00, 0x00, 0x00, 0x00, 0x00, 0x00, 0x00, 0x00, 0x00, 0x00, 0x00, 0x00, 0x00, 0x00, 0x00, 0x00,
    0x00, 0x00, 0x00, 0x00, 0x00, 0x00, 0x00, 0x00, 0x00, 0x00, 0x00, 0x00, 0x00, 0x00, 0x00, 0x00, 0x00, 0x00, 0x00,
    0x00, 0x00, 0x00, 0x00, 0x00, 0x00, 0x00, 0x00, 0x00, 0x00, 0x00, 0x00, 0x00, 0x00, 0x00, 0x00, 0x00, 0x00, 0x00,
    0x00, 0x00, 0x00, 0x00, 0x00, 0x00, 0x00, 0x00, 0x00, 0x00, 0x00, 0x00, 0x00, 0x00, 0x00, 0x00, 0x00, 0x00, 0x00,
    0x00, 0x00, 0x00, 0x00, 0x00, 0x00, 0x00, 0x00, 0x00, 0x00, 0x00, 0x00, 0x00, 0x00, 0x00, 0x00, 0x00, 0x00, 0x00,
    0x00, 0x00, 0x00, 0x00, 0x00, 0x00, 0x00, 0x00, 0x00, 0x00, 0x00, 0x00, 0x00, 0x00, 0x00, 0x00, 0x00, 0x00, 0x00,
    0x00, 0x00, 0x00, 0x00, 0x00, 0x00, 0x00, 0x00, 0x00, 0x00, 0x00, 0x00, 0x00, 0x00, 0x00, 0x00, 0x00, 0x00, 0x00,
    0x00, 0x00, 0x00, 0x00, 0x00, 0x00, 0x00, 0x00, 0x00, 0x00, 0x00, 0x00, 0x00, 0x00, 0x00, 0x00, 0x00, 0x00, 0x00,
    0x00, 0x00, 0x00, 0x00, 0x00, 0x00, 0x00, 0x00, 0x00, 0x00, 0x00, 0x00, 0x00, 0x00, 0x00, 0x00, 0x00, 0x00, 0x00,
    0x00, 0x00, 0x00, 0x00, 0x00, 0x00, 0x00, 0x00, 0x00, 0x00, 0x00, 0x00, 0x00, 0x00, 0x00, 0x00, 0x00, 0x00, 0x00,
    0x00, 0x00, 0x00, 0x00, 0x00, 0x00, 0x00, 0x00, 0x00, 0x00, 0x00, 0x00, 0x00, 0x00, 0x00, 0x00, 0x00, 0x00, 0x00,
    0x00, 0x00, 0x00, 0x00, 0x00, 0x00, 0x00, 0x00, 0x00, 0x00, 0x00, 0x00, 0x00, 0x00, 0x00, 0x00, 0x00, 0x00, 0x00,
    0x00, 0x00, 0x00, 0x00, 0x00, 0x00, 0x00, 0x00, 0x00, 0x00, 0x00, 0x00, 0x00, 0x00, 0x00, 0x00, 0x00, 0x00, 0x00,
    0x00, 0x00, 0x00, 0x00, 0x00, 0x00, 0x00, 0x00, 0x00, 0x00, 0x00, 0x00, 0x00, 0x00, 0x00, 0x00, 0x00, 0x00, 0x00,
    0x00, 0x00, 0x00, 0x00, 0x00, 0x00, 0x00, 0x00, 0x00, 0x00, 0x00, 0x00, 0x00, 0x00, 0x00, 0x00, 0x00, 0x00, 0x00,
    0x00, 0x00, 0x00, 0x00, 0x00, 0x00, 0x00, 0x00, 0x00, 0x00, 0x00, 0x00, 0x00, 0x00, 0x00, 0x00, 0x00, 0x00, 0x00,
    0x00, 0x00, 0x00, 0x00, 0x00, 0x00, 0x00, 0x00, 0x00, 0x00, 0x00, 0x00, 0x00, 0x00, 0x00, 0x00, 0x00, 0x00, 0x00,
    0x00, 0x00, 0x00, 0x00, 0x00, 0x00, 0x00, 0x00, 0x00, 0x00, 0x00, 0x00, 0x00, 0x00, 0x00, 0x00, 0x00, 0x00, 0x00,
    0x00, 0x00, 0x00, 0x00, 0x00, 0x00, 0x00, 0x00, 0x00, 0x00, 0x00, 0x00, 0x00, 0x00, 0x00, 0x00, 0x00, 0x00, 0x00,
    0x00, 0x00, 0x00, 0x00, 0x00, 0x00, 0x00, 0x00, 0x00, 0x00, 0x00, 0x00, 0x00, 0x00, 0x00, 0x00, 0x00, 0x00, 0x00,
    0x00, 0x00, 0x00, 0x00, 0x00, 0x00, 0x00, 0x00, 0x00, 0x00, 0x00, 0x00, 0x00, 0x00, 0x00, 0x00, 0x00, 0x00, 0x00,
    0x00, 0x00, 0x00, 0x00, 0x00, 0x00, 0x00, 0x00, 0x00, 0x00, 0x00, 0x00, 0x00, 0x00, 0x00, 0x00, 0x00, 0x00, 0x00,
    0x00, 0x00, 0x00, 0x00, 0x00, 0x00, 0x00, 0x00, 0x00, 0x00, 0x00, 0x00, 0x00, 0x00, 0x00, 0x00, 0x00, 0x00, 0x00,
    0x00, 0x00, 0x00, 0x00, 0x00, 0x00, 0x00, 0x00, 0x00, 0x00, 0x00, 0x00, 0x00, 0x00, 0x00, 0x00, 0x00, 0x00, 0x00,
    0x00, 0x00, 0x00, 0x00, 0x00, 0x00, 0x00, 0x00, 0x00, 0x00, 0x00, 0x00, 0x00, 0x00, 0x00, 0x00, 0x00, 0x00, 0x00,
    0x00, 0x00, 0x00, 0x00, 0x00, 0x00, 0x00, 0x00, 0x00, 0x00, 0x00, 0x00, 0x00, 0x00, 0x00, 0x00, 0x00, 0x00, 0x00,
    0x00, 0x00, 0x00, 0x00, 0x00, 0x00, 0x00, 0x00, 0x00, 0x00, 0x00, 0x00, 0x00, 0x00, 0x00, 0x00, 0x00, 0x00, 0x00,
    0x00, 0x00, 0x00, 0x00, 0x00, 0x00, 0x00, 0x00, 0x00, 0x00, 0x00, 0x00, 0x00, 0x00, 0x00, 0x00, 0x00, 0x00, 0x00,
    0x00, 0x00, 0x00, 0x00, 0x00, 0x00, 0x00, 0x00, 0x00, 0x00, 0x00, 0x00, 0x00, 0x00, 0x00, 0x00, 0x00, 0x00, 0x00,
    0x00, 0x00, 0x00, 0x00, 0x00, 0x00, 0x00, 0x00, 0x00, 0x00, 0x00, 0x00, 0x00, 0x00, 0x00, 0x00, 0x00, 0x00, 0x00,
    0x00, 0x00, 0x00, 0x00, 0x00, 0x00, 0x00, 0x00, 0x00, 0x00, 0x00, 0x00, 0x00, 0x00, 0x00, 0x00, 0x00, 0x00, 0x00,
    0x00, 0x00, 0x00, 0x00, 0x00, 0x00, 0x00, 0x00, 0x00, 0x00, 0x00, 0x00, 0x00, 0x00, 0x00, 0x00, 0x00, 0x00, 0x00,
    0x00, 0x00, 0x00, 0x00, 0x00, 0x00, 0x00, 0x00, 0x00, 0x00, 0x00, 0x00, 0x00, 0x00, 0x00, 0x00, 0x00, 0x00, 0x00,
    0x00, 0x00, 0x00, 0x00, 0x00, 0x00, 0x00, 0x00, 0x00, 0x00, 0x00, 0x00, 0x00, 0x00, 0x00, 0x00, 0x00, 0x00, 0x00,
    0x00, 0x00, 0x00, 0x00, 0x00, 0x00, 0x00, 0x00, 0x00, 0x00, 0x00, 0x00, 0x00, 0x00, 0x00, 0x00, 0x00, 0x00, 0x00,
    0x00, 0x00, 0x00, 0x00, 0x00, 0x00, 0x00, 0x00, 0x00, 0x00, 0x00, 0x00, 0x00, 0x00, 0x00, 0x00, 0x00, 0x00, 0x00,
    0x00, 0x00, 0x00, 0x00, 0x00, 0x00, 0x00, 0x00, 0x00, 0x00, 0x00, 0x00, 0x00, 0x00, 0x00, 0x00, 0x00, 0x00, 0x00,
    0x00, 0x00, 0x00, 0x00, 0x00, 0x00, 0x00, 0x00, 0x00, 0x00, 0x00, 0x00, 0x00, 0x00, 0x00, 0x00, 0x00, 0x00, 0x00,
    0x00, 0x00, 0x00, 0x00, 0x00, 0x00, 0x00, 0x00, 0x00, 0x00, 0x00, 0x00, 0x00, 0x00, 0x00, 0x00, 0x00, 0x00, 0x00,
    0x00, 0x00, 0x00, 0x00, 0x00, 0x00, 0x00, 0x00, 0x00, 0x00, 0x00, 0x00, 0x00, 0x00, 0x00, 0x00, 0x00, 0x00, 0x00,
    0x00, 0x00, 0x00, 0x00, 0x00, 0x00, 0x00, 0x00, 0x00, 0x00, 0x00, 0x00, 0x00, 0x00, 0x00, 0x00, 0x00, 0x00, 0x00,
    0x00, 0x00, 0x00, 0x00, 0x00, 0x00, 0x00, 0x00, 0x00, 0x00, 0x00, 0x00, 0x00, 0x00, 0x00, 0x00, 0x00, 0x00, 0x00,
    0x00, 0x00, 0x00, 0x00, 0x00, 0x00, 0x00, 0x00, 0x00, 0x00, 0x00, 0x00, 0x00, 0x00, 0x00, 0x00, 0x00, 0x00, 0x00,
    0x00, 0x00, 0x00, 0x00, 0x00, 0x00, 0x00, 0x00, 0x00, 0x00, 0x00, 0x00, 0x00, 0x00, 0x00, 0x00, 0x00, 0x00, 0x00,
    0x00, 0x00, 0x00, 0x00, 0x00, 0x00, 0x00, 0x00, 0x00, 0x00, 0x00, 0x00, 0x00, 0x00, 0x00, 0x00, 0x00, 0x00, 0x00,
    0x00, 0x00, 0x00, 0x00, 0x00, 0x00, 0x00, 0x00, 0x00, 0x00, 0x00, 0x00, 0x00, 0x00, 0x00, 0x00, 0x00, 0x00, 0x00,
    0x00, 0x00, 0x00, 0x00, 0x00, 0x00, 0x00, 0x00, 0x00, 0x00, 0x00, 0x00, 0x00, 0x00, 0x00, 0x00, 0x00, 0x00, 0x00,
    0x00, 0x00, 0x00, 0x00, 0x00, 0x00, 0x00, 0x00, 0x00, 0x00, 0x00, 0x00, 0x00, 0x00, 0x00, 0x00, 0x00, 0x00, 0x00,
    0x00, 0x00, 0x00, 0x00, 0x00, 0x00, 0x00, 0x00, 0x00, 0x00, 0x00, 0x00, 0x00, 0x00, 0x00, 0x00, 0x00, 0x00, 0x00,
    0x00, 0x00, 0x00, 0x00, 0x00, 0x00, 0x00, 0x00, 0x00, 0x00, 0x00, 0x00, 0x00, 0x00, 0x00, 0x00, 0x00, 0x00, 0x00,
    0x00, 0x00, 0x00, 0x00, 0x00, 0x00, 0x00, 0x00, 0x00, 0x00, 0x00, 0x00, 0x00, 0x00, 0x00, 0x00, 0x00, 0x00, 0x00,
    0x00, 0x00, 0x00, 0x00, 0x00, 0x00, 0x00, 0x00, 0x00, 0x00, 0x00, 0x00, 0x00, 0x00, 0x00, 0x00, 0x00, 0x00, 0x00,
    0x00, 0x00, 0x00, 0x00, 0x00, 0x00, 0x00, 0x00, 0x00, 0x00, 0x00, 0x00, 0x00, 0x00, 0x00, 0x00, 0x00, 0x00, 0x00,
    0x00, 0x00, 0x00, 0x00, 0x00, 0x00, 0x00, 0x00, 0x00, 0x00, 0x00, 0x00, 0x00, 0x00, 0x00, 0x00, 0x00, 0x00, 0x00,
    0x00, 0x00, 0x00, 0x00, 0x00, 0x00, 0x00, 0x00, 0x00, 0x00, 0x00, 0x00, 0x00, 0x00, 0x00, 0x00, 0x00, 0x00, 0x00,
    0x00, 0x00, 0x00, 0x00, 0x00, 0x00, 0x00, 0x00, 0x00, 0x00, 0x00, 0x00, 0x00, 0x00, 0x00, 0x00, 0x00, 0x00, 0x00,
    0x00, 0x00, 0x00, 0x00, 0x00, 0x00, 0x00, 0x00, 0x00, 0x00, 0x00, 0x00, 0x00, 0x00, 0x00, 0x00, 0x00, 0x00, 0x00,
    0x00, 0x00, 0x00, 0x00, 0x00, 0x00, 0x00, 0x00, 0x00, 0x00, 0x00, 0x00, 0x00, 0x00, 0x00, 0x00, 0x00, 0x00, 0x00,
    0x00, 0x00, 0x00, 0x00, 0x00, 0x00, 0x00, 0x00, 0x00, 0x00, 0x00, 0x00, 0x00, 0x00, 0x00, 0x00, 0x00, 0x00, 0x00,
    0x00, 0x00, 0x00, 0x00, 0x00, 0x00, 0x00, 0x00, 0x00, 0x00, 0x00, 0x00, 0x00, 0x00, 0x00, 0x00, 0x00, 0x00, 0x00,
    0x00, 0x00, 0x00, 0x00, 0x00, 0x00, 0x00, 0x00, 0x00, 0x00, 0x00, 0x00, 0x00, 0x00, 0x00, 0x00, 0x00, 0x00, 0x00,
    0x00, 0x00, 0x00, 0x00, 0x00, 0x00, 0x00, 0x00, 0x00, 0x00, 0x00, 0x00, 0x00, 0x00, 0x00, 0x00, 0x00, 0x00, 0x00,
    0x00, 0x00, 0x00, 0x00, 0x00, 0x00, 0x00, 0x00, 0x00, 0x00, 0x00, 0x00, 0x00, 0x00, 0x00, 0x00, 0x00, 0x00, 0x00,
    0x00, 0x00, 0x00, 0x00, 0x00, 0x00, 0x00, 0x00, 0x00, 0x00, 0x00, 0x00, 0x00, 0x00, 0x00, 0x00, 0x00, 0x00, 0x00,
    0x00, 0x00, 0x00, 0x00, 0x00, 0x00, 0x00, 0x00, 0x00, 0x00, 0x00, 0x00, 0x00, 0x00, 0x00, 0x00, 0x00, 0x00, 0x00,
    0x00, 0x00, 0x00, 0x00, 0x00, 0x00, 0x00, 0x00, 0x00, 0x00, 0x00, 0x00, 0x00, 0x00, 0x00, 0x00, 0x00, 0x00, 0x00,
    0x00, 0x00, 0x00, 0x00, 0x00, 0x00, 0x00, 0x00, 0x00, 0x00, 0x00, 0x00, 0x00, 0x00, 0x00, 0x00, 0x00, 0x00, 0x00,
    0x00, 0x00, 0x00, 0x00, 0x00, 0x00, 0x00, 0x00, 0x00, 0x00, 0x00, 0x00, 0x00, 0x00, 0x00, 0x00, 0x00, 0x00, 0x00,
    0x00, 0x00, 0x00, 0x00, 0x00, 0x00, 0x00, 0x00, 0x00, 0x00, 0x00, 0x00, 0x00, 0x00, 0x00, 0x00, 0x00, 0x00, 0x00,
    0x00, 0x00, 0x00, 0x00, 0x00, 0x00, 0x00, 0x00, 0x00, 0x00, 0x00, 0x00, 0x00, 0x00, 0x00, 0x00, 0x00, 0x00, 0x00,
    0x00, 0x00, 0x00, 0x00, 0x00, 0x00, 0x00, 0x00, 0x00, 0x00, 0x00, 0x00, 0x00, 0x00, 0x00, 0x00, 0x00, 0x00, 0x00,
    0x00, 0x00, 0x00, 0x00, 0x00, 0x00, 0x00, 0x00, 0x00, 0x00, 0x00, 0x00, 0x00, 0x00, 0x00, 0x00, 0x00, 0x00, 0x00,
    0x00, 0x00, 0x00, 0x00, 0x00, 0x00, 0x00, 0x00, 0x00, 0x00, 0x00, 0x00, 0x00, 0x00, 0x00, 0x00, 0x00, 0x00, 0x00,
    0x00, 0x00, 0x00, 0x00, 0x00, 0x00, 0x00, 0x00, 0x00, 0x00, 0x00, 0x00, 0x00, 0x00, 0x00, 0x00, 0x00, 0x00, 0x00,
    0x00, 0x00, 0x00, 0x00, 0x00, 0x00, 0x00, 0x00, 0x00, 0x00, 0x00, 0x00, 0x00, 0x00, 0x00, 0x00, 0x00, 0x00, 0x00,
    0x00, 0x00, 0x00, 0x00, 0x00, 0x00, 0x00, 0x00, 0x00, 0x00, 0x00, 0x00, 0x00, 0x00, 0x00, 0x00, 0x00, 0x00, 0x00,
    0x00, 0x00, 0x00, 0x00, 0x00, 0x00, 0x00, 0x00, 0x00, 0x00, 0x00, 0x00, 0x00, 0x00, 0x00, 0x00, 0x00, 0x00, 0x00,
    0x00, 0x00, 0x00, 0x00, 0x00, 0x00, 0x00, 0x00, 0x00, 0x00, 0x00, 0x00, 0x00, 0x00, 0x00, 0x00, 0x00, 0x00, 0x00,
    0x00, 0x00, 0x00, 0x00, 0x00, 0x00, 0x00, 0x00, 0x00, 0x00, 0x00, 0x00, 0x00, 0x00, 0x00, 0x00, 0x00, 0x00, 0x00,
    0x00, 0x00, 0x00, 0x00, 0x00, 0x00, 0x00, 0x00, 0x00, 0x00, 0x00, 0x00, 0x00, 0x00, 0x00, 0x00, 0x00, 0x00, 0x00,
    0x00, 0x00, 0x00, 0x00, 0x00, 0x00, 0x00, 0x00, 0x00, 0x00,
};

const lv_image_dsc_t icon_air_mouse = {
    .header.cf    = LV_COLOR_FORMAT_RGB565,
    .header.magic = LV_IMAGE_HEADER_MAGIC,
    .header.w     = 200,
    .header.h     = 200,
    .data_size    = 40000 * 2,
    .data         = icon_air_mouse_map,
};
